"date","site_id","observed","forecast"
2024-10-19,"EB",4.59525,3.42475
2024-10-19,"IMGM",5.39895833333333,4.52141666666667
2024-10-19,"PRES",6.41229166666667,4.55875
2024-10-19,"BIRR",6.5575,5.45595833333333
2024-10-19,"BLC2",6.879,4.542125
2024-10-19,"BOTR",7.903875,5.98175
2024-10-19,"GHSR",8.922,2.5875
2024-10-19,"LEAM",4.81916666666667,4.01633333333333
2024-10-19,"NPT3",7.3635,5.43741666666667
2024-10-19,"REA1",5.85308333333333,3.944625
2024-10-19,"SOUT",6.33054166666667,5.17091666666667
2024-10-19,"WREX",5.33908333333333,4.04875
2024-10-19,"LEAR",4.47325,3.58008333333333
2024-10-19,"PLYM",8.988875,8.985
2024-10-19,"SHDG",7.30645833333333,5.00195833333333
2024-10-19,"SHE",6.90154166666667,6.62245833333333
2024-10-19,"BEL2",9.75929166666667,5.940375
2024-10-19,"GLKP",8.60645833333333,2.34158333333333
2024-10-19,"LECU",5.63204166666667,4.04775
2024-10-19,"SUN2",7.334,5.23779166666667
2024-10-19,"TRAN",6.15083333333333,4.02129166666667
2024-10-19,"STOK",5.43045833333333,5.29283333333333
2024-10-19,"BEX",5.739,7.291625
2024-10-19,"SEND",5.04825,6.44566666666667
2024-10-19,"HUL2",6.60575,7.790875
2024-10-19,"PEMB",8.29804166666667,5.28791666666667
2024-10-19,"WFEN",4.16383333333333,4.368125
2024-10-19,"OSY",4.5675,6.19408333333333
2024-10-19,"ACTH",5.07070833333333,1.60275
2024-10-19,"COPP",5.82845833333333,4.31895833333333
2024-10-20,"EB",6.81508333333333,4.59525
2024-10-20,"IMGM",6.42404166666667,5.39895833333333
2024-10-20,"PRES",7.73504166666667,6.41229166666667
2024-10-20,"BIRR",7.80470833333333,6.5575
2024-10-20,"BLC2",10.3086666666667,6.879
2024-10-20,"BOTR",7.56970833333333,7.903875
2024-10-20,"GHSR",6.33654166666667,8.922
2024-10-20,"LEAM",7.55708333333333,4.81916666666667
2024-10-20,"NPT3",10.0374166666667,7.3635
2024-10-20,"REA1",7.57079166666667,5.85308333333333
2024-10-20,"SOUT",8.70775,6.33054166666667
2024-10-20,"WREX",7.40270833333333,5.33908333333333
2024-10-20,"LEAR",7.341875,4.47325
2024-10-20,"PLYM",13.4699583333333,8.988875
2024-10-20,"SHDG",7.46070833333333,7.30645833333333
2024-10-20,"SHE",8.190875,6.90154166666667
2024-10-20,"BEL2",7.01154166666667,9.75929166666667
2024-10-20,"GLKP",5.92479166666667,8.60645833333333
2024-10-20,"LECU",6.88875,5.63204166666667
2024-10-20,"SUN2",7.268125,7.334
2024-10-20,"TRAN",8.08566666666667,6.15083333333333
2024-10-20,"STOK",7.63866666666667,5.43045833333333
2024-10-20,"BEX",7.169875,5.739
2024-10-20,"SEND",6.67158333333333,5.04825
2024-10-20,"HUL2",7.497125,6.60575
2024-10-20,"PEMB",11.4229583333333,8.29804166666667
2024-10-20,"WFEN",6.950625,4.16383333333333
2024-10-20,"OSY",7.07645833333333,4.5675
2024-10-20,"ACTH",4.666875,5.07070833333333
2024-10-20,"COPP",7.80183333333333,5.82845833333333
2024-10-21,"EB",5.89833333333333,6.81508333333333
2024-10-21,"IMGM",9.52113043478261,6.42404166666667
2024-10-21,"PRES",7.22095833333333,7.73504166666667
2024-10-21,"BIRR",12.4931666666667,7.80470833333333
2024-10-21,"BLC2",8.54166666666667,10.3086666666667
2024-10-21,"BOTR",11.6794583333333,7.56970833333333
2024-10-21,"GHSR",6.29525,6.33654166666667
2024-10-21,"LEAM",11.4859166666667,7.55708333333333
2024-10-21,"NPT3",11.1125,10.0374166666667
2024-10-21,"REA1",10.3047083333333,7.57079166666667
2024-10-21,"SOUT",9.086125,8.70775
2024-10-21,"WREX",7.048,7.40270833333333
2024-10-21,"LEAR",10.975875,7.341875
2024-10-21,"PLYM",12.5807083333333,13.4699583333333
2024-10-21,"SHDG",7.51079166666667,7.46070833333333
2024-10-21,"SHE",7.89216666666667,8.190875
2024-10-21,"BEL2",6.43966666666667,7.01154166666667
2024-10-21,"GLKP",6.09079166666667,5.92479166666667
2024-10-21,"LECU",11.253,6.88875
2024-10-21,"SUN2",4.90383333333333,7.268125
2024-10-21,"TRAN",5.97626086956522,8.08566666666667
2024-10-21,"STOK",9.32395833333333,7.63866666666667
2024-10-21,"BEX",8.946625,7.169875
2024-10-21,"SEND",8.33229166666667,6.67158333333333
2024-10-21,"HUL2",11.3050833333333,7.497125
2024-10-21,"PEMB",9.35829166666667,11.4229583333333
2024-10-21,"WFEN",10.3271739130435,6.950625
2024-10-21,"OSY",9.571625,7.07645833333333
2024-10-21,"ACTH",3.405125,4.666875
2024-10-21,"COPP",7.615,7.80183333333333
2024-10-22,"EB",4.2305,5.89833333333333
2024-10-22,"IMGM",7.0215,9.52113043478261
2024-10-22,"PRES",6.46329166666667,7.22095833333333
2024-10-22,"BIRR",8.561375,12.4931666666667
2024-10-22,"BLC2",7.02629166666667,8.54166666666667
2024-10-22,"BOTR",6.869125,11.6794583333333
2024-10-22,"GHSR",6.103625,6.29525
2024-10-22,"LEAM",5.06895833333333,11.4859166666667
2024-10-22,"NPT3",6.402375,11.1125
2024-10-22,"REA1",5.190625,10.3047083333333
2024-10-22,"SOUT",6.91220833333333,9.086125
2024-10-22,"WREX",4.05858333333333,7.048
2024-10-22,"LEAR",4.95091666666667,10.975875
2024-10-22,"PLYM",8.9575,12.5807083333333
2024-10-22,"SHDG",6.273625,7.51079166666667
2024-10-22,"SHE",7.82629166666667,7.89216666666667
2024-10-22,"BEL2",6.68533333333333,6.43966666666667
2024-10-22,"GLKP",5.74983333333333,6.09079166666667
2024-10-22,"LECU",6.318875,11.253
2024-10-22,"SUN2",5.36170833333333,4.90383333333333
2024-10-22,"TRAN",6.81908333333333,5.97626086956522
2024-10-22,"STOK",6.27945833333333,9.32395833333333
2024-10-22,"BEX",5.94345833333333,8.946625
2024-10-22,"SEND",5.60345833333333,8.33229166666667
2024-10-22,"HUL2",7.49259090909091,11.3050833333333
2024-10-22,"PEMB",6.88583333333333,9.35829166666667
2024-10-22,"WFEN",4.63045833333333,10.3271739130435
2024-10-22,"OSY",5.83520833333333,9.571625
2024-10-22,"ACTH",3.71275,3.405125
2024-10-22,"COPP",5.21629166666667,7.615
2024-10-23,"EB",3.88958333333333,4.2305
2024-10-23,"IMGM",6.032875,7.0215
2024-10-23,"PRES",5.8315,6.46329166666667
2024-10-23,"BIRR",8.12216666666667,8.561375
2024-10-23,"BLC2",6.11633333333333,7.02629166666667
2024-10-23,"BOTR",7.55608333333333,6.869125
2024-10-23,"GHSR",4.16358333333333,6.103625
2024-10-23,"LEAM",5.28,5.06895833333333
2024-10-23,"NPT3",6.57433333333333,6.402375
2024-10-23,"REA1",5.62216666666667,5.190625
2024-10-23,"SOUT",6.37383333333333,6.91220833333333
2024-10-23,"WREX",5.57036363636364,4.05858333333333
2024-10-23,"LEAR",4.68954166666667,4.95091666666667
2024-10-23,"PLYM",6.25095833333333,8.9575
2024-10-23,"SHDG",6.625375,6.273625
2024-10-23,"SHE",9.602,7.82629166666667
2024-10-23,"BEL2",5.62504166666667,6.68533333333333
2024-10-23,"GLKP",3.88570833333333,5.74983333333333
2024-10-23,"LECU",5.66445833333333,6.318875
2024-10-23,"SUN2",8.17029166666667,5.36170833333333
2024-10-23,"TRAN",6.06533333333333,6.81908333333333
2024-10-23,"STOK",7.24982608695652,6.27945833333333
2024-10-23,"BEX",6.83966666666667,5.94345833333333
2024-10-23,"SEND",6.14583333333333,5.60345833333333
2024-10-23,"HUL2",8.50933333333333,7.49259090909091
2024-10-23,"PEMB",4.9755,6.88583333333333
2024-10-23,"WFEN",6.43579166666667,4.63045833333333
2024-10-23,"OSY",5.72629166666667,5.83520833333333
2024-10-23,"ACTH",2.63270833333333,3.71275
2024-10-23,"COPP",6.01004347826087,5.21629166666667
2024-10-24,"EB",5.52766666666667,3.88958333333333
2024-10-24,"IMGM",7.73104166666667,6.032875
2024-10-24,"PRES",6.64808333333333,5.8315
2024-10-24,"BIRR",7.638,8.12216666666667
2024-10-24,"BLC2",6.669625,6.11633333333333
2024-10-24,"BOTR",7.34966666666667,7.55608333333333
2024-10-24,"GHSR",4.822125,4.16358333333333
2024-10-24,"LEAM",6.58308333333333,5.28
2024-10-24,"NPT3",7.1855,6.57433333333333
2024-10-24,"REA1",6.61566666666667,5.62216666666667
2024-10-24,"SOUT",6.27554166666667,6.37383333333333
2024-10-24,"WREX",7.26145833333333,5.57036363636364
2024-10-24,"LEAR",6.27166666666667,4.68954166666667
2024-10-24,"PLYM",9.05445454545455,6.25095833333333
2024-10-24,"SHDG",8.80804166666667,6.625375
2024-10-24,"SHE",9.08025,9.602
2024-10-24,"BEL2",7.5265,5.62504166666667
2024-10-24,"GLKP",4.6395,3.88570833333333
2024-10-24,"LECU",7.289875,5.66445833333333
2024-10-24,"SUN2",12.3594583333333,8.17029166666667
2024-10-24,"TRAN",7.17979166666667,6.06533333333333
2024-10-24,"STOK",8.11716666666667,7.24982608695652
2024-10-24,"BEX",7.46458333333333,6.83966666666667
2024-10-24,"SEND",6.53708333333333,6.14583333333333
2024-10-24,"HUL2",8.95145833333333,8.50933333333333
2024-10-24,"PEMB",6.67058333333333,4.9755
2024-10-24,"WFEN",8.458125,6.43579166666667
2024-10-24,"OSY",8.22233333333333,5.72629166666667
2024-10-24,"ACTH",4.04175,2.63270833333333
2024-10-24,"COPP",8.18704166666667,6.01004347826087
2024-10-25,"EB",6.56158333333333,5.52766666666667
2024-10-25,"IMGM",15.9395,7.73104166666667
2024-10-25,"PRES",10.9228333333333,6.64808333333333
2024-10-25,"BIRR",13.0474583333333,7.638
2024-10-25,"BLC2",11.141875,6.669625
2024-10-25,"BOTR",11.7561666666667,7.34966666666667
2024-10-25,"GHSR",13.2115833333333,4.822125
2024-10-25,"LEAM",10.6747826086957,6.58308333333333
2024-10-25,"NPT3",8.983,7.1855
2024-10-25,"REA1",10.0412083333333,6.61566666666667
2024-10-25,"SOUT",8.52795833333333,6.27554166666667
2024-10-25,"WREX",12.3044166666667,7.26145833333333
2024-10-25,"LEAR",10.9654166666667,6.27166666666667
2024-10-25,"PLYM",9.23941666666667,9.05445454545455
2024-10-25,"SHDG",17.0165416666667,8.80804166666667
2024-10-25,"SHE",14.893,9.08025
2024-10-25,"BEL2",14.4054583333333,7.5265
2024-10-25,"GLKP",12.9363333333333,4.6395
2024-10-25,"LECU",11.26575,7.289875
2024-10-25,"SUN2",15.3145833333333,12.3594583333333
2024-10-25,"TRAN",11.6342083333333,7.17979166666667
2024-10-25,"STOK",13.0276666666667,8.11716666666667
2024-10-25,"BEX",10.3499166666667,7.46458333333333
2024-10-25,"SEND",9.26591666666667,6.53708333333333
2024-10-25,"HUL2",16.1705416666667,8.95145833333333
2024-10-25,"PEMB",6.104625,6.67058333333333
2024-10-25,"WFEN",9.81720833333333,8.458125
2024-10-25,"OSY",8.76866666666667,8.22233333333333
2024-10-25,"ACTH",11.7747916666667,4.04175
2024-10-25,"COPP",12.1159166666667,8.18704166666667
2024-10-26,"EB",7.56983333333333,6.56158333333333
2024-10-26,"IMGM",7.97075,15.9395
2024-10-26,"PRES",6.92516666666667,10.9228333333333
2024-10-26,"BIRR",9.30529166666667,13.0474583333333
2024-10-26,"BLC2",7.37416666666667,11.141875
2024-10-26,"BOTR",9.78583333333333,11.7561666666667
2024-10-26,"GHSR",7.80470833333333,13.2115833333333
2024-10-26,"LEAM",6.546875,10.6747826086957
2024-10-26,"NPT3",7.99329166666667,8.983
2024-10-26,"REA1",8.05233333333333,10.0412083333333
2024-10-26,"SOUT",7.91379166666667,8.52795833333333
2024-10-26,"WREX",5.437375,12.3044166666667
2024-10-26,"LEAR",6.796375,10.9654166666667
2024-10-26,"PLYM",10.75475,9.23941666666667
2024-10-26,"SHDG",7.014625,17.0165416666667
2024-10-26,"SHE",6.60179166666667,14.893
2024-10-26,"BEL2",8.07795833333333,14.4054583333333
2024-10-26,"GLKP",6.95845833333333,12.9363333333333
2024-10-26,"LECU",8.180125,11.26575
2024-10-26,"SUN2",7.18075,15.3145833333333
2024-10-26,"TRAN",6.21366666666667,11.6342083333333
2024-10-26,"STOK",8.299,13.0276666666667
2024-10-26,"BEX",10.3381666666667,10.3499166666667
2024-10-26,"SEND",9.91054166666667,9.26591666666667
2024-10-26,"HUL2",10.75375,16.1705416666667
2024-10-26,"PEMB",6.88295833333333,6.104625
2024-10-26,"WFEN",5.74095833333333,9.81720833333333
2024-10-26,"OSY",6.22158333333333,8.76866666666667
2024-10-26,"ACTH",4.14504166666667,11.7747916666667
2024-10-26,"COPP",7.64045833333333,12.1159166666667
2024-10-27,"EB",4.08041666666667,7.56983333333333
2024-10-27,"IMGM",4.537125,7.97075
2024-10-27,"PRES",4.48216666666667,6.92516666666667
2024-10-27,"BIRR",5.46875,9.30529166666667
2024-10-27,"BLC2",4.93416666666667,7.37416666666667
2024-10-27,"BOTR",4.87229166666667,9.78583333333333
2024-10-27,"GHSR",3.99958333333333,7.80470833333333
2024-10-27,"LEAM",5.09441666666667,6.546875
2024-10-27,"NPT3",4.54995833333333,7.99329166666667
2024-10-27,"REA1",5.403875,8.05233333333333
2024-10-27,"SOUT",7.15029166666667,7.91379166666667
2024-10-27,"WREX",4.62858333333333,5.437375
2024-10-27,"LEAR",4.54795833333333,6.796375
2024-10-27,"PLYM",7.89320833333333,10.75475
2024-10-27,"SHDG",3.87583333333333,7.014625
2024-10-27,"SHE",3.78933333333333,6.60179166666667
2024-10-27,"BEL2",6.006375,8.07795833333333
2024-10-27,"GLKP",3.84529166666667,6.95845833333333
2024-10-27,"LECU",4.583375,8.180125
2024-10-27,"SUN2",4.19129166666667,7.18075
2024-10-27,"TRAN",4.40845833333333,6.21366666666667
2024-10-27,"STOK",5.104125,8.299
2024-10-27,"BEX",7.86954166666667,10.3381666666667
2024-10-27,"SEND",6.69716666666667,9.91054166666667
2024-10-27,"HUL2",4.70920833333333,10.75375
2024-10-27,"PEMB",4.81341666666667,6.88295833333333
2024-10-27,"WFEN",5.18875,5.74095833333333
2024-10-27,"OSY",5.51204166666667,6.22158333333333
2024-10-27,"ACTH",2.53041666666667,4.14504166666667
2024-10-27,"COPP",4.45758333333333,7.64045833333333
2024-10-28,"EB",3.14066666666667,4.08041666666667
2024-10-28,"IMGM",3.63891666666667,4.537125
2024-10-28,"PRES",3.04529166666667,4.48216666666667
2024-10-28,"BIRR",4.26104166666667,5.46875
2024-10-28,"BLC2",4.33375,4.93416666666667
2024-10-28,"BOTR",3.39225,4.87229166666667
2024-10-28,"GHSR",2.06966666666667,3.99958333333333
2024-10-28,"LEAM",2.87641666666667,5.09441666666667
2024-10-28,"NPT3",3.16729166666667,4.54995833333333
2024-10-28,"REA1",3.56229166666667,5.403875
2024-10-28,"SOUT",4.043875,7.15029166666667
2024-10-28,"WREX",1.83370833333333,4.62858333333333
2024-10-28,"LEAR",2.32120833333333,4.54795833333333
2024-10-28,"PLYM",4.74733333333333,7.89320833333333
2024-10-28,"SHDG",1.53695833333333,3.87583333333333
2024-10-28,"SHE",1.69908695652174,3.78933333333333
2024-10-28,"BEL2",3.03066666666667,6.006375
2024-10-28,"GLKP",1.74345833333333,3.84529166666667
2024-10-28,"LECU",3.17908333333333,4.583375
2024-10-28,"SUN2",2.13241666666667,4.19129166666667
2024-10-28,"TRAN",1.89958333333333,4.40845833333333
2024-10-28,"STOK",2.77604166666667,5.104125
2024-10-28,"BEX",3.644,7.86954166666667
2024-10-28,"SEND",3.21745833333333,6.69716666666667
2024-10-28,"HUL2",5.46970833333333,4.70920833333333
2024-10-28,"PEMB",2.18158333333333,4.81341666666667
2024-10-28,"WFEN",3.44545833333333,5.18875
2024-10-28,"OSY",3.575125,5.51204166666667
2024-10-28,"ACTH",0.650666666666667,2.53041666666667
2024-10-28,"COPP",1.40629166666667,4.45758333333333
2024-10-29,"EB",2.50395833333333,3.14066666666667
2024-10-29,"IMGM",3.92295833333333,3.63891666666667
2024-10-29,"PRES",3.41095833333333,3.04529166666667
2024-10-29,"BIRR",6.79154166666667,4.26104166666667
2024-10-29,"BLC2",2.80266666666667,4.33375
2024-10-29,"BOTR",4.03,3.39225
2024-10-29,"GHSR",1.86120833333333,2.06966666666667
2024-10-29,"LEAM",6.33529166666667,2.87641666666667
2024-10-29,"NPT3",6.25591666666667,3.16729166666667
2024-10-29,"REA1",4.19029166666667,3.56229166666667
2024-10-29,"SOUT",3.48491304347826,4.043875
2024-10-29,"WREX",2.549125,1.83370833333333
2024-10-29,"LEAR",5.70070833333333,2.32120833333333
2024-10-29,"PLYM",3.40308333333333,4.74733333333333
2024-10-29,"SHDG",3.37260869565217,1.53695833333333
2024-10-29,"SHE",3.97416666666667,1.69908695652174
2024-10-29,"BEL2",5.15920833333333,3.03066666666667
2024-10-29,"GLKP",1.15766666666667,1.74345833333333
2024-10-29,"LECU",5.14941666666667,3.17908333333333
2024-10-29,"SUN2",1.83670833333333,2.13241666666667
2024-10-29,"TRAN",3.09954166666667,1.89958333333333
2024-10-29,"STOK",5.60154166666667,2.77604166666667
2024-10-29,"BEX",4.89004166666667,3.644
2024-10-29,"SEND",4.42808333333333,3.21745833333333
2024-10-29,"HUL2",4.48991666666667,5.46970833333333
2024-10-29,"PEMB",3.18295833333333,2.18158333333333
2024-10-29,"WFEN",4.432,3.44545833333333
2024-10-29,"OSY",3.875875,3.575125
2024-10-29,"ACTH",0.49925,0.650666666666667
2024-10-29,"COPP",4.096,1.40629166666667
2024-10-30,"EB",8.56929166666667,2.50395833333333
2024-10-30,"IMGM",6.367,3.92295833333333
2024-10-30,"PRES",7.078375,3.41095833333333
2024-10-30,"BIRR",10.6447916666667,6.79154166666667
2024-10-30,"BLC2",5.94441666666667,2.80266666666667
2024-10-30,"BOTR",7.51470833333333,4.03
2024-10-30,"GHSR",2.19529166666667,1.86120833333333
2024-10-30,"LEAM",9.78970833333333,6.33529166666667
2024-10-30,"NPT3",7.17570833333333,6.25591666666667
2024-10-30,"REA1",7.95608333333333,4.19029166666667
2024-10-30,"SOUT",7.52858333333333,3.48491304347826
2024-10-30,"WREX",4.64529166666667,2.549125
2024-10-30,"LEAR",8.88966666666667,5.70070833333333
2024-10-30,"PLYM",5.3685,3.40308333333333
2024-10-30,"SHDG",4.42525,3.37260869565217
2024-10-30,"SHE",4.09691666666667,3.97416666666667
2024-10-30,"BEL2",8.666625,5.15920833333333
2024-10-30,"GLKP",1.77666666666667,1.15766666666667
2024-10-30,"LECU",7.83804166666667,5.14941666666667
2024-10-30,"SUN2",2.41858333333333,1.83670833333333
2024-10-30,"TRAN",6.15191666666667,3.09954166666667
2024-10-30,"STOK",8.0455,5.60154166666667
2024-10-30,"BEX",11.0260416666667,4.89004166666667
2024-10-30,"SEND",9.98329166666667,4.42808333333333
2024-10-30,"HUL2",7.02433333333333,4.48991666666667
2024-10-30,"PEMB",3.45325,3.18295833333333
2024-10-30,"WFEN",7.62483333333333,4.432
2024-10-30,"OSY",11.537,3.875875
2024-10-30,"ACTH",0.8765,0.49925
2024-10-30,"COPP",7.82625,4.096
2024-10-31,"EB",11.9134166666667,8.56929166666667
2024-10-31,"IMGM",8.644875,6.367
2024-10-31,"PRES",4.85266666666667,7.078375
2024-10-31,"BIRR",16.3227916666667,10.6447916666667
2024-10-31,"BLC2",3.73420833333333,5.94441666666667
2024-10-31,"BOTR",11.2874166666667,7.51470833333333
2024-10-31,"GHSR",4.21308333333333,2.19529166666667
2024-10-31,"LEAM",14.3336666666667,9.78970833333333
2024-10-31,"NPT3",12.283875,7.17570833333333
2024-10-31,"REA1",17.8292916666667,7.95608333333333
2024-10-31,"SOUT",18.82875,7.52858333333333
2024-10-31,"WREX",7.63858333333333,4.64529166666667
2024-10-31,"LEAR",13.4404583333333,8.88966666666667
2024-10-31,"PLYM",10.3144583333333,5.3685
2024-10-31,"SHDG",7.11383333333333,4.42525
2024-10-31,"SHE",6.19904166666667,4.09691666666667
2024-10-31,"BEL2",5.038375,8.666625
2024-10-31,"GLKP",3.89754166666667,1.77666666666667
2024-10-31,"LECU",14.2391739130435,7.83804166666667
2024-10-31,"SUN2",3.03458333333333,2.41858333333333
2024-10-31,"TRAN",7.09116666666667,6.15191666666667
2024-10-31,"STOK",10.0667916666667,8.0455
2024-10-31,"BEX",15.2791666666667,11.0260416666667
2024-10-31,"SEND",13.3455909090909,9.98329166666667
2024-10-31,"HUL2",9.99220833333333,7.02433333333333
2024-10-31,"PEMB",9.62858333333333,3.45325
2024-10-31,"WFEN",12.8057391304348,7.62483333333333
2024-10-31,"OSY",12.6091666666667,11.537
2024-10-31,"ACTH",0.689833333333333,0.8765
2024-10-31,"COPP",7.88333333333333,7.82625
2024-11-01,"EB",10.6820833333333,11.9134166666667
2024-11-01,"IMGM",8.59183333333333,8.644875
2024-11-01,"PRES",7.93825,4.85266666666667
2024-11-01,"BIRR",11.6185833333333,16.3227916666667
2024-11-01,"BLC2",5.04908333333333,3.73420833333333
2024-11-01,"BOTR",10.6865833333333,11.2874166666667
2024-11-01,"GHSR",4.97158333333333,4.21308333333333
2024-11-01,"LEAM",12.1642916666667,14.3336666666667
2024-11-01,"NPT3",8.96720833333333,12.283875
2024-11-01,"REA1",12.20125,17.8292916666667
2024-11-01,"SOUT",16.363875,18.82875
2024-11-01,"WREX",7.11779166666667,7.63858333333333
2024-11-01,"LEAR",11.1920416666667,13.4404583333333
2024-11-01,"PLYM",10.9552916666667,10.3144583333333
2024-11-01,"SHDG",10.8717083333333,7.11383333333333
2024-11-01,"SHE",8.35391666666667,6.19904166666667
2024-11-01,"BEL2",6.849625,5.038375
2024-11-01,"GLKP",2.69170833333333,3.89754166666667
2024-11-01,"LECU",13.1034166666667,14.2391739130435
2024-11-01,"SUN2",3.11820833333333,3.03458333333333
2024-11-01,"TRAN",5.71058333333333,7.09116666666667
2024-11-01,"STOK",11.6205833333333,10.0667916666667
2024-11-01,"BEX",17.32325,15.2791666666667
2024-11-01,"SEND",14.8546666666667,13.3455909090909
2024-11-01,"HUL2",8.009,9.99220833333333
2024-11-01,"PEMB",9.597125,9.62858333333333
2024-11-01,"WFEN",15.2457083333333,12.8057391304348
2024-11-01,"OSY",13.62425,12.6091666666667
2024-11-01,"ACTH",1.24808333333333,0.689833333333333
2024-11-01,"COPP",7.81554166666667,7.88333333333333
2024-11-02,"EB",8.28820833333333,10.6820833333333
2024-11-02,"IMGM",7.421375,8.59183333333333
2024-11-02,"PRES",12.4007916666667,7.93825
2024-11-02,"BIRR",11.9409583333333,11.6185833333333
2024-11-02,"BLC2",12.4842083333333,5.04908333333333
2024-11-02,"BOTR",19.7445416666667,10.6865833333333
2024-11-02,"GHSR",4.26783333333333,4.97158333333333
2024-11-02,"LEAM",7.34283333333333,12.1642916666667
2024-11-02,"NPT3",13.0071666666667,8.96720833333333
2024-11-02,"REA1",11.539,12.20125
2024-11-02,"SOUT",11.814125,16.363875
2024-11-02,"WREX",12.4508333333333,7.11779166666667
2024-11-02,"LEAR",7.06866666666667,11.1920416666667
2024-11-02,"PLYM",12.7673333333333,10.9552916666667
2024-11-02,"SHDG",14.208125,10.8717083333333
2024-11-02,"SHE",9.68166666666667,8.35391666666667
2024-11-02,"BEL2",10.0088333333333,6.849625
2024-11-02,"GLKP",3.6095,2.69170833333333
2024-11-02,"LECU",6.47204166666667,13.1034166666667
2024-11-02,"SUN2",5.20245833333333,3.11820833333333
2024-11-02,"TRAN",17.4391666666667,5.71058333333333
2024-11-02,"STOK",11.333625,11.6205833333333
2024-11-02,"BEX",9.06841666666667,17.32325
2024-11-02,"SEND",6.34141666666667,14.8546666666667
2024-11-02,"HUL2",5.70175,8.009
2024-11-02,"PEMB",10.4687916666667,9.597125
2024-11-02,"WFEN",6.3465,15.2457083333333
2024-11-02,"OSY",5.17304166666667,13.62425
2024-11-02,"ACTH",4.62370833333333,1.24808333333333
2024-11-02,"COPP",15.368625,7.81554166666667
2024-11-03,"EB",9.02725,8.28820833333333
2024-11-03,"IMGM",8.26641666666667,7.421375
2024-11-03,"PRES",13.467,12.4007916666667
2024-11-03,"BIRR",11.2097916666667,11.9409583333333
2024-11-03,"BLC2",15.4000416666667,12.4842083333333
2024-11-03,"BOTR",16.8004166666667,19.7445416666667
2024-11-03,"GHSR",3.15941666666667,4.26783333333333
2024-11-03,"LEAM",9.56370833333333,7.34283333333333
2024-11-03,"NPT3",13.811,13.0071666666667
2024-11-03,"REA1",14.9125416666667,11.539
2024-11-03,"SOUT",12.553125,11.814125
2024-11-03,"WREX",16.7139166666667,12.4508333333333
2024-11-03,"LEAR",9.5245,7.06866666666667
2024-11-03,"PLYM",11.2490416666667,12.7673333333333
2024-11-03,"SHDG",12.5777083333333,14.208125
2024-11-03,"SHE",9.97945833333333,9.68166666666667
2024-11-03,"BEL2",9.89191666666667,10.0088333333333
2024-11-03,"GLKP",3.01604166666667,3.6095
2024-11-03,"LECU",9.47629166666667,6.47204166666667
2024-11-03,"SUN2",11.9074583333333,5.20245833333333
2024-11-03,"TRAN",14.7022916666667,17.4391666666667
2024-11-03,"STOK",12.6013333333333,11.333625
2024-11-03,"BEX",14.5873333333333,9.06841666666667
2024-11-03,"SEND",13.5151666666667,6.34141666666667
2024-11-03,"HUL2",8.69108333333333,5.70175
2024-11-03,"PEMB",9.40354166666667,10.4687916666667
2024-11-03,"WFEN",12.2680833333333,6.3465
2024-11-03,"OSY",9.21591666666667,5.17304166666667
2024-11-03,"ACTH",0.996458333333333,4.62370833333333
2024-11-03,"COPP",13.8797916666667,15.368625
2024-11-04,"EB",15.368625,9.02725
2024-11-04,"IMGM",16.4201666666667,8.26641666666667
2024-11-04,"PRES",22.6365833333333,13.467
2024-11-04,"BIRR",21.716875,11.2097916666667
2024-11-04,"BLC2",22.3831666666667,15.4000416666667
2024-11-04,"BOTR",23.4897083333333,16.8004166666667
2024-11-04,"GHSR",7.81945833333333,3.15941666666667
2024-11-04,"LEAM",21.0319166666667,9.56370833333333
2024-11-04,"NPT3",15.4334583333333,13.811
2024-11-04,"REA1",18.7372916666667,14.9125416666667
2024-11-04,"SOUT",14.4605833333333,12.553125
2024-11-04,"WREX",23.8837916666667,16.7139166666667
2024-11-04,"LEAR",20.2782083333333,9.5245
2024-11-04,"PLYM",15.907125,11.2490416666667
2024-11-04,"SHDG",24.2915416666667,12.5777083333333
2024-11-04,"SHE",20.8353333333333,9.97945833333333
2024-11-04,"BEL2",12.3467916666667,9.89191666666667
2024-11-04,"GLKP",7.876375,3.01604166666667
2024-11-04,"LECU",17.3330416666667,9.47629166666667
2024-11-04,"SUN2",14.9824166666667,11.9074583333333
2024-11-04,"TRAN",22.6367083333333,14.7022916666667
2024-11-04,"STOK",23.3069166666667,12.6013333333333
2024-11-04,"BEX",18.620375,14.5873333333333
2024-11-04,"SEND",17.3546666666667,13.5151666666667
2024-11-04,"HUL2",19.0989166666667,8.69108333333333
2024-11-04,"PEMB",11.951625,9.40354166666667
2024-11-04,"WFEN",19.000625,12.2680833333333
2024-11-04,"OSY",14.5214583333333,9.21591666666667
2024-11-04,"ACTH",8.0975,0.996458333333333
2024-11-04,"COPP",22.8349166666667,13.8797916666667
2024-11-05,"EB",26.1292916666667,15.368625
2024-11-05,"IMGM",27.3389583333333,16.4201666666667
2024-11-05,"PRES",25.3795,22.6365833333333
2024-11-05,"BIRR",21.177375,21.716875
2024-11-05,"BLC2",31.7719166666667,22.3831666666667
2024-11-05,"BOTR",30.0670416666667,23.4897083333333
2024-11-05,"GHSR",24.6916666666667,7.81945833333333
2024-11-05,"LEAM",20.58775,21.0319166666667
2024-11-05,"NPT3",26.6136666666667,15.4334583333333
2024-11-05,"REA1",28.5968333333333,18.7372916666667
2024-11-05,"SOUT",24.38,14.4605833333333
2024-11-05,"WREX",25.5524166666667,23.8837916666667
2024-11-05,"LEAR",19.5647916666667,20.2782083333333
2024-11-05,"PLYM",19.502875,15.907125
2024-11-05,"SHDG",27.338875,24.2915416666667
2024-11-05,"SHE",27.1010833333333,20.8353333333333
2024-11-05,"BEL2",19.4645416666667,12.3467916666667
2024-11-05,"GLKP",26.883875,7.876375
2024-11-05,"LECU",26.27075,17.3330416666667
2024-11-05,"SUN2",31.4890416666667,14.9824166666667
2024-11-05,"TRAN",25.372625,22.6367083333333
2024-11-05,"STOK",25.5396666666667,23.3069166666667
2024-11-05,"BEX",33.337375,18.620375
2024-11-05,"SEND",27.4057916666667,17.3546666666667
2024-11-05,"HUL2",36.3661666666667,19.0989166666667
2024-11-05,"PEMB",14.9715833333333,11.951625
2024-11-05,"WFEN",22.9314583333333,19.000625
2024-11-05,"OSY",21.8455833333333,14.5214583333333
2024-11-05,"ACTH",13.7589166666667,8.0975
2024-11-05,"COPP",22.1433333333333,22.8349166666667
2024-11-06,"EB",15.4620416666667,26.1292916666667
2024-11-06,"IMGM",19.7505,27.3389583333333
2024-11-06,"PRES",18.7245416666667,25.3795
2024-11-06,"BIRR",16.4328333333333,21.177375
2024-11-06,"BLC2",22.3664583333333,31.7719166666667
2024-11-06,"BOTR",16.83175,30.0670416666667
2024-11-06,"GHSR",12.4734583333333,24.6916666666667
2024-11-06,"LEAM",11.697125,20.58775
2024-11-06,"NPT3",18.6204166666667,26.6136666666667
2024-11-06,"REA1",11.026,28.5968333333333
2024-11-06,"SOUT",10.8737083333333,24.38
2024-11-06,"WREX",15.89825,25.5524166666667
2024-11-06,"LEAR",11.0064166666667,19.5647916666667
2024-11-06,"PLYM",12.1639583333333,19.502875
2024-11-06,"SHDG",18.468,27.338875
2024-11-06,"SHE",21.575375,27.1010833333333
2024-11-06,"BEL2",9.07629166666667,19.4645416666667
2024-11-06,"GLKP",12.780125,26.883875
2024-11-06,"LECU",11.9153333333333,26.27075
2024-11-06,"SUN2",23.6547916666667,31.4890416666667
2024-11-06,"TRAN",16.5941666666667,25.372625
2024-11-06,"STOK",24.0715,25.5396666666667
2024-11-06,"BEX",28.7540416666667,33.337375
2024-11-06,"SEND",16.2912916666667,27.4057916666667
2024-11-06,"HUL2",30.1299166666667,36.3661666666667
2024-11-06,"PEMB",14.1108333333333,14.9715833333333
2024-11-06,"WFEN",15.4825833333333,22.9314583333333
2024-11-06,"OSY",20.96025,21.8455833333333
2024-11-06,"ACTH",5.44516666666667,13.7589166666667
2024-11-06,"COPP",19.3779583333333,22.1433333333333
2024-11-07,"EB",13.7314583333333,15.4620416666667
2024-11-07,"IMGM",14.9430833333333,19.7505
2024-11-07,"PRES",9.63445833333333,18.7245416666667
2024-11-07,"BIRR",14.774,16.4328333333333
2024-11-07,"BLC2",10.5219583333333,22.3664583333333
2024-11-07,"BOTR",15.2162916666667,16.83175
2024-11-07,"GHSR",5.93854166666667,12.4734583333333
2024-11-07,"LEAM",14.6267083333333,11.697125
2024-11-07,"NPT3",12.7240833333333,18.6204166666667
2024-11-07,"REA1",16.0997083333333,11.026
2024-11-07,"SOUT",17.1738333333333,10.8737083333333
2024-11-07,"WREX",8.74808333333333,15.89825
2024-11-07,"LEAR",14.4320833333333,11.0064166666667
2024-11-07,"PLYM",17.6425416666667,12.1639583333333
2024-11-07,"SHDG",13.1594583333333,18.468
2024-11-07,"SHE",12.26125,21.575375
2024-11-07,"BEL2",9.940125,9.07629166666667
2024-11-07,"GLKP",5.52966666666667,12.780125
2024-11-07,"LECU",13.502375,11.9153333333333
2024-11-07,"SUN2",15.98575,23.6547916666667
2024-11-07,"TRAN",10.407,16.5941666666667
2024-11-07,"STOK",12.9500833333333,24.0715
2024-11-07,"BEX",20.3864285714286,28.7540416666667
2024-11-07,"SEND",23.6685833333333,16.2912916666667
2024-11-07,"HUL2",15.3213333333333,30.1299166666667
2024-11-07,"PEMB",15.5425,14.1108333333333
2024-11-07,"WFEN",21.7415,15.4825833333333
2024-11-07,"OSY",21.2687916666667,20.96025
2024-11-07,"ACTH",4.61579166666667,5.44516666666667
2024-11-07,"COPP",12.4872083333333,19.3779583333333
2024-11-08,"EB",15.2437083333333,13.7314583333333
2024-11-08,"IMGM",19.3504583333333,14.9430833333333
2024-11-08,"PRES",23.6959583333333,9.63445833333333
2024-11-08,"BIRR",24.8979166666667,14.774
2024-11-08,"BLC2",23.3638333333333,10.5219583333333
2024-11-08,"BOTR",25.4373333333333,15.2162916666667
2024-11-08,"GHSR",11.571375,5.93854166666667
2024-11-08,"LEAM",23.25775,14.6267083333333
2024-11-08,"NPT3",17.9432916666667,12.7240833333333
2024-11-08,"REA1",24.7927083333333,16.0997083333333
2024-11-08,"SOUT",18.7402916666667,17.1738333333333
2024-11-08,"WREX",23.6213333333333,8.74808333333333
2024-11-08,"LEAR",22.996375,14.4320833333333
2024-11-08,"PLYM",12.1050416666667,17.6425416666667
2024-11-08,"SHDG",25.3577916666667,13.1594583333333
2024-11-08,"SHE",22.5935,12.26125
2024-11-08,"BEL2",16.99,9.940125
2024-11-08,"GLKP",11.3552083333333,5.52966666666667
2024-11-08,"LECU",22.2957083333333,13.502375
2024-11-08,"SUN2",28.7922916666667,15.98575
2024-11-08,"TRAN",23.3855,10.407
2024-11-08,"STOK",25.7744583333333,12.9500833333333
2024-11-08,"BEX",23.0268333333333,20.3864285714286
2024-11-08,"SEND",18.114375,23.6685833333333
2024-11-08,"HUL2",22.4342083333333,15.3213333333333
2024-11-08,"PEMB",10.9611666666667,15.5425
2024-11-08,"WFEN",21.5685,21.7415
2024-11-08,"OSY",19.5227142857143,21.2687916666667
2024-11-08,"ACTH",12.7997916666667,4.61579166666667
2024-11-08,"COPP",25.5023333333333,12.4872083333333
2024-11-09,"EB",15.24075,15.2437083333333
2024-11-09,"IMGM",18.7058333333333,19.3504583333333
2024-11-09,"PRES",27.0332916666667,23.6959583333333
2024-11-09,"BIRR",29.5559583333333,24.8979166666667
2024-11-09,"BLC2",30.9297916666667,23.3638333333333
2024-11-09,"BOTR",29.036125,25.4373333333333
2024-11-09,"GHSR",17.3723333333333,11.571375
2024-11-09,"LEAM",25.139625,23.25775
2024-11-09,"NPT3",34.0322083333333,17.9432916666667
2024-11-09,"REA1",23.754,24.7927083333333
2024-11-09,"SOUT",22.082375,18.7402916666667
2024-11-09,"WREX",32.616125,23.6213333333333
2024-11-09,"LEAR",23.7864166666667,22.996375
2024-11-09,"PLYM",19.6796666666667,12.1050416666667
2024-11-09,"SHDG",21.81325,25.3577916666667
2024-11-09,"SHE",22.0332916666667,22.5935
2024-11-09,"BEL2",31.5784583333333,16.99
2024-11-09,"GLKP",16.7836666666667,11.3552083333333
2024-11-09,"LECU",23.5977916666667,22.2957083333333
2024-11-09,"SUN2",8.870875,28.7922916666667
2024-11-09,"TRAN",34.047,23.3855
2024-11-09,"STOK",32.3615416666667,25.7744583333333
2024-11-09,"BEX",25.4089166666667,23.0268333333333
2024-11-09,"SEND",23.419875,18.114375
2024-11-09,"HUL2",12.553125,22.4342083333333
2024-11-09,"PEMB",22.29375,10.9611666666667
2024-11-09,"WFEN",24.3780416666667,21.5685
2024-11-09,"OSY",20.3322916666667,19.5227142857143
2024-11-09,"ACTH",10.5179166666667,12.7997916666667
2024-11-09,"COPP",35.794125,25.5023333333333
2024-11-10,"EB",15.398,15.24075
2024-11-10,"IMGM",23.997875,18.7058333333333
2024-11-10,"PRES",19.8682916666667,27.0332916666667
2024-11-10,"BIRR",18.2155416666667,29.5559583333333
2024-11-10,"BLC2",20.6525833333333,30.9297916666667
2024-11-10,"BOTR",20.9709583333333,29.036125
2024-11-10,"GHSR",12.4430833333333,17.3723333333333
2024-11-10,"LEAM",18.8100833333333,25.139625
2024-11-10,"NPT3",25.4452916666667,34.0322083333333
2024-11-10,"REA1",19.7151666666667,23.754
2024-11-10,"SOUT",14.247375,22.082375
2024-11-10,"WREX",12.4254166666667,32.616125
2024-11-10,"LEAR",18.1318333333333,23.7864166666667
2024-11-10,"PLYM",12.3496666666667,19.6796666666667
2024-11-10,"SHDG",18.3650416666667,21.81325
2024-11-10,"SHE",20.1101666666667,22.0332916666667
2024-11-10,"BEL2",11.7797916666667,31.5784583333333
2024-11-10,"GLKP",11.8790416666667,16.7836666666667
2024-11-10,"LECU",20.751875,23.5977916666667
2024-11-10,"SUN2",8.608625,8.870875
2024-11-10,"TRAN",19.1057916666667,34.047
2024-11-10,"STOK",22.4058333333333,32.3615416666667
2024-11-10,"BEX",21.33275,25.4089166666667
2024-11-10,"SEND",22.712375,23.419875
2024-11-10,"HUL2",27.8952083333333,12.553125
2024-11-10,"PEMB",8.47491666666667,22.29375
2024-11-10,"WFEN",21.2245416666667,24.3780416666667
2024-11-10,"OSY",21.2598333333333,20.3322916666667
2024-11-10,"ACTH",6.67266666666667,10.5179166666667
2024-11-10,"COPP",18.8041666666667,35.794125
2024-11-11,"EB",8.797125,15.398
2024-11-11,"IMGM",6.53408333333333,23.997875
2024-11-11,"PRES",10.6270416666667,19.8682916666667
2024-11-11,"BIRR",10.5995416666667,18.2155416666667
2024-11-11,"BLC2",9.193125,20.6525833333333
2024-11-11,"BOTR",9.02133333333333,20.9709583333333
2024-11-11,"GHSR",9.50679166666667,12.4430833333333
2024-11-11,"LEAM",9.02625,18.8100833333333
2024-11-11,"NPT3",9.37116666666667,25.4452916666667
2024-11-11,"REA1",8.68525,19.7151666666667
2024-11-11,"SOUT",7.34379166666667,14.247375
2024-11-11,"WREX",8.388375,12.4254166666667
2024-11-11,"LEAR",8.49654166666667,18.1318333333333
2024-11-11,"PLYM",10.5209583333333,12.3496666666667
2024-11-11,"SHDG",9.24245833333333,18.3650416666667
2024-11-11,"SHE",7.50304166666667,20.1101666666667
2024-11-11,"BEL2",12.9354166666667,11.7797916666667
2024-11-11,"GLKP",9.1825,11.8790416666667
2024-11-11,"LECU",9.45366666666667,20.751875
2024-11-11,"SUN2",7.27308333333333,8.608625
2024-11-11,"TRAN",9.88504166666667,19.1057916666667
2024-11-11,"STOK",11.419,22.4058333333333
2024-11-11,"BEX",9.16675,21.33275
2024-11-11,"SEND",8.25870833333333,22.712375
2024-11-11,"HUL2",7.70541666666667,27.8952083333333
2024-11-11,"PEMB",6.39445833333333,8.47491666666667
2024-11-11,"WFEN",7.96983333333333,21.2245416666667
2024-11-11,"OSY",8.16529166666667,21.2598333333333
2024-11-11,"ACTH",5.86770833333333,6.67266666666667
2024-11-11,"COPP",10.425625,18.8041666666667
2024-11-12,"EB",4.79175,8.797125
2024-11-12,"IMGM",10.6800833333333,6.53408333333333
2024-11-12,"PRES",13.447375,10.6270416666667
2024-11-12,"BIRR",10.4540833333333,10.5995416666667
2024-11-12,"BLC2",10.1709166666667,9.193125
2024-11-12,"BOTR",8.86408333333333,9.02133333333333
2024-11-12,"GHSR",10.3361666666667,9.50679166666667
2024-11-12,"LEAM",8.22533333333333,9.02625
2024-11-12,"NPT3",7.97070833333333,9.37116666666667
2024-11-12,"REA1",6.686375,8.68525
2024-11-12,"SOUT",6.80033333333333,7.34379166666667
2024-11-12,"WREX",9.22570833333333,8.388375
2024-11-12,"LEAR",7.464625,8.49654166666667
2024-11-12,"PLYM",6.68345833333333,10.5209583333333
2024-11-12,"SHDG",10.7017083333333,9.24245833333333
2024-11-12,"SHE",10.6752083333333,7.50304166666667
2024-11-12,"BEL2",19.4615833333333,12.9354166666667
2024-11-12,"GLKP",10.282125,9.1825
2024-11-12,"LECU",8.718625,9.45366666666667
2024-11-12,"SUN2",10.5346666666667,7.27308333333333
2024-11-12,"TRAN",13.420875,9.88504166666667
2024-11-12,"STOK",12.6139583333333,11.419
2024-11-12,"BEX",6.423,9.16675
2024-11-12,"SEND",5.52579166666667,8.25870833333333
2024-11-12,"HUL2",10.789125,7.70541666666667
2024-11-12,"PEMB",5.95129166666667,6.39445833333333
2024-11-12,"WFEN",5.95420833333333,7.96983333333333
2024-11-12,"OSY",4.9354347826087,8.16529166666667
2024-11-12,"ACTH",3.02879166666667,5.86770833333333
2024-11-12,"COPP",13.1034166666667,10.425625
2024-11-13,"EB",9.50079166666667,4.79175
2024-11-13,"IMGM",12.341875,10.6800833333333
2024-11-13,"PRES",16.556625,13.447375
2024-11-13,"BIRR",15.9975,10.4540833333333
2024-11-13,"BLC2",11.4219583333333,10.1709166666667
2024-11-13,"BOTR",11.8720833333333,8.86408333333333
2024-11-13,"GHSR",3.69591666666667,10.3361666666667
2024-11-13,"LEAM",15.121,8.22533333333333
2024-11-13,"NPT3",12.012625,7.97070833333333
2024-11-13,"REA1",9.79720833333333,6.686375
2024-11-13,"SOUT",8.10241666666667,6.80033333333333
2024-11-13,"WREX",8.184,9.22570833333333
2024-11-13,"LEAR",13.8237083333333,7.464625
2024-11-13,"PLYM",11.0202083333333,6.68345833333333
2024-11-13,"SHDG",8.03466666666667,10.7017083333333
2024-11-13,"SHE",10.9189166666667,10.6752083333333
2024-11-13,"BEL2",8.79729166666667,19.4615833333333
2024-11-13,"GLKP",2.935375,10.282125
2024-11-13,"LECU",15.326375,8.718625
2024-11-13,"SUN2",5.6575,10.5346666666667
2024-11-13,"TRAN",8.30775,13.420875
2024-11-13,"STOK",14.9323333333333,12.6139583333333
2024-11-13,"BEX",9.88995833333333,6.423
2024-11-13,"SEND",9.49295833333333,5.52579166666667
2024-11-13,"HUL2",15.5100833333333,10.789125
2024-11-13,"PEMB",6.918375,5.95129166666667
2024-11-13,"WFEN",9.9175,5.95420833333333
2024-11-13,"OSY",8.10145833333333,4.9354347826087
2024-11-13,"ACTH",1.68433333333333,3.02879166666667
2024-11-13,"COPP",15.4412916666667,13.1034166666667
2024-11-14,"EB",14.483125,9.50079166666667
2024-11-14,"IMGM",9.44191666666667,12.341875
2024-11-14,"PRES",7.91966666666667,16.556625
2024-11-14,"BIRR",12.705375,15.9975
2024-11-14,"BLC2",11.0495,11.4219583333333
2024-11-14,"BOTR",9.90179166666667,11.8720833333333
2024-11-14,"GHSR",5.29983333333333,3.69591666666667
2024-11-14,"LEAM",9.218875,15.121
2024-11-14,"NPT3",10.188875,12.012625
2024-11-14,"REA1",10.959125,9.79720833333333
2024-11-14,"SOUT",12.9256666666667,8.10241666666667
2024-11-14,"WREX",10.0560416666667,8.184
2024-11-14,"LEAR",8.18491666666667,13.8237083333333
2024-11-14,"PLYM",8.12504166666667,11.0202083333333
2024-11-14,"SHDG",10.56025,8.03466666666667
2024-11-14,"SHE",10.5503333333333,10.9189166666667
2024-11-14,"BEL2",4.354375,8.79729166666667
2024-11-14,"GLKP",4.22558333333333,2.935375
2024-11-14,"LECU",9.4675,15.326375
2024-11-14,"SUN2",9.16279166666667,5.6575
2024-11-14,"TRAN",13.1152083333333,8.30775
2024-11-14,"STOK",11.697125,14.9323333333333
2024-11-14,"BEX",14.11175,9.88995833333333
2024-11-14,"SEND",12.6514583333333,9.49295833333333
2024-11-14,"HUL2",10.9660416666667,15.5100833333333
2024-11-14,"PEMB",5.51495833333333,6.918375
2024-11-14,"WFEN",11.693375,9.9175
2024-11-14,"OSY",10.342,8.10145833333333
2024-11-14,"ACTH",2.19920833333333,1.68433333333333
2024-11-14,"COPP",13.0121666666667,15.4412916666667
2024-11-15,"EB",10.0484583333333,14.483125
2024-11-15,"IMGM",11.9762916666667,9.44191666666667
2024-11-15,"PRES",9.77791666666667,7.91966666666667
2024-11-15,"BIRR",15.15725,12.705375
2024-11-15,"BLC2",7.55604166666667,11.0495
2024-11-15,"BOTR",13.1565,9.90179166666667
2024-11-15,"GHSR",1.963375,5.29983333333333
2024-11-15,"LEAM",13.6115,9.218875
2024-11-15,"NPT3",13.9505833333333,10.188875
2024-11-15,"REA1",14.9606666666667,10.959125
2024-11-15,"SOUT",11.91725,12.9256666666667
2024-11-15,"WREX",11.7187083333333,10.0560416666667
2024-11-15,"LEAR",12.71725,8.18491666666667
2024-11-15,"PLYM",12.54825,8.12504166666667
2024-11-15,"SHDG",11.2579583333333,10.56025
2024-11-15,"SHE",10.7647083333333,10.5503333333333
2024-11-15,"BEL2",5.32229166666667,4.354375
2024-11-15,"GLKP",1.537125,4.22558333333333
2024-11-15,"LECU",12.5806666666667,9.4675
2024-11-15,"SUN2",2.71825,9.16279166666667
2024-11-15,"TRAN",6.68920833333333,13.1152083333333
2024-11-15,"STOK",14.0546666666667,11.697125
2024-11-15,"BEX",14.1392083333333,14.11175
2024-11-15,"SEND",10.9217916666667,12.6514583333333
2024-11-15,"HUL2",16.1902083333333,10.9660416666667
2024-11-15,"PEMB",8.63995833333333,5.51495833333333
2024-11-15,"WFEN",10.89325,11.693375
2024-11-15,"OSY",9.25125,10.342
2024-11-15,"ACTH",0.8225,2.19920833333333
2024-11-15,"COPP",11.229375,13.0121666666667
2024-11-16,"EB",8.97608333333333,10.0484583333333
2024-11-16,"IMGM",5.97679166666667,11.9762916666667
2024-11-16,"PRES",5.14441666666667,9.77791666666667
2024-11-16,"BIRR",7.55108333333333,15.15725
2024-11-16,"BLC2",5.72029166666667,7.55604166666667
2024-11-16,"BOTR",5.551375,13.1565
2024-11-16,"GHSR",6.30116666666667,1.963375
2024-11-16,"LEAM",9.59025,13.6115
2024-11-16,"NPT3",10.960125,13.9505833333333
2024-11-16,"REA1",11.569375,14.9606666666667
2024-11-16,"SOUT",10.3665833333333,11.91725
2024-11-16,"WREX",3.429625,11.7187083333333
2024-11-16,"LEAR",9.032125,12.71725
2024-11-16,"PLYM",10.3244166666667,12.54825
2024-11-16,"SHDG",4.33470833333333,11.2579583333333
2024-11-16,"SHE",3.83558333333333,10.7647083333333
2024-11-16,"BEL2",7.3105,5.32229166666667
2024-11-16,"GLKP",5.22108333333333,1.537125
2024-11-16,"LECU",6.997875,12.5806666666667
2024-11-16,"SUN2",4.04083333333333,2.71825
2024-11-16,"TRAN",4.41825,6.68920833333333
2024-11-16,"STOK",5.19566666666667,14.0546666666667
2024-11-16,"BEX",12.9914166666667,14.1392083333333
2024-11-16,"SEND",12.8046666666667,10.9217916666667
2024-11-16,"HUL2",6.53795833333333,16.1902083333333
2024-11-16,"PEMB",3.867,8.63995833333333
2024-11-16,"WFEN",9.10283333333333,10.89325
2024-11-16,"OSY",12.1158333333333,9.25125
2024-11-16,"ACTH",3.79325,0.8225
2024-11-16,"COPP",4.99504166666667,11.229375
2024-11-17,"EB",3.2725,8.97608333333333
2024-11-17,"IMGM",3.530875,5.97679166666667
2024-11-17,"PRES",4.04295833333333,5.14441666666667
2024-11-17,"BIRR",4.03491666666667,7.55108333333333
2024-11-17,"BLC2",3.220375,5.72029166666667
2024-11-17,"BOTR",3.779625,5.551375
2024-11-17,"GHSR",5.0305,6.30116666666667
2024-11-17,"LEAM",4.00458333333333,9.59025
2024-11-17,"NPT3",4.329875,10.960125
2024-11-17,"REA1",4.07241666666667,11.569375
2024-11-17,"SOUT",3.75008333333333,10.3665833333333
2024-11-17,"WREX",3.68420833333333,3.429625
2024-11-17,"LEAR",4.61979166666667,9.032125
2024-11-17,"PLYM",5.012875,10.3244166666667
2024-11-17,"SHDG",2.47933333333333,4.33470833333333
2024-11-17,"SHE",2.949125,3.83558333333333
2024-11-17,"BEL2",3.89041666666667,7.3105
2024-11-17,"GLKP",4.54804166666667,5.22108333333333
2024-11-17,"LECU",3.85129166666667,6.997875
2024-11-17,"SUN2",3.6665,4.04083333333333
2024-11-17,"TRAN",4.96166666666667,4.41825
2024-11-17,"STOK",5.24575,5.19566666666667
2024-11-17,"BEX",4.316125,12.9914166666667
2024-11-17,"SEND",4.15,12.8046666666667
2024-11-17,"HUL2",3.69783333333333,6.53795833333333
2024-11-17,"PEMB",3.36283333333333,3.867
2024-11-17,"WFEN",3.67345833333333,9.10283333333333
2024-11-17,"OSY",3.64875,12.1158333333333
2024-11-17,"ACTH",2.272,3.79325
2024-11-17,"COPP",5.05991666666667,4.99504166666667
2024-11-18,"EB",2.56595833333333,3.2725
2024-11-18,"IMGM",6.671625,3.530875
2024-11-18,"PRES",8.60947826086957,4.04295833333333
2024-11-18,"BIRR",7.87145833333333,4.03491666666667
2024-11-18,"BLC2",5.84908695652174,3.220375
2024-11-18,"BOTR",6.32179166666667,3.779625
2024-11-18,"GHSR",7.52266666666667,5.0305
2024-11-18,"LEAM",7.59833333333333,4.00458333333333
2024-11-18,"NPT3",3.32254166666667,4.329875
2024-11-18,"REA1",3.90133333333333,4.07241666666667
2024-11-18,"SOUT",2.68079166666667,3.75008333333333
2024-11-18,"WREX",5.201625,3.68420833333333
2024-11-18,"LEAR",7.31133333333333,4.61979166666667
2024-11-18,"PLYM",3.98783333333333,5.012875
2024-11-18,"SHDG",5.76941666666667,2.47933333333333
2024-11-18,"SHE",5.49133333333333,2.949125
2024-11-18,"BEL2",4.60108333333333,3.89041666666667
2024-11-18,"GLKP",7.50208333333333,4.54804166666667
2024-11-18,"LECU",6.17433333333333,3.85129166666667
2024-11-18,"SUN2",7.446,3.6665
2024-11-18,"TRAN",6.15279166666667,4.96166666666667
2024-11-18,"STOK",8.19970833333333,5.24575
2024-11-18,"BEX",5.574,4.316125
2024-11-18,"SEND",4.613875,4.15
2024-11-18,"HUL2",7.93054166666667,3.69783333333333
2024-11-18,"PEMB",1.64604166666667,3.36283333333333
2024-11-18,"WFEN",7.48625,3.67345833333333
2024-11-18,"OSY",5.40391666666667,3.64875
2024-11-18,"ACTH",2.50691666666667,2.272
2024-11-18,"COPP",8.35308333333333,5.05991666666667
2024-11-19,"EB",3.117125,2.56595833333333
2024-11-19,"IMGM",3.587875,6.671625
2024-11-19,"PRES",6.31095833333333,8.60947826086957
2024-11-19,"BIRR",6.997875,7.87145833333333
2024-11-19,"BLC2",2.9815,5.84908695652174
2024-11-19,"BOTR",5.91008333333333,6.32179166666667
2024-11-19,"GHSR",6.30116666666667,7.52266666666667
2024-11-19,"LEAM",6.15866666666667,7.59833333333333
2024-11-19,"NPT3",3.03466666666667,3.32254166666667
2024-11-19,"REA1",5.17429166666667,3.90133333333333
2024-11-19,"SOUT",4.372,2.68079166666667
2024-11-19,"WREX",5.738125,5.201625
2024-11-19,"LEAR",5.46395833333333,7.31133333333333
2024-11-19,"PLYM",4.87820833333333,3.98783333333333
2024-11-19,"SHDG",6.49666666666667,5.76941666666667
2024-11-19,"SHE",6.46033333333333,5.49133333333333
2024-11-19,"BEL2",6.116375,4.60108333333333
2024-11-19,"GLKP",5.03841666666667,7.50208333333333
2024-11-19,"LECU",5.918875,6.17433333333333
2024-11-19,"SUN2",5.06091666666667,7.446
2024-11-19,"TRAN",4.24241666666667,6.15279166666667
2024-11-19,"STOK",6.97720833333333,8.19970833333333
2024-11-19,"BEX",3.96220833333333,5.574
2024-11-19,"SEND",2.908875,4.613875
2024-11-19,"HUL2",4.42116666666667,7.93054166666667
2024-11-19,"PEMB",1.85013043478261,1.64604166666667
2024-11-19,"WFEN",3.26566666666667,7.48625
2024-11-19,"OSY",2.236625,5.40391666666667
2024-11-19,"ACTH",2.20716666666667,2.50691666666667
2024-11-19,"COPP",5.573875,8.35308333333333
2024-11-20,"EB",3.682125,3.117125
2024-11-20,"IMGM",3.93370833333333,3.587875
2024-11-20,"PRES",7.54625,6.31095833333333
2024-11-20,"BIRR",4.84570833333333,6.997875
2024-11-20,"BLC2",1.92216666666667,2.9815
2024-11-20,"BOTR",4.913625,5.91008333333333
2024-11-20,"GHSR",3.74216666666667,6.30116666666667
2024-11-20,"LEAM",4.73566666666667,6.15866666666667
2024-11-20,"NPT3",5.158875,3.03466666666667
2024-11-20,"REA1",3.8895,5.17429166666667
2024-11-20,"SOUT",4.83295833333333,4.372
2024-11-20,"WREX",2.83916666666667,5.738125
2024-11-20,"LEAR",4.74,5.46395833333333
2024-11-20,"PLYM",6.81008333333333,4.87820833333333
2024-11-20,"SHDG",3.15254166666667,6.49666666666667
2024-11-20,"SHE",3.5515,6.46033333333333
2024-11-20,"BEL2",5.26829166666667,6.116375
2024-11-20,"GLKP",2.72204166666667,5.03841666666667
2024-11-20,"LECU",5.00291666666667,5.918875
2024-11-20,"SUN2",2.8145,5.06091666666667
2024-11-20,"TRAN",2.850875,4.24241666666667
2024-11-20,"STOK",4.94204166666667,6.97720833333333
2024-11-20,"BEX",4.8625,3.96220833333333
2024-11-20,"SEND",4.44770833333333,2.908875
2024-11-20,"HUL2",5.215125,4.42116666666667
2024-11-20,"PEMB",2.37225,1.85013043478261
2024-11-20,"WFEN",3.76958333333333,3.26566666666667
2024-11-20,"OSY",2.84879166666667,2.236625
2024-11-20,"ACTH",1.6795,2.20716666666667
2024-11-20,"COPP",4.50475,5.573875
2024-11-21,"EB",4.71891666666667,3.682125
2024-11-21,"IMGM",5.34691666666667,3.93370833333333
2024-11-21,"PRES",5.969125,7.54625
2024-11-21,"BIRR",12.3162916666667,4.84570833333333
2024-11-21,"BLC2",5.45108333333333,1.92216666666667
2024-11-21,"BOTR",6.41308333333333,4.913625
2024-11-21,"GHSR",2.71325,3.74216666666667
2024-11-21,"LEAM",8.26654166666667,4.73566666666667
2024-11-21,"NPT3",6.19404166666667,5.158875
2024-11-21,"REA1",5.91495833333333,3.8895
2024-11-21,"SOUT",5.86666666666667,4.83295833333333
2024-11-21,"WREX",3.649875,2.83916666666667
2024-11-21,"LEAR",7.37133333333333,4.74
2024-11-21,"PLYM",4.57654166666667,6.81008333333333
2024-11-21,"SHDG",4.29445833333333,3.15254166666667
2024-11-21,"SHE",5.31445833333333,3.5515
2024-11-21,"BEL2",5.49245833333333,5.26829166666667
2024-11-21,"GLKP",2.04591666666667,2.72204166666667
2024-11-21,"LECU",7.708375,5.00291666666667
2024-11-21,"SUN2",2.078375,2.8145
2024-11-21,"TRAN",4.71208333333333,2.850875
2024-11-21,"STOK",6.660875,4.94204166666667
2024-11-21,"BEX",7.40170833333333,4.8625
2024-11-21,"SEND",7.66716666666667,4.44770833333333
2024-11-21,"HUL2",6.64029166666667,5.215125
2024-11-21,"PEMB",2.55008333333333,2.37225
2024-11-21,"WFEN",6.02,3.76958333333333
2024-11-21,"OSY",5.52970833333333,2.84879166666667
2024-11-21,"ACTH",1.10158333333333,1.6795
2024-11-21,"COPP",4.99504166666667,4.50475
2024-11-22,"EB",3.676375,4.71891666666667
2024-11-22,"IMGM",4.50570833333333,5.34691666666667
2024-11-22,"PRES",5.89333333333333,5.969125
2024-11-22,"BIRR",4.59220833333333,12.3162916666667
2024-11-22,"BLC2",4.46245833333333,5.45108333333333
2024-11-22,"BOTR",4.2395,6.41308333333333
2024-11-22,"GHSR",3.89254166666667,2.71325
2024-11-22,"LEAM",4.39270833333333,8.26654166666667
2024-11-22,"NPT3",10.1985416666667,6.19404166666667
2024-11-22,"REA1",5.406,5.91495833333333
2024-11-22,"SOUT",7.35545833333333,5.86666666666667
2024-11-22,"WREX",4.065625,3.649875
2024-11-22,"LEAR",4.68554166666667,7.37133333333333
2024-11-22,"PLYM",7.18554166666667,4.57654166666667
2024-11-22,"SHDG",4.303375,4.29445833333333
2024-11-22,"SHE",4.23745833333333,5.31445833333333
2024-11-22,"BEL2",7.104,5.49245833333333
2024-11-22,"GLKP",3.05620833333333,2.04591666666667
2024-11-22,"LECU",4.31804166666667,7.708375
2024-11-22,"SUN2",5.67525,2.078375
2024-11-22,"TRAN",4.880125,4.71208333333333
2024-11-22,"STOK",4.29633333333333,6.660875
2024-11-22,"BEX",5.68791666666667,7.40170833333333
2024-11-22,"SEND",4.852625,7.66716666666667
2024-11-22,"HUL2",5.3685,6.64029166666667
2024-11-22,"PEMB",3.95429166666667,2.55008333333333
2024-11-22,"WFEN",3.42670833333333,6.02
2024-11-22,"OSY",3.58381818181818,5.52970833333333
2024-11-22,"ACTH",1.38570833333333,1.10158333333333
2024-11-22,"COPP",4.31808333333333,4.99504166666667
2024-11-23,"EB",7.41758333333333,3.676375
2024-11-23,"IMGM",3.779125,4.50570833333333
2024-11-23,"PRES",3.53583333333333,5.89333333333333
2024-11-23,"BIRR",3.84833333333333,4.59220833333333
2024-11-23,"BLC2",4.57058333333333,4.46245833333333
2024-11-23,"BOTR",3.33525,4.2395
2024-11-23,"GHSR",3.69208333333333,3.89254166666667
2024-11-23,"LEAM",3.277375,4.39270833333333
2024-11-23,"NPT3",6.45829166666667,10.1985416666667
2024-11-23,"REA1",4.93125,5.406
2024-11-23,"SOUT",7.70825,7.35545833333333
2024-11-23,"WREX",3.18195833333333,4.065625
2024-11-23,"LEAR",3.35595833333333,4.68554166666667
2024-11-23,"PLYM",19.1442916666667,7.18554166666667
2024-11-23,"SHDG",3.75104166666667,4.303375
2024-11-23,"SHE",4.110625,4.23745833333333
2024-11-23,"BEL2",6.46525,7.104
2024-11-23,"GLKP",3.58983333333333,3.05620833333333
2024-11-23,"LECU",2.72308333333333,4.31804166666667
2024-11-23,"SUN2",5.00491666666667,5.67525
2024-11-23,"TRAN",3.258625,4.880125
2024-11-23,"STOK",3.67533333333333,4.29633333333333
2024-11-23,"BEX",5.61316666666667,5.68791666666667
2024-11-23,"SEND",5.10125,4.852625
2024-11-23,"HUL2",5.04029166666667,5.3685
2024-11-23,"PEMB",8.36179166666667,3.95429166666667
2024-11-23,"WFEN",3.98966666666667,3.42670833333333
2024-11-23,"OSY",6.15283333333333,3.58381818181818
2024-11-23,"ACTH",1.90458333333333,1.38570833333333
2024-11-23,"COPP",2.99233333333333,4.31808333333333
2024-11-24,"EB",9.05958333333333,7.41758333333333
2024-11-24,"IMGM",3.15354166666667,3.779125
2024-11-24,"PRES",4.36525,3.53583333333333
2024-11-24,"BIRR",4.06941666666667,3.84833333333333
2024-11-24,"BLC2",6.98516666666667,4.57058333333333
2024-11-24,"BOTR",3.08966666666667,3.33525
2024-11-24,"GHSR",5.49820833333333,3.69208333333333
2024-11-24,"LEAM",4.8575,3.277375
2024-11-24,"NPT3",6.70104166666667,6.45829166666667
2024-11-24,"REA1",10.8353333333333,4.93125
2024-11-24,"SOUT",12.8920416666667,7.70825
2024-11-24,"WREX",4.134375,3.18195833333333
2024-11-24,"LEAR",4.67083333333333,3.35595833333333
2024-11-24,"PLYM",18.1633333333333,19.1442916666667
2024-11-24,"SHDG",1.872,3.75104166666667
2024-11-24,"SHE",2.013625,4.110625
2024-11-24,"BEL2",5.54545833333333,6.46525
2024-11-24,"GLKP",5.2025,3.58983333333333
2024-11-24,"LECU",4.08520833333333,2.72308333333333
2024-11-24,"SUN2",3.82870833333333,5.00491666666667
2024-11-24,"TRAN",4.34066666666667,3.258625
2024-11-24,"STOK",2.33983333333333,3.67533333333333
2024-11-24,"BEX",10.0550833333333,5.61316666666667
2024-11-24,"SEND",9.54895833333333,5.10125
2024-11-24,"HUL2",3.33929166666667,5.04029166666667
2024-11-24,"PEMB",8.76279166666667,8.36179166666667
2024-11-24,"WFEN",8.99175,3.98966666666667
2024-11-24,"OSY",11.5222916666667,6.15283333333333
2024-11-24,"ACTH",3.82179166666667,1.90458333333333
2024-11-24,"COPP",2.79870833333333,2.99233333333333
2024-11-25,"EB",5.30954166666667,9.05958333333333
2024-11-25,"IMGM",4.09691666666667,3.15354166666667
2024-11-25,"PRES",5.72633333333333,4.36525
2024-11-25,"BIRR",5.288875,4.06941666666667
2024-11-25,"BLC2",7.41458333333333,6.98516666666667
2024-11-25,"BOTR",4.315125,3.08966666666667
2024-11-25,"GHSR",4.2285,5.49820833333333
2024-11-25,"LEAM",4.8625,4.8575
2024-11-25,"NPT3",5.98275,6.70104166666667
2024-11-25,"REA1",5.95329166666667,10.8353333333333
2024-11-25,"SOUT",6.68141666666667,12.8920416666667
2024-11-25,"WREX",4.63145833333333,4.134375
2024-11-25,"LEAR",4.60595833333333,4.67083333333333
2024-11-25,"PLYM",8.88270833333333,18.1633333333333
2024-11-25,"SHDG",4.15191666666667,1.872
2024-11-25,"SHE",4.49591666666667,2.013625
2024-11-25,"BEL2",4.81920833333333,5.54545833333333
2024-11-25,"GLKP",3.87391666666667,5.2025
2024-11-25,"LECU",4.47129166666667,4.08520833333333
2024-11-25,"SUN2",4.83891666666667,3.82870833333333
2024-11-25,"TRAN",3.93766666666667,4.34066666666667
2024-11-25,"STOK",4.33183333333333,2.33983333333333
2024-11-25,"BEX",5.93941666666667,10.0550833333333
2024-11-25,"SEND",4.892875,9.54895833333333
2024-11-25,"HUL2",5.40195833333333,3.33929166666667
2024-11-25,"PEMB",5.14341666666667,8.76279166666667
2024-11-25,"WFEN",4.43404166666667,8.99175
2024-11-25,"OSY",5.33116666666667,11.5222916666667
2024-11-25,"ACTH",2.45966666666667,3.82179166666667
2024-11-25,"COPP",4.59904166666667,2.79870833333333
2024-11-26,"EB",6.14983333333333,5.30954166666667
2024-11-26,"IMGM",5.304625,4.09691666666667
2024-11-26,"PRES",10.5945833333333,5.72633333333333
2024-11-26,"BIRR",11.2687083333333,5.288875
2024-11-26,"BLC2",6.58808333333333,7.41458333333333
2024-11-26,"BOTR",8.75204166666667,4.315125
2024-11-26,"GHSR",6.51833333333333,4.2285
2024-11-26,"LEAM",5.46391666666667,4.8625
2024-11-26,"NPT3",6.40041666666667,5.98275
2024-11-26,"REA1",7.15520833333333,5.95329166666667
2024-11-26,"SOUT",6.9655,6.68141666666667
2024-11-26,"WREX",6.56445833333333,4.63145833333333
2024-11-26,"LEAR",5.05116666666667,4.60595833333333
2024-11-26,"PLYM",5.99058333333333,8.88270833333333
2024-11-26,"SHDG",6.76983333333333,4.15191666666667
2024-11-26,"SHE",7.84,4.49591666666667
2024-11-26,"BEL2",11.8642083333333,4.81920833333333
2024-11-26,"GLKP",5.504125,3.87391666666667
2024-11-26,"LECU",6.16154166666667,4.47129166666667
2024-11-26,"SUN2",5.562,4.83891666666667
2024-11-26,"TRAN",6.88379166666667,3.93766666666667
2024-11-26,"STOK",5.74395833333333,4.33183333333333
2024-11-26,"BEX",7.90104166666667,5.93941666666667
2024-11-26,"SEND",6.286375,4.892875
2024-11-26,"HUL2",6.87208333333333,5.40195833333333
2024-11-26,"PEMB",2.90875,5.14341666666667
2024-11-26,"WFEN",5.32820833333333,4.43404166666667
2024-11-26,"OSY",4.83491666666667,5.33116666666667
2024-11-26,"ACTH",1.41808333333333,2.45966666666667
2024-11-26,"COPP",6.14495833333333,4.59904166666667
2024-11-27,"EB",4.45566666666667,6.14983333333333
2024-11-27,"IMGM",5.18275,5.304625
2024-11-27,"PRES",15.4864583333333,10.5945833333333
2024-11-27,"BIRR",9.210875,11.2687083333333
2024-11-27,"BLC2",7.79575,6.58808333333333
2024-11-27,"BOTR",10.3450833333333,8.75204166666667
2024-11-27,"GHSR",5.9375,6.51833333333333
2024-11-27,"LEAM",9.30625,5.46391666666667
2024-11-27,"NPT3",6.48691666666667,6.40041666666667
2024-11-27,"REA1",5.57795833333333,7.15520833333333
2024-11-27,"SOUT",5.40891666666667,6.9655
2024-11-27,"WREX",9.259125,6.56445833333333
2024-11-27,"LEAR",8.81379166666667,5.05116666666667
2024-11-27,"PLYM",5.11895833333333,5.99058333333333
2024-11-27,"SHDG",9.66295833333333,6.76983333333333
2024-11-27,"SHE",10.4314583333333,7.84
2024-11-27,"BEL2",24.42025,11.8642083333333
2024-11-27,"GLKP",5.54045833333333,5.504125
2024-11-27,"LECU",8.85229166666667,6.16154166666667
2024-11-27,"SUN2",5.87858333333333,5.562
2024-11-27,"TRAN",8.842375,6.88379166666667
2024-11-27,"STOK",10.6938333333333,5.74395833333333
2024-11-27,"BEX",6.45054166666667,7.90104166666667
2024-11-27,"SEND",5.05016666666667,6.286375
2024-11-27,"HUL2",8.65279166666667,6.87208333333333
2024-11-27,"PEMB",3.387375,2.90875
2024-11-27,"WFEN",5.29191666666667,5.32820833333333
2024-11-27,"OSY",4.355375,4.83491666666667
2024-11-27,"ACTH",1.82004166666667,1.41808333333333
2024-11-27,"COPP",9.84670833333333,6.14495833333333
2024-11-28,"EB",10.18275,4.45566666666667
2024-11-28,"IMGM",7.44895833333333,5.18275
2024-11-28,"PRES",8.507375,15.4864583333333
2024-11-28,"BIRR",17.06675,9.210875
2024-11-28,"BLC2",8.578,7.79575
2024-11-28,"BOTR",14.1294166666667,10.3450833333333
2024-11-28,"GHSR",6.12433333333333,5.9375
2024-11-28,"LEAM",16.1920833333333,9.30625
2024-11-28,"NPT3",9.640375,6.48691666666667
2024-11-28,"REA1",17.1177916666667,5.57795833333333
2024-11-28,"SOUT",9.35729166666667,5.40891666666667
2024-11-28,"WREX",7.51875,9.259125
2024-11-28,"LEAR",15.4992083333333,8.81379166666667
2024-11-28,"PLYM",8.01891666666667,5.11895833333333
2024-11-28,"SHDG",9.54016666666667,9.66295833333333
2024-11-28,"SHE",9.16479166666667,10.4314583333333
2024-11-28,"BEL2",11.244125,24.42025
2024-11-28,"GLKP",6.27066666666667,5.54045833333333
2024-11-28,"LECU",14.1775,8.85229166666667
2024-11-28,"SUN2",7.20333333333333,5.87858333333333
2024-11-28,"TRAN",11.9262083333333,8.842375
2024-11-28,"STOK",12.2150833333333,10.6938333333333
2024-11-28,"BEX",18.4553333333333,6.45054166666667
2024-11-28,"SEND",11.0839583333333,5.05016666666667
2024-11-28,"HUL2",9.16091666666667,8.65279166666667
2024-11-28,"PEMB",5.06579166666667,3.387375
2024-11-28,"WFEN",11.073125,5.29191666666667
2024-11-28,"OSY",10.4304583333333,4.355375
2024-11-28,"ACTH",1.95566666666667,1.82004166666667
2024-11-28,"COPP",14.5460416666667,9.84670833333333
2024-11-29,"EB",4.48308333333333,10.18275
2024-11-29,"IMGM",5.50725,7.44895833333333
2024-11-29,"PRES",6.18025,8.507375
2024-11-29,"BIRR",7.75154166666667,17.06675
2024-11-29,"BLC2",7.02054166666667,8.578
2024-11-29,"BOTR",9.082125,14.1294166666667
2024-11-29,"GHSR",5.52391666666667,6.12433333333333
2024-11-29,"LEAM",5.28008333333333,16.1920833333333
2024-11-29,"NPT3",6.36008333333333,9.640375
2024-11-29,"REA1",7.88633333333333,17.1177916666667
2024-11-29,"SOUT",5.348875,9.35729166666667
2024-11-29,"WREX",6.85541666666667,7.51875
2024-11-29,"LEAR",4.83104166666667,15.4992083333333
2024-11-29,"PLYM",11.0249583333333,8.01891666666667
2024-11-29,"SHDG",8.34916666666667,9.54016666666667
2024-11-29,"SHE",10.0806666666667,9.16479166666667
2024-11-29,"BEL2",8.47183333333333,11.244125
2024-11-29,"GLKP",5.60629166666667,6.27066666666667
2024-11-29,"LECU",6.13416666666667,14.1775
2024-11-29,"SUN2",10.8815416666667,7.20333333333333
2024-11-29,"TRAN",7.126625,11.9262083333333
2024-11-29,"STOK",8.04241666666667,12.2150833333333
2024-11-29,"BEX",7.95995833333333,18.4553333333333
2024-11-29,"SEND",5.45208333333333,11.0839583333333
2024-11-29,"HUL2",6.486875,9.16091666666667
2024-11-29,"PEMB",5.70270833333333,5.06579166666667
2024-11-29,"WFEN",6.02408333333333,11.073125
2024-11-29,"OSY",5.369625,10.4304583333333
2024-11-29,"ACTH",3.20258333333333,1.95566666666667
2024-11-29,"COPP",8.28529166666667,14.5460416666667
2024-11-30,"EB",7.90779166666667,4.48308333333333
2024-11-30,"IMGM",8.44545833333333,5.50725
2024-11-30,"PRES",5.81270833333333,6.18025
2024-11-30,"BIRR",8.45920833333333,7.75154166666667
2024-11-30,"BLC2",5.71825,7.02054166666667
2024-11-30,"BOTR",8.18995833333333,9.082125
2024-11-30,"GHSR",3.408,5.52391666666667
2024-11-30,"LEAM",7.194375,5.28008333333333
2024-11-30,"NPT3",9.12341666666667,6.36008333333333
2024-11-30,"REA1",8.82075,7.88633333333333
2024-11-30,"SOUT",9.809375,5.348875
2024-11-30,"WREX",4.43591666666667,6.85541666666667
2024-11-30,"LEAR",6.63529166666667,4.83104166666667
2024-11-30,"PLYM",16.791625,11.0249583333333
2024-11-30,"SHDG",7.71429166666667,8.34916666666667
2024-11-30,"SHE",9.87633333333333,10.0806666666667
2024-11-30,"BEL2",7.15904166666667,8.47183333333333
2024-11-30,"GLKP",3.511125,5.60629166666667
2024-11-30,"LECU",7.56483333333333,6.13416666666667
2024-11-30,"SUN2",7.95020833333333,10.8815416666667
2024-11-30,"TRAN",5.25845833333333,7.126625
2024-11-30,"STOK",8.41595833333333,8.04241666666667
2024-11-30,"BEX",11.1162916666667,7.95995833333333
2024-11-30,"SEND",12.3005833333333,5.45208333333333
2024-11-30,"HUL2",10.7617083333333,6.486875
2024-11-30,"PEMB",7.961,5.70270833333333
2024-11-30,"WFEN",10.9219166666667,6.02408333333333
2024-11-30,"OSY",10.6446666666667,5.369625
2024-11-30,"ACTH",1.31095833333333,3.20258333333333
2024-11-30,"COPP",6.41804166666667,8.28529166666667
2024-12-01,"EB",7.67304166666667,7.90779166666667
2024-12-01,"IMGM",6.55470833333333,8.44545833333333
2024-12-01,"PRES",4.07233333333333,5.81270833333333
2024-12-01,"BIRR",4.69445833333333,8.45920833333333
2024-12-01,"BLC2",4.30525,5.71825
2024-12-01,"BOTR",8.68133333333333,8.18995833333333
2024-12-01,"GHSR",4.565625,3.408
2024-12-01,"LEAM",4.31408333333333,7.194375
2024-12-01,"NPT3",5.51895833333333,9.12341666666667
2024-12-01,"REA1",5.55825,8.82075
2024-12-01,"SOUT",6.63520833333333,9.809375
2024-12-01,"WREX",3.81591666666667,4.43591666666667
2024-12-01,"LEAR",4.17645833333333,6.63529166666667
2024-12-01,"PLYM",9.572625,16.791625
2024-12-01,"SHDG",3.95054166666667,7.71429166666667
2024-12-01,"SHE",7.02941666666667,9.87633333333333
2024-12-01,"BEL2",5.12575,7.15904166666667
2024-12-01,"GLKP",4.05658333333333,3.511125
2024-12-01,"LECU",4.46154166666667,7.56483333333333
2024-12-01,"SUN2",4.60591666666667,7.95020833333333
2024-12-01,"TRAN",3.67625,5.25845833333333
2024-12-01,"STOK",3.80808333333333,8.41595833333333
2024-12-01,"BEX",7.69266666666667,11.1162916666667
2024-12-01,"SEND",8.87779166666667,12.3005833333333
2024-12-01,"HUL2",7.821375,10.7617083333333
2024-12-01,"PEMB",3.7195,7.961
2024-12-01,"WFEN",7.86566666666667,10.9219166666667
2024-12-01,"OSY",10.819625,10.6446666666667
2024-12-01,"ACTH",1.359125,1.31095833333333
2024-12-01,"COPP",3.431625,6.41804166666667
2024-12-02,"EB",2.54329166666667,7.67304166666667
2024-12-02,"IMGM",3.62320833333333,6.55470833333333
2024-12-02,"PRES",4.20304166666667,4.07233333333333
2024-12-02,"BIRR",3.74016666666667,4.69445833333333
2024-12-02,"BLC2",4.03791666666667,4.30525
2024-12-02,"BOTR",3.50433333333333,8.68133333333333
2024-12-02,"GHSR",2.96870833333333,4.565625
2024-12-02,"LEAM",2.58058333333333,4.31408333333333
2024-12-02,"NPT3",2.23083333333333,5.51895833333333
2024-12-02,"REA1",2.98345833333333,5.55825
2024-12-02,"SOUT",2.793875,6.63520833333333
2024-12-02,"WREX",2.19429166666667,3.81591666666667
2024-12-02,"LEAR",2.436125,4.17645833333333
2024-12-02,"PLYM",5.8195,9.572625
2024-12-02,"SHDG",3.85908333333333,3.95054166666667
2024-12-02,"SHE",3.17804166666667,7.02941666666667
2024-12-02,"BEL2",4.54991666666667,5.12575
2024-12-02,"GLKP",2.623875,4.05658333333333
2024-12-02,"LECU",3.126,4.46154166666667
2024-12-02,"SUN2",3.81195833333333,4.60591666666667
2024-12-02,"TRAN",3.816875,3.67625
2024-12-02,"STOK",3.40904166666667,3.80808333333333
2024-12-02,"BEX",3.07791666666667,7.69266666666667
2024-12-02,"SEND",2.84308333333333,8.87779166666667
2024-12-02,"HUL2",4.34945833333333,7.821375
2024-12-02,"PEMB",3.6655,3.7195
2024-12-02,"WFEN",2.39775,7.86566666666667
2024-12-02,"OSY",2.74183333333333,10.819625
2024-12-02,"ACTH",1.45254166666667,1.359125
2024-12-02,"COPP",2.56095833333333,3.431625
2024-12-03,"EB",10.7675833333333,2.54329166666667
2024-12-03,"IMGM",6.90458333333333,3.62320833333333
2024-12-03,"PRES",6.40041666666667,4.20304166666667
2024-12-03,"BIRR",14.3180416666667,3.74016666666667
2024-12-03,"BLC2",5.97,4.03791666666667
2024-12-03,"BOTR",9.9755,3.50433333333333
2024-12-03,"GHSR",3.74404166666667,2.96870833333333
2024-12-03,"LEAM",9.31016666666667,2.58058333333333
2024-12-03,"NPT3",8.1545,2.23083333333333
2024-12-03,"REA1",7.39291666666667,2.98345833333333
2024-12-03,"SOUT",8.60070833333333,2.793875
2024-12-03,"WREX",5.962,2.19429166666667
2024-12-03,"LEAR",9.495875,2.436125
2024-12-03,"PLYM",11.97825,5.8195
2024-12-03,"SHDG",8.06695833333333,3.85908333333333
2024-12-03,"SHE",9.04975,3.17804166666667
2024-12-03,"BEL2",11.06825,4.54991666666667
2024-12-03,"GLKP",3.37566666666667,2.623875
2024-12-03,"LECU",9.08020833333333,3.126
2024-12-03,"SUN2",6.75229166666667,3.81195833333333
2024-12-03,"TRAN",7.425375,3.816875
2024-12-03,"STOK",11.1528333333333,3.40904166666667
2024-12-03,"BEX",10.7469583333333,3.07791666666667
2024-12-03,"SEND",8.70970833333333,2.84308333333333
2024-12-03,"HUL2",7.75941666666667,4.34945833333333
2024-12-03,"PEMB",3.148625,3.6655
2024-12-03,"WFEN",6.41316666666667,2.39775
2024-12-03,"OSY",7.034125,2.74183333333333
2024-12-03,"ACTH",2.32316666666667,1.45254166666667
2024-12-03,"COPP",9.66795833333333,2.56095833333333
2024-12-04,"EB",7.09808333333333,10.7675833333333
2024-12-04,"IMGM",11.6440416666667,6.90458333333333
2024-12-04,"PRES",6.958625,6.40041666666667
2024-12-04,"BIRR",9.89491666666667,14.3180416666667
2024-12-04,"BLC2",7.40770833333333,5.97
2024-12-04,"BOTR",9.813375,9.9755
2024-12-04,"GHSR",4.34458333333333,3.74404166666667
2024-12-04,"LEAM",8.37658333333333,9.31016666666667
2024-12-04,"NPT3",8.84925,8.1545
2024-12-04,"REA1",8.01508333333333,7.39291666666667
2024-12-04,"SOUT",10.6781666666667,8.60070833333333
2024-12-04,"WREX",5.24870833333333,5.962
2024-12-04,"LEAR",7.92858333333333,9.495875
2024-12-04,"PLYM",6.08891666666667,11.97825
2024-12-04,"SHDG",8.71170833333333,8.06695833333333
2024-12-04,"SHE",9.56670833333333,9.04975
2024-12-04,"BEL2",5.98270833333333,11.06825
2024-12-04,"GLKP",4.40154166666667,3.37566666666667
2024-12-04,"LECU",9.421375,9.08020833333333
2024-12-04,"SUN2",8.18495833333333,6.75229166666667
2024-12-04,"TRAN",5.21325,7.425375
2024-12-04,"STOK",8.84345833333333,11.1528333333333
2024-12-04,"BEX",9.44975,10.7469583333333
2024-12-04,"SEND",8.83070833333333,8.70970833333333
2024-12-04,"HUL2",13.28225,7.75941666666667
2024-12-04,"PEMB",2.239625,3.148625
2024-12-04,"WFEN",9.52445833333333,6.41316666666667
2024-12-04,"OSY",7.99641666666667,7.034125
2024-12-04,"ACTH",2.54320833333333,2.32316666666667
2024-12-04,"COPP",5.46683333333333,9.66795833333333
2024-12-05,"EB",3.66945833333333,7.09808333333333
2024-12-05,"IMGM",2.96983333333333,11.6440416666667
2024-12-05,"PRES",5.49529166666667,6.958625
2024-12-05,"BIRR",2.42441666666667,9.89491666666667
2024-12-05,"BLC2",6.615625,7.40770833333333
2024-12-05,"BOTR",2.00575,9.813375
2024-12-05,"GHSR",5.79025,4.34458333333333
2024-12-05,"LEAM",1.58716666666667,8.37658333333333
2024-12-05,"NPT3",2.84191666666667,8.84925
2024-12-05,"REA1",1.91816666666667,8.01508333333333
2024-12-05,"SOUT",3.660625,10.6781666666667
2024-12-05,"WREX",2.789875,5.24870833333333
2024-12-05,"LEAR",1.45245833333333,7.92858333333333
2024-12-05,"PLYM",7.294625,6.08891666666667
2024-12-05,"SHDG",2.72595833333333,8.71170833333333
2024-12-05,"SHE",3.56233333333333,9.56670833333333
2024-12-05,"BEL2",7.1335,5.98270833333333
2024-12-05,"GLKP",5.49529166666667,4.40154166666667
2024-12-05,"LECU",1.93504166666667,9.421375
2024-12-05,"SUN2",4.38779166666667,8.18495833333333
2024-12-05,"TRAN",4.69045833333333,5.21325
2024-12-05,"STOK",2.95991666666667,8.84345833333333
2024-12-05,"BEX",2.12654166666667,9.44975
2024-12-05,"SEND",2.51866666666667,8.83070833333333
2024-12-05,"HUL2",4.16083333333333,13.28225
2024-12-05,"PEMB",4.16779166666667,2.239625
2024-12-05,"WFEN",1.597875,9.52445833333333
2024-12-05,"OSY",3.731375,7.99641666666667
2024-12-05,"ACTH",2.961875,2.54320833333333
2024-12-05,"COPP",2.71229166666667,5.46683333333333
2024-12-06,"EB",4.84766666666667,3.66945833333333
2024-12-06,"IMGM",5.74583333333333,2.96983333333333
2024-12-06,"PRES",6.878,5.49529166666667
2024-12-06,"BIRR",7.35254166666667,2.42441666666667
2024-12-06,"BLC2",7.16595833333333,6.615625
2024-12-06,"BOTR",6.71491666666667,2.00575
2024-12-06,"GHSR",4.39179166666667,5.79025
2024-12-06,"LEAM",6.02983333333333,1.58716666666667
2024-12-06,"NPT3",6.73154166666667,2.84191666666667
2024-12-06,"REA1",5.31829166666667,1.91816666666667
2024-12-06,"SOUT",6.457375,3.660625
2024-12-06,"WREX",6.274625,2.789875
2024-12-06,"LEAR",5.51395833333333,1.45245833333333
2024-12-06,"PLYM",9.36620833333333,7.294625
2024-12-06,"SHDG",6.75416666666667,2.72595833333333
2024-12-06,"SHE",6.305125,3.56233333333333
2024-12-06,"BEL2",6.19695833333333,7.1335
2024-12-06,"GLKP",4.15391666666667,5.49529166666667
2024-12-06,"LECU",7.02054166666667,1.93504166666667
2024-12-06,"SUN2",5.80891666666667,4.38779166666667
2024-12-06,"TRAN",8.13083333333333,4.69045833333333
2024-12-06,"STOK",7.45583333333333,2.95991666666667
2024-12-06,"BEX",6.03,2.12654166666667
2024-12-06,"SEND",6.125125,2.51866666666667
2024-12-06,"HUL2",6.797375,4.16083333333333
2024-12-06,"PEMB",6.35904166666667,4.16779166666667
2024-12-06,"WFEN",6.32866666666667,1.597875
2024-12-06,"OSY",6.20879166666667,3.731375
2024-12-06,"ACTH",3.189875,2.961875
2024-12-06,"COPP",6.68733333333333,2.71229166666667
2024-12-07,"EB",3.94558333333333,4.84766666666667
2024-12-07,"IMGM",2.70833333333333,5.74583333333333
2024-12-07,"PRES",1.90166666666667,6.878
2024-12-07,"BIRR",2.43316666666667,7.35254166666667
2024-12-07,"BLC2",4.311125,7.16595833333333
2024-12-07,"BOTR",1.56054166666667,6.71491666666667
2024-12-07,"GHSR",0.951333333333333,4.39179166666667
2024-12-07,"LEAM",2.749625,6.02983333333333
2024-12-07,"NPT3",3.671375,6.73154166666667
2024-12-07,"REA1",2.332,5.31829166666667
2024-12-07,"SOUT",3.905375,6.457375
2024-12-07,"WREX",4.43004166666667,6.274625
2024-12-07,"LEAR",2.17675,5.51395833333333
2024-12-07,"PLYM",11.2126666666667,9.36620833333333
2024-12-07,"SHDG",1.30404166666667,6.75416666666667
2024-12-07,"SHE",1.2235,6.305125
2024-12-07,"BEL2",5.62004166666667,6.19695833333333
2024-12-07,"GLKP",0.638708333333333,4.15391666666667
2024-12-07,"LECU",1.71191666666667,7.02054166666667
2024-12-07,"SUN2",3.753,5.80891666666667
2024-12-07,"TRAN",6.97129166666667,8.13083333333333
2024-12-07,"STOK",2.84395833333333,7.45583333333333
2024-12-07,"BEX",2.04004166666667,6.03
2024-12-07,"SEND",2.039125,6.125125
2024-12-07,"HUL2",3.01204166666667,6.797375
2024-12-07,"PEMB",7.50960869565217,6.35904166666667
2024-12-07,"WFEN",1.35908333333333,6.32866666666667
2024-12-07,"OSY",2.59925,6.20879166666667
2024-12-07,"ACTH",0.452958333333333,3.189875
2024-12-07,"COPP",3.00520833333333,6.68733333333333
2024-12-08,"EB",1.52020833333333,3.94558333333333
2024-12-08,"IMGM",6.934875,2.70833333333333
2024-12-08,"PRES",2.46366666666667,1.90166666666667
2024-12-08,"BIRR",2.38795833333333,2.43316666666667
2024-12-08,"BLC2",2.25625,4.311125
2024-12-08,"BOTR",2.550125,1.56054166666667
2024-12-08,"GHSR",1.3975,0.951333333333333
2024-12-08,"LEAM",2.51479166666667,2.749625
2024-12-08,"NPT3",2.200375,3.671375
2024-12-08,"REA1",2.08916666666667,2.332
2024-12-08,"SOUT",1.71783333333333,3.905375
2024-12-08,"WREX",3.74120833333333,4.43004166666667
2024-12-08,"LEAR",2.20804166666667,2.17675
2024-12-08,"PLYM",5.14358333333333,11.2126666666667
2024-12-08,"SHDG",3.694,1.30404166666667
2024-12-08,"SHE",3.79725,1.2235
2024-12-08,"BEL2",3.804125,5.62004166666667
2024-12-08,"GLKP",1.09075,0.638708333333333
2024-12-08,"LECU",3.04245833333333,1.71191666666667
2024-12-08,"SUN2",9.4635,3.753
2024-12-08,"TRAN",3.83258333333333,6.97129166666667
2024-12-08,"STOK",2.60708333333333,2.84395833333333
2024-12-08,"BEX",3.06604166666667,2.04004166666667
2024-12-08,"SEND",3.508375,2.039125
2024-12-08,"HUL2",5.61725,3.01204166666667
2024-12-08,"PEMB",4.624625,7.50960869565217
2024-12-08,"WFEN",4.59420833333333,1.35908333333333
2024-12-08,"OSY",3.42275,2.59925
2024-12-08,"ACTH",1.46233333333333,0.452958333333333
2024-12-08,"COPP",2.60720833333333,3.00520833333333
2024-12-09,"EB",3.7805,1.52020833333333
2024-12-09,"IMGM",5.947375,6.934875
2024-12-09,"PRES",3.79620833333333,2.46366666666667
2024-12-09,"BIRR",5.59658333333333,2.38795833333333
2024-12-09,"BLC2",3.01895833333333,2.25625
2024-12-09,"BOTR",5.10520833333333,2.550125
2024-12-09,"GHSR",4.01241666666667,1.3975
2024-12-09,"LEAM",4.94595833333333,2.51479166666667
2024-12-09,"NPT3",3.93870833333333,2.200375
2024-12-09,"REA1",4.20495833333333,2.08916666666667
2024-12-09,"SOUT",3.72533333333333,1.71783333333333
2024-12-09,"WREX",4.81520833333333,3.74120833333333
2024-12-09,"LEAR",4.51354166666667,2.20804166666667
2024-12-09,"PLYM",3.70779166666667,5.14358333333333
2024-12-09,"SHDG",5.52191666666667,3.694
2024-12-09,"SHE",4.663875,3.79725
2024-12-09,"BEL2",5.623125,3.804125
2024-12-09,"GLKP",3.918125,1.09075
2024-12-09,"LECU",5.11104166666667,3.04245833333333
2024-12-09,"SUN2",5.832375,9.4635
2024-12-09,"TRAN",4.44191666666667,3.83258333333333
2024-12-09,"STOK",4.19425,2.60708333333333
2024-12-09,"BEX",5.550375,3.06604166666667
2024-12-09,"SEND",5.28108333333333,3.508375
2024-12-09,"HUL2",7.09220833333333,5.61725
2024-12-09,"PEMB",2.667125,4.624625
2024-12-09,"WFEN",5.09441666666667,4.59420833333333
2024-12-09,"OSY",5.24770833333333,3.42275
2024-12-09,"ACTH",3.63804166666667,1.46233333333333
2024-12-09,"COPP",4.173625,2.60720833333333
2024-12-10,"EB",3.87866666666667,3.7805
2024-12-10,"IMGM",4.50570833333333,5.947375
2024-12-10,"PRES",3.93766666666667,3.79620833333333
2024-12-10,"BIRR",5.54833333333333,5.59658333333333
2024-12-10,"BLC2",4.02420833333333,3.01895833333333
2024-12-10,"BOTR",4.68754166666667,5.10520833333333
2024-12-10,"GHSR",12.0469583333333,4.01241666666667
2024-12-10,"LEAM",4.56475,4.94595833333333
2024-12-10,"NPT3",4.20304166666667,3.93870833333333
2024-12-10,"REA1",3.55929166666667,4.20495833333333
2024-12-10,"SOUT",3.51029166666667,3.72533333333333
2024-12-10,"WREX",5.33616666666667,4.81520833333333
2024-12-10,"LEAR",4.13520833333333,4.51354166666667
2024-12-10,"PLYM",4.436875,3.70779166666667
2024-12-10,"SHDG",7.43320833333333,5.52191666666667
2024-12-10,"SHE",5.16020833333333,4.663875
2024-12-10,"BEL2",7.99441666666667,5.623125
2024-12-10,"GLKP",13.110375,3.918125
2024-12-10,"LECU",4.677625,5.11104166666667
2024-12-10,"SUN2",3.78058333333333,5.832375
2024-12-10,"TRAN",4.595125,4.44191666666667
2024-12-10,"STOK",4.60295833333333,4.19425
2024-12-10,"BEX",4.01345833333333,5.550375
2024-12-10,"SEND",4.36029166666667,5.28108333333333
2024-12-10,"HUL2",6.01520833333333,7.09220833333333
2024-12-10,"PEMB",3.42970833333333,2.667125
2024-12-10,"WFEN",4.27275,5.09441666666667
2024-12-10,"OSY",3.87579166666667,5.24770833333333
2024-12-10,"ACTH",4.87720833333333,3.63804166666667
2024-12-10,"COPP",4.75933333333333,4.173625
2024-12-11,"EB",9.84466666666667,3.87866666666667
2024-12-11,"IMGM",4.40641666666667,4.50570833333333
2024-12-11,"PRES",5.97095833333333,3.93766666666667
2024-12-11,"BIRR",5.05120833333333,5.54833333333333
2024-12-11,"BLC2",6.78754166666667,4.02420833333333
2024-12-11,"BOTR",5.06883333333333,4.68754166666667
2024-12-11,"GHSR",10.01675,12.0469583333333
2024-12-11,"LEAM",3.921,4.56475
2024-12-11,"NPT3",5.39408695652174,4.20304166666667
2024-12-11,"REA1",4.45266666666667,3.55929166666667
2024-12-11,"SOUT",5.01483333333333,3.51029166666667
2024-12-11,"WREX",9.71108333333333,5.33616666666667
2024-12-11,"LEAR",3.755,4.13520833333333
2024-12-11,"PLYM",6.77779166666667,4.436875
2024-12-11,"SHDG",6.40720833333333,7.43320833333333
2024-12-11,"SHE",6.1695,5.16020833333333
2024-12-11,"BEL2",8.20466666666667,7.99441666666667
2024-12-11,"GLKP",10.07975,13.110375
2024-12-11,"LECU",3.98775,4.677625
2024-12-11,"SUN2",6.89866666666667,3.78058333333333
2024-12-11,"TRAN",6.93204166666667,4.595125
2024-12-11,"STOK",7.46666666666667,4.60295833333333
2024-12-11,"BEX",4.84670833333333,4.01345833333333
2024-12-11,"SEND",4.75920833333333,4.36029166666667
2024-12-11,"HUL2",5.82941666666667,6.01520833333333
2024-12-11,"PEMB",6.20183333333333,3.42970833333333
2024-12-11,"WFEN",4.08408333333333,4.27275
2024-12-11,"OSY",3.77458333333333,3.87579166666667
2024-12-11,"ACTH",3.013,4.87720833333333
2024-12-11,"COPP",15.81375,4.75933333333333
2024-12-12,"EB",14.631625,9.84466666666667
2024-12-12,"IMGM",2.31129166666667,4.40641666666667
2024-12-12,"PRES",8.59079166666667,5.97095833333333
2024-12-12,"BIRR",7.562,5.05120833333333
2024-12-12,"BLC2",9.83295833333333,6.78754166666667
2024-12-12,"BOTR",7.02933333333333,5.06883333333333
2024-12-12,"GHSR",11.373,10.01675
2024-12-12,"LEAM",5.913875,3.921
2024-12-12,"NPT3",6.06329166666667,5.39408695652174
2024-12-12,"REA1",5.42545833333333,4.45266666666667
2024-12-12,"SOUT",6.170375,5.01483333333333
2024-12-12,"WREX",14.0989583333333,9.71108333333333
2024-12-12,"LEAR",5.39891666666667,3.755
2024-12-12,"PLYM",12.286875,6.77779166666667
2024-12-12,"SHDG",10.2849583333333,6.40720833333333
2024-12-12,"SHE",9.67570833333333,6.1695
2024-12-12,"BEL2",17.8666666666667,8.20466666666667
2024-12-12,"GLKP",12.2887916666667,10.07975
2024-12-12,"LECU",5.21529166666667,3.98775
2024-12-12,"SUN2",12.4853333333333,6.89866666666667
2024-12-12,"TRAN",16.4534166666667,6.93204166666667
2024-12-12,"STOK",8.02683333333333,7.46666666666667
2024-12-12,"BEX",7.637625,4.84670833333333
2024-12-12,"SEND",7.82825,4.75920833333333
2024-12-12,"HUL2",3.98091666666667,5.82941666666667
2024-12-12,"PEMB",7.63366666666667,6.20183333333333
2024-12-12,"WFEN",4.41633333333333,4.08408333333333
2024-12-12,"OSY",3.59179166666667,3.77458333333333
2024-12-12,"ACTH",5.93945833333333,3.013
2024-12-12,"COPP",11.0357916666667,15.81375
2024-12-13,"EB",20.7390416666667,14.631625
2024-12-13,"IMGM",7.12954166666667,2.31129166666667
2024-12-13,"PRES",7.22879166666667,8.59079166666667
2024-12-13,"BIRR",9.04679166666667,7.562
2024-12-13,"BLC2",7.1945,9.83295833333333
2024-12-13,"BOTR",10.8825,7.02933333333333
2024-12-13,"GHSR",9.891875,11.373
2024-12-13,"LEAM",8.63508333333333,5.913875
2024-12-13,"NPT3",7.46758333333333,6.06329166666667
2024-12-13,"REA1",12.9325,5.42545833333333
2024-12-13,"SOUT",12.562,6.170375
2024-12-13,"WREX",10.6771666666667,14.0989583333333
2024-12-13,"LEAR",8.804125,5.39891666666667
2024-12-13,"PLYM",10.6780833333333,12.286875
2024-12-13,"SHDG",8.68120833333333,10.2849583333333
2024-12-13,"SHE",9.95875,9.67570833333333
2024-12-13,"BEL2",17.2564166666667,17.8666666666667
2024-12-13,"GLKP",8.67333333333333,12.2887916666667
2024-12-13,"LECU",6.82979166666667,5.21529166666667
2024-12-13,"SUN2",6.28545833333333,12.4853333333333
2024-12-13,"TRAN",12.3182916666667,16.4534166666667
2024-12-13,"STOK",9.83304166666667,8.02683333333333
2024-12-13,"BEX",24.31225,7.637625
2024-12-13,"SEND",26.7572083333333,7.82825
2024-12-13,"HUL2",9.52929166666667,3.98091666666667
2024-12-13,"PEMB",4.833,7.63366666666667
2024-12-13,"WFEN",10.742,4.41633333333333
2024-12-13,"OSY",19.93225,3.59179166666667
2024-12-13,"ACTH",2.91270833333333,5.93945833333333
2024-12-13,"COPP",8.275375,11.0357916666667
2024-12-14,"EB",5.95716666666667,20.7390416666667
2024-12-14,"IMGM",5.98179166666667,7.12954166666667
2024-12-14,"PRES",4.21979166666667,7.22879166666667
2024-12-14,"BIRR",5.31545833333333,9.04679166666667
2024-12-14,"BLC2",4.35233333333333,7.1945
2024-12-14,"BOTR",5.53470833333333,10.8825
2024-12-14,"GHSR",3.59683333333333,9.891875
2024-12-14,"LEAM",6.08691666666667,8.63508333333333
2024-12-14,"NPT3",3.873875,7.46758333333333
2024-12-14,"REA1",7.32508333333333,12.9325
2024-12-14,"SOUT",6.139,12.562
2024-12-14,"WREX",2.61595833333333,10.6771666666667
2024-12-14,"LEAR",5.622125,8.804125
2024-12-14,"PLYM",6.688375,10.6780833333333
2024-12-14,"SHDG",3.700875,8.68120833333333
2024-12-14,"SHE",3.47983333333333,9.95875
2024-12-14,"BEL2",6.49275,17.2564166666667
2024-12-14,"GLKP",2.809625,8.67333333333333
2024-12-14,"LECU",7.39395833333333,6.82979166666667
2024-12-14,"SUN2",2.70345833333333,6.28545833333333
2024-12-14,"TRAN",3.52883333333333,12.3182916666667
2024-12-14,"STOK",4.796625,9.83304166666667
2024-12-14,"BEX",10.4129166666667,24.31225
2024-12-14,"SEND",10.3715416666667,26.7572083333333
2024-12-14,"HUL2",6.57633333333333,9.52929166666667
2024-12-14,"PEMB",2.99433333333333,4.833
2024-12-14,"WFEN",7.6455,10.742
2024-12-14,"OSY",9.778125,19.93225
2024-12-14,"ACTH",1.39745833333333,2.91270833333333
2024-12-14,"COPP",4.5225,8.275375
2024-12-15,"EB",3.20179166666667,5.95716666666667
2024-12-15,"IMGM",2.40470833333333,5.98179166666667
2024-12-15,"PRES",5.107125,4.21979166666667
2024-12-15,"BIRR",1.33654166666667,5.31545833333333
2024-12-15,"BLC2",6.52525,4.35233333333333
2024-12-15,"BOTR",1.337375,5.53470833333333
2024-12-15,"GHSR",1.82975,3.59683333333333
2024-12-15,"LEAM",1.696125,6.08691666666667
2024-12-15,"NPT3",1.97904166666667,3.873875
2024-12-15,"REA1",1.91333333333333,7.32508333333333
2024-12-15,"SOUT",2.24554166666667,6.139
2024-12-15,"WREX",1.088,2.61595833333333
2024-12-15,"LEAR",1.70308333333333,5.622125
2024-12-15,"PLYM",2.95891666666667,6.688375
2024-12-15,"SHDG",2.30645833333333,3.700875
2024-12-15,"SHE",1.536875,3.47983333333333
2024-12-15,"BEL2",2.083375,6.49275
2024-12-15,"GLKP",1.47991666666667,2.809625
2024-12-15,"LECU",1.56845833333333,7.39395833333333
2024-12-15,"SUN2",0.7145,2.70345833333333
2024-12-15,"TRAN",2.93525,3.52883333333333
2024-12-15,"STOK",1.74333333333333,4.796625
2024-12-15,"BEX",2.60629166666667,10.4129166666667
2024-12-15,"SEND",2.985375,10.3715416666667
2024-12-15,"HUL2",2.153125,6.57633333333333
2024-12-15,"PEMB",2.869625,2.99433333333333
2024-12-15,"WFEN",1.69129166666667,7.6455
2024-12-15,"OSY",3.680375,9.778125
2024-12-15,"ACTH",0.536541666666667,1.39745833333333
2024-12-15,"COPP",2.343625,4.5225
2024-12-16,"EB",1.86320833333333,3.20179166666667
2024-12-16,"IMGM",2.46658333333333,2.40470833333333
2024-12-16,"PRES",5.92079166666667,5.107125
2024-12-16,"BIRR",3.47095833333333,1.33654166666667
2024-12-16,"BLC2",7.46958333333333,6.52525
2024-12-16,"BOTR",2.99225,1.337375
2024-12-16,"GHSR",4.38091666666667,1.82975
2024-12-16,"LEAM",2.54820833333333,1.696125
2024-12-16,"NPT3",3.48470833333333,1.97904166666667
2024-12-16,"REA1",2.11083333333333,1.91333333333333
2024-12-16,"SOUT",3.27841666666667,2.24554166666667
2024-12-16,"WREX",2.78295833333333,1.088
2024-12-16,"LEAR",2.27791666666667,1.70308333333333
2024-12-16,"PLYM",3.54466666666667,2.95891666666667
2024-12-16,"SHDG",2.773125,2.30645833333333
2024-12-16,"SHE",3.39029166666667,1.536875
2024-12-16,"BEL2",5.737125,2.083375
2024-12-16,"GLKP",4.16275,1.47991666666667
2024-12-16,"LECU",2.55708333333333,1.56845833333333
2024-12-16,"SUN2",2.123625,0.7145
2024-12-16,"TRAN",2.71529166666667,2.93525
2024-12-16,"STOK",2.82816666666667,1.74333333333333
2024-12-16,"BEX",2.165875,2.60629166666667
2024-12-16,"SEND",1.9635,2.985375
2024-12-16,"HUL2",3.35491666666667,2.153125
2024-12-16,"PEMB",3.78929166666667,2.869625
2024-12-16,"WFEN",1.74233333333333,1.69129166666667
2024-12-16,"OSY",2.43225,3.680375
2024-12-16,"ACTH",2.14133333333333,0.536541666666667
2024-12-16,"COPP",3.15733333333333,2.343625
2024-12-17,"EB",3.75020833333333,1.86320833333333
2024-12-17,"IMGM",4.905625,2.46658333333333
2024-12-17,"PRES",4.61966666666667,5.92079166666667
2024-12-17,"BIRR",6.38466666666667,3.47095833333333
2024-12-17,"BLC2",4.74354166666667,7.46958333333333
2024-12-17,"BOTR",5.584625,2.99225
2024-12-17,"GHSR",3.757875,4.38091666666667
2024-12-17,"LEAM",4.87029166666667,2.54820833333333
2024-12-17,"NPT3",7.43425,3.48470833333333
2024-12-17,"REA1",5.07966666666667,2.11083333333333
2024-12-17,"SOUT",5.28491666666667,3.27841666666667
2024-12-17,"WREX",4.039875,2.78295833333333
2024-12-17,"LEAR",4.43291666666667,2.27791666666667
2024-12-17,"PLYM",9.34941666666667,3.54466666666667
2024-12-17,"SHDG",5.891375,2.773125
2024-12-17,"SHE",7.01341666666667,3.39029166666667
2024-12-17,"BEL2",6.4535,5.737125
2024-12-17,"GLKP",3.603625,4.16275
2024-12-17,"LECU",5.59354166666667,2.55708333333333
2024-12-17,"SUN2",6.55270833333333,2.123625
2024-12-17,"TRAN",3.93379166666667,2.71529166666667
2024-12-17,"STOK",5.74683333333333,2.82816666666667
2024-12-17,"BEX",5.44420833333333,2.165875
2024-12-17,"SEND",5.2015,1.9635
2024-12-17,"HUL2",6.29233333333333,3.35491666666667
2024-12-17,"PEMB",4.67083333333333,3.78929166666667
2024-12-17,"WFEN",5.623,1.74233333333333
2024-12-17,"OSY",5.0265,2.43225
2024-12-17,"ACTH",2.18858333333333,2.14133333333333
2024-12-17,"COPP",4.97645833333333,3.15733333333333
2024-12-18,"EB",6.77091666666667,3.75020833333333
2024-12-18,"IMGM",2.83904166666667,4.905625
2024-12-18,"PRES",4.56766666666667,4.61966666666667
2024-12-18,"BIRR",3.39733333333333,6.38466666666667
2024-12-18,"BLC2",5.65154166666667,4.74354166666667
2024-12-18,"BOTR",3.05041666666667,5.584625
2024-12-18,"GHSR",3.090625,3.757875
2024-12-18,"LEAM",3.27833333333333,4.87029166666667
2024-12-18,"NPT3",6.11045833333333,7.43425
2024-12-18,"REA1",4.24620833333333,5.07966666666667
2024-12-18,"SOUT",7.34966666666667,5.28491666666667
2024-12-18,"WREX",2.35258333333333,4.039875
2024-12-18,"LEAR",2.91558333333333,4.43291666666667
2024-12-18,"PLYM",13.6055416666667,9.34941666666667
2024-12-18,"SHDG",2.84495833333333,5.891375
2024-12-18,"SHE",3.22429166666667,7.01341666666667
2024-12-18,"BEL2",3.789375,6.4535
2024-12-18,"GLKP",2.55025,3.603625
2024-12-18,"LECU",2.90295833333333,5.59354166666667
2024-12-18,"SUN2",2.16779166666667,6.55270833333333
2024-12-18,"TRAN",3.52983333333333,3.93379166666667
2024-12-18,"STOK",2.728875,5.74683333333333
2024-12-18,"BEX",4.76033333333333,5.44420833333333
2024-12-18,"SEND",4.93904166666667,5.2015
2024-12-18,"HUL2",3.91895833333333,6.29233333333333
2024-12-18,"PEMB",6.49670833333333,4.67083333333333
2024-12-18,"WFEN",3.79720833333333,5.623
2024-12-18,"OSY",5.75383333333333,5.0265
2024-12-18,"ACTH",1.32570833333333,2.18858333333333
2024-12-18,"COPP",2.39783333333333,4.97645833333333
2024-12-19,"EB",2.75554166666667,6.77091666666667
2024-12-19,"IMGM",2.03220833333333,2.83904166666667
2024-12-19,"PRES",3.79620833333333,4.56766666666667
2024-12-19,"BIRR",3.62620833333333,3.39733333333333
2024-12-19,"BLC2",4.06841666666667,5.65154166666667
2024-12-19,"BOTR",3.33629166666667,3.05041666666667
2024-12-19,"GHSR",3.73920833333333,3.090625
2024-12-19,"LEAM",3.109375,3.27833333333333
2024-12-19,"NPT3",3.06308333333333,6.11045833333333
2024-12-19,"REA1",2.78004166666667,4.24620833333333
2024-12-19,"SOUT",2.88033333333333,7.34966666666667
2024-12-19,"WREX",3.59079166666667,2.35258333333333
2024-12-19,"LEAR",2.58158333333333,2.91558333333333
2024-12-19,"PLYM",6.51141666666667,13.6055416666667
2024-12-19,"SHDG",2.62670833333333,2.84495833333333
2024-12-19,"SHE",2.555,3.22429166666667
2024-12-19,"BEL2",5.34404166666667,3.789375
2024-12-19,"GLKP",2.92045833333333,2.55025
2024-12-19,"LECU",3.43854166666667,2.90295833333333
2024-12-19,"SUN2",2.81641666666667,2.16779166666667
2024-12-19,"TRAN",4.919375,3.52983333333333
2024-12-19,"STOK",4.78679166666667,2.728875
2024-12-19,"BEX",3.231125,4.76033333333333
2024-12-19,"SEND",3.01883333333333,4.93904166666667
2024-12-19,"HUL2",2.67195833333333,3.91895833333333
2024-12-19,"PEMB",4.77879166666667,6.49670833333333
2024-12-19,"WFEN",2.52170833333333,3.79720833333333
2024-12-19,"OSY",2.48429166666667,5.75383333333333
2024-12-19,"ACTH",1.53883333333333,1.32570833333333
2024-12-19,"COPP",3.6655,2.39783333333333
2024-12-20,"EB",3.74625,2.75554166666667
2024-12-20,"IMGM",4.780875,2.03220833333333
2024-12-20,"PRES",5.088375,3.79620833333333
2024-12-20,"BIRR",5.75966666666667,3.62620833333333
2024-12-20,"BLC2",6.70891666666667,4.06841666666667
2024-12-20,"BOTR",4.39866666666667,3.33629166666667
2024-12-20,"GHSR",5.15429166666667,3.73920833333333
2024-12-20,"LEAM",4.78770833333333,3.109375
2024-12-20,"NPT3",5.751875,3.06308333333333
2024-12-20,"REA1",4.02920833333333,2.78004166666667
2024-12-20,"SOUT",4.71804166666667,2.88033333333333
2024-12-20,"WREX",3.54958333333333,3.59079166666667
2024-12-20,"LEAR",4.28366666666667,2.58158333333333
2024-12-20,"PLYM",8.62820833333333,6.51141666666667
2024-12-20,"SHDG",4.51858333333333,2.62670833333333
2024-12-20,"SHE",5.23383333333333,2.555
2024-12-20,"BEL2",6.50454166666667,5.34404166666667
2024-12-20,"GLKP",4.37104166666667,2.92045833333333
2024-12-20,"LECU",4.19125,3.43854166666667
2024-12-20,"SUN2",3.26945833333333,2.81641666666667
2024-12-20,"TRAN",6.08391666666667,4.919375
2024-12-20,"STOK",4.663875,4.78679166666667
2024-12-20,"BEX",4.768125,3.231125
2024-12-20,"SEND",4.41625,3.01883333333333
2024-12-20,"HUL2",5.53654166666667,2.67195833333333
2024-12-20,"PEMB",5.07770833333333,4.77879166666667
2024-12-20,"WFEN",4.30141666666667,2.52170833333333
2024-12-20,"OSY",4.14708333333333,2.48429166666667
2024-12-20,"ACTH",2.35741666666667,1.53883333333333
2024-12-20,"COPP",3.976125,3.6655
2024-12-21,"EB",6.814125,3.74625
2024-12-21,"IMGM",4.97558333333333,4.780875
2024-12-21,"PRES",7.286875,5.088375
2024-12-21,"BIRR",4.88016666666667,5.75966666666667
2024-12-21,"BLC2",9.98333333333333,6.70891666666667
2024-12-21,"BOTR",5.04520833333333,4.39866666666667
2024-12-21,"GHSR",7.052,5.15429166666667
2024-12-21,"LEAM",5.53066666666667,4.78770833333333
2024-12-21,"NPT3",7.31733333333333,5.751875
2024-12-21,"REA1",6.07995833333333,4.02920833333333
2024-12-21,"SOUT",6.64908333333333,4.71804166666667
2024-12-21,"WREX",4.682625,3.54958333333333
2024-12-21,"LEAR",5.08270833333333,4.28366666666667
2024-12-21,"PLYM",9.59020833333333,8.62820833333333
2024-12-21,"SHDG",5.38216666666667,4.51858333333333
2024-12-21,"SHE",5.32616666666667,5.23383333333333
2024-12-21,"BEL2",6.6795,6.50454166666667
2024-12-21,"GLKP",6.29708333333333,4.37104166666667
2024-12-21,"LECU",4.85754166666667,4.19125
2024-12-21,"SUN2",4.920375,3.26945833333333
2024-12-21,"TRAN",7.13054166666667,6.08391666666667
2024-12-21,"STOK",5.250625,4.663875
2024-12-21,"BEX",6.25391666666667,4.768125
2024-12-21,"SEND",6.37979166666667,4.41625
2024-12-21,"HUL2",5.9955,5.53654166666667
2024-12-21,"PEMB",8.60666666666667,5.07770833333333
2024-12-21,"WFEN",4.594125,4.30141666666667
2024-12-21,"OSY",6.18116666666667,4.14708333333333
2024-12-21,"ACTH",3.77845833333333,2.35741666666667
2024-12-21,"COPP",5.15533333333333,3.976125
2024-12-22,"EB",4.54604166666667,6.814125
2024-12-22,"IMGM",4.54208333333333,4.97558333333333
2024-12-22,"PRES",8.356,7.286875
2024-12-22,"BIRR",6.95070833333333,4.88016666666667
2024-12-22,"BLC2",9.78195833333333,9.98333333333333
2024-12-22,"BOTR",7.21104166666667,5.04520833333333
2024-12-22,"GHSR",7.56783333333333,7.052
2024-12-22,"LEAM",6.66079166666667,5.53066666666667
2024-12-22,"NPT3",6.364,7.31733333333333
2024-12-22,"REA1",5.47370833333333,6.07995833333333
2024-12-22,"SOUT",5.66725,6.64908333333333
2024-12-22,"WREX",7.202375,4.682625
2024-12-22,"LEAR",6.12425,5.08270833333333
2024-12-22,"PLYM",8.39033333333333,9.59020833333333
2024-12-22,"SHDG",6.99770833333333,5.38216666666667
2024-12-22,"SHE",6.51933333333333,5.32616666666667
2024-12-22,"BEL2",7.50195833333333,6.6795
2024-12-22,"GLKP",6.94183333333333,6.29708333333333
2024-12-22,"LECU",6.41608333333333,4.85754166666667
2024-12-22,"SUN2",4.64029166666667,4.920375
2024-12-22,"TRAN",10.61425,7.13054166666667
2024-12-22,"STOK",8.45416666666667,5.250625
2024-12-22,"BEX",6.08091666666667,6.25391666666667
2024-12-22,"SEND",6.073125,6.37979166666667
2024-12-22,"HUL2",5.39604166666667,5.9955
2024-12-22,"PEMB",6.83375,8.60666666666667
2024-12-22,"WFEN",5.49041666666667,4.594125
2024-12-22,"OSY",5.407875,6.18116666666667
2024-12-22,"ACTH",3.730375,3.77845833333333
2024-12-22,"COPP",8.03566666666667,5.15533333333333
2024-12-23,"EB",6.84941666666667,4.54604166666667
2024-12-23,"IMGM",7.05195833333333,4.54208333333333
2024-12-23,"PRES",7.25541666666667,8.356
2024-12-23,"BIRR",7.86266666666667,6.95070833333333
2024-12-23,"BLC2",6.76304166666667,9.78195833333333
2024-12-23,"BOTR",8.33333333333333,7.21104166666667
2024-12-23,"GHSR",4.93816666666667,7.56783333333333
2024-12-23,"LEAM",7.582625,6.66079166666667
2024-12-23,"NPT3",6.21466666666667,6.364
2024-12-23,"REA1",7.31629166666667,5.47370833333333
2024-12-23,"SOUT",6.41516666666667,5.66725
2024-12-23,"WREX",5.00195833333333,7.202375
2024-12-23,"LEAR",7.2495,6.12425
2024-12-23,"PLYM",8.25266666666667,8.39033333333333
2024-12-23,"SHDG",6.42975,6.99770833333333
2024-12-23,"SHE",7.46566666666667,6.51933333333333
2024-12-23,"BEL2",5.27616666666667,7.50195833333333
2024-12-23,"GLKP",4.61379166666667,6.94183333333333
2024-12-23,"LECU",7.73291666666667,6.41608333333333
2024-12-23,"SUN2",5.87366666666667,4.64029166666667
2024-12-23,"TRAN",6.538,10.61425
2024-12-23,"STOK",7.82045833333333,8.45416666666667
2024-12-23,"BEX",8.82079166666667,6.08091666666667
2024-12-23,"SEND",7.79679166666667,6.073125
2024-12-23,"HUL2",8.57216666666667,5.39604166666667
2024-12-23,"PEMB",4.541125,6.83375
2024-12-23,"WFEN",7.03816666666667,5.49041666666667
2024-12-23,"OSY",6.72375,5.407875
2024-12-23,"ACTH",2.82733333333333,3.730375
2024-12-23,"COPP",6.47108333333333,8.03566666666667
2024-12-24,"EB",4.47333333333333,6.84941666666667
2024-12-24,"IMGM",5.78604166666667,7.05195833333333
2024-12-24,"PRES",4.986375,7.25541666666667
2024-12-24,"BIRR",5.52483333333333,7.86266666666667
2024-12-24,"BLC2",5.05220833333333,6.76304166666667
2024-12-24,"BOTR",5.631875,8.33333333333333
2024-12-24,"GHSR",1.7305,4.93816666666667
2024-12-24,"LEAM",6.60479166666667,7.582625
2024-12-24,"NPT3",3.37558333333333,6.21466666666667
2024-12-24,"REA1",5.593625,7.31629166666667
2024-12-24,"SOUT",3.91708333333333,6.41516666666667
2024-12-24,"WREX",1.66570833333333,5.00195833333333
2024-12-24,"LEAR",6.42891666666667,7.2495
2024-12-24,"PLYM",2.99625,8.25266666666667
2024-12-24,"SHDG",5.24475,6.42975
2024-12-24,"SHE",4.59808333333333,7.46566666666667
2024-12-24,"BEL2",2.97070833333333,5.27616666666667
2024-12-24,"GLKP",1.65195833333333,4.61379166666667
2024-12-24,"LECU",6.18225,7.73291666666667
2024-12-24,"SUN2",1.16258333333333,5.87366666666667
2024-12-24,"TRAN",9.03,6.538
2024-12-24,"STOK",3.013,7.82045833333333
2024-12-24,"BEX",8.34520833333333,8.82079166666667
2024-12-24,"SEND",8.63316666666667,7.79679166666667
2024-12-24,"HUL2",6.7315,8.57216666666667
2024-12-24,"PEMB",2.46175,4.541125
2024-12-24,"WFEN",5.94741666666667,7.03816666666667
2024-12-24,"OSY",8.2105,6.72375
2024-12-24,"ACTH",0.515041666666667,2.82733333333333
2024-12-24,"COPP",4.43104166666667,6.47108333333333
2024-12-25,"EB",5.11504166666667,4.47333333333333
2024-12-25,"IMGM",6.13208333333333,5.78604166666667
2024-12-25,"PRES",4.053625,4.986375
2024-12-25,"BIRR",3.77854166666667,5.52483333333333
2024-12-25,"BLC2",2.93929166666667,5.05220833333333
2024-12-25,"BOTR",6.6755,5.631875
2024-12-25,"GHSR",1.341375,1.7305
2024-12-25,"LEAM",4.31408333333333,6.60479166666667
2024-12-25,"NPT3",1.95758333333333,3.37558333333333
2024-12-25,"REA1",2.818375,5.593625
2024-12-25,"SOUT",1.82191666666667,3.91708333333333
2024-12-25,"WREX",3.35691666666667,1.66570833333333
2024-12-25,"LEAR",5.34091666666667,6.42891666666667
2024-12-25,"PLYM",2.00083333333333,2.99625
2024-12-25,"SHDG",7.17570833333333,5.24475
2024-12-25,"SHE",6.301125,4.59808333333333
2024-12-25,"BEL2",2.10291666666667,2.97070833333333
2024-12-25,"GLKP",1.27058333333333,1.65195833333333
2024-12-25,"LECU",5.21625,6.18225
2024-12-25,"SUN2",3.47679166666667,1.16258333333333
2024-12-25,"TRAN",12.0372083333333,9.03
2024-12-25,"STOK",4.040875,3.013
2024-12-25,"BEX",7.51583333333333,8.34520833333333
2024-12-25,"SEND",10.860875,8.63316666666667
2024-12-25,"HUL2",8.76866666666667,6.7315
2024-12-25,"PEMB",1.12033333333333,2.46175
2024-12-25,"WFEN",4.950875,5.94741666666667
2024-12-25,"OSY",9.438875,8.2105
2024-12-25,"ACTH",0.64075,0.515041666666667
2024-12-25,"COPP",5.22408333333333,4.43104166666667
2024-12-26,"EB",4.18141666666667,5.11504166666667
2024-12-26,"IMGM",7.70345833333333,6.13208333333333
2024-12-26,"PRES",10.9070833333333,4.053625
2024-12-26,"BIRR",4.35725,3.77854166666667
2024-12-26,"BLC2",11.3935833333333,2.93929166666667
2024-12-26,"BOTR",5.05608333333333,6.6755
2024-12-26,"GHSR",2.01458333333333,1.341375
2024-12-26,"LEAM",3.619375,4.31408333333333
2024-12-26,"NPT3",4.25525,1.95758333333333
2024-12-26,"REA1",4.21475,2.818375
2024-12-26,"SOUT",4.17645833333333,1.82191666666667
2024-12-26,"WREX",4.714125,3.35691666666667
2024-12-26,"LEAR",3.45225,5.34091666666667
2024-12-26,"PLYM",2.84008333333333,2.00083333333333
2024-12-26,"SHDG",12.8549166666667,7.17570833333333
2024-12-26,"SHE",10.8255,6.301125
2024-12-26,"BEL2",5.96404166666667,2.10291666666667
2024-12-26,"GLKP",1.95270833333333,1.27058333333333
2024-12-26,"LECU",4.2295,5.21625
2024-12-26,"SUN2",6.55266666666667,3.47679166666667
2024-12-26,"TRAN",17.4923333333333,12.0372083333333
2024-12-26,"STOK",6.41629166666667,4.040875
2024-12-26,"BEX",5.9945,7.51583333333333
2024-12-26,"SEND",6.818,10.860875
2024-12-26,"HUL2",12.88825,8.76866666666667
2024-12-26,"PEMB",0.688833333333333,1.12033333333333
2024-12-26,"WFEN",6.84954166666667,4.950875
2024-12-26,"OSY",6.37295833333333,9.438875
2024-12-26,"ACTH",0.563166666666667,0.64075
2024-12-26,"COPP",4.62375,5.22408333333333
2024-12-27,"EB",6.70495833333333,4.18141666666667
2024-12-27,"IMGM",2.88733333333333,7.70345833333333
2024-12-27,"PRES",7.38891666666667,10.9070833333333
2024-12-27,"BIRR",4.856625,4.35725
2024-12-27,"BLC2",6.12133333333333,11.3935833333333
2024-12-27,"BOTR",4.49495833333333,5.05608333333333
2024-12-27,"GHSR",3.83745833333333,2.01458333333333
2024-12-27,"LEAM",5.39320833333333,3.619375
2024-12-27,"NPT3",7.10704166666667,4.25525
2024-12-27,"REA1",4.488,4.21475
2024-12-27,"SOUT",7.28575,4.17645833333333
2024-12-27,"WREX",10.2870416666667,4.714125
2024-12-27,"LEAR",5.00104166666667,3.45225
2024-12-27,"PLYM",6.68245833333333,2.84008333333333
2024-12-27,"SHDG",17.6828333333333,12.8549166666667
2024-12-27,"SHE",8.80108333333333,10.8255
2024-12-27,"BEL2",6.15470833333333,5.96404166666667
2024-12-27,"GLKP",3.696,1.95270833333333
2024-12-27,"LECU",3.190875,4.2295
2024-12-27,"SUN2",11.252,6.55266666666667
2024-12-27,"TRAN",35.8885,17.4923333333333
2024-12-27,"STOK",6.841625,6.41629166666667
2024-12-27,"BEX",7.673,5.9945
2024-12-27,"SEND",4.52441666666667,6.818
2024-12-27,"HUL2",9.76725,12.88825
2024-12-27,"PEMB",2.54820833333333,0.688833333333333
2024-12-27,"WFEN",11.022,6.84954166666667
2024-12-27,"OSY",2.35820833333333,6.37295833333333
2024-12-27,"ACTH",0.669208333333333,0.563166666666667
2024-12-27,"COPP",5.78820833333333,4.62375
2024-12-28,"EB",11.0111666666667,6.70495833333333
2024-12-28,"IMGM",6.99095833333333,2.88733333333333
2024-12-28,"PRES",7.73108333333333,7.38891666666667
2024-12-28,"BIRR",4.90566666666667,4.856625
2024-12-28,"BLC2",7.52558333333333,6.12133333333333
2024-12-28,"BOTR",6.48195833333333,4.49495833333333
2024-12-28,"GHSR",4.65508333333333,3.83745833333333
2024-12-28,"LEAM",6.40345833333333,5.39320833333333
2024-12-28,"NPT3",8.38058333333333,7.10704166666667
2024-12-28,"REA1",4.609,4.488
2024-12-28,"SOUT",9.08425,7.28575
2024-12-28,"WREX",8.31270833333333,10.2870416666667
2024-12-28,"LEAR",5.95225,5.00104166666667
2024-12-28,"PLYM",10.8963333333333,6.68245833333333
2024-12-28,"SHDG",12.5572083333333,17.6828333333333
2024-12-28,"SHE",11.1517083333333,8.80108333333333
2024-12-28,"BEL2",7.175875,6.15470833333333
2024-12-28,"GLKP",4.43791666666667,3.696
2024-12-28,"LECU",6.658875,3.190875
2024-12-28,"SUN2",4.497875,11.252
2024-12-28,"TRAN",13.7991666666667,35.8885
2024-12-28,"STOK",7.046,6.841625
2024-12-28,"BEX",8.8955,7.673
2024-12-28,"SEND",7.02545833333333,4.52441666666667
2024-12-28,"HUL2",10.0392916666667,9.76725
2024-12-28,"PEMB",5.57395833333333,2.54820833333333
2024-12-28,"WFEN",5.427625,11.022
2024-12-28,"OSY",4.09591666666667,2.35820833333333
2024-12-28,"ACTH",1.15370833333333,0.669208333333333
2024-12-28,"COPP",6.676625,5.78820833333333
2024-12-29,"EB",5.13658333333333,11.0111666666667
2024-12-29,"IMGM",5.38129166666667,6.99095833333333
2024-12-29,"PRES",3.90825,7.73108333333333
2024-12-29,"BIRR",3.2135,4.90566666666667
2024-12-29,"BLC2",5.24283333333333,7.52558333333333
2024-12-29,"BOTR",3.91120833333333,6.48195833333333
2024-12-29,"GHSR",4.26595833333333,4.65508333333333
2024-12-29,"LEAM",3.53570833333333,6.40345833333333
2024-12-29,"NPT3",7.83120833333333,8.38058333333333
2024-12-29,"REA1",3.72358333333333,4.609
2024-12-29,"SOUT",3.7785,9.08425
2024-12-29,"WREX",2.49316666666667,8.31270833333333
2024-12-29,"LEAR",3.49258333333333,5.95225
2024-12-29,"PLYM",4.1205,10.8963333333333
2024-12-29,"SHDG",3.25770833333333,12.5572083333333
2024-12-29,"SHE",3.018,11.1517083333333
2024-12-29,"BEL2",5.18779166666667,7.175875
2024-12-29,"GLKP",3.90441666666667,4.43791666666667
2024-12-29,"LECU",4.12345833333333,6.658875
2024-12-29,"SUN2",2.155125,4.497875
2024-12-29,"TRAN",3.070875,13.7991666666667
2024-12-29,"STOK",2.81745833333333,7.046
2024-12-29,"BEX",6.39158333333333,8.8955
2024-12-29,"SEND",6.61370833333333,7.02545833333333
2024-12-29,"HUL2",5.204375,10.0392916666667
2024-12-29,"PEMB",3.0445,5.57395833333333
2024-12-29,"WFEN",4.78679166666667,5.427625
2024-12-29,"OSY",5.407,4.09591666666667
2024-12-29,"ACTH",2.24754166666667,1.15370833333333
2024-12-29,"COPP",2.6465,6.676625
2024-12-30,"EB",2.47741666666667,5.13658333333333
2024-12-30,"IMGM",1.71779166666667,5.38129166666667
2024-12-30,"PRES",3.57320833333333,3.90825
2024-12-30,"BIRR",1.95758333333333,3.2135
2024-12-30,"BLC2",6.14195833333333,5.24283333333333
2024-12-30,"BOTR",1.78358333333333,3.91120833333333
2024-12-30,"GHSR",3.31370833333333,4.26595833333333
2024-12-30,"LEAM",1.529125,3.53570833333333
2024-12-30,"NPT3",1.973375,7.83120833333333
2024-12-30,"REA1",1.75225,3.72358333333333
2024-12-30,"SOUT",2.15308333333333,3.7785
2024-12-30,"WREX",1.37091666666667,2.49316666666667
2024-12-30,"LEAR",1.50045833333333,3.49258333333333
2024-12-30,"PLYM",2.91575,4.1205
2024-12-30,"SHDG",1.727625,3.25770833333333
2024-12-30,"SHE",1.57329166666667,3.018
2024-12-30,"BEL2",3.7175,5.18779166666667
2024-12-30,"GLKP",3.04829166666667,3.90441666666667
2024-12-30,"LECU",1.61758333333333,4.12345833333333
2024-12-30,"SUN2",3.52591666666667,2.155125
2024-12-30,"TRAN",2.836,3.070875
2024-12-30,"STOK",1.73845833333333,2.81745833333333
2024-12-30,"BEX",2.62970833333333,6.39158333333333
2024-12-30,"SEND",2.48133333333333,6.61370833333333
2024-12-30,"HUL2",3.56133333333333,5.204375
2024-12-30,"PEMB",1.65091666666667,3.0445
2024-12-30,"WFEN",2.04195833333333,4.78679166666667
2024-12-30,"OSY",3.468,5.407
2024-12-30,"ACTH",1.871125,2.24754166666667
2024-12-30,"COPP",1.524125,2.6465
2024-12-31,"EB",6.12125,2.47741666666667
2024-12-31,"IMGM",1.7365,1.71779166666667
2024-12-31,"PRES",2.070625,3.57320833333333
2024-12-31,"BIRR",2.62579166666667,1.95758333333333
2024-12-31,"BLC2",6.28729166666667,6.14195833333333
2024-12-31,"BOTR",2.15304166666667,1.78358333333333
2024-12-31,"GHSR",4.2305,3.31370833333333
2024-12-31,"LEAM",2.14720833333333,1.529125
2024-12-31,"NPT3",3.13495833333333,1.973375
2024-12-31,"REA1",3.147625,1.75225
2024-12-31,"SOUT",5.41179166666667,2.15308333333333
2024-12-31,"WREX",1.56154166666667,1.37091666666667
2024-12-31,"LEAR",2.17575,1.50045833333333
2024-12-31,"PLYM",6.21954166666667,2.91575
2024-12-31,"SHDG",1.2825,1.727625
2024-12-31,"SHE",1.360125,1.57329166666667
2024-12-31,"BEL2",4.30916666666667,3.7175
2024-12-31,"GLKP",4.011375,3.04829166666667
2024-12-31,"LECU",2.097125,1.61758333333333
2024-12-31,"SUN2",1.253,3.52591666666667
2024-12-31,"TRAN",1.73058333333333,2.836
2024-12-31,"STOK",1.67945833333333,1.73845833333333
2024-12-31,"BEX",4.37108333333333,2.62970833333333
2024-12-31,"SEND",4.044875,2.48133333333333
2024-12-31,"HUL2",2.28291666666667,3.56133333333333
2024-12-31,"PEMB",5.578875,1.65091666666667
2024-12-31,"WFEN",2.3005,2.04195833333333
2024-12-31,"OSY",4.325875,3.468
2024-12-31,"ACTH",1.97425,1.871125
2024-12-31,"COPP",1.752125,1.524125
