"date","site_id","observed","forecast_mean","lower_95","upper_95"
2024-10-19,"EB",4.59525,4.80362627839556,-1.65067868656193,11.4136172991644
2024-10-19,"IMGM",5.39895833333333,5.23887739975235,-1.43585100993875,11.744796226415
2024-10-19,"PRES",6.41229166666667,5.25857314736503,-1.27758274849882,11.5156319355587
2024-10-19,"BIRR",6.5575,5.69934697765222,-0.868981077610313,12.1004050949939
2024-10-19,"BLC2",6.879,5.27208484235096,-1.21964722502723,11.8307478749122
2024-10-19,"BOTR",7.903875,5.88594571525314,-0.654392839300151,12.2187597315503
2024-10-19,"GHSR",8.922,4.46419414058591,-2.2280751042018,10.6742622865022
2024-10-19,"LEAM",4.81916666666667,5.06668028336868,-1.3333076525077,11.8266054323737
2024-10-19,"NPT3",7.3635,5.68010211725201,-0.94667954757064,12.350020067978
2024-10-19,"REA1",5.85308333333333,5.03849104923519,-1.68158825702554,11.5595732206076
2024-10-19,"SOUT",6.33054166666667,5.57032829430542,-1.31118015693305,12.1884210534139
2024-10-19,"WREX",5.33908333333333,5.06733072140425,-1.48517897717582,11.4676915086277
2024-10-19,"LEAR",4.47325,4.86763506692139,-1.50083373529155,11.3466548301385
2024-10-19,"PLYM",8.988875,7.18024655167068,0.541480738630336,13.6346817988975
2024-10-19,"SHDG",7.30645833333333,5.44862206070041,-1.20637489846452,12.0989640209105
2024-10-19,"SHE",6.90154166666667,6.13217504331908,-0.275722845476702,12.622154821372
2024-10-19,"BEL2",9.75929166666667,5.88645694917266,-0.65837757860683,12.2842109222311
2024-10-19,"GLKP",8.60645833333333,4.35714118004591,-2.36721431122952,10.7877168939904
2024-10-19,"LECU",5.63204166666667,5.0739621652918,-1.39091869464229,11.6402933439942
2024-10-19,"SUN2",7.334,5.53765694698765,-1.02024912611949,11.7518296859261
2024-10-19,"TRAN",6.15083333333333,5.0332309642744,-1.47104275811435,11.4905418582234
2024-10-19,"STOK",5.43045833333333,5.5720128268076,-1.00375805864884,11.9360212626969
2024-10-19,"BEX",5.739,6.42441172052212,-0.156102215210873,12.8803987803212
2024-10-19,"SEND",5.04825,6.05832986092896,-0.600646403435892,12.4268261716476
2024-10-19,"HUL2",6.60575,6.62636908575715,0.171731504078076,13.2734158421806
2024-10-19,"PEMB",8.29804166666667,5.62859558073544,-0.91332150728189,12.058638359352
2024-10-19,"WFEN",4.16383333333333,5.18287472637932,-1.35298253062308,11.7099431249819
2024-10-19,"OSY",4.5675,5.94043895653534,-0.51078543963693,12.2913929846901
2024-10-19,"ACTH",5.07070833333333,3.9958805107155,-2.55902178612957,10.4665170031887
2024-10-19,"COPP",5.82845833333333,5.15534476736055,-1.36203649141533,11.8419522968951
2024-10-20,"EB",6.81508333333333,5.96313773404343,-0.723725433448278,12.4917844628107
2024-10-20,"IMGM",6.42404166666667,6.32059360925558,-0.037261400642515,12.8459977657434
2024-10-20,"PRES",7.73504166666667,6.73827734766152,0.298218788299553,13.4601648631299
2024-10-20,"BIRR",7.80470833333333,6.82000953850893,0.162146197257338,13.4147873593414
2024-10-20,"BLC2",10.3086666666667,6.92981921500822,0.532284500304653,13.4515941562817
2024-10-20,"BOTR",7.56970833333333,7.38665087470298,0.844187595198222,13.8980156117845
2024-10-20,"GHSR",6.33654166666667,7.72212175129807,1.39200429912718,14.372147789843
2024-10-20,"LEAM",7.55708333333333,6.06974381796272,-0.41255628054674,12.5785699851247
2024-10-20,"NPT3",10.0374166666667,7.15104965031058,0.717145824213249,13.9357081519191
2024-10-20,"REA1",7.57079166666667,6.49321814384137,0.049035550451827,12.9983794906959
2024-10-20,"SOUT",8.70775,6.71967254527081,0.332643641321905,13.0330002946216
2024-10-20,"WREX",7.40270833333333,6.28437251633132,-0.0309842995205059,12.7154814049431
2024-10-20,"LEAR",7.341875,5.91677171229386,-0.586297775600279,12.5365491743033
2024-10-20,"PLYM",13.4699583333333,7.90656983682288,1.32896463126329,14.625398858387
2024-10-20,"SHDG",7.46070833333333,7.11690665709303,0.669506204894068,13.4976975048565
2024-10-20,"SHE",8.190875,6.9901249786036,0.538343499173876,13.4853448494184
2024-10-20,"BEL2",7.01154166666667,8.14873921720616,1.67293669891096,14.6235677195212
2024-10-20,"GLKP",5.92479166666667,7.58631165693754,1.1500863733463,14.1794611365633
2024-10-20,"LECU",6.88875,6.40483708564933,-0.216768705500375,12.9898596528746
2024-10-20,"SUN2",7.268125,7.13401956942524,0.424064817897525,13.7299378084659
2024-10-20,"TRAN",8.08566666666667,6.61755876799062,0.228133162042633,13.2276755828182
2024-10-20,"STOK",7.63866666666667,6.35247345077604,-0.100601579066651,12.7726755240704
2024-10-20,"BEX",7.169875,6.52840608383497,-0.185025051697158,12.8458359013849
2024-10-20,"SEND",6.67158333333333,6.22355855039436,-0.306370945031539,12.7334795115964
2024-10-20,"HUL2",7.497125,6.89713416858294,0.461095090099032,13.3028027787573
2024-10-20,"PEMB",11.4229583333333,7.53174423474877,1.1258167821804,13.9794051283474
2024-10-20,"WFEN",6.950625,5.80884579752942,-0.729033724674967,12.2302530322956
2024-10-20,"OSY",7.07645833333333,6.01966188246067,-0.443493563256949,12.4901001951431
2024-10-20,"ACTH",4.666875,6.11398887991311,-0.269563999695467,12.678237380689
2024-10-20,"COPP",7.80183333333333,6.49227341801176,0.040386874283831,13.1166662321811
2024-10-21,"EB",5.89833333333333,7.2289376097341,0.565207454080211,13.6204262445265
2024-10-21,"IMGM",9.52113043478261,7.08782496583084,0.514935039998384,13.7018088712682
2024-10-21,"PRES",7.22095833333333,7.65187749892841,1.25416536057563,14.280997927755
2024-10-21,"BIRR",12.4931666666667,7.68409254113338,1.13540989216551,14.1213303440571
2024-10-21,"BLC2",8.54166666666667,8.72181780140947,2.33394415968001,15.3407298198758
2024-10-21,"BOTR",11.6794583333333,7.6204700499848,1.28061490573875,14.1192149243055
2024-10-21,"GHSR",6.29525,7.13826486181202,0.713351721856287,13.7855910334578
2024-10-21,"LEAM",11.4859166666667,7.53960352735523,0.993789719869157,13.9075604439389
2024-10-21,"NPT3",11.1125,8.62214274559544,2.20892928658089,15.201258263764
2024-10-21,"REA1",10.3047083333333,7.57060558912821,1.20306468725816,14.2318257939155
2024-10-21,"SOUT",9.086125,8.04993146902262,1.44847058847822,14.7595491326879
2024-10-21,"WREX",7.048,7.48886614109638,0.944880189884292,13.7997728547477
2024-10-21,"LEAR",10.975875,7.44260573674147,1.122025850026,14.0285632036328
2024-10-21,"PLYM",12.5807083333333,10.0737662163063,3.66001709994267,16.5214669681031
2024-10-21,"SHDG",7.51079166666667,7.56098425933044,1.11622720756132,14.1702741331353
2024-10-21,"SHE",7.89216666666667,7.85135677667618,1.35993359947896,14.4276507107701
2024-10-21,"BEL2",6.43966666666667,7.43642206019087,0.751491101890054,13.9900707132975
2024-10-21,"GLKP",6.09079166666667,6.96117777028353,0.484936170136787,13.6508956666016
2024-10-21,"LECU",11.253,7.28467010952224,0.912057696574806,13.9112694824577
2024-10-21,"SUN2",4.90383333333333,7.48245345060584,0.713456128691238,14.0181685927956
2024-10-21,"TRAN",5.97626086956522,7.7896698872173,1.33805616838321,14.3809013706063
2024-10-21,"STOK",9.32395833333333,7.58815366071173,1.16465356902868,14.0915063408853
2024-10-21,"BEX",8.946625,7.40291625081656,0.751456456269048,13.945164606582
2024-10-21,"SEND",8.33229166666667,7.18103133836242,0.707297552563162,13.5546176123665
2024-10-21,"HUL2",11.3050833333333,7.55877207895125,1.05384324164977,14.0769028185063
2024-10-21,"PEMB",9.35829166666667,9.21492016311129,2.66749009440385,15.9221365819611
2024-10-21,"WFEN",10.3271739130435,7.27410022753525,0.786153962086276,14.0049269397354
2024-10-21,"OSY",9.571625,7.33575622559944,0.771045920768745,13.8331547808762
2024-10-21,"ACTH",3.405125,6.35707764505667,-0.197747647598134,13.051583473054
2024-10-21,"COPP",7.615,7.6650252501154,1.22983159539013,14.1259330928301
2024-10-22,"EB",4.2305,7.0886922420336,0.597084184745426,13.5870811238535
2024-10-22,"IMGM",7.0215,8.56909801480361,1.81198162094599,15.3021153427869
2024-10-22,"PRES",6.46329166666667,7.65523527728481,1.12922419783034,14.1747293020474
2024-10-22,"BIRR",8.561375,9.82531974264021,3.28280087645704,16.473628497048
2024-10-22,"BLC2",7.02629166666667,8.26155776664476,1.74009178711691,14.7508025092153
2024-10-22,"BOTR",6.869125,9.48488943213204,2.69102177059812,16.0239174388793
2024-10-22,"GHSR",6.103625,7.24019816822416,0.680973011536243,13.722778287821
2024-10-22,"LEAM",5.06895833333333,9.40497910753845,3.0405367556585,16.1336644341248
2024-10-22,"NPT3",6.402375,9.3122463081263,2.79836885550038,15.8844951594071
2024-10-22,"REA1",5.190625,8.9195032067509,2.52690888758656,15.5828843785105
2024-10-22,"SOUT",6.91220833333333,8.4462111307323,2.01909959424977,15.1891464468051
2024-10-22,"WREX",4.05858333333333,7.57594746575891,1.42707035052162,14.0184898019497
2024-10-22,"LEAR",4.95091666666667,9.18992759461164,2.54462252257764,15.3250574674853
2024-10-22,"PLYM",8.9575,10.0003041432524,3.4476239410223,16.4761536718403
2024-10-22,"SHDG",6.273625,7.76770917082998,1.1854118661651,14.1409829682554
2024-10-22,"SHE",7.82629166666667,7.94247508813226,1.42063142651607,14.3968748997962
2024-10-22,"BEL2",6.68533333333333,7.3161535446102,0.547583296957577,13.530981591515
2024-10-22,"GLKP",5.74983333333333,7.14600665831843,0.153553447703053,13.4431833161503
2024-10-22,"LECU",6.318875,9.29278863591109,2.78140591806941,15.5888891764914
2024-10-22,"SUN2",5.36170833333333,6.69078423286645,0.29414405311326,13.4076805151173
2024-10-22,"TRAN",6.81908333333333,7.15191254655664,0.441290722784752,13.8590772986663
2024-10-22,"STOK",6.27945833333333,8.51780144562275,2.00616179749359,14.9685490796098
2024-10-22,"BEX",5.94345833333333,8.35110985269002,1.7508918745198,14.949910197693
2024-10-22,"SEND",5.60345833333333,8.08622023663878,1.80434343135573,14.7006251955472
2024-10-22,"HUL2",7.49259090909091,9.32913433697134,2.68678712720864,15.8913476047864
2024-10-22,"PEMB",6.88583333333333,8.62475843782134,2.02768055551554,15.0646831605895
2024-10-22,"WFEN",4.63045833333333,8.91352901434522,2.28378745496185,15.3767161538267
2024-10-22,"OSY",5.83520833333333,8.60587071092818,1.94042321255431,15.3192601301489
2024-10-22,"ACTH",3.71275,6.01057547915222,-0.49926559251789,12.3476446655871
2024-10-22,"COPP",5.21629166666667,7.81893687837485,1.43310746048391,14.4618265580957
2024-10-23,"EB",3.88958333333333,4.9792236632299,-1.58577966705736,11.473160382226
2024-10-23,"IMGM",6.032875,6.21599201035437,-0.145561965655005,12.9483932091381
2024-10-23,"PRES",5.8315,5.92998198522451,-0.626543710121431,12.5207629116934
2024-10-23,"BIRR",8.12216666666667,6.9222280864567,0.123568523093156,13.2747682824808
2024-10-23,"BLC2",6.11633333333333,6.19393454267233,-0.221008280055626,12.9187395279455
2024-10-23,"BOTR",7.55608333333333,6.20627069458001,-0.230505424849328,12.6947694303088
2024-10-23,"GHSR",4.16358333333333,5.75934733210279,-0.761787600912911,12.2023654756573
2024-10-23,"LEAM",5.28,5.46114282263366,-1.17781893675632,11.8706895450171
2024-10-23,"NPT3",6.57433333333333,6.00039522478764,-0.495360061972049,12.4610378430788
2024-10-23,"REA1",5.62216666666667,5.48220498546074,-0.907014114429552,11.9556983664656
2024-10-23,"SOUT",6.37383333333333,6.16037053397955,-0.540346251571101,12.6091677059492
2024-10-23,"WREX",5.57036363636364,4.93672069478989,-1.58583954957707,11.5068332662386
2024-10-23,"LEAR",4.68954166666667,5.40008182173038,-0.889332777949671,11.8254925548433
2024-10-23,"PLYM",6.25095833333333,7.08729556837366,0.517051688324591,13.6032646291634
2024-10-23,"SHDG",6.625375,5.85908529393451,-0.763277812073058,12.5474829595651
2024-10-23,"SHE",9.602,6.5070282808886,0.245665942481848,13.1518519339403
2024-10-23,"BEL2",5.62504166666667,6.00213754368131,-0.564935636199924,12.8402693039202
2024-10-23,"GLKP",3.88570833333333,5.60882267710983,-0.936598132182094,12.1509835086893
2024-10-23,"LECU",5.66445833333333,5.96949974915978,-0.698918663369499,12.4258101230681
2024-10-23,"SUN2",8.17029166666667,5.42007457960561,-0.988696361233296,11.9468141442019
2024-10-23,"TRAN",6.06533333333333,6.0457785201811,-0.661424620524278,12.4642768893019
2024-10-23,"STOK",7.24982608695652,5.9059650535369,-0.621401663262355,12.4302313919428
2024-10-23,"BEX",6.83966666666667,5.75851685868008,-0.791249974798881,12.395229496819
2024-10-23,"SEND",6.14583333333333,5.60360944376053,-0.761344151478946,12.3333088913476
2024-10-23,"HUL2",8.50933333333333,6.45350813615135,-0.0262872965859004,13.00892575367
2024-10-23,"PEMB",4.9755,6.15619970845394,-0.50199157910071,12.480703411651
2024-10-23,"WFEN",6.43579166666667,5.25236847369928,-1.30751175521812,11.7632264878753
2024-10-23,"OSY",5.72629166666667,5.72932785524132,-0.828188787852221,12.3107250620245
2024-10-23,"ACTH",2.63270833333333,4.70511794227723,-1.97636950271756,11.5790543113055
2024-10-23,"COPP",6.01004347826087,5.42677735559196,-0.968132940222974,12.0922114303198
2024-10-24,"EB",5.52766666666667,5.29204648015399,-1.12061884999284,11.8389998056214
2024-10-24,"IMGM",7.73104166666667,6.24201704983616,-0.25255859050404,12.7127893108933
2024-10-24,"PRES",6.64808333333333,6.14550075022087,-0.399610085166514,12.8691133914381
2024-10-24,"BIRR",7.638,7.13908568175189,0.69428566338808,13.7644375844723
2024-10-24,"BLC2",6.669625,6.27645968361323,-0.335459795017888,12.6536600964592
2024-10-24,"BOTR",7.34966666666667,6.86475033865689,0.573291677923723,13.2715407094846
2024-10-24,"GHSR",4.822125,5.45068982078572,-0.86127781770674,11.9400089912974
2024-10-24,"LEAM",6.58308333333333,5.884471791391,-1.0332367421929,12.3742501400099
2024-10-24,"NPT3",7.1855,6.44952187360342,0.108249845154906,12.8221122307267
2024-10-24,"REA1",6.61566666666667,6.02818422378246,-0.30412493672933,12.4995612421253
2024-10-24,"SOUT",6.27554166666667,6.37956664440658,-0.452205655139621,13.0844905704275
2024-10-24,"WREX",7.26145833333333,5.97910721688238,-0.649498856240113,12.492805838126
2024-10-24,"LEAR",6.27166666666667,5.63872987549868,-1.04611180269231,12.4015663411899
2024-10-24,"PLYM",9.05445454545455,6.37920520456524,-0.207471650160136,12.8549119888377
2024-10-24,"SHDG",8.80804166666667,6.46735600415272,0.0171625804348301,12.8556367963474
2024-10-24,"SHE",9.08025,7.72968452309116,1.26360394406692,14.2717696377666
2024-10-24,"BEL2",7.5265,6.06603484851623,-0.257566377669008,12.520504647329
2024-10-24,"GLKP",4.6395,5.32772503775469,-1.12057076491489,11.5642603219048
2024-10-24,"LECU",7.289875,6.07325634098971,-0.413457561333941,12.6246461457543
2024-10-24,"SUN2",12.3594583333333,7.0803845098544,0.724040645983251,13.6811253907881
2024-10-24,"TRAN",7.17979166666667,6.25040096048484,-0.447382785053504,12.7636588412159
2024-10-24,"STOK",8.11716666666667,6.72432590406647,0.355887438800084,13.0537765181592
2024-10-24,"BEX",7.46458333333333,6.54739110885753,0.293064408446094,13.0892564352895
2024-10-24,"SEND",6.53708333333333,6.25368761868003,-0.34705634514001,12.772623160325
2024-10-24,"HUL2",8.95145833333333,7.2721017616536,0.781002142833027,13.9090353152744
2024-10-24,"PEMB",6.67058333333333,5.80380736145445,-0.7405819261169,12.6426597036573
2024-10-24,"WFEN",8.458125,6.34907323293728,-0.181871267199559,12.9713561716512
2024-10-24,"OSY",8.22233333333333,6.08682209710973,-0.30942584489076,12.4432966174229
2024-10-24,"ACTH",4.04175,4.76241234810562,-1.89206976939349,11.1767205881704
2024-10-24,"COPP",8.18704166666667,6.18834143961964,-0.271766833626617,12.9993914177604
2024-10-25,"EB",6.56158333333333,6.54030617113646,0.0971221337467021,13.0223895676248
2024-10-25,"IMGM",15.9395,7.49909847981947,0.967671220119737,14.1351278348284
2024-10-25,"PRES",10.9228333333333,7.04875481673571,0.762347343551372,13.402022591477
2024-10-25,"BIRR",13.0474583333333,7.51208642325317,1.09211376142302,14.0462869044963
2024-10-25,"BLC2",11.141875,7.0646020924715,0.330938205810025,13.5843462470851
2024-10-25,"BOTR",11.7561666666667,7.3796123552189,1.02131184735628,13.9772150530022
2024-10-25,"GHSR",13.2115833333333,6.25684987698472,-0.177352010763027,12.8057495069082
2024-10-25,"LEAM",10.6747826086957,7.00849195361855,0.486316142867767,13.420961068693
2024-10-25,"NPT3",8.983,7.28800892745085,0.83126448990025,13.645622178898
2024-10-25,"REA1",10.0412083333333,7.03028699243542,0.646377384015807,13.4504749021387
2024-10-25,"SOUT",8.52795833333333,6.90883887730837,0.182027703972188,13.244799038452
2024-10-25,"WREX",12.3044166666667,7.29461999803845,0.724453975402652,13.881955340508
2024-10-25,"LEAR",10.9654166666667,6.8659261103874,0.523643937660349,13.4646720169857
2024-10-25,"PLYM",9.23941666666667,8.04874716045205,1.670788434454,14.5401497769337
2024-10-25,"SHDG",17.0165416666667,7.95658665321901,1.5057672938017,14.5447755137655
2024-10-25,"SHE",14.893,8.14156417048711,1.9947277438159,14.7430765266586
2024-10-25,"BEL2",14.4054583333333,7.40496877990145,1.08041251802689,14.1295197193141
2024-10-25,"GLKP",12.9363333333333,6.17492229102829,-0.212991312298337,12.7088620051167
2024-10-25,"LECU",11.26575,7.3086156518975,0.892132689188509,13.8164158868705
2024-10-25,"SUN2",15.3145833333333,9.45512771630746,2.98921289011359,15.8581941075593
2024-10-25,"TRAN",11.6342083333333,7.27317439340676,0.907697064921855,13.8079980421745
2024-10-25,"STOK",13.0276666666667,7.68775979133978,1.30512884421381,14.2617001752247
2024-10-25,"BEX",10.3499166666667,7.40930061903292,0.975972024620415,13.9766351562661
2024-10-25,"SEND",9.26591666666667,7.01081350777061,0.339190091984045,13.3267627585579
2024-10-25,"HUL2",16.1705416666667,8.06178890984782,1.5211190356974,14.4951141112476
2024-10-25,"PEMB",6.104625,7.03700931780712,0.553282587169922,13.695206639674
2024-10-25,"WFEN",9.81720833333333,7.80802063755348,1.46261390485405,14.3638437842031
2024-10-25,"OSY",8.76866666666667,7.69363782355396,1.17697399891404,14.2849664633292
2024-10-25,"ACTH",11.7747916666667,5.89833863222787,-0.608678653849938,12.220151346001
2024-10-25,"COPP",12.1159166666667,7.68608392166008,1.08971711048175,14.2322699181406
2024-10-26,"EB",7.56983333333333,8.7398192363507,2.15131522472807,15.5108845064343
2024-10-26,"IMGM",7.97075,12.6508603445407,6.0981395213787,19.0512462661436
2024-10-26,"PRES",6.92516666666667,10.5610180309205,4.09855795510971,17.2520414954862
2024-10-26,"BIRR",9.30529166666667,11.4591271235064,4.87400572324917,18.1489877573473
2024-10-26,"BLC2",7.37416666666667,10.6516348434459,4.21229046085317,17.1621246490949
2024-10-26,"BOTR",9.78583333333333,10.9209660134344,4.3794075538777,17.2082929768418
2024-10-26,"GHSR",7.80470833333333,11.4575500826534,5.10342495343903,18.1992103457558
2024-10-26,"LEAM",6.546875,10.4574041346278,3.72429331673364,16.9984709110821
2024-10-26,"NPT3",7.99329166666667,9.77637935009944,3.33347113141909,16.180804731056
2024-10-26,"REA1",8.05233333333333,10.1976244500983,3.62498663759351,16.5817987798647
2024-10-26,"SOUT",7.91379166666667,9.56690485594482,3.01383038674861,15.8545648936157
2024-10-26,"WREX",5.437375,11.1442885886485,4.70244602987828,17.770232484697
2024-10-26,"LEAR",6.796375,10.569297625189,3.75707517276283,17.0821988706861
2024-10-26,"PLYM",10.75475,9.92768863590929,3.27388671515759,16.5594375877077
2024-10-26,"SHDG",7.014625,13.1202514081756,6.64650625574656,19.8695954087777
2024-10-26,"SHE",6.60179166666667,12.2535503222857,5.78645331836625,18.9415165049298
2024-10-26,"BEL2",8.07795833333333,12.0149155988628,5.44619754075807,18.4602071620563
2024-10-26,"GLKP",6.95845833333333,11.3398639808108,4.80050324554033,17.9427027589175
2024-10-26,"LECU",8.180125,10.717798632233,4.20322934716,17.12070780974
2024-10-26,"SUN2",7.18075,12.5073863743449,5.84180401061448,19.157282074277
2024-10-26,"TRAN",6.21366666666667,10.8666391180924,4.41040435157758,17.5139618281345
2024-10-26,"STOK",8.299,11.4627420419781,4.96789517868435,18.00424564274
2024-10-26,"BEX",10.3381666666667,10.3454168984334,3.7272952577124,16.7248969921869
2024-10-26,"SEND",9.91054166666667,9.87683151682509,3.52819119681671,16.4136502978667
2024-10-26,"HUL2",10.75375,12.7758233661485,6.26625006405936,19.0245387553047
2024-10-26,"PEMB",6.88295833333333,8.57991757464232,2.1855212724909,15.266260792608
2024-10-26,"WFEN",5.74095833333333,10.150695999649,3.48785879713801,16.7520746810054
2024-10-26,"OSY",6.22158333333333,9.7136630543467,3.38239146942916,16.3372521304034
2024-10-26,"ACTH",4.14504166666667,10.8474763720381,4.14313476391387,17.225263380046
2024-10-26,"COPP",7.64045833333333,11.0894679470065,4.70126419216389,17.7151037328642
2024-10-27,"EB",4.08041666666667,6.49568130772066,-0.0767771871655252,13.1730804268131
2024-10-27,"IMGM",4.537125,6.89063099386156,0.481095817217725,13.5490593848893
2024-10-27,"PRES",4.48216666666667,6.33753034442707,-0.265049645207075,12.8769220316468
2024-10-27,"BIRR",5.46875,7.36855918524369,0.808759543906157,13.9951593835912
2024-10-27,"BLC2",4.93416666666667,6.52757043040042,-0.216499010907111,12.9663958429569
2024-10-27,"BOTR",4.87229166666667,7.5345203614081,0.969097421343188,14.1421000004101
2024-10-27,"GHSR",3.99958333333333,6.75541944992792,0.411441722559529,13.1142989525666
2024-10-27,"LEAM",5.09441666666667,6.17585982075782,-0.514716807857652,12.7126914642645
2024-10-27,"NPT3",4.54995833333333,6.7292451733458,0.324428773219114,12.9513664182135
2024-10-27,"REA1",5.403875,6.77948803696852,0.537235308856616,13.2755849567995
2024-10-27,"SOUT",7.15029166666667,6.6853850066479,0.122067773137302,13.3186633830338
2024-10-27,"WREX",4.62858333333333,5.75951830440791,-0.653665738618997,12.1150372613791
2024-10-27,"LEAR",4.54795833333333,6.28560503537797,-0.507568147986913,12.8419993820577
2024-10-27,"PLYM",7.89320833333333,7.87127946235436,1.36217367358735,14.4577040895891
2024-10-27,"SHDG",3.87583333333333,6.52381397884495,0.108189743134118,13.2037107409325
2024-10-27,"SHE",3.78933333333333,6.30192747579832,-0.351673668519803,12.7765412337963
2024-10-27,"BEL2",6.006375,6.89709096733622,0.353426574360108,13.4865264982372
2024-10-27,"GLKP",3.84529166666667,6.40061785673166,-0.138390445026903,12.9263737582976
2024-10-27,"LECU",4.583375,6.8620871708548,0.451401592722802,13.5269197297249
2024-10-27,"SUN2",4.19129166666667,6.55038610845385,0.255328952664533,12.9094608626934
2024-10-27,"TRAN",4.40845833333333,6.06235316553364,-0.511416315491509,12.7982575799564
2024-10-27,"STOK",5.104125,6.95420190444452,0.589207556401119,13.5287474392397
2024-10-27,"BEX",7.86954166666667,7.72718815012354,0.932667373246499,14.310591561364
2024-10-27,"SEND",6.69716666666667,7.52472010479896,0.890767007456406,14.0731550831287
2024-10-27,"HUL2",4.70920833333333,8.04090252815781,1.54025547080846,14.4063110661383
2024-10-27,"PEMB",4.81341666666667,6.20197044764285,-0.454363931540731,12.693687621712
2024-10-27,"WFEN",5.18875,5.82336110742845,-0.837814385858098,12.1473285014746
2024-10-27,"OSY",5.51204166666667,5.99531169996551,-0.675024785193007,12.4218589062528
2024-10-27,"ACTH",2.53041666666667,5.21500940654253,-1.37333293615194,11.7004591947291
2024-10-27,"COPP",4.45758333333333,6.66098714496058,0.26321198027771,13.1545397145387
2024-10-28,"EB",3.14066666666667,4.63399763066035,-1.91933711336692,11.0040152725025
2024-10-28,"IMGM",3.63891666666667,4.83166978876257,-1.56776961797517,11.3410630468937
2024-10-28,"PRES",3.04529166666667,4.78341605165532,-1.69040144729389,11.1980187761312
2024-10-28,"BIRR",4.26104166666667,5.24757130293081,-1.25078899878492,11.7960664371733
2024-10-28,"BLC2",4.33375,4.98033132744422,-1.50247358476134,11.5556823165875
2024-10-28,"BOTR",3.39225,5.01404612809292,-1.52734670720349,11.5281421280646
2024-10-28,"GHSR",2.06966666666667,4.60651411998666,-1.89710172390155,11.1129047937723
2024-10-28,"LEAM",2.87641666666667,5.02594448460918,-1.72965572320098,11.3105140568315
2024-10-28,"NPT3",3.16729166666667,4.83750092671344,-1.73756402873613,11.5312177557042
2024-10-28,"REA1",3.56229166666667,5.19015167536255,-1.18790199020284,11.6999737182149
2024-10-28,"SOUT",4.043875,5.90502635959015,-0.438309521324342,12.5164303539624
2024-10-28,"WREX",1.83370833333333,4.80713639373902,-1.81727378877088,11.3324815956502
2024-10-28,"LEAR",2.32120833333333,4.80731560035463,-1.79485050240048,11.4935050011989
2024-10-28,"PLYM",4.74733333333333,6.28027055054315,-0.352872814110484,12.7021932058168
2024-10-28,"SHDG",1.53695833333333,4.53623539058828,-2.01325032112181,11.2014407475999
2024-10-28,"SHE",1.69908695652174,4.49053169004644,-2.29243547887376,11.0212412038101
2024-10-28,"BEL2",3.03066666666667,5.43857897161118,-0.884135824470826,11.8601126027654
2024-10-28,"GLKP",1.74345833333333,4.52229620843183,-2.24811387457212,11.1905187559903
2024-10-28,"LECU",3.17908333333333,4.85582806513096,-1.68518695401161,11.4131681136433
2024-10-28,"SUN2",2.13241666666667,4.67005376220714,-1.84836827561246,11.2049164339061
2024-10-28,"TRAN",1.89958333333333,4.73564646979285,-1.62896878448861,11.2609199568663
2024-10-28,"STOK",2.77604166666667,5.07292049596658,-1.61174396050116,11.5070141106101
2024-10-28,"BEX",3.644,6.26031720528129,-0.329080750851489,12.6585599195583
2024-10-28,"SEND",3.21745833333333,5.76764752516362,-0.733754256747438,12.3683687722049
2024-10-28,"HUL2",5.46970833333333,4.97071747833375,-1.60871092235571,11.3558975042536
2024-10-28,"PEMB",2.18158333333333,4.91861845144248,-1.54921001175993,11.1161006645866
2024-10-28,"WFEN",3.44545833333333,5.04497153703037,-1.53419022033383,11.3910348374144
2024-10-28,"OSY",3.575125,5.18972694762455,-1.49896727345624,11.4359299399093
2024-10-28,"ACTH",0.650666666666667,3.91249030739039,-2.63499762987718,10.4336757316075
2024-10-28,"COPP",1.40629166666667,4.79085285207268,-1.60338215202555,11.3870097393115
2024-10-29,"EB",2.50395833333333,3.76981755492279,-2.74378162281272,10.1304085603386
2024-10-29,"IMGM",3.92295833333333,3.98594382066382,-2.55095462201813,10.7226928046331
2024-10-29,"PRES",3.41095833333333,3.74044706541051,-2.82012699451602,10.489260378676
2024-10-29,"BIRR",6.79154166666667,4.26466855803912,-2.1690076446117,10.9132955118266
2024-10-29,"BLC2",2.80266666666667,4.2814579410264,-1.96604974652188,10.6597717997996
2024-10-29,"BOTR",4.03,3.89271605356295,-2.46661876400049,10.4957733620116
2024-10-29,"GHSR",1.86120833333333,3.32734929209009,-3.11901252164483,9.89204187480093
2024-10-29,"LEAM",6.33529166666667,3.68601118107605,-2.84669445453024,10.1937228090447
2024-10-29,"NPT3",6.25591666666667,3.79228678938297,-2.5431736617185,10.0560685708652
2024-10-29,"REA1",4.19029166666667,3.97569228724777,-2.48114634856681,10.7204364642432
2024-10-29,"SOUT",3.48491304347826,4.21660294139949,-2.43731730698656,10.6026620710319
2024-10-29,"WREX",2.549125,3.24573401108017,-3.27868203071942,9.69632629183351
2024-10-29,"LEAR",5.70070833333333,3.44425711219558,-3.30631073990763,10.1466828146646
2024-10-29,"PLYM",3.40308333333333,4.52414939210244,-2.05382992115538,11.0669202553246
2024-10-29,"SHDG",3.37260869565217,3.10521899552641,-3.38693198102673,9.63746569633023
2024-10-29,"SHE",3.97416666666667,3.16977790076521,-3.392301724964,9.38545776406496
2024-10-29,"BEL2",5.15920833333333,3.77182391254558,-2.62511853470536,10.1738588526139
2024-10-29,"GLKP",1.15766666666667,3.1893999118303,-3.3134508246702,9.44293640380053
2024-10-29,"LECU",5.14941666666667,3.79795629189401,-2.5317661532981,10.3173888070739
2024-10-29,"SUN2",1.83670833333333,3.35786035728656,-3.02795154061979,9.83470870743853
2024-10-29,"TRAN",3.09954166666667,3.26742724423366,-3.34230626617126,9.994211419019
2024-10-29,"STOK",5.60154166666667,3.64496670543764,-2.78636136855336,10.104589555847
2024-10-29,"BEX",4.89004166666667,4.06978535631262,-2.49841442403435,10.6203129596564
2024-10-29,"SEND",4.42808333333333,3.86559485336116,-2.58277391590755,10.3327196557028
2024-10-29,"HUL2",4.48991666666667,4.74314085203716,-1.8341024666749,11.053731056172
2024-10-29,"PEMB",3.18295833333333,3.39334379473603,-3.15311395554263,10.0576617207239
2024-10-29,"WFEN",4.432,3.92236314991944,-2.83209521582261,10.5603613866844
2024-10-29,"OSY",3.875875,3.9836239775923,-2.50075702523738,10.4707295544579
2024-10-29,"ACTH",0.49925,2.70769557458491,-3.61744552061221,9.09703542525918
2024-10-29,"COPP",4.096,3.06574936480707,-3.49381001411043,9.58541456244325
2024-10-30,"EB",8.56929166666667,4.3367264456668,-2.11772541066618,10.8047259425695
2024-10-30,"IMGM",6.367,4.93256163671102,-1.82914486867023,11.4282044924942
2024-10-30,"PRES",7.078375,4.70742137524599,-1.86072050698149,11.1800805167825
2024-10-30,"BIRR",10.6447916666667,6.12762629016098,-0.286190156235301,12.7017512621175
2024-10-30,"BLC2",5.94441666666667,4.48884914934854,-1.91622622970796,11.0594968843058
2024-10-30,"BOTR",7.51470833333333,4.97053494473876,-1.53613251467155,11.4192313340935
2024-10-30,"GHSR",2.19529166666667,4.04609982662356,-2.8226524375376,10.5629249944828
2024-10-30,"LEAM",9.78970833333333,5.90601030565461,-0.506799459649582,12.3518306186853
2024-10-30,"NPT3",7.17570833333333,5.8805003762082,-0.760089107745545,12.5007417500515
2024-10-30,"REA1",7.95608333333333,5.04063181883557,-1.39702352305929,11.5161821303872
2024-10-30,"SOUT",7.52858333333333,4.76233501594784,-1.85212104562483,11.3294351536451
2024-10-30,"WREX",4.64529166666667,4.32324047682148,-2.05445754598953,11.0251313030427
2024-10-30,"LEAR",8.88966666666667,5.63139590719982,-0.879446762552245,12.0610653226388
2024-10-30,"PLYM",5.3685,4.74593699709608,-1.69602216424733,11.2510260345589
2024-10-30,"SHDG",4.42525,4.65464634797852,-1.71670043673056,11.225033822282
2024-10-30,"SHE",4.09691666666667,4.90603490940832,-1.65189500810877,11.4152613850166
2024-10-30,"BEL2",8.666625,5.42609000381666,-1.02442764129404,11.941014815176
2024-10-30,"GLKP",1.77666666666667,3.74874179056235,-2.7250065120322,10.1575848734383
2024-10-30,"LECU",7.83804166666667,5.42570380459166,-1.05790380184986,11.8241732455871
2024-10-30,"SUN2",2.41858333333333,4.0375627493587,-2.66990355168674,10.8340163997526
2024-10-30,"TRAN",6.15191666666667,4.55123413970439,-1.58735476514835,11.1190544299572
2024-10-30,"STOK",8.0455,5.60176820578316,-0.922941697042356,12.2164749918257
2024-10-30,"BEX",11.0260416666667,5.33043232902865,-0.897492370536078,12.170581609923
2024-10-30,"SEND",9.98329166666667,5.1299722969896,-1.57531978437994,11.875474141853
2024-10-30,"HUL2",7.02433333333333,5.21065555737874,-1.44604958971419,11.6931072490015
2024-10-30,"PEMB",3.45325,4.59246011113346,-1.90880858382729,11.2982823543326
2024-10-30,"WFEN",7.62483333333333,5.13717645538943,-1.16432450358788,11.7061319621297
2024-10-30,"OSY",11.537,4.91163207375416,-1.57623914623695,11.5496579499978
2024-10-30,"ACTH",0.8765,3.45113712764774,-3.19785498338394,9.84802462291355
2024-10-30,"COPP",7.82625,4.94896016726295,-1.66836984002722,11.5867459438451
2024-10-31,"EB",11.9134166666667,7.94485381357146,1.48349653707405,14.6914688390286
2024-10-31,"IMGM",8.644875,7.07389719739471,0.467799151970718,13.7458358365388
2024-10-31,"PRES",4.85266666666667,7.35391403302939,0.675264564938783,13.909335107617
2024-10-31,"BIRR",16.3227916666667,8.90365692984391,2.38113891212,15.3597040330084
2024-10-31,"BLC2",3.73420833333333,6.8726124022319,0.492396842136168,13.2895509376854
2024-10-31,"BOTR",11.2874166666667,7.54855732004202,1.08996889096807,14.0499694071731
2024-10-31,"GHSR",4.21308333333333,5.30756108641279,-1.15960966680686,11.8366428738756
2024-10-31,"LEAM",14.3336666666667,8.54078203541726,2.01294436197332,14.7590587544894
2024-10-31,"NPT3",12.283875,7.4637381986846,0.885191128042847,13.877199232162
2024-10-31,"REA1",17.8292916666667,7.7340201099077,1.29455807491462,14.3496769124902
2024-10-31,"SOUT",18.82875,7.54089181424,0.75591255360961,13.960416044571
2024-10-31,"WREX",7.63858333333333,6.3320830759174,-0.111843395351423,12.8267791164117
2024-10-31,"LEAR",13.4404583333333,8.15504162069897,1.81346033833095,14.5935052083896
2024-10-31,"PLYM",10.3144583333333,6.65047646141205,0.167015712253209,13.0351659289446
2024-10-31,"SHDG",7.11383333333333,6.2617851404418,-0.176648942560744,12.8139920378344
2024-10-31,"SHE",6.19904166666667,6.14150428386532,-0.26156690869917,12.3124063284645
2024-10-31,"BEL2",5.038375,8.05002405462892,1.65970762814259,14.8426856414233
2024-10-31,"GLKP",3.89754166666667,5.11812800125244,-1.37587040562483,11.5213021357168
2024-10-31,"LECU",14.2391739130435,7.70900070384663,1.3341616066605,14.3059821528898
2024-10-31,"SUN2",3.03458333333333,5.39879636220804,-1.33891885312402,11.8119465085839
2024-10-31,"TRAN",7.09116666666667,6.96523678788512,0.473045419608119,13.5976382163685
2024-10-31,"STOK",10.0667916666667,7.80541654547002,1.10100660753054,14.3145783293346
2024-10-31,"BEX",15.2791666666667,9.01381139323644,2.46438850885455,15.3735076912837
2024-10-31,"SEND",13.3455909090909,8.57361214789868,2.16885506925683,15.0947826539696
2024-10-31,"HUL2",9.99220833333333,7.35815655986562,0.792624418779124,13.9462763391189
2024-10-31,"PEMB",9.62858333333333,5.85736450322613,-0.643362516965586,12.3549899142449
2024-10-31,"WFEN",12.8057391304348,7.60371184387277,1.12782680333154,14.0705906238777
2024-10-31,"OSY",12.6091666666667,9.19908089060509,2.84040804504002,15.9573153076353
2024-10-31,"ACTH",0.689833333333333,4.7317514967193,-1.62180849288633,11.2194410807556
2024-10-31,"COPP",7.88333333333333,7.67830856260223,1.24209580825195,14.1664707164054
2024-11-01,"EB",10.6820833333333,10.3040618939019,3.9608290129615,16.9527387682773
2024-11-01,"IMGM",8.59183333333333,8.90573609487976,2.11407205397734,15.4562932835097
2024-11-01,"PRES",7.93825,7.36351259482902,0.766281342031983,13.6647467840404
2024-11-01,"BIRR",11.6185833333333,12.1684838384147,5.50626687493812,18.7803368117018
2024-11-01,"BLC2",5.04908333333333,6.87569021340128,0.390371996330557,13.1250300053482
2024-11-01,"BOTR",10.6865833333333,10.0207270170001,3.49739592579999,16.6199960337912
2024-11-01,"GHSR",4.97158333333333,6.98067035180243,0.216144976865282,13.1690870242806
2024-11-01,"LEAM",12.1642916666667,11.3294114710897,4.73406335142544,17.6822238887312
2024-11-01,"NPT3",8.96720833333333,10.4222381275337,3.9866267868141,17.0854435468641
2024-11-01,"REA1",12.20125,12.7221239293937,6.31520864875428,19.308643829993
2024-11-01,"SOUT",16.363875,13.122697810305,6.47016769361025,19.7288993510976
2024-11-01,"WREX",7.11779166666667,8.44962739652739,1.9339188558488,14.9032112915563
2024-11-01,"LEAR",11.1920416666667,10.9399692741443,4.43962491446786,17.7237697073682
2024-11-01,"PLYM",10.9552916666667,9.56791395481695,2.8685220920453,16.2665345795591
2024-11-01,"SHDG",10.8717083333333,8.22840800879368,1.68213481744588,14.9585847961637
2024-11-01,"SHE",8.35391666666667,7.84411407837848,1.14026009815561,14.5153440480232
2024-11-01,"BEL2",6.849625,7.47885442460012,1.09820705275249,14.1844670704202
2024-11-01,"GLKP",2.69170833333333,6.84062337682305,0.0737822257709709,13.4775568619948
2024-11-01,"LECU",13.1034166666667,11.2426698207309,4.70126280039887,17.8237122789445
2024-11-01,"SUN2",3.11820833333333,6.50144984349639,-0.249772143854572,13.2475722590755
2024-11-01,"TRAN",5.71058333333333,8.26144415395951,1.85687760400792,14.9537420815506
2024-11-01,"STOK",11.6205833333333,9.531724756052,3.0225307059127,16.2629462896503
2024-11-01,"BEX",17.32325,11.7486103052851,5.10798789582396,18.3354161053229
2024-11-01,"SEND",14.8546666666667,10.9277806191061,4.25000490388515,17.1059460032636
2024-11-01,"HUL2",8.009,9.47599855832927,2.88986633623185,16.0730073779539
2024-11-01,"PEMB",9.597125,9.23883956947274,2.69455542116026,15.7978310690991
2024-11-01,"WFEN",15.2457083333333,10.6478904750804,4.24828227499032,17.2433794598217
2024-11-01,"OSY",13.62425,10.663016616154,4.03754279887622,17.1579753673229
2024-11-01,"ACTH",1.24808333333333,5.49926108878068,-0.855984323657361,12.1829291748586
2024-11-01,"COPP",7.81554166666667,8.62832444325745,2.03707744051879,15.1416082156618
2024-11-02,"EB",8.28820833333333,9.16398866234635,2.9171783053832,15.7516818465985
2024-11-02,"IMGM",7.421375,8.22411823465849,1.75957042985698,14.4437550143664
2024-11-02,"PRES",12.4007916666667,7.86227935852752,1.33402720935864,14.3863524303713
2024-11-02,"BIRR",11.9409583333333,9.65732699396462,3.17251350594492,16.3679309125408
2024-11-02,"BLC2",12.4842083333333,6.64657305885663,-0.0459858965310732,13.2824059850675
2024-11-02,"BOTR",19.7445416666667,9.1504824095254,2.64381082370449,15.6251646635352
2024-11-02,"GHSR",4.26783333333333,6.62644630284411,0.13440207216064,13.0975470454718
2024-11-02,"LEAM",7.34283333333333,9.83297093681258,3.33970043463352,16.3220338227207
2024-11-02,"NPT3",13.0071666666667,8.46777594314625,2.02095284347438,14.9322653913915
2024-11-02,"REA1",11.539,9.93392597943725,3.17823490312813,16.3940972539879
2024-11-02,"SOUT",11.814125,11.6704661220943,5.28289167854142,18.4631051280095
2024-11-02,"WREX",12.4508333333333,7.59318200433204,1.09888345763637,14.0095311932902
2024-11-02,"LEAR",7.06866666666667,9.41118779530336,2.88762461065439,15.9730079899122
2024-11-02,"PLYM",12.7673333333333,9.2371292590525,2.65103889203493,15.7956754234177
2024-11-02,"SHDG",14.208125,9.12423503539963,2.53620002852882,15.6169136862611
2024-11-02,"SHE",9.68166666666667,8.06626571479221,1.84103825847885,14.6271315796938
2024-11-02,"BEL2",10.0088333333333,7.41910101345725,0.793888436631586,14.0223569691445
2024-11-02,"GLKP",3.6095,5.68102912206281,-0.789667205023664,12.367806149567
2024-11-02,"LECU",6.47204166666667,10.2169000110264,3.60233995625467,16.6891443722144
2024-11-02,"SUN2",5.20245833333333,5.83527169337138,-0.477297175391875,12.4824316163253
2024-11-02,"TRAN",17.4391666666667,7.00099038156806,0.624146149679147,13.5024011521276
2024-11-02,"STOK",11.333625,9.50467737791207,2.92535604734527,16.0358295514109
2024-11-02,"BEX",9.06841666666667,11.9779634213048,5.52388995650004,18.5756824336993
2024-11-02,"SEND",6.34141666666667,10.9152398952034,4.67505752698564,17.5361466498725
2024-11-02,"HUL2",5.70175,8.01746093762705,1.63565553595468,14.5392670555382
2024-11-02,"PEMB",10.4687916666667,8.66171103383804,1.92185860250862,15.1136822152036
2024-11-02,"WFEN",6.3465,11.0628254677783,4.51723644078353,17.8900581882601
2024-11-02,"OSY",5.17304166666667,10.3911231384397,3.89710563147743,16.9358248887428
2024-11-02,"ACTH",4.62370833333333,5.00859763185184,-1.50526625654188,11.6360238697885
2024-11-02,"COPP",15.368625,7.88615968431076,1.51987155984432,14.4665961467426
2024-11-03,"EB",9.02725,8.26754531165702,1.78248634175506,14.7151119797614
2024-11-03,"IMGM",8.26641666666667,7.85975254321075,1.45223911288213,14.5333122150565
2024-11-03,"PRES",13.467,9.89167368649577,3.35128760483504,16.2486602237485
2024-11-03,"BIRR",11.2097916666667,9.79283748554634,3.14379937456222,16.4003537169112
2024-11-03,"BLC2",15.4000416666667,9.85510460119617,3.45930134757512,16.0723385321911
2024-11-03,"BOTR",16.8004166666667,12.9794633269349,6.66072422244585,19.435171539929
2024-11-03,"GHSR",3.15941666666667,6.47393906238129,-0.170386050555994,13.0113970490824
2024-11-03,"LEAM",9.56370833333333,7.91508914876355,1.55675926067703,14.2622319559854
2024-11-03,"NPT3",13.811,10.1663084806776,3.78499196709149,16.7861575221288
2024-11-03,"REA1",14.9125416666667,9.64181239644309,3.05636125932822,15.8824062251357
2024-11-03,"SOUT",12.553125,9.85708444283207,3.35758626268303,16.120254731921
2024-11-03,"WREX",16.7139166666667,9.8921275449814,3.44087572629866,16.4557820697748
2024-11-03,"LEAR",9.5245,7.77847752516488,1.29305029115196,14.4412058169611
2024-11-03,"PLYM",11.2490416666667,10.1164405044674,3.83295225344992,16.776720444829
2024-11-03,"SHDG",12.5777083333333,10.7069647266793,4.18594000664858,17.4010456739887
2024-11-03,"SHE",9.97945833333333,8.78353797143132,2.34331953788363,15.2309084425212
2024-11-03,"BEL2",9.89191666666667,8.88119313466964,2.09170338048697,15.4477146016172
2024-11-03,"GLKP",3.01604166666667,6.14724714628158,-0.471349159159189,12.6003250907304
2024-11-03,"LECU",9.47629166666667,7.57998500453527,1.01096107276465,13.9870044180804
2024-11-03,"SUN2",11.9074583333333,6.81286846110946,0.390168331148783,13.2464988225572
2024-11-03,"TRAN",14.7022916666667,11.9092280438315,5.1682679026258,18.6412697420015
2024-11-03,"STOK",12.6013333333333,9.54310001266532,3.16808265548444,16.2193948814418
2024-11-03,"BEX",14.5873333333333,8.75135367788626,2.03307881428327,15.1304894055826
2024-11-03,"SEND",13.5151666666667,7.56922268320063,1.09961318342686,14.1806247938145
2024-11-03,"HUL2",8.69108333333333,7.13820007460379,0.610031689963896,13.7362950402353
2024-11-03,"PEMB",9.40354166666667,9.13776834548123,2.54331968105189,15.8165892462894
2024-11-03,"WFEN",12.2680833333333,7.5809064110021,0.787267441264901,13.9148617064623
2024-11-03,"OSY",9.21591666666667,7.0585040552703,0.398294015197091,13.3698030146271
2024-11-03,"ACTH",0.996458333333333,6.5289598902714,0.0778559487955595,13.1064024257527
2024-11-03,"COPP",13.8797916666667,11.1092860353966,4.57658772530866,17.4963123679233
2024-11-04,"EB",15.368625,9.07502115490306,2.46742028254171,15.5466891537072
2024-11-04,"IMGM",16.4201666666667,8.74083735606589,2.10694619668755,15.3927530454924
2024-11-04,"PRES",22.6365833333333,11.0019095794308,4.36012182650931,17.5720361991892
2024-11-04,"BIRR",21.716875,10.0622750750186,3.46980791086704,16.7765669864736
2024-11-04,"BLC2",22.3831666666667,11.7989852383747,5.17210598082268,18.3012699446441
2024-11-04,"BOTR",23.4897083333333,12.5530476831924,6.21273632645993,18.7826897201715
2024-11-04,"GHSR",7.81945833333333,6.56304683195368,0.191190774520582,13.1405646785357
2024-11-04,"LEAM",21.0319166666667,9.27246599362912,2.58924218679962,15.7222943681313
2024-11-04,"NPT3",15.4334583333333,11.158266896884,4.48261116677974,17.7119298830572
2024-11-04,"REA1",18.7372916666667,11.5752963951998,4.98112935283957,18.0242867475973
2024-11-04,"SOUT",14.4605833333333,10.6116552264183,4.14372337119586,17.133763039027
2024-11-04,"WREX",23.8837916666667,12.3385423656954,6.03037210577166,18.9098738166123
2024-11-04,"LEAR",20.2782083333333,9.24961437363646,2.71894365994494,16.1607572317349
2024-11-04,"PLYM",15.907125,10.098690605996,3.58933459826343,16.4213066845263
2024-11-04,"SHDG",24.2915416666667,10.6804955653063,4.07829977706112,17.415463066567
2024-11-04,"SHE",20.8353333333333,9.50083361016879,2.8748151245581,15.9045997079333
2024-11-04,"BEL2",12.3467916666667,9.47285516778164,3.02065937783366,16.1127089329634
2024-11-04,"GLKP",7.876375,6.48792874313996,0.148769613089548,13.2237688896396
2024-11-04,"LECU",17.3330416666667,9.21515064940751,2.69595839909774,15.6060251037552
2024-11-04,"SUN2",14.9824166666667,10.1839054009953,3.60663342980205,16.6609817659448
2024-11-04,"TRAN",22.6367083333333,11.6335667967721,5.11399528803125,18.2412974095945
2024-11-04,"STOK",23.3069166666667,10.6196949214848,4.07882266013687,17.0458628040388
2024-11-04,"BEX",18.620375,11.3809350347391,4.74159462591775,17.9412816628668
2024-11-04,"SEND",17.3546666666667,10.8730711830883,4.65556157563751,17.2308268896046
2024-11-04,"HUL2",19.0989166666667,8.87331016094138,2.44719867912456,15.3655680887121
2024-11-04,"PEMB",11.951625,9.28327799795039,3.09971137162827,15.8317329349131
2024-11-04,"WFEN",19.000625,10.3602903544313,3.89329583147542,16.9193128494116
2024-11-04,"OSY",14.5214583333333,9.07619548827904,2.3880687534587,15.6016954808546
2024-11-04,"ACTH",8.0975,5.68218680877481,-0.841913144414994,11.9174335335486
2024-11-04,"COPP",22.8349166666667,11.2444911077586,4.49191636473283,17.5795288970983
2024-11-05,"EB",26.1292916666667,14.5496831737919,8.25712676542545,21.207749812675
2024-11-05,"IMGM",27.3389583333333,14.9635007680996,8.50410887888753,21.5901003061848
2024-11-05,"PRES",25.3795,17.6477947391986,11.368150445617,24.056388401748
2024-11-05,"BIRR",21.177375,17.2141595029066,10.5465593378233,23.6998372843118
2024-11-05,"BLC2",31.7719166666667,17.5909898720109,11.1477517627904,24.0987187732573
2024-11-05,"BOTR",30.0670416666667,18.0804468513776,11.5880033673154,24.5544208367195
2024-11-05,"GHSR",24.6916666666667,11.3008813565573,4.90970003080455,17.5540871426098
2024-11-05,"LEAM",20.58775,16.8920653243099,10.3932639338671,23.1181092243804
2024-11-05,"NPT3",26.6136666666667,14.6937030413051,8.37140683627506,21.2865907451593
2024-11-05,"REA1",28.5968333333333,16.0795401436777,9.36024800128934,22.4063892751123
2024-11-05,"SOUT",24.38,14.2627168450262,7.85451354876593,20.6362592000025
2024-11-05,"WREX",25.5524166666667,18.2404050383284,11.7795285592418,24.7797070539522
2024-11-05,"LEAR",19.5647916666667,16.5811152200809,10.2063833335149,22.9936040644
2024-11-05,"PLYM",19.502875,14.8256646462672,8.40193090857873,21.2812306412338
2024-11-05,"SHDG",27.338875,18.3066366680281,11.6726792832963,25.0504178336328
2024-11-05,"SHE",27.1010833333333,16.8214129055795,10.3578827329367,23.4069933914507
2024-11-05,"BEL2",19.4645416666667,13.3280632049829,6.88400637118083,19.6514104960101
2024-11-05,"GLKP",26.883875,11.3207730006492,5.02900660835388,17.9267307517873
2024-11-05,"LECU",26.27075,15.3686323830823,8.66311087216616,21.9576662723822
2024-11-05,"SUN2",31.4890416666667,14.461499098408,8.03659557215367,20.6382260591489
2024-11-05,"TRAN",25.372625,17.6781503233424,10.9725237292782,24.0204443807251
2024-11-05,"STOK",25.5396666666667,17.902255640109,11.5136299465455,24.399152304789
2024-11-05,"BEX",33.337375,16.0234761684787,9.54850077250285,22.5745996890598
2024-11-05,"SEND",27.4057916666667,15.476608077997,8.75307203401901,21.8489309113532
2024-11-05,"HUL2",36.3661666666667,16.0756459443498,9.61151755402541,22.8359881631725
2024-11-05,"PEMB",14.9715833333333,13.1535566274826,6.91324756919153,19.7372093061584
2024-11-05,"WFEN",22.9314583333333,16.1229711053007,9.52974621564088,22.2932916210957
2024-11-05,"OSY",21.8455833333333,14.205885373271,7.76811957393163,20.91554241012
2024-11-05,"ACTH",13.7589166666667,11.362173779062,5.04760260016967,18.0608178468705
2024-11-05,"COPP",22.1433333333333,17.739492688223,11.3298014676455,24.2994934422548
2024-11-06,"EB",15.4620416666667,21.1289154168651,14.8720629156168,27.6323594166563
2024-11-06,"IMGM",19.7505,21.6522284890367,15.2340199176422,27.9699506124345
2024-11-06,"PRES",18.7245416666667,20.9988355789116,14.6921698851097,27.2747102641764
2024-11-06,"BIRR",16.4328333333333,19.2480061416297,12.7263544060242,25.9095478789218
2024-11-06,"BLC2",22.3664583333333,23.6217180284937,16.8469057305332,30.4964305826787
2024-11-06,"BOTR",16.83175,22.9476757456055,16.5428808975735,29.7110439067123
2024-11-06,"GHSR",12.4734583333333,20.3524469807478,13.7287297138348,26.7072561625068
2024-11-06,"LEAM",11.697125,18.9886993635159,12.2421360328889,25.1958861470098
2024-11-06,"NPT3",18.6204166666667,21.3297216388543,14.9800368400648,27.8104507445299
2024-11-06,"REA1",11.026,22.2264161704398,15.6937876900773,28.7667315945005
2024-11-06,"SOUT",10.8737083333333,20.3871835098473,13.8379685990931,26.9813876229584
2024-11-06,"WREX",15.89825,21.1005499659644,14.5770763788441,27.754097179739
2024-11-06,"LEAR",11.0064166666667,18.5494829051404,11.9662550774069,25.2118587869827
2024-11-06,"PLYM",12.1639583333333,18.416786154375,11.6813646437369,24.8459453093922
2024-11-06,"SHDG",18.468,21.8452947770878,15.4667768106204,28.149259960737
2024-11-06,"SHE",21.575375,21.6627071494872,15.1743466738197,27.6617716446675
2024-11-06,"BEL2",9.07629166666667,18.3136781713747,11.9993872324178,24.8119638399
2024-11-06,"GLKP",12.780125,21.2554636681917,14.7188542657678,27.6811410441401
2024-11-06,"LECU",11.9153333333333,21.2352860458859,14.8981072324969,27.7277941661682
2024-11-06,"SUN2",23.6547916666667,23.3238208519342,16.7099319036414,30.0452063983158
2024-11-06,"TRAN",16.5941666666667,20.9960110672978,14.4005858599541,27.5860833141716
2024-11-06,"STOK",24.0715,21.0811541970426,14.7571687840682,27.5216648920878
2024-11-06,"BEX",28.7540416666667,24.1732573329026,17.5555500085369,30.7221056699121
2024-11-06,"SEND",16.2912916666667,21.7026411285087,15.2575820150143,28.0397200701135
2024-11-06,"HUL2",30.1299166666667,25.4306907386647,19.0679589705126,32.1031357240752
2024-11-06,"PEMB",14.1108333333333,16.456101666981,9.98910530692033,22.9718082661673
2024-11-06,"WFEN",15.4825833333333,19.9027976662427,13.2132548487939,26.4933514531522
2024-11-06,"OSY",20.96025,19.3463116447109,12.6720693648988,25.8454325748002
2024-11-06,"ACTH",5.44516666666667,15.8628017716886,9.54927296572227,22.517950848028
2024-11-06,"COPP",19.3779583333333,19.6727172317982,13.271006215027,26.1931005766079
2024-11-07,"EB",13.7314583333333,11.6560239989086,4.87182311507444,18.152209010198
2024-11-07,"IMGM",14.9430833333333,13.4494742200367,6.87906012491611,19.8874971488656
2024-11-07,"PRES",9.63445833333333,12.9794444518908,6.58844570862137,19.529958794849
2024-11-07,"BIRR",14.774,11.9338147518797,5.69893161824287,18.5385760337725
2024-11-07,"BLC2",10.5219583333333,14.6341255890377,8.03174527923501,21.2088370511951
2024-11-07,"BOTR",15.2162916666667,12.3159641214483,5.62197435842393,18.6506279082753
2024-11-07,"GHSR",5.93854166666667,10.3915994097599,4.12651341097816,16.9655731812954
2024-11-07,"LEAM",14.6267083333333,9.97162858322572,3.5136805115565,16.6266563603037
2024-11-07,"NPT3",12.7240833333333,12.9668960712304,6.78833745140724,19.6333549641491
2024-11-07,"REA1",16.0997083333333,9.89208437120711,3.38529539901332,16.876754850481
2024-11-07,"SOUT",17.1738333333333,9.72600188168317,3.33321678624481,16.3677028119076
2024-11-07,"WREX",8.74808333333333,11.8212776492285,5.45750928727163,18.2600200198833
2024-11-07,"LEAR",14.4320833333333,9.66245602284202,3.00649901850152,16.0815853831598
2024-11-07,"PLYM",17.6425416666667,10.1370155534101,3.37377793760519,16.8079371937873
2024-11-07,"SHDG",13.1594583333333,12.9220003312248,6.45006315810926,19.5414684835478
2024-11-07,"SHE",12.26125,14.1941807232243,7.64490790160405,20.5379662131897
2024-11-07,"BEL2",9.940125,8.86616698717942,2.31195850515216,15.3374594473284
2024-11-07,"GLKP",5.52966666666667,10.5715057825779,4.15448833985116,17.1483029959449
2024-11-07,"LECU",13.502375,10.2007895478128,3.65604357670482,16.598256153416
2024-11-07,"SUN2",15.98575,15.157057101555,8.6684657157187,21.6132407530419
2024-11-07,"TRAN",10.407,12.1030864527375,5.41040375989126,18.6438158152368
2024-11-07,"STOK",12.9500833333333,15.1824925488061,8.72786863487152,21.7504631740712
2024-11-07,"BEX",20.3864285714286,17.299640804763,10.8272332991807,23.7037275074004
2024-11-07,"SEND",23.6685833333333,12.028396426344,5.58550257204561,18.497135141334
2024-11-07,"HUL2",15.3213333333333,17.939818614482,11.4968256600398,24.3870149001999
2024-11-07,"PEMB",15.5425,10.8265726231528,4.09585281007411,17.4604793324096
2024-11-07,"WFEN",21.7415,11.5860232162133,5.19683799491309,18.27064272709
2024-11-07,"OSY",21.2687916666667,13.8122616783434,7.1285249006398,20.2276803620808
2024-11-07,"ACTH",4.61579166666667,7.23277266314286,0.376729456591311,14.0157837387732
2024-11-07,"COPP",12.4872083333333,13.1687946939015,6.69810831110278,19.8866664822629
2024-11-08,"EB",15.2437083333333,11.0459813726354,4.43911439698847,17.6129528523493
2024-11-08,"IMGM",19.3504583333333,11.6495079117955,5.10091405678451,18.2987422584367
2024-11-08,"PRES",23.6959583333333,9.44098610487703,3.18940815810133,16.0142136861655
2024-11-08,"BIRR",24.8979166666667,11.4985776324894,4.81672419009505,18.0475327211044
2024-11-08,"BLC2",23.3638333333333,9.89534422924119,3.52870189488527,16.3989082511498
2024-11-08,"BOTR",25.4373333333333,11.690271380974,5.27307097077492,18.2836992248322
2024-11-08,"GHSR",11.571375,7.76756281606774,1.27669325423428,14.2729967107675
2024-11-08,"LEAM",23.25775,11.3218225225561,4.95948387535687,17.805698282736
2024-11-08,"NPT3",17.9432916666667,10.7091453147929,4.38699265631332,17.0520865148858
2024-11-08,"REA1",24.7927083333333,11.9111799483727,5.42859525656375,18.2623538355563
2024-11-08,"SOUT",18.7402916666667,12.3492144517738,5.92433133649061,18.9485231589952
2024-11-08,"WREX",23.6213333333333,9.00709958660042,2.49580973001213,15.6031824457959
2024-11-08,"LEAR",22.996375,11.2248319007079,4.63104309056641,17.6300775643967
2024-11-08,"PLYM",12.1050416666667,12.5736391431761,6.10428043333001,19.1947109249423
2024-11-08,"SHDG",25.3577916666667,10.884469039678,4.29160069165586,17.3078557908236
2024-11-08,"SHE",22.5935,10.5912803629765,4.18324559848743,17.3231254794729
2024-11-08,"BEL2",16.99,9.33001108447631,2.87807035243465,16.0018737571783
2024-11-08,"GLKP",11.3552083333333,7.60692218035655,0.901562234084136,14.0121223962288
2024-11-08,"LECU",22.2957083333333,10.8647551980914,4.41476015600202,17.6132404681817
2024-11-08,"SUN2",28.7922916666667,12.1741202005177,5.31702246256303,18.6216615014858
2024-11-08,"TRAN",23.3855,9.70645784381465,3.10588888167536,16.1719402080898
2024-11-08,"STOK",25.7744583333333,10.9358214885301,4.15608658849658,17.4639303862503
2024-11-08,"BEX",23.0268333333333,14.1091440735707,7.3082157200511,20.8316213474388
2024-11-08,"SEND",18.114375,15.1533059381146,8.68917019577525,21.6787294841878
2024-11-08,"HUL2",22.4342083333333,12.0597039553361,5.67600531649184,18.4853974189251
2024-11-08,"PEMB",10.9611666666667,11.7576861539709,5.09153476215771,18.2630340492049
2024-11-08,"WFEN",21.5685,14.3408879926034,7.81972293073854,20.8332911262935
2024-11-08,"OSY",19.5227142857143,14.2808486881061,7.50568400927409,20.801795230981
2024-11-08,"ACTH",12.7997916666667,7.05111874455756,0.50188326602555,13.3358118274578
2024-11-08,"COPP",25.5023333333333,10.6303064073748,4.3219372925043,17.1351699457677
2024-11-09,"EB",15.24075,15.3286905812297,8.89399983704715,21.7307765594891
2024-11-09,"IMGM",18.7058333333333,17.0474550978024,10.338345798507,23.7581358477675
2024-11-09,"PRES",27.0332916666667,18.7044589257833,12.3697371173784,25.2586792286228
2024-11-09,"BIRR",29.5559583333333,19.3248884940237,12.7316081825703,25.7909774713031
2024-11-09,"BLC2",30.9297916666667,18.5896333465351,12.2161491060279,25.0688136232139
2024-11-09,"BOTR",29.036125,19.5575922851239,13.0860668155391,26.0515528629123
2024-11-09,"GHSR",17.3723333333333,13.6271424887736,7.05801819879853,20.188247365035
2024-11-09,"LEAM",25.139625,18.6467006813018,12.0443599147687,25.2662711075581
2024-11-09,"NPT3",34.0322083333333,16.414273331618,9.93501282390435,22.9774022672744
2024-11-09,"REA1",23.754,19.3141402556529,12.8773324851922,25.6629395775148
2024-11-09,"SOUT",22.082375,16.8512280122341,10.4367154950658,23.2257489839825
2024-11-09,"WREX",32.616125,18.6520223002229,12.3535977388485,25.0328847566454
2024-11-09,"LEAR",23.7864166666667,18.5344267622126,11.9365273731521,25.27385231143
2024-11-09,"PLYM",19.6796666666667,14.1337536112088,7.37794177473025,20.4717596169878
2024-11-09,"SHDG",21.81325,19.4744198304114,12.9799406730781,25.6576794109097
2024-11-09,"SHE",22.0332916666667,18.3154758041136,11.6272461777654,24.7553379847789
2024-11-09,"BEL2",31.5784583333333,15.9539035743156,9.44514546924767,22.4223252972627
2024-11-09,"GLKP",16.7836666666667,13.5282060571525,6.90074824200937,20.1966220032221
2024-11-09,"LECU",23.5977916666667,18.2234461066574,11.7519509027012,24.9782280184441
2024-11-09,"SUN2",8.870875,20.9563096186391,14.0454286684027,27.5356392464395
2024-11-09,"TRAN",34.047,18.5957243441119,12.17896997391,25.089134252154
2024-11-09,"STOK",32.3615416666667,19.6406518136973,13.0823797743817,26.1206938342618
2024-11-09,"BEX",25.4089166666667,18.6930257800848,12.0665833955523,25.1487396512084
2024-11-09,"SEND",23.419875,16.7531276449647,10.4900790227548,23.2163072220462
2024-11-09,"HUL2",12.553125,18.3250316365948,11.8369573438639,24.8182028128729
2024-11-09,"PEMB",22.29375,13.6117778040452,6.89251142011656,20.0423377856617
2024-11-09,"WFEN",24.3780416666667,18.126479093847,11.6134520166478,24.5663513594131
2024-11-09,"OSY",20.3322916666667,17.2734834992753,10.7690577801386,23.615225714161
2024-11-09,"ACTH",10.5179166666667,14.0999210174007,7.30064124375993,20.447835607441
2024-11-09,"COPP",35.794125,19.5173758819816,13.0877165620834,26.038656052062
2024-11-10,"EB",15.398,15.4900683853011,8.81776844906211,22.1578301275863
2024-11-10,"IMGM",23.997875,17.0159488141686,10.8044398001103,23.5869672213009
2024-11-10,"PRES",19.8682916666667,20.5475037312655,13.9716197594586,27.121550247838
2024-11-10,"BIRR",18.2155416666667,21.6145228341183,14.9473478321738,28.0519184460526
2024-11-10,"BLC2",20.6525833333333,22.141924494988,15.6966246950686,28.7880850254689
2024-11-10,"BOTR",20.9709583333333,21.413956624047,14.9186555570487,27.8422541383455
2024-11-10,"GHSR",12.4430833333333,16.2766650184646,9.64730177031083,22.8901027970377
2024-11-10,"LEAM",18.8100833333333,19.7579186346103,13.2411065455743,26.3321272280502
2024-11-10,"NPT3",25.4452916666667,23.2849223868144,16.7910031780064,29.789961532557
2024-11-10,"REA1",19.7151666666667,19.2256887143537,12.6414862582077,26.0295412393917
2024-11-10,"SOUT",14.247375,18.3896980704903,11.9966248904978,24.8447346933807
2024-11-10,"WREX",12.4254166666667,22.8418035538606,16.1116361634702,29.1557022235323
2024-11-10,"LEAR",18.1318333333333,19.194953526478,12.6366531412412,25.726939183628
2024-11-10,"PLYM",12.3496666666667,17.2387264170926,10.8655190960092,23.7291405725754
2024-11-10,"SHDG",18.3650416666667,18.4413517417498,11.9696151380878,24.9971980269402
2024-11-10,"SHE",20.1101666666667,18.4640377784907,11.8772713151536,24.8399527991192
2024-11-10,"BEL2",11.7797916666667,22.2523479028045,15.6178032277725,28.9229995330466
2024-11-10,"GLKP",11.8790416666667,16.0292527841874,9.47440715588325,22.6665556024876
2024-11-10,"LECU",20.751875,19.1001863113445,12.6860380653159,25.4597674757231
2024-11-10,"SUN2",8.608625,13.2026139767207,6.52789723528008,19.8103773683755
2024-11-10,"TRAN",19.1057916666667,23.4245142120431,16.813086649947,30.1495203912877
2024-11-10,"STOK",22.4058333333333,22.7899179392955,16.1845745245665,29.2401337936767
2024-11-10,"BEX",21.33275,19.8630091651014,13.3507955760526,26.4720212390096
2024-11-10,"SEND",22.712375,18.924435552989,12.4445929607732,25.5399768621075
2024-11-10,"HUL2",27.8952083333333,14.5610883219686,7.92189076795055,20.9977820347274
2024-11-10,"PEMB",8.47491666666667,18.2857957600185,11.8108327237522,24.7364008672453
2024-11-10,"WFEN",21.2245416666667,19.4032508480609,12.6943415481778,25.786164419854
2024-11-10,"OSY",21.2598333333333,17.6891110313263,11.0452725159743,24.3142493523311
2024-11-10,"ACTH",6.67266666666667,13.4876880184325,6.93000642858776,20.0095519266744
2024-11-10,"COPP",18.8041666666667,24.1950090791997,17.5956066057816,30.8289719397807
2024-11-11,"EB",8.797125,12.1179406937828,5.73673204539301,18.7826717465041
2024-11-11,"IMGM",6.53408333333333,15.7399378709563,9.36526597582667,22.2803716838526
2024-11-11,"PRES",10.6270416666667,14.2457951481662,7.81467196037256,20.8746174236528
2024-11-11,"BIRR",10.5995416666667,13.6279314251722,7.05897604001393,19.8764698623306
2024-11-11,"BLC2",9.193125,14.6639507651683,8.00439745605364,21.212488868985
2024-11-11,"BOTR",9.02133333333333,14.7484379087721,8.1019207313259,21.1528051412231
2024-11-11,"GHSR",9.50679166666667,10.9549224833736,4.46752511584056,17.5008338626808
2024-11-11,"LEAM",9.02625,13.7641154692266,7.323118518972,20.6084452457243
2024-11-11,"NPT3",9.37116666666667,16.7112239289564,9.83936864522372,23.2063288785218
2024-11-11,"REA1",8.68525,14.1023696929037,7.57178499051104,20.5404893356336
2024-11-11,"SOUT",7.34379166666667,11.8125456745794,5.48626885019825,18.2842800195541
2024-11-11,"WREX",8.388375,11.3216171426997,4.67273424344869,17.8714591951444
2024-11-11,"LEAR",8.49654166666667,13.4519651305316,7.14408252197156,19.9050284248244
2024-11-11,"PLYM",10.5209583333333,10.9731051931697,4.23835825576593,17.6610938404137
2024-11-11,"SHDG",9.24245833333333,13.4994742852987,6.9953885756664,20.2171329438175
2024-11-11,"SHE",7.50304166666667,14.2226144934657,7.44084762995557,20.6059827008586
2024-11-11,"BEL2",12.9354166666667,11.0306258151919,4.57944381611521,17.8248294024403
2024-11-11,"GLKP",9.1825,10.7084999502571,4.29822248710161,17.0235126548558
2024-11-11,"LECU",9.45366666666667,14.5249192329698,8.02354182777955,21.1204117560906
2024-11-11,"SUN2",7.27308333333333,9.169313014659,2.45928514995061,15.6762019870296
2024-11-11,"TRAN",9.88504166666667,14.1042513142274,7.72079882814557,20.6766762180086
2024-11-11,"STOK",11.419,15.4201582838891,9.07852754597149,21.9835085285362
2024-11-11,"BEX",9.16675,14.8082543945708,8.36055484265187,21.32739953402
2024-11-11,"SEND",8.25870833333333,15.3268770385224,8.82283337000002,21.8927415141133
2024-11-11,"HUL2",7.70541666666667,17.1919108283146,10.8991067958719,23.844482937742
2024-11-11,"PEMB",6.39445833333333,9.44361085738831,2.84453228784143,16.0894500519659
2024-11-11,"WFEN",7.96983333333333,14.7384606045254,8.34752460444119,21.2786965070181
2024-11-11,"OSY",8.16529166666667,14.6537251715331,8.11256108755626,21.0665414383877
2024-11-11,"ACTH",5.86770833333333,8.4134893788059,1.88045810467652,14.6084779261964
2024-11-11,"COPP",10.425625,14.0230582191341,7.52520841282775,20.5125552371576
2024-11-12,"EB",4.79175,6.52204529214772,-0.00249311212542072,12.7440056768839
2024-11-12,"IMGM",10.6800833333333,5.80226438413087,-0.642281126832882,12.4256979619801
2024-11-12,"PRES",13.447375,7.38432609143866,0.97699304516554,14.0824591131597
2024-11-12,"BIRR",10.4540833333333,7.3324705180364,0.790821521301253,13.9009252836749
2024-11-12,"BLC2",10.1709166666667,6.81381922330358,0.234125136227862,13.341877935339
2024-11-12,"BOTR",8.86408333333333,6.75097441924036,0.121466269774799,13.3360789796399
2024-11-12,"GHSR",10.3361666666667,6.74142988883023,0.0686595984160207,13.492400684341
2024-11-12,"LEAM",8.22533333333333,6.69998598319601,0.274089578461831,13.4639790504802
2024-11-12,"NPT3",7.97070833333333,7.00461964291086,0.530611510062702,13.4336522187393
2024-11-12,"REA1",6.686375,6.58194161196699,0.235369025965808,13.1364457792378
2024-11-12,"SOUT",6.80033333333333,5.89608528468231,-0.757826600234079,12.5092778498456
2024-11-12,"WREX",9.22570833333333,6.28100951001993,-0.164591883785894,12.8421908141595
2024-11-12,"LEAR",7.464625,6.46548654558872,0.0705678683249192,13.1598401397171
2024-11-12,"PLYM",6.68345833333333,7.15624880513961,0.6314449099354,13.4348988542212
2024-11-12,"SHDG",10.7017083333333,6.77799126904789,0.36215385753942,13.2655791133629
2024-11-12,"SHE",10.6752083333333,6.10540827378336,-0.225652593213961,12.555971512577
2024-11-12,"BEL2",19.4615833333333,8.13529692903367,1.71514631202952,14.5494805814717
2024-11-12,"GLKP",10.282125,6.5942168165837,0.19977587210607,12.7960177166183
2024-11-12,"LECU",8.718625,6.92341168843676,0.227903782893122,13.5706797197382
2024-11-12,"SUN2",10.5346666666667,5.72867426420644,-0.872298855792341,12.3720320544818
2024-11-12,"TRAN",13.420875,7.06044764815303,0.379288438782295,13.6717264046449
2024-11-12,"STOK",12.6139583333333,7.77229692231266,1.3766082912229,14.1837430892159
2024-11-12,"BEX",6.423,6.81965745327128,0.279057499251006,13.3880518408121
2024-11-12,"SEND",5.52579166666667,6.48003932217096,-0.356972027466299,13.0037147240781
2024-11-12,"HUL2",10.789125,6.37962452384677,-0.125387750326344,13.0445657135741
2024-11-12,"PEMB",5.95129166666667,5.3640296486112,-0.840401621658366,11.7995093337338
2024-11-12,"WFEN",5.95420833333333,6.32473010539967,-0.271828458587131,12.6219289654084
2024-11-12,"OSY",4.9354347826087,6.40598478313619,0.0281463954191237,13.0513443556377
2024-11-12,"ACTH",3.02879166666667,5.10317295983044,-1.70151938795495,11.6111194359388
2024-11-12,"COPP",13.1034166666667,7.2753815079479,0.613205089144279,13.5245905460049
2024-11-13,"EB",9.50079166666667,6.62684357310442,0.0211112818777353,13.3004504441315
2024-11-13,"IMGM",12.341875,8.99310445001993,2.37013468418969,15.422973964046
2024-11-13,"PRES",16.556625,10.2316559316182,3.73549214148215,16.5707015508436
2024-11-13,"BIRR",15.9975,8.99988806463142,2.58486291141743,15.7498362388801
2024-11-13,"BLC2",11.4219583333333,8.84892390810189,2.32186001420736,15.1089312659614
2024-11-13,"BOTR",11.8720833333333,8.30722975783115,1.68047842204383,15.116512885902
2024-11-13,"GHSR",3.69591666666667,8.92458347412958,2.31362367364164,15.4159899930653
2024-11-13,"LEAM",15.121,8.04464266147551,1.64511560876121,14.4028983881723
2024-11-13,"NPT3",12.012625,7.9483809454855,1.59057653863794,14.2662152520146
2024-11-13,"REA1",9.79720833333333,7.40332817336161,1.24699263101087,13.6571591321595
2024-11-13,"SOUT",8.10241666666667,7.41728876853297,1.06899287903435,13.8522930434988
2024-11-13,"WREX",8.184,8.44043263356327,1.88363958499038,14.7984161345608
2024-11-13,"LEAR",13.8237083333333,7.7187806232309,0.957202127276733,14.2526421185898
2024-11-13,"PLYM",11.0202083333333,7.44716218932163,0.8833354295905,13.914557082952
2024-11-13,"SHDG",8.03466666666667,9.06844032058689,2.66127031384315,15.4028486449135
2024-11-13,"SHE",10.9189166666667,9.01486992471483,2.32954453745,15.686391088121
2024-11-13,"BEL2",8.79729166666667,12.7618331812593,6.31150123903074,19.4016778304852
2024-11-13,"GLKP",2.935375,8.89440147370841,2.18428007885938,15.3222445352492
2024-11-13,"LECU",15.326375,8.258011060477,1.54552596914723,14.6550813900329
2024-11-13,"SUN2",5.6575,8.9514260357887,2.44996090393451,15.4757794674085
2024-11-13,"TRAN",8.30775,10.2025541601742,3.88112859141441,16.6682089799085
2024-11-13,"STOK",14.9323333333333,9.90831323774217,3.61472945503456,16.3980399673221
2024-11-13,"BEX",9.88995833333333,7.30681838375427,0.913735774086093,13.9403420154273
2024-11-13,"SEND",9.49295833333333,6.91553479446183,0.243663934513136,13.332673179061
2024-11-13,"HUL2",15.5100833333333,9.06668670046529,2.56330279360041,15.4337529800332
2024-11-13,"PEMB",6.918375,7.04480239575797,0.531201589870283,13.706646687747
2024-11-13,"WFEN",9.9175,7.0846490718953,0.238278930313302,13.6284386836915
2024-11-13,"OSY",8.10145833333333,6.67043870351176,0.583088182139511,13.3251800944485
2024-11-13,"ACTH",1.68433333333333,5.82990241454351,-0.542210815411112,12.5006884396206
2024-11-13,"COPP",15.4412916666667,10.0852501883325,3.60972709774963,16.5742115961218
2024-11-14,"EB",14.483125,8.99327776361901,2.59835959303033,15.5551737781461
2024-11-14,"IMGM",9.44191666666667,10.3062227209079,3.62476240150164,16.7785154825978
2024-11-14,"PRES",7.91966666666667,12.1075695318556,5.67579850814127,18.6783446806494
2024-11-14,"BIRR",12.705375,11.8041788879974,5.04406823833761,18.6827495349339
2024-11-14,"BLC2",11.0495,9.91538475642645,3.43552665254711,16.2010753588591
2024-11-14,"BOTR",9.90179166666667,10.0684547733951,3.48296086663288,16.7377863504236
2024-11-14,"GHSR",5.29983333333333,6.74184065874494,0.140996101917523,13.0504116522881
2024-11-14,"LEAM",9.218875,11.3890126915269,4.99683962524267,18.0417412252223
2024-11-14,"NPT3",10.188875,10.1043410503829,3.9082376906778,16.6900390033296
2024-11-14,"REA1",10.959125,9.16166816055836,2.63963383690363,15.9334333171362
2024-11-14,"SOUT",12.9256666666667,8.46742293913613,1.87913020146395,14.9780205566514
2024-11-14,"WREX",10.0560416666667,8.56047616257318,1.91379279131143,15.1738639684752
2024-11-14,"LEAR",8.18491666666667,10.8367955740059,4.16615348299756,17.3315429161115
2024-11-14,"PLYM",8.12504166666667,9.66459705006288,3.06980471763324,16.3133062344257
2024-11-14,"SHDG",10.56025,8.53526696874374,2.14492328033601,14.9044107912277
2024-11-14,"SHE",10.5503333333333,9.72086300523095,3.10447653404482,16.251023616349
2024-11-14,"BEL2",4.354375,9.06381973993901,2.54230557677485,15.7199589517488
2024-11-14,"GLKP",4.22558333333333,6.4277162219245,-0.108093030723678,12.8218354375109
2024-11-14,"LECU",9.4675,11.4855815919132,4.89155000971193,17.8784018455289
2024-11-14,"SUN2",9.16279166666667,7.55347827526023,0.98677022687147,13.8355148801066
2024-11-14,"TRAN",13.1152083333333,8.71428839207633,2.29302661316962,15.3649230689264
2024-11-14,"STOK",11.697125,11.4190788364028,4.91692548302027,17.7817002078537
2024-11-14,"BEX",14.11175,9.19335364466447,2.59654424078971,15.8023758311904
2024-11-14,"SEND",12.6514583333333,9.00806354750826,2.25980161191097,15.4477196985813
2024-11-14,"HUL2",10.9660416666667,11.6119314099069,4.6797292628479,18.1503384083502
2024-11-14,"PEMB",5.51495833333333,7.95961675150041,1.47394557562354,14.5371161973302
2024-11-14,"WFEN",11.693375,9.19318069737171,2.88552626785967,15.6563698968349
2024-11-14,"OSY",10.342,8.42127910295341,2.10783539449886,15.1164376863094
2024-11-14,"ACTH",2.19920833333333,5.73524392509458,-0.700823164338495,12.4020836122852
2024-11-14,"COPP",13.0121666666667,11.6404126922258,4.75741662944712,18.1060657720035
2024-11-15,"EB",10.0484583333333,10.6400026907825,4.06623047570108,17.3027327644726
2024-11-15,"IMGM",11.9762916666667,8.63633136543201,2.25213568625814,15.1791140792173
2024-11-15,"PRES",9.77791666666667,8.11365040231871,1.94010857560738,14.7301735821609
2024-11-15,"BIRR",15.15725,10.0682196418623,3.4676242038537,16.5804404154482
2024-11-15,"BLC2",7.55604166666667,9.27493741807067,2.77374780457239,15.7510971423478
2024-11-15,"BOTR",13.1565,8.81394570739816,2.41632941130562,15.429990717568
2024-11-15,"GHSR",1.963375,6.72065575493763,0.0948504107258817,13.0613012732161
2024-11-15,"LEAM",13.6115,8.61277536773829,2.05518441193888,14.9886561338957
2024-11-15,"NPT3",13.9505833333333,8.93546628268262,2.36331222421343,15.376096984804
2024-11-15,"REA1",14.9606666666667,9.19790925352131,2.62857178663938,15.4365578903572
2024-11-15,"SOUT",11.91725,9.96513992483034,3.43965231007827,16.2559517648064
2024-11-15,"WREX",11.7187083333333,8.78691022241352,2.25991694577577,15.0172310050801
2024-11-15,"LEAR",12.71725,8.15569959872264,1.56321914569906,14.7554386023982
2024-11-15,"PLYM",12.54825,8.06229850535956,1.79171794627769,14.4053754705273
2024-11-15,"SHDG",11.2579583333333,8.99061964243898,2.29330813186283,15.66335019339
2024-11-15,"SHE",10.7647083333333,9.0572974926387,2.59003022164601,15.4546660042522
2024-11-15,"BEL2",5.32229166666667,6.45695071054227,0.026175352538644,12.9009579499298
2024-11-15,"GLKP",1.537125,6.26017621482557,-0.225200983867883,13.0823631808428
2024-11-15,"LECU",12.5806666666667,8.72006913367605,2.13145650853419,15.2235529422239
2024-11-15,"SUN2",2.71825,8.35755061481756,1.84230939645089,14.8556302167437
2024-11-15,"TRAN",6.68920833333333,10.0481326336609,3.22820986919642,16.9155036699448
2024-11-15,"STOK",14.0546666666667,9.62741179151982,2.82489108682786,16.1877788827227
2024-11-15,"BEX",14.1392083333333,10.4968090983162,3.94255467622438,16.9365041561385
2024-11-15,"SEND",10.9217916666667,9.88647516662708,3.26535775122932,16.672950380868
2024-11-15,"HUL2",16.1902083333333,9.34090221087762,2.83736232821231,15.86093096112
2024-11-15,"PEMB",8.63995833333333,6.88818658847174,0.427586309974627,13.3039615533945
2024-11-15,"WFEN",10.89325,9.50284559107933,2.91466610008414,16.047067691583
2024-11-15,"OSY",9.25125,8.90249542304124,2.55307502329181,15.351050835783
2024-11-15,"ACTH",0.8225,5.39606986583394,-0.924145876541222,11.5444746166919
2024-11-15,"COPP",11.229375,10.1807532709379,3.74831460844512,16.6910725869702
2024-11-16,"EB",8.97608333333333,9.27001011205622,2.75735774625978,16.0125181974369
2024-11-16,"IMGM",5.97679166666667,9.9392263722324,3.49375676505945,16.6401113195059
2024-11-16,"PRES",5.14441666666667,8.99772587739109,2.27775627869143,15.4533852322616
2024-11-16,"BIRR",7.55108333333333,11.3275630791188,4.63015111156754,18.010322516601
2024-11-16,"BLC2",5.72029166666667,8.16068510900843,1.59002330375071,14.8305043794701
2024-11-16,"BOTR",5.551375,10.4359089346759,4.09287289502578,17.1206732226037
2024-11-16,"GHSR",6.30116666666667,5.71945947693517,-0.613184493201461,12.0492064153472
2024-11-16,"LEAM",9.59025,10.6062898844715,4.18924271915375,17.1502197042229
2024-11-16,"NPT3",10.960125,10.7695455032009,4.03621863607577,17.2399755652959
2024-11-16,"REA1",11.569375,11.2038724790733,4.74221099057256,17.807700162181
2024-11-16,"SOUT",10.3665833333333,10.0004068248026,3.41628358653812,16.3971451987629
2024-11-16,"WREX",3.429625,9.8483521593106,3.25539874354583,16.3790505675523
2024-11-16,"LEAR",9.032125,10.2131340230995,3.69660345235054,16.9630694495212
2024-11-16,"PLYM",10.3244166666667,10.1421581585886,3.78010805903102,16.7779054828864
2024-11-16,"SHDG",4.33470833333333,9.6712222533903,3.23322036986173,16.3095618522467
2024-11-16,"SHE",3.83558333333333,9.46811310070739,3.03450078720123,15.943117484127
2024-11-16,"BEL2",7.3105,7.07773447643334,0.666075673854255,13.6563808358614
2024-11-16,"GLKP",5.22108333333333,5.51779613422121,-1.06943913853979,12.0914899466749
2024-11-16,"LECU",6.997875,10.1884238039817,3.69063863349778,16.8090901605669
2024-11-16,"SUN2",4.04083333333333,6.12469364285311,-0.320222442433093,12.6291990068667
2024-11-16,"TRAN",4.41825,7.85484630523443,1.4549643992046,14.4979682233677
2024-11-16,"STOK",5.19566666666667,10.8493537092853,4.42287259189654,17.2733610996621
2024-11-16,"BEX",12.9914166666667,10.9433599291665,4.60879422216355,17.3809312167697
2024-11-16,"SEND",12.8046666666667,9.58426377228644,3.09620246813742,15.9669276227819
2024-11-16,"HUL2",6.53795833333333,11.7097330833162,5.2618668217335,18.4484038099428
2024-11-16,"PEMB",3.867,8.47070941880077,2.10995868925844,15.118703608467
2024-11-16,"WFEN",9.10283333333333,9.54902133976185,2.99603150445336,15.9897748706426
2024-11-16,"OSY",12.1158333333333,8.84054093537162,2.47189328918329,15.3499806330668
2024-11-16,"ACTH",3.79325,5.17417121294867,-1.39766346509581,11.6842725232037
2024-11-16,"COPP",4.99504166666667,9.71961679979406,3.07673093386243,16.1890241370231
2024-11-17,"EB",3.2725,7.24124926283914,0.772294357797251,13.6358180441497
2024-11-17,"IMGM",3.530875,6.05498192622195,-0.448963355387692,12.820256198339
2024-11-17,"PRES",4.04295833333333,5.65870879965238,-0.916837915453425,11.7827322638245
2024-11-17,"BIRR",4.03491666666667,6.78049830646304,0.301952995289532,13.5223131651382
2024-11-17,"BLC2",3.220375,5.84104998981542,-0.556301573796484,12.2820164158491
2024-11-17,"BOTR",3.779625,5.90896768928274,-0.558727927023914,12.3419123610038
2024-11-17,"GHSR",5.0305,5.94275534344402,-0.4774184923337,12.5607159995951
2024-11-17,"LEAM",4.00458333333333,7.58125477473628,1.13870891376194,14.3729985882699
2024-11-17,"NPT3",4.329875,8.15298095842651,1.53896477981153,14.837817337612
2024-11-17,"REA1",4.07241666666667,8.42833515288846,1.76151741464595,14.9269283144521
2024-11-17,"SOUT",3.75008333333333,7.85898498380409,1.5489120208506,14.3112511033916
2024-11-17,"WREX",3.68420833333333,5.00105376950961,-1.45600783367739,11.5485453620282
2024-11-17,"LEAR",4.61979166666667,7.32976910252736,0.825003310393809,13.5667939321176
2024-11-17,"PLYM",5.012875,7.85712219592329,1.43020419063128,14.5842137681063
2024-11-17,"SHDG",2.47933333333333,5.36199702553813,-1.28679664064076,11.8447310232144
2024-11-17,"SHE",2.949125,5.14461444609771,-1.52294745875324,11.8792489370779
2024-11-17,"BEL2",3.89041666666667,6.44027902370139,-0.415887032438819,13.0120193338597
2024-11-17,"GLKP",4.54804166666667,5.48807748889615,-1.01809850899554,11.9386265130396
2024-11-17,"LECU",3.85129166666667,6.48976378178215,-0.155908529272877,12.8221229274019
2024-11-17,"SUN2",3.6665,5.03163479957776,-1.43557762788059,11.4023269241046
2024-11-17,"TRAN",4.96166666666667,5.28427581450217,-1.13621314812538,11.9786263138166
2024-11-17,"STOK",5.24575,5.78470433491607,-0.704847098203975,12.3547320295705
2024-11-17,"BEX",4.316125,8.99304624984306,2.27707144711575,15.5877110273007
2024-11-17,"SEND",4.15,8.83730928450217,2.32778739513346,15.1170468649393
2024-11-17,"HUL2",3.69783333333333,6.3891566460799,-0.352137011887228,12.8297244142958
2024-11-17,"PEMB",3.36283333333333,5.10541125687394,-1.35772071104002,11.6252797954
2024-11-17,"WFEN",3.67345833333333,7.31410394927072,0.714264816616723,13.6585425815108
2024-11-17,"OSY",3.64875,8.51302136825656,1.98520686436057,15.0475164970571
2024-11-17,"ACTH",2.272,4.88330117716547,-1.76903419172858,11.5551238985764
2024-11-17,"COPP",5.05991666666667,5.63288041284971,-0.996095091326208,12.3415179500061
2024-11-18,"EB",2.56595833333333,3.94191721134166,-2.62140637292568,10.1973473984085
2024-11-18,"IMGM",6.671625,3.97460411846272,-2.5282364402327,10.8890748830292
2024-11-18,"PRES",8.60947826086957,4.16479602337269,-2.4886076381932,10.6433501269092
2024-11-18,"BIRR",7.87145833333333,4.22052895749955,-2.71786611030554,10.4898140601201
2024-11-18,"BLC2",5.84908695652174,3.84060795106536,-2.727460980789,10.4600778174595
2024-11-18,"BOTR",6.32179166666667,4.0664747145283,-2.59125360718817,10.4416060766988
2024-11-18,"GHSR",7.52266666666667,4.59933358791962,-1.87496265558879,10.8758294883865
2024-11-18,"LEAM",7.59833333333333,4.25807817425963,-2.22714516883008,10.817330041549
2024-11-18,"NPT3",3.32254166666667,4.42547123292805,-2.27532708449329,10.8949550198615
2024-11-18,"REA1",3.90133333333333,4.3345288370235,-2.39767543502496,10.767651417225
2024-11-18,"SOUT",2.68079166666667,4.17245138191168,-2.51577038516489,10.7173306159564
2024-11-18,"WREX",5.201625,3.97518058931272,-2.73833248150023,10.3801902551851
2024-11-18,"LEAR",7.31133333333333,4.4974116515342,-1.85611696286197,11.0130918796162
2024-11-18,"PLYM",3.98783333333333,4.69078306985019,-1.87770523873311,10.943878627057
2024-11-18,"SHDG",5.76941666666667,3.50183817547238,-3.23548749832927,9.79984244222929
2024-11-18,"SHE",5.49133333333333,3.68281147936015,-2.81549590083167,10.1807728286222
2024-11-18,"BEL2",4.60108333333333,4.15519641656661,-2.22495054015989,10.8243262773089
2024-11-18,"GLKP",7.50208333333333,4.37440954869564,-1.79698486312668,11.2220286747976
2024-11-18,"LECU",6.17433333333333,4.13143561046244,-2.71231623268088,10.5931633725773
2024-11-18,"SUN2",7.446,3.9828915956397,-2.49073218458098,10.4923013900732
2024-11-18,"TRAN",6.15279166666667,4.52483182378034,-1.92328932675407,11.1122129542818
2024-11-18,"STOK",8.19970833333333,4.66074236350615,-2.09462381097754,11.4142325466134
2024-11-18,"BEX",5.574,4.46964772134484,-1.96261967703847,11.0969461422714
2024-11-18,"SEND",4.613875,4.39674180124807,-2.07909319551786,10.9774200634152
2024-11-18,"HUL2",7.93054166666667,4.05703796450224,-2.35406888441288,10.5741825716871
2024-11-18,"PEMB",1.64604166666667,3.85373384808296,-2.92381258512229,10.477951567028
2024-11-18,"WFEN",7.48625,4.10993442514132,-2.33752674364395,10.5247095771847
2024-11-18,"OSY",5.40391666666667,4.1736871930275,-2.13628498322686,10.515812209916
2024-11-18,"ACTH",2.50691666666667,3.40328221913777,-2.93766768488521,9.73947090222824
2024-11-18,"COPP",8.35308333333333,4.57939033800075,-1.91899386199002,11.132629649037
2024-11-19,"EB",3.117125,5.05010752485744,-1.6889291713031,11.5510049447261
2024-11-19,"IMGM",3.587875,6.74504135585047,0.300621922521017,13.2494853547946
2024-11-19,"PRES",6.31095833333333,7.55461199706832,1.04037492296819,14.2076576996658
2024-11-19,"BIRR",6.997875,7.25087886515757,0.738538817388394,13.7297396579275
2024-11-19,"BLC2",2.9815,6.39912736014066,-0.224747300224745,12.9166806718605
2024-11-19,"BOTR",5.91008333333333,6.60726280664805,0.26298941836527,13.1853644514153
2024-11-19,"GHSR",6.30116666666667,7.13185005128736,0.861753450863765,13.8689017454791
2024-11-19,"LEAM",6.15866666666667,7.13780276098218,0.538932646662223,13.6411482746972
2024-11-19,"NPT3",3.03466666666667,5.38721773424527,-1.00929564684179,11.8998699107945
2024-11-19,"REA1",5.17429166666667,5.61894957022918,-0.822244698369752,12.2319933851032
2024-11-19,"SOUT",4.372,5.10905272151465,-1.27149795071455,11.5651203640404
2024-11-19,"WREX",5.738125,6.14421531777808,-0.231279090801652,12.7686743169517
2024-11-19,"LEAR",5.46395833333333,7.03485651743332,0.438220595226392,13.7468733842112
2024-11-19,"PLYM",4.87820833333333,5.67759696661579,-0.89908621107022,12.1136871505779
2024-11-19,"SHDG",6.49666666666667,6.34818100428995,-0.204968223985378,12.9704324783508
2024-11-19,"SHE",6.46033333333333,6.24533468238426,-0.39917440985658,12.6318041900803
2024-11-19,"BEL2",6.116375,5.90228078791636,-0.834731876979436,12.3623568822622
2024-11-19,"GLKP",5.03841666666667,7.11154878654916,0.590790993232924,13.757603424265
2024-11-19,"LECU",5.918875,6.54837366689661,-0.0373090690287286,13.056083979969
2024-11-19,"SUN2",5.06091666666667,7.06685662480445,0.653486390835803,13.5501642334848
2024-11-19,"TRAN",4.24241666666667,6.56675364026152,0.354755150726875,12.7416071730766
2024-11-19,"STOK",6.97720833333333,7.41558702928753,0.886048651542275,13.7429830289145
2024-11-19,"BEX",3.96220833333333,6.31286940939898,-0.0889208726229826,12.6928103820211
2024-11-19,"SEND",2.908875,5.91390989490248,-0.698666853314701,12.3287473542184
2024-11-19,"HUL2",4.42116666666667,7.26690957218343,0.602719801370556,13.7622977495005
2024-11-19,"PEMB",1.85013043478261,4.67397649363154,-1.99577240981356,10.990343832127
2024-11-19,"WFEN",3.26566666666667,7.08358151122193,0.415520540970984,13.6770060576457
2024-11-19,"OSY",2.236625,6.2265447978791,-0.40254707205889,12.7357566865926
2024-11-19,"ACTH",2.20716666666667,5.0012803619964,-1.61435108353394,11.6553636632671
2024-11-19,"COPP",5.573875,7.47410886337558,1.19263993843342,13.7962218826141
2024-11-20,"EB",3.682125,4.39538971953938,-2.02843159987138,10.9922544986052
2024-11-20,"IMGM",3.93370833333333,4.68972191412764,-1.59285539872524,11.0252095989671
2024-11-20,"PRES",7.54625,5.85722217665171,-0.482559245892784,12.3641573420531
2024-11-20,"BIRR",4.84570833333333,6.12163496835489,-0.414668875112108,12.5273217755681
2024-11-20,"BLC2",1.92216666666667,4.42015102224015,-2.06865913328312,10.7851275667147
2024-11-20,"BOTR",4.913625,5.63622714268068,-0.94790008206389,12.2563252509033
2024-11-20,"GHSR",3.74216666666667,5.826533359265,-0.697718675846439,12.4406208503426
2024-11-20,"LEAM",4.73566666666667,5.76978163111786,-0.648626083008259,12.1234487405897
2024-11-20,"NPT3",5.158875,4.38003642040609,-2.06559450352464,10.5553358983767
2024-11-20,"REA1",3.8895,5.2742290563415,-1.29433027748148,11.8634018627672
2024-11-20,"SOUT",4.83295833333333,4.91431693224292,-1.52689268830318,11.4649314561085
2024-11-20,"WREX",2.83916666666667,5.53802348888905,-0.754858142493735,12.163654556165
2024-11-20,"LEAR",4.74,5.47701846329645,-0.898708791354137,11.9551051611835
2024-11-20,"PLYM",6.81008333333333,5.15457671013837,-1.23240474381357,11.8281638203443
2024-11-20,"SHDG",3.15254166666667,5.863928671893,-0.660882884473269,12.162413351789
2024-11-20,"SHE",3.5515,5.84216340999514,-0.706054934814907,12.4220545687031
2024-11-20,"BEL2",5.26829166666667,5.67885920823155,-0.905642736097197,12.3901379733652
2024-11-20,"GLKP",2.72204166666667,5.30667942524149,-1.12274789126425,11.7385975404753
2024-11-20,"LECU",5.00291666666667,5.63622556764859,-0.704090138557365,12.0192917143274
2024-11-20,"SUN2",2.8145,5.3145574809862,-1.19195325187514,11.8483110133772
2024-11-20,"TRAN",2.850875,4.94619646869776,-1.32672502644389,11.3660073472879
2024-11-20,"STOK",4.94204166666667,6.12118772576917,-0.298699813078404,12.4687828030244
2024-11-20,"BEX",4.8625,4.81675232307118,-1.61447288999775,11.2781552721959
2024-11-20,"SEND",4.44770833333333,4.35997929707405,-2.00081876016571,10.9748715366472
2024-11-20,"HUL2",5.215125,5.06332526044569,-1.27126547490182,11.5584990434121
2024-11-20,"PEMB",2.37225,3.85172761915957,-2.79960030737396,10.3157891390299
2024-11-20,"WFEN",3.76958333333333,4.57718713268837,-1.96206471502314,11.0235505458981
2024-11-20,"OSY",2.84879166666667,4.10287486925315,-2.23241534285828,10.6100899887907
2024-11-20,"ACTH",1.6795,4.01968992505453,-2.38916394815137,10.7285029809172
2024-11-20,"COPP",4.50475,5.54778164914749,-0.917249248580954,12.1558928925362
2024-11-21,"EB",4.71891666666667,4.55968061234995,-1.94139401971278,11.0487872285645
2024-11-21,"IMGM",5.34691666666667,4.67470127288888,-1.6515299867595,11.2147250439976
2024-11-21,"PRES",5.969125,6.22728485913713,-0.139212415978376,13.0215393508991
2024-11-21,"BIRR",12.3162916666667,5.13344647806131,-1.43211635258091,11.7544659808433
2024-11-21,"BLC2",5.45108333333333,3.83251059975407,-2.75948103411226,10.1906359638205
2024-11-21,"BOTR",6.41308333333333,5.13469381864124,-1.43219487539369,11.6861675064429
2024-11-21,"GHSR",2.71325,4.66248570075536,-1.79439256322117,11.1970098245747
2024-11-21,"LEAM",8.26654166666667,5.06760063361424,-1.21475808935128,11.5555732673454
2024-11-21,"NPT3",6.19404166666667,5.16502152343687,-1.14763554017445,11.5071610166082
2024-11-21,"REA1",5.91495833333333,4.6954370604727,-1.80399376606853,11.2258896014509
2024-11-21,"SOUT",5.86666666666667,5.0637846436841,-1.15793347529241,11.6961949214252
2024-11-21,"WREX",3.649875,4.27728363068419,-2.1845963628558,10.9188751496414
2024-11-21,"LEAR",7.37133333333333,5.05234028069709,-1.48242139216266,11.6400751951367
2024-11-21,"PLYM",4.57654166666667,5.88936300087121,-0.863633019697522,12.3652283104455
2024-11-21,"SHDG",4.29445833333333,4.42477832538138,-2.36663820841273,10.9863324958674
2024-11-21,"SHE",5.31445833333333,4.58797221087172,-1.96129028980912,10.8282403693708
2024-11-21,"BEL2",5.49245833333333,5.28562332254336,-1.20480656131217,11.952866608397
2024-11-21,"GLKP",2.04591666666667,4.21194673776495,-2.45555599324536,10.5570481858097
2024-11-21,"LECU",7.708375,5.17163373760068,-1.27728821196832,11.7420375446653
2024-11-21,"SUN2",2.078375,4.2505253491567,-2.43621749862796,10.6873543968283
2024-11-21,"TRAN",4.71208333333333,4.24540636692004,-2.19720159084975,10.8650092123579
2024-11-21,"STOK",6.660875,5.1725598506859,-1.3693806610359,11.6706524670985
2024-11-21,"BEX",7.40170833333333,5.06588165249662,-1.40638190543064,11.3676577670488
2024-11-21,"SEND",7.66716666666667,4.86944406761282,-1.60947449294071,11.2287841590247
2024-11-21,"HUL2",6.64029166666667,5.22216986973608,-1.51864749669386,11.8333446583457
2024-11-21,"PEMB",2.55008333333333,3.98986795682719,-2.47900304166637,10.6607416991069
2024-11-21,"WFEN",6.02,4.59929485730553,-2.025626675556,11.328536162805
2024-11-21,"OSY",5.52970833333333,4.19534344639161,-2.33200251900123,10.8906561406541
2024-11-21,"ACTH",1.10158333333333,3.71370971638804,-2.79673856205353,10.2614947771798
2024-11-21,"COPP",4.99504166666667,4.95828217422835,-1.41724233361994,11.5518024828873
2024-11-22,"EB",3.676375,5.76603981716593,-0.675856152783115,12.1984631432743
2024-11-22,"IMGM",4.50570833333333,6.03049806724345,-0.47382211931011,12.5720780658916
2024-11-22,"PRES",5.89333333333333,6.37502532263027,-0.0144992743159296,12.7856822868965
2024-11-22,"BIRR",4.59220833333333,8.91926429971218,2.41489448933584,15.6846462469718
2024-11-22,"BLC2",4.46245833333333,6.02399302220626,-0.291721357671452,12.6375155890721
2024-11-22,"BOTR",4.2395,6.49303476819488,-0.053142438698378,13.085189132649
2024-11-22,"GHSR",3.89254166666667,4.94261397089461,-1.60089450205491,11.4086715250718
2024-11-22,"LEAM",4.39270833333333,7.25096701719287,0.792620860216361,13.7387643294865
2024-11-22,"NPT3",10.1985416666667,6.40896288850486,-0.11488326087101,12.7909446149454
2024-11-22,"REA1",5.406,6.26304004800296,-0.232782569853213,12.8184045844512
2024-11-22,"SOUT",7.35545833333333,6.26632337252074,-0.443594829073415,12.9417834318679
2024-11-22,"WREX",4.065625,5.30568053612112,-1.44178248022503,11.8193431947051
2024-11-22,"LEAR",4.68554166666667,6.88288837844592,0.544312905543414,13.3687687466933
2024-11-22,"PLYM",7.18554166666667,5.78421831490616,-0.783665555921489,12.3604802701263
2024-11-22,"SHDG",4.303375,5.57847512043552,-0.937738010337745,11.9376798209005
2024-11-22,"SHE",4.23745833333333,6.00777213682078,-0.464970091070759,12.7092143969247
2024-11-22,"BEL2",7.104,6.12309703574415,-0.35766705793622,12.8511191932897
2024-11-22,"GLKP",3.05620833333333,4.64312468342717,-1.88806622277784,11.1014656195698
2024-11-22,"LECU",4.31804166666667,7.0279581247045,0.588202210120311,13.6068464781058
2024-11-22,"SUN2",5.67525,4.65874246720966,-1.72291369005094,11.2834337703229
2024-11-22,"TRAN",4.880125,5.74283715192157,-0.863800543621296,12.3028230347267
2024-11-22,"STOK",4.29633333333333,6.59564465577801,-0.0868794486872879,13.3844906479983
2024-11-22,"BEX",5.68791666666667,6.89838630250514,0.440051196910435,13.3214670185026
2024-11-22,"SEND",4.852625,6.9973894227156,0.467329611063806,13.7573324859953
2024-11-22,"HUL2",5.3685,6.59387833826823,0.0444658995883686,13.1575901332993
2024-11-22,"PEMB",3.95429166666667,4.84189932303121,-1.53071148323253,11.4432587560551
2024-11-22,"WFEN",3.42670833333333,6.3033002186948,-0.320823877236569,12.655861466833
2024-11-22,"OSY",3.58381818181818,6.07906219707377,-0.544920047884829,12.5831897126125
2024-11-22,"ACTH",1.38570833333333,4.22915977759528,-2.54041695883931,10.8397775415007
2024-11-22,"COPP",4.31808333333333,5.89978627179188,-0.649074547351993,12.2081259944537
2024-11-23,"EB",7.41758333333333,4.77543529982443,-1.8464665173958,11.2520075179832
2024-11-23,"IMGM",3.779125,5.13193299973928,-1.47528807310166,11.6294887318597
2024-11-23,"PRES",3.53583333333333,5.71790509816232,-0.862503769146038,12.2420768147
2024-11-23,"BIRR",3.84833333333333,5.33848177230567,-1.15601648557421,11.766565797602
2024-11-23,"BLC2",4.57058333333333,5.11670037941602,-1.28129147271069,11.6120558884926
2024-11-23,"BOTR",3.33525,5.04860094715299,-1.5270529557559,11.3836018755602
2024-11-23,"GHSR",3.69208333333333,4.8151381982773,-1.79633164160326,11.2261873247718
2024-11-23,"LEAM",3.277375,5.157082134527,-1.33298599382409,11.553923289594
2024-11-23,"NPT3",6.45829166666667,7.49408644200845,1.0139775882359,14.1399372939557
2024-11-23,"REA1",4.93125,5.51614383539586,-1.03679144640113,12.1715526115231
2024-11-23,"SOUT",7.70825,6.31674033946861,-0.351399338891368,13.0321864731467
2024-11-23,"WREX",3.18195833333333,4.90930190273061,-1.52958314803695,11.3998540127154
2024-11-23,"LEAR",3.35595833333333,5.25555857561097,-1.39960547301153,11.7155421968061
2024-11-23,"PLYM",19.1442916666667,6.21520697307026,-0.327776053384375,12.9140926557838
2024-11-23,"SHDG",3.75104166666667,5.02289761248555,-1.45455693224343,11.5558388822994
2024-11-23,"SHE",4.110625,5.0208097750017,-1.36053125700493,11.6461025794401
2024-11-23,"BEL2",6.46525,6.2041394494876,-0.0943395261291781,12.6494396279606
2024-11-23,"GLKP",3.58983333333333,4.4547965844531,-2.06484813165669,10.8810157790084
2024-11-23,"LECU",2.72308333333333,5.11267997855524,-1.41194036686386,11.5731514664094
2024-11-23,"SUN2",5.00491666666667,5.53276301886071,-0.962248416015525,11.8862127835577
2024-11-23,"TRAN",3.258625,5.2703508869489,-1.57723261971057,11.6298922572693
2024-11-23,"STOK",3.67533333333333,5.07805441775165,-1.32846156840708,11.5013958876403
2024-11-23,"BEX",5.61316666666667,5.66856462404736,-1.03270306244844,12.5082466037178
2024-11-23,"SEND",5.10125,5.3315346751578,-1.36290972690075,11.8588756982492
2024-11-23,"HUL2",5.04029166666667,5.51851455848109,-0.88069142813066,11.8551071404724
2024-11-23,"PEMB",8.36179166666667,4.8365321863252,-1.66255900307688,11.2812215536305
2024-11-23,"WFEN",3.98966666666667,4.70466954692293,-1.79228275282545,11.0440857125297
2024-11-23,"OSY",6.15283333333333,4.75725849331332,-1.6012797386118,11.2594031328781
2024-11-23,"ACTH",1.90458333333333,3.74458012918009,-2.79053953586404,9.97804306087392
2024-11-23,"COPP",2.99233333333333,5.04613362542845,-1.4449426353285,11.4052082438098
2024-11-24,"EB",9.05958333333333,6.50018345754284,-0.124452610151645,12.7352163660459
2024-11-24,"IMGM",3.15354166666667,5.02408863990306,-1.82371052688218,11.4378933583629
2024-11-24,"PRES",4.36525,4.95806786312978,-1.69823984922188,11.5534370954085
2024-11-24,"BIRR",4.06941666666667,5.05467494413999,-1.38112145645128,11.5695254207479
2024-11-24,"BLC2",6.98516666666667,5.34854185077067,-1.45625925184592,11.6471948909381
2024-11-24,"BOTR",3.08966666666667,4.83499929227908,-1.91694390947535,11.422850084768
2024-11-24,"GHSR",5.49820833333333,4.973247583395,-1.57324156639184,11.2779972273414
2024-11-24,"LEAM",4.8575,4.8149547322561,-1.58419721625199,11.2752582212693
2024-11-24,"NPT3",6.70104166666667,6.26564384264832,-0.370448129267096,12.8202292960657
2024-11-24,"REA1",10.8353333333333,5.52002527529285,-0.901158078845358,11.881342555843
2024-11-24,"SOUT",12.8920416666667,6.70998530058621,0.335881810715314,13.27028309538
2024-11-24,"WREX",4.134375,4.76768736747853,-1.7589982417625,11.2995824898633
2024-11-24,"LEAR",4.67083333333333,4.85445859390698,-1.47414137254531,11.5707031808285
2024-11-24,"PLYM",18.1633333333333,11.4092788867694,4.83486239326399,17.8445814432465
2024-11-24,"SHDG",1.872,5.00757477064754,-1.74938013766272,11.6503653272946
2024-11-24,"SHE",2.013625,5.15384860682657,-1.55460763296021,11.5944624574847
2024-11-24,"BEL2",5.54545833333333,6.19259040211235,-0.0693798022546245,12.7755195472527
2024-11-24,"GLKP",5.2025,4.91067685697318,-1.41776397439567,11.416393165445
2024-11-24,"LECU",4.08520833333333,4.58515166637157,-2.25546389739882,10.9385841153764
2024-11-24,"SUN2",3.82870833333333,5.55692844386746,-0.778090243225481,12.157966407988
2024-11-24,"TRAN",4.34066666666667,4.81920046064381,-1.66372976615328,11.5354436319357
2024-11-24,"STOK",2.33983333333333,4.97626439156507,-1.65620021261375,11.4260743692487
2024-11-24,"BEX",10.0550833333333,5.80740272981208,-0.584532306168013,12.0421098119704
2024-11-24,"SEND",9.54895833333333,5.57636817565462,-0.624824008891053,12.1248372611296
2024-11-24,"HUL2",3.33929166666667,5.56395242790604,-0.794683363060442,12.1533138009045
2024-11-24,"PEMB",8.76279166666667,6.89533917331309,0.102994522154382,13.5485157198253
2024-11-24,"WFEN",8.99175,5.08421105086972,-1.49202460724605,11.6032473882166
2024-11-24,"OSY",11.5222916666667,5.97774130189985,-0.567299047061184,12.6804037398241
2024-11-24,"ACTH",3.82179166666667,4.17657964161864,-2.43059186398387,10.6402865489478
2024-11-24,"COPP",2.79870833333333,4.69589092957201,-1.85525955676301,11.2676185004357
2024-11-25,"EB",5.30954166666667,7.79608726457527,1.28950784645096,14.2424841941537
2024-11-25,"IMGM",4.09691666666667,5.27776764124108,-1.42459990933693,11.714431536052
2024-11-25,"PRES",5.72633333333333,5.77015556870285,-0.904581169903588,12.3525485347935
2024-11-25,"BIRR",5.288875,5.65615027524142,-0.984802493885693,12.0529071136022
2024-11-25,"BLC2",7.41458333333333,6.87307009461058,0.323616322530366,13.42147457263
2024-11-25,"BOTR",4.315125,5.2406077290907,-1.3313423451901,11.6918648998017
2024-11-25,"GHSR",4.2285,6.23995642980579,-0.594174053538497,12.5856829793234
2024-11-25,"LEAM",4.8625,5.96626966212979,-0.646645618456963,12.7154907124702
2024-11-25,"NPT3",5.98275,6.80252326123812,0.200734154600722,13.3389216481863
2024-11-25,"REA1",5.95329166666667,8.46543025983677,1.91585983471307,14.9812997602848
2024-11-25,"SOUT",6.68141666666667,9.37944703414104,2.9844523058899,15.7645281163929
2024-11-25,"WREX",4.63145833333333,5.66651909353393,-0.80412806138662,12.1506165897568
2024-11-25,"LEAR",4.60595833333333,5.89142443836993,-0.624214015637851,12.2082700368291
2024-11-25,"PLYM",8.88270833333333,11.8279943864662,5.08708138129778,18.4384762902223
2024-11-25,"SHDG",4.15191666666667,4.75000100371614,-1.93574320719071,11.1532217401088
2024-11-25,"SHE",4.49591666666667,4.81707041074468,-1.95285817827213,11.2851599713524
2024-11-25,"BEL2",4.81920833333333,6.32742092424628,-0.29328399238556,12.7769589892224
2024-11-25,"GLKP",3.87391666666667,6.11582790037054,-0.62204466885659,12.5250205796414
2024-11-25,"LECU",4.47129166666667,5.63504050488172,-0.585851928844274,11.9993888486693
2024-11-25,"SUN2",4.83891666666667,5.58552406848567,-0.776317209484829,11.9408232297388
2024-11-25,"TRAN",3.93766666666667,5.75324436035275,-0.755453698797321,12.1854231272125
2024-11-25,"STOK",4.33183333333333,4.9405561334033,-1.59667337569552,11.6210921017368
2024-11-25,"BEX",5.93941666666667,8.16125462800983,1.7756295989285,14.6107559870056
2024-11-25,"SEND",4.892875,7.94053512930109,1.52212473023864,14.3648979984248
2024-11-25,"HUL2",5.40195833333333,5.38510259992204,-1.30507697999648,11.959820028288
2024-11-25,"PEMB",5.14341666666667,7.69718489191047,1.22049143377691,14.1217219595027
2024-11-25,"WFEN",4.43404166666667,7.68409484644389,1.18116385078809,14.2118565342405
2024-11-25,"OSY",5.33116666666667,8.77793317313916,2.14542606190665,15.509712084768
2024-11-25,"ACTH",2.45966666666667,5.5066219800517,-0.839982806733242,11.953080443439
2024-11-25,"COPP",4.59904166666667,5.11252876471163,-1.32321914493318,11.5061773707628
2024-11-26,"EB",6.14983333333333,5.50157407684292,-0.998752365629085,11.9227390389703
2024-11-26,"IMGM",5.304625,4.85795370126907,-1.67623971090231,11.6200265881997
2024-11-26,"PRES",10.5945833333333,5.55783247837618,-0.732313909906642,12.0493351121368
2024-11-26,"BIRR",11.2687083333333,5.37065544319509,-1.18096708750864,12.0073629229346
2024-11-26,"BLC2",6.58808333333333,6.31645463448615,-0.102971681213117,13.035320964245
2024-11-26,"BOTR",8.75204166666667,4.9461323354928,-1.67238025034937,11.2243887615264
2024-11-26,"GHSR",6.51833333333333,4.96959119243614,-1.80032895321168,11.2594016649799
2024-11-26,"LEAM",5.46391666666667,5.21462744899064,-1.50268550337077,11.7877879494569
2024-11-26,"NPT3",6.40041666666667,5.72059421186384,-0.993545229916142,12.2999995095565
2024-11-26,"REA1",7.15520833333333,5.80990090610024,-0.867163730107597,12.2631017435165
2024-11-26,"SOUT",6.9655,6.15982229987349,-0.209021550933742,12.769201384305
2024-11-26,"WREX",6.56445833333333,5.10186398593203,-1.44745834039963,11.6723231678951
2024-11-26,"LEAR",5.05116666666667,5.104536636823,-1.65631844332604,11.8769520584793
2024-11-26,"PLYM",5.99058333333333,7.19449385881944,0.459886277073848,13.8031998007439
2024-11-26,"SHDG",6.76983333333333,4.84913554760328,-1.72563111820253,11.4596894325925
2024-11-26,"SHE",7.84,4.99409161863358,-1.45031735290063,11.5104798013758
2024-11-26,"BEL2",11.8642083333333,5.21369926827199,-1.2022944300322,11.7501087462232
2024-11-26,"GLKP",5.504125,4.81650239265247,-1.74545075602329,11.1634901562637
2024-11-26,"LECU",6.16154166666667,5.03478382769626,-1.50997921215128,11.661131690269
2024-11-26,"SUN2",5.562,5.17968968332978,-1.28096453796416,11.9200340826441
2024-11-26,"TRAN",6.88379166666667,4.82157925907986,-1.67162321381015,11.3738047015179
2024-11-26,"STOK",5.74395833333333,4.93460929674871,-1.43854415266634,11.539469691716
2024-11-26,"BEX",7.90104166666667,5.78505324733067,-0.831507196008865,12.155755288951
2024-11-26,"SEND",6.286375,5.34221105320931,-1.24232319602083,11.7249560615288
2024-11-26,"HUL2",6.87208333333333,5.39925339336254,-0.969899192515036,11.5775811088535
2024-11-26,"PEMB",2.90875,5.42596861471614,-0.887043411285526,11.9399468379524
2024-11-26,"WFEN",5.32820833333333,5.13983076944483,-1.52993606707924,11.777297230091
2024-11-26,"OSY",4.83491666666667,5.57088325304828,-0.820928582620351,12.3773724406237
2024-11-26,"ACTH",1.41808333333333,4.20097233429478,-2.39838089821283,10.5379027028785
2024-11-26,"COPP",6.14495833333333,5.05576495369711,-1.41037121941207,11.5327217809533
2024-11-27,"EB",4.45566666666667,6.69756951960765,0.1939983256682,13.330625950744
2024-11-27,"IMGM",5.18275,6.32020066500175,-0.108749988202737,12.7703889557855
2024-11-27,"PRES",15.4864583333333,8.53584920800456,1.87231187000346,15.3602887882999
2024-11-27,"BIRR",9.210875,8.80237436738835,2.1846726037697,15.4946341314701
2024-11-27,"BLC2",7.79575,6.92945565127935,0.123167412992151,13.4794860638778
2024-11-27,"BOTR",10.3450833333333,7.74342137562121,1.23035256139857,14.2096095238671
2024-11-27,"GHSR",5.9375,6.82260759367655,0.303411294657659,13.4281959624471
2024-11-27,"LEAM",9.30625,6.40449608243642,-0.0608447528501212,13.0296017352648
2024-11-27,"NPT3",6.48691666666667,6.81714560363922,0.131120806671674,13.3491367739345
2024-11-27,"REA1",5.57795833333333,7.12685673505014,0.62966428570804,13.7944744120848
2024-11-27,"SOUT",5.40891666666667,7.06669507754549,0.399402287694335,13.6496501995663
2024-11-27,"WREX",9.259125,6.85146344562668,0.427969391522437,13.5233437064832
2024-11-27,"LEAR",8.81379166666667,6.22844509474537,-0.116525135251011,12.8520014953992
2024-11-27,"PLYM",5.11895833333333,6.71972944862206,0.0358322447508032,13.2437989363769
2024-11-27,"SHDG",9.66295833333333,6.92416679988776,0.369184382569974,13.4581660761052
2024-11-27,"SHE",10.4314583333333,7.37274833031924,1.02640500635968,13.706403741476
2024-11-27,"BEL2",24.42025,9.03577218046052,2.41820122062044,15.3612566819202
2024-11-27,"GLKP",5.54045833333333,6.39678120508648,-0.103981027188432,12.7590854354411
2024-11-27,"LECU",8.85229166666667,6.6818210228604,0.248308405559537,13.0375558170161
2024-11-27,"SUN2",5.87858333333333,6.44425765055416,0.108250664178691,12.738669807337
2024-11-27,"TRAN",8.842375,6.96578006849263,0.467039641630112,13.4063249281989
2024-11-27,"STOK",10.6938333333333,6.50665445025918,-0.337819038195122,12.8739900393409
2024-11-27,"BEX",6.45054166666667,7.43326573680871,0.821701251169595,13.7976367867581
2024-11-27,"SEND",5.05016666666667,6.74350526847975,0.421979863697516,13.1612787818419
2024-11-27,"HUL2",8.65279166666667,6.99688661862912,0.439477716139299,13.5092162113311
2024-11-27,"PEMB",3.387375,5.36048813434127,-1.23737360022062,11.8303803006686
2024-11-27,"WFEN",5.29191666666667,6.33817046485486,-0.0775722450270462,12.8956104475651
2024-11-27,"OSY",4.355375,6.15729572037517,-0.314054523977406,12.7898287048737
2024-11-27,"ACTH",1.82004166666667,4.68156290028061,-1.62314269485451,10.9490268312528
2024-11-27,"COPP",9.84670833333333,6.67813452455481,-0.0309748763016907,13.1774206065175
2024-11-28,"EB",10.18275,6.33928333931959,-0.152581290928361,12.7707746421848
2024-11-28,"IMGM",7.44895833333333,6.61758649610355,0.0147587875153642,13.1858463682688
2024-11-28,"PRES",8.507375,10.9851110452653,4.53336605391423,17.5452219001739
2024-11-28,"BIRR",17.06675,8.42060110308954,1.93536130592923,15.0299553991383
2024-11-28,"BLC2",8.578,7.72375761958497,1.02596291019761,13.971880367854
2024-11-28,"BOTR",14.1294166666667,8.82534408095662,2.25502753652115,15.544365521719
2024-11-28,"GHSR",6.12433333333333,6.95777785380025,0.535608827068864,13.3960413622629
2024-11-28,"LEAM",16.1920833333333,8.31742418114479,1.66910620802974,14.6389911475854
2024-11-28,"NPT3",9.640375,7.18085145565545,0.818253405850682,13.8037659041169
2024-11-28,"REA1",17.1177916666667,6.82552790358256,0.349633654688698,13.4980925186289
2024-11-28,"SOUT",9.35729166666667,6.75134983106247,0.411394127812453,13.1080962197855
2024-11-28,"WREX",7.51875,8.32504090523832,1.93701483382852,15.0610779985902
2024-11-28,"LEAR",15.4992083333333,8.10475832153282,1.59027639792641,14.4104793572991
2024-11-28,"PLYM",8.01891666666667,6.60817792755751,0.0865335572260927,13.0235315734192
2024-11-28,"SHDG",9.54016666666667,8.49616938919697,1.77518021088968,15.1209642865953
2024-11-28,"SHE",9.16479166666667,8.83849453913261,2.23220508946293,15.1350052988621
2024-11-28,"BEL2",11.244125,14.6905838534713,8.44340545963504,21.2392800242206
2024-11-28,"GLKP",6.27066666666667,6.76960037595226,0.114894034215719,13.2018211985018
2024-11-28,"LECU",14.1775,8.14783247709052,1.69090886234198,14.7470949586589
2024-11-28,"SUN2",7.20333333333333,6.91008559806218,0.231935269906241,13.396194506949
2024-11-28,"TRAN",11.9262083333333,8.16147214597506,1.89699828498989,14.5242500103132
2024-11-28,"STOK",12.2150833333333,8.894985110489,2.15058053380059,15.5455223008802
2024-11-28,"BEX",18.4553333333333,7.20270432754501,0.626298468313872,14.0606542199709
2024-11-28,"SEND",11.0839583333333,6.58714137038303,-0.054031837405121,13.1654825198514
2024-11-28,"HUL2",9.16091666666667,8.083212308567,1.56680410495809,14.7392327316003
2024-11-28,"PEMB",5.06579166666667,5.8204017218198,-0.729890154459344,12.1842700066589
2024-11-28,"WFEN",11.073125,6.66306355548537,-0.1548614062528,13.4699400342289
2024-11-28,"OSY",10.4304583333333,6.26577743850025,-0.447621227281187,12.5658698363502
2024-11-28,"ACTH",1.95566666666667,5.13921342643411,-1.39627952575842,11.7364829526985
2024-11-28,"COPP",14.5460416666667,8.55641340787485,2.21441619472459,14.7974405919737
2024-11-29,"EB",4.48308333333333,9.62807177459619,2.97386327651717,16.3525329655905
2024-11-29,"IMGM",5.50725,8.5215435661692,2.00875488173262,15.1212702700087
2024-11-29,"PRES",6.18025,9.20962406101695,2.40967771698337,15.5083288953453
2024-11-29,"BIRR",7.75154166666667,12.5760062100049,5.9194200193167,19.10685275413
2024-11-29,"BLC2",7.02054166666667,9.0500025525383,2.39422899045133,15.5181907232933
2024-11-29,"BOTR",9.082125,11.3957521425704,4.87742824912787,17.8019812402403
2024-11-29,"GHSR",5.52391666666667,7.99526190549309,1.44013708884517,14.5346774478652
2024-11-29,"LEAM",5.28008333333333,12.2186094659785,5.43845993058496,18.5589555663347
2024-11-29,"NPT3",6.36008333333333,9.45483218916018,2.90153564885139,15.8840212005092
2024-11-29,"REA1",7.88633333333333,12.5078761282391,5.77358106093895,18.9225245916166
2024-11-29,"SOUT",5.348875,9.31195902356359,2.88792186253683,15.8055781621656
2024-11-29,"WREX",6.85541666666667,8.65024939467012,2.01041348393762,15.2164484953694
2024-11-29,"LEAR",4.83104166666667,11.9215600154092,5.35756184280062,18.6671801458715
2024-11-29,"PLYM",11.0249583333333,8.75439342312414,2.10559701325354,15.3324704101514
2024-11-29,"SHDG",8.34916666666667,9.49153274627127,3.10780148630507,16.146333310843
2024-11-29,"SHE",10.0806666666667,9.35599982231015,3.04010537724693,15.8823885744762
2024-11-29,"BEL2",8.47183333333333,10.5543695583775,4.26503945223695,17.1425316996729
2024-11-29,"GLKP",5.60629166666667,8.04570625154815,1.86439417409991,14.6014433753455
2024-11-29,"LECU",6.13416666666667,11.3789068892162,4.62910252100732,17.935814011895
2024-11-29,"SUN2",10.8815416666667,8.43759209421341,1.83013547943113,15.0091929483281
2024-11-29,"TRAN",7.126625,10.4527431707735,3.83016929539242,17.0085393382771
2024-11-29,"STOK",8.04241666666667,10.6169728355932,4.03914713907237,17.0343228813023
2024-11-29,"BEX",7.95995833333333,13.079391947714,6.54079101276929,19.7273227137135
2024-11-29,"SEND",5.45208333333333,10.0133086964684,3.46899451397684,16.3941698108279
2024-11-29,"HUL2",6.486875,9.31077184800638,2.4297019427344,15.7031163062063
2024-11-29,"PEMB",5.70270833333333,7.49734089683888,0.710211866918038,14.0433615204327
2024-11-29,"WFEN",6.02408333333333,10.0147837295345,3.22349271036013,16.4750612994263
2024-11-29,"OSY",5.369625,9.72748991583171,3.35284370689212,16.4128478800208
2024-11-29,"ACTH",3.20258333333333,6.17974614933552,-0.365695251156895,12.6268658825154
2024-11-29,"COPP",8.28529166666667,11.5548772413782,5.15582159029304,17.9911596788682
2024-11-30,"EB",7.90779166666667,5.14281075595375,-1.33384994238013,11.801408085756
2024-11-30,"IMGM",8.44545833333333,5.49696883693464,-1.29817867093976,12.0204208033041
2024-11-30,"PRES",5.81270833333333,5.79972810536035,-0.633126032318002,12.4298881817141
2024-11-30,"BIRR",8.45920833333333,6.65595394432122,0.160619660035703,13.1515934862094
2024-11-30,"BLC2",5.71825,6.1470592706122,-0.695950356741669,12.6175471910374
2024-11-30,"BOTR",8.18995833333333,7.13114304107297,0.763020317918149,13.5889044381555
2024-11-30,"GHSR",3.408,5.47132787290063,-0.910478935174398,12.0173823639303
2024-11-30,"LEAM",7.194375,5.61802513296642,-0.820377993801238,11.988826817254
2024-11-30,"NPT3",9.12341666666667,5.90148544867234,-0.727005302165754,12.6042931362391
2024-11-30,"REA1",8.82075,6.71264376628964,0.171894611626134,13.2015154566924
2024-11-30,"SOUT",9.809375,5.47864695026127,-0.912087879391719,11.9845481531876
2024-11-30,"WREX",4.43591666666667,6.05316046568819,-0.542466455505598,12.6134962183266
2024-11-30,"LEAR",6.63529166666667,5.41634383141114,-1.16670716358868,11.9610581885998
2024-11-30,"PLYM",16.791625,7.78029670074925,1.28268066723647,14.3447395653353
2024-11-30,"SHDG",7.71429166666667,6.71710546517993,0.175446369748851,13.3946586160387
2024-11-30,"SHE",9.87633333333333,7.42003516670346,0.703097910105362,13.8750213359513
2024-11-30,"BEL2",7.15904166666667,6.80935781718006,0.440648997254418,13.1099083934861
2024-11-30,"GLKP",3.511125,5.5087972489052,-0.995033389302634,12.2845629705097
2024-11-30,"LECU",7.56483333333333,5.91987426303886,-0.543199264573755,12.3032806987296
2024-11-30,"SUN2",7.95020833333333,7.70130381829375,1.15253745489526,14.1691414543957
2024-11-30,"TRAN",5.25845833333333,6.27282790042351,-0.212738043709617,12.711324006336
2024-11-30,"STOK",8.41595833333333,6.65656512314363,0.243830502943035,13.0596502778515
2024-11-30,"BEX",11.1162916666667,6.77573712786724,-0.0582459241195433,13.4166453897404
2024-11-30,"SEND",12.3005833333333,5.56345348016296,-0.936688150063649,11.9858393188666
2024-11-30,"HUL2",10.7617083333333,5.94187077258542,-0.549767388329561,12.4093841676426
2024-11-30,"PEMB",7.961,5.51889389784115,-1.0833481932562,12.3402034903136
2024-11-30,"WFEN",10.9219166666667,5.79844221590099,-0.773751587737335,12.3420835706052
2024-11-30,"OSY",10.6446666666667,5.5135080184474,-0.964647902539035,11.9133417627515
2024-11-30,"ACTH",1.31095833333333,4.4143346815369,-2.07816280061988,10.8976635268826
2024-11-30,"COPP",6.41804166666667,6.81363881326186,0.440201382482638,13.340294415321
2024-12-01,"EB",7.67304166666667,7.68569129475191,1.43584048282693,13.9116206497858
2024-12-01,"IMGM",6.55470833333333,7.93194989547332,1.30744140457088,14.6433772059058
2024-12-01,"PRES",4.07233333333333,6.86565174463271,0.422411700793632,13.39940201506
2024-12-01,"BIRR",4.69445833333333,7.99266201208033,1.5521988999661,14.4880454179234
2024-12-01,"BLC2",4.30525,6.84741656915764,0.193005505471127,13.4240986298555
2024-12-01,"BOTR",8.68133333333333,7.91456563972747,1.31123502354675,14.6401652529708
2024-12-01,"GHSR",4.565625,5.86053229929836,-0.787257146272426,12.4691005363517
2024-12-01,"LEAM",4.31408333333333,7.41182637374774,0.540741899334074,13.8759106974434
2024-12-01,"NPT3",5.51895833333333,8.23170507743029,1.68190533991108,14.6622104614067
2024-12-01,"REA1",5.55825,8.14466505618494,1.58666661581855,14.8407219588534
2024-12-01,"SOUT",6.63520833333333,8.48902186424946,1.95256974455481,14.8768070279567
2024-12-01,"WREX",3.81591666666667,6.31596242573224,-0.0291009787273272,13.0004748621729
2024-12-01,"LEAR",4.17645833333333,7.17086840456707,0.807689981273729,13.4354066993365
2024-12-01,"PLYM",9.572625,11.4999558657846,4.92666798609061,17.9645692935764
2024-12-01,"SHDG",3.95054166666667,7.70095057501201,1.29944311199361,14.18783559753
2024-12-01,"SHE",7.02941666666667,8.63264106868356,2.36986322066453,15.2419002696097
2024-12-01,"BEL2",5.12575,7.47559434296352,0.925364643542419,14.0767014149018
2024-12-01,"GLKP",4.05658333333333,5.90496679440122,-0.626172484979583,12.2395104595021
2024-12-01,"LECU",4.46154166666667,7.58514236325501,1.08526666527148,14.1540581102042
2024-12-01,"SUN2",4.60591666666667,7.86010356675896,1.33523066397532,14.0899881518919
2024-12-01,"TRAN",3.67625,6.66091400848393,0.171104903176235,13.2288929200546
2024-12-01,"STOK",3.80808333333333,7.98200972035852,1.40437731161804,14.6257242908239
2024-12-01,"BEX",7.69266666666667,9.09059098833181,2.65655293718354,15.7640722294204
2024-12-01,"SEND",8.87779166666667,9.51614812149185,3.06003126827688,16.0230224741937
2024-12-01,"HUL2",7.821375,8.90861882651021,2.05203782957973,15.4001851712226
2024-12-01,"PEMB",3.7195,7.7374948746535,1.16879303560978,14.411538789285
2024-12-01,"WFEN",7.86566666666667,8.96315676038548,2.65273248970129,15.5140387680952
2024-12-01,"OSY",10.819625,8.83307307561697,2.41351373014067,15.2590943922769
2024-12-01,"ACTH",1.359125,4.94110548082798,-1.45138383470808,11.502436914469
2024-12-01,"COPP",3.431625,7.16625659288526,0.685143211453997,13.8979484490011
2024-12-02,"EB",2.54329166666667,6.35280210146118,-0.0828200757368564,12.9804501422616
2024-12-02,"IMGM",3.62320833333333,5.90603943296867,-0.475562189183473,12.514529186685
2024-12-02,"PRES",4.20304166666667,4.82049147215601,-1.74774736369466,11.2921712418977
2024-12-02,"BIRR",3.74016666666667,5.14128552090171,-1.48510931530824,11.8685283162542
2024-12-02,"BLC2",4.03791666666667,4.91396913956396,-1.47581302401467,11.34613394374
2024-12-02,"BOTR",3.50433333333333,6.77441853361304,0.332505863329356,13.1654965354959
2024-12-02,"GHSR",2.96870833333333,4.96438218417452,-1.44288639660287,11.4903693081314
2024-12-02,"LEAM",2.58058333333333,4.953814445686,-1.70862605994,11.4452657580017
2024-12-02,"NPT3",2.23083333333333,5.49668361050685,-1.07662766796851,11.9952494559283
2024-12-02,"REA1",2.98345833333333,5.50541862955662,-0.961585083094828,12.3162702928374
2024-12-02,"SOUT",2.793875,5.97260740412717,-0.808687001457073,12.2797595615324
2024-12-02,"WREX",2.19429166666667,4.68125592547744,-1.72612246580404,10.7377470297389
2024-12-02,"LEAR",2.436125,4.88349604126225,-1.63247010623242,11.417161744827
2024-12-02,"PLYM",5.8195,7.35200869098983,0.503982499087211,13.7537110953972
2024-12-02,"SHDG",3.85908333333333,4.81705013742316,-1.66920739538734,11.5421387881431
2024-12-02,"SHE",3.17804166666667,6.13638164123192,-0.221102692789225,12.7248498205227
2024-12-02,"BEL2",4.54991666666667,5.28677323418097,-1.22546686308039,11.8056754862533
2024-12-02,"GLKP",2.623875,4.75755130827498,-1.79151158485854,11.515770448378
2024-12-02,"LECU",3.126,5.02354979538839,-1.55654404100135,11.7255613970445
2024-12-02,"SUN2",3.81195833333333,5.09238295479706,-1.46840979173882,11.8116018090037
2024-12-02,"TRAN",3.816875,4.64399183882238,-1.71940084344883,11.1751218396222
2024-12-02,"STOK",3.40904166666667,4.77567257733569,-1.56081163088909,11.3335069696765
2024-12-02,"BEX",3.07791666666667,6.43958446972856,0.0463810050517005,12.7251661522367
2024-12-02,"SEND",2.84308333333333,6.9560605677113,0.458348808528743,13.6118514711512
2024-12-02,"HUL2",4.34945833333333,6.48382152149097,-0.122284902132997,13.214302939267
2024-12-02,"PEMB",3.6655,4.72807862449354,-1.59867747547425,11.2284299610298
2024-12-02,"WFEN",2.39775,6.50596820991227,-0.0503585987114605,12.828453357752
2024-12-02,"OSY",2.74183333333333,7.71408277609986,1.14728177981281,14.2681623853533
2024-12-02,"ACTH",1.45254166666667,3.59415512839297,-3.07110158638849,10.0360244405823
2024-12-02,"COPP",2.56095833333333,4.57182836537996,-1.8099718846177,11.1689619560041
2024-12-03,"EB",10.7675833333333,3.62223362287798,-3.04740462606411,10.2414677623891
2024-12-03,"IMGM",6.90458333333333,4.03895121366243,-2.44081557252245,10.6663405644271
2024-12-03,"PRES",6.40041666666667,4.21652981766894,-2.2427575106215,10.5689493069574
2024-12-03,"BIRR",14.3180416666667,4.04141866457915,-2.24513888444548,10.7533128827543
2024-12-03,"BLC2",5.97,4.15433044380695,-2.36242802655432,10.6727671081709
2024-12-03,"BOTR",9.9755,4.04223017941049,-2.52674445182772,10.6828023561588
2024-12-03,"GHSR",3.74404166666667,3.72096958737714,-2.73702798180629,10.3097555418654
2024-12-03,"LEAM",9.31016666666667,3.55516913037797,-2.89944553143396,10.1072079512146
2024-12-03,"NPT3",8.1545,3.44088051216228,-3.09362897396988,9.89024857750875
2024-12-03,"REA1",7.39291666666667,3.75138710296108,-2.86643222880455,10.3529247862387
2024-12-03,"SOUT",8.60070833333333,3.69983443486773,-2.77749452831527,10.2568492171818
2024-12-03,"WREX",5.962,3.38407249001539,-3.06540551463847,9.9330859390092
2024-12-03,"LEAR",9.495875,3.49237949998756,-3.07238578215771,9.95637105097016
2024-12-03,"PLYM",11.97825,5.01628655946037,-1.27303870342884,11.402605519019
2024-12-03,"SHDG",8.06695833333333,4.0720774347844,-2.66142484884147,10.5770087429864
2024-12-03,"SHE",9.04975,3.8675067908364,-2.56439172979933,10.5230947696756
2024-12-03,"BEL2",11.06825,4.38503640249026,-2.25154701806936,11.0361749681295
2024-12-03,"GLKP",3.37566666666667,3.56665731439539,-2.86193029692115,9.93923472185697
2024-12-03,"LECU",9.08020833333333,3.78310777504657,-2.7392569071865,10.2140412646315
2024-12-03,"SUN2",6.75229166666667,4.06877333076406,-2.37989608151165,10.6024082411963
2024-12-03,"TRAN",7.425375,4.04798889602408,-2.36932787707772,10.4603515308445
2024-12-03,"STOK",11.1528333333333,3.88348767012296,-2.61153092885523,10.2462649101437
2024-12-03,"BEX",10.7469583333333,3.84259781957538,-2.8295082337849,10.2081294579165
2024-12-03,"SEND",8.70970833333333,3.77508809097527,-2.81062521888867,10.3429395865438
2024-12-03,"HUL2",7.75941666666667,4.36872014858273,-2.0936132794577,10.9068999282044
2024-12-03,"PEMB",3.148625,3.98679177595832,-2.33775459491922,10.678841766148
2024-12-03,"WFEN",6.41316666666667,3.56710012731409,-3.18068303450777,9.99189242956034
2024-12-03,"OSY",7.034125,3.78108262985938,-2.82315890122609,10.276153809636
2024-12-03,"ACTH",2.32316666666667,3.01873250668945,-3.44374810001974,9.46262385937337
2024-12-03,"COPP",9.66795833333333,3.52544921338872,-3.01195598670454,9.94865372789653
2024-12-04,"EB",7.09808333333333,9.57009578240418,3.10871129513232,16.1407696570122
2024-12-04,"IMGM",11.6440416666667,8.00779785991016,1.57208774832682,14.3606111947225
2024-12-04,"PRES",6.958625,7.81466660218711,1.3982710624155,14.3083173788675
2024-12-04,"BIRR",9.89491666666667,11.059704540506,4.53198520982133,17.5489309396049
2024-12-04,"BLC2",7.40770833333333,7.63359222913893,1.21294026520446,14.2400477701078
2024-12-04,"BOTR",9.813375,9.2679007830077,2.67097541501564,16.0387716541093
2024-12-04,"GHSR",4.34458333333333,6.69186116577292,0.477314462923169,13.1248276397498
2024-12-04,"LEAM",8.37658333333333,8.97159833509908,2.60276637728526,15.6570755607457
2024-12-04,"NPT3",8.84925,8.48771095604281,2.14966537707458,14.7658572847744
2024-12-04,"REA1",8.01508333333333,8.19294724396097,1.84871842828975,14.6802805208624
2024-12-04,"SOUT",10.6781666666667,8.68504188150644,2.30334273370424,15.1884931502507
2024-12-04,"WREX",5.24870833333333,7.58507415021429,1.1208234240321,14.0886205196652
2024-12-04,"LEAR",7.92858333333333,9.04443336618854,2.74909298723766,15.7617824071562
2024-12-04,"PLYM",6.08891666666667,10.148395658569,3.72526345325666,16.9080479988957
2024-12-04,"SHDG",8.71170833333333,8.49165068837334,1.8402215864475,15.3328216769774
2024-12-04,"SHE",9.56670833333333,8.87914995061179,2.30825394357795,15.3443284869316
2024-12-04,"BEL2",5.98270833333333,9.74298172058378,3.3598121643339,16.1561940791407
2024-12-04,"GLKP",4.40154166666667,6.53189493848587,0.0785462474165525,13.2843651862689
2024-12-04,"LECU",9.421375,8.8904002923952,2.2341287440171,15.3096415969656
2024-12-04,"SUN2",8.18495833333333,7.94979313524855,1.43992446553849,14.5077003250786
2024-12-04,"TRAN",5.21325,8.22674221665664,1.72200320190911,14.9892682705073
2024-12-04,"STOK",8.84345833333333,9.74978155571732,3.14648595477099,15.9858191236908
2024-12-04,"BEX",9.44975,9.57472846789923,3.02427781152372,16.3088330609257
2024-12-04,"SEND",8.83070833333333,8.73107902600825,2.38888428654064,15.1159234551465
2024-12-04,"HUL2",13.28225,8.37719357297921,1.76727779308429,15.0306441898392
2024-12-04,"PEMB",2.239625,6.46406945659278,0.0440086614898986,13.1666785027963
2024-12-04,"WFEN",9.52445833333333,7.7756230614004,1.08500500799453,14.3162770816636
2024-12-04,"OSY",7.99641666666667,8.03945439590118,1.35002386206555,14.5292549195388
2024-12-04,"ACTH",2.54320833333333,6.07028328665873,-0.581381223078888,12.5331282300215
2024-12-04,"COPP",5.46683333333333,9.11827091439404,2.29062947548483,15.8061453704607
2024-12-05,"EB",3.66945833333333,7.15649007355038,0.620040780785272,13.7094590875833
2024-12-05,"IMGM",2.96983333333333,8.93140329529621,2.21553187989918,15.6948917854013
2024-12-05,"PRES",5.49529166666667,6.99199775269198,0.28766933826213,13.3320589836717
2024-12-05,"BIRR",2.42441666666667,8.39388296329265,1.7362179956275,14.9819824731254
2024-12-05,"BLC2",6.615625,7.1661396013126,0.483423122933298,13.6608991428005
2024-12-05,"BOTR",2.00575,8.25381494640676,1.74951183745238,14.8915917640174
2024-12-05,"GHSR",5.79025,5.85171781832247,-0.542594591680566,12.4103645139457
2024-12-05,"LEAM",1.58716666666667,7.64656343781522,1.4544665395673,14.1471509479034
2024-12-05,"NPT3",2.84191666666667,7.81261290410825,1.35556962123866,14.4963334036406
2024-12-05,"REA1",1.91816666666667,7.45085026492786,0.907463135672406,13.8575260081635
2024-12-05,"SOUT",3.660625,8.57576361197384,2.02725252275233,15.006258048893
2024-12-05,"WREX",2.789875,6.27798099660561,-0.0314832514353412,12.7126391219747
2024-12-05,"LEAR",1.45245833333333,7.46686396242849,0.872022225542032,14.2172500015918
2024-12-05,"PLYM",7.294625,6.77113595329989,0.044203433500996,13.2477286789095
2024-12-05,"SHDG",2.72595833333333,7.75389663293972,0.993455839216938,14.2241049278026
2024-12-05,"SHE",3.56233333333333,8.12965437320504,1.3811166432659,14.5823610747032
2024-12-05,"BEL2",7.1335,6.70513003678291,0.0972495266579389,13.2982523148388
2024-12-05,"GLKP",5.49529166666667,5.8661068995308,-0.414745244693598,12.453808880145
2024-12-05,"LECU",1.93504166666667,8.07062828936112,1.47623770865461,14.55854785066
2024-12-05,"SUN2",4.38779166666667,7.50500133788681,1.08465537127141,14.5366939619575
2024-12-05,"TRAN",4.69045833333333,6.29929706195661,-0.0561901778368277,13.2853816705786
2024-12-05,"STOK",2.95991666666667,7.88378599336785,1.45310575987391,14.2324843461868
2024-12-05,"BEX",2.12654166666667,8.12318718432411,1.81809708928567,14.5892089178999
2024-12-05,"SEND",2.51866666666667,7.81860738176372,1.38856814976771,14.1258500489569
2024-12-05,"HUL2",4.16083333333333,9.62614308796457,3.20934426514879,16.0765731985534
2024-12-05,"PEMB",4.16779166666667,4.97137518633547,-1.64213075519563,11.3370000965596
2024-12-05,"WFEN",1.597875,8.04759696137457,1.65516030462313,14.827659599647
2024-12-05,"OSY",3.731375,7.43437108520719,1.06948937338026,13.9286714041266
2024-12-05,"ACTH",2.961875,5.07598403829239,-1.29362246750698,11.3764511173014
2024-12-05,"COPP",2.71229166666667,6.45860690380707,-0.197056145795953,12.91626535753
2024-12-06,"EB",4.84766666666667,3.79902574473839,-2.68358482010752,10.4011048289566
2024-12-06,"IMGM",5.74583333333333,3.6228025579764,-2.81139515636113,10.1071464373878
2024-12-06,"PRES",6.878,4.54654075272271,-2.20707375369543,11.0711862925661
2024-12-06,"BIRR",7.35254166666667,3.35557182863013,-2.97649563887608,10.2360008147034
2024-12-06,"BLC2",7.16595833333333,5.01833293916835,-1.47528634606246,11.4972461377088
2024-12-06,"BOTR",6.71491666666667,3.18138050986032,-3.56039946299109,9.50577051548212
2024-12-06,"GHSR",4.39179166666667,4.60372475529751,-2.04005223342649,11.2288268889531
2024-12-06,"LEAM",6.02983333333333,2.97397647344759,-3.68614486914784,9.28597617457951
2024-12-06,"NPT3",6.73154166666667,3.50163064252894,-3.10367731040388,9.87007529702854
2024-12-06,"REA1",5.31829166666667,3.10124318944228,-3.34699753300956,9.49711775633341
2024-12-06,"SOUT",6.457375,3.88321933517072,-2.4286431759424,10.1659265255626
2024-12-06,"WREX",6.274625,3.39189824935486,-3.22210838495586,9.75577077432423
2024-12-06,"LEAR",5.51395833333333,2.90758274381291,-3.8137348945319,9.43532611860474
2024-12-06,"PLYM",9.36620833333333,5.26524224024838,-0.946218216880032,11.7148290234472
2024-12-06,"SHDG",6.75416666666667,3.45056465301573,-3.20911662973907,9.81966964602854
2024-12-06,"SHE",6.305125,3.81552724211058,-2.51851543530131,10.3940803183912
2024-12-06,"BEL2",6.19695833333333,5.19636858866458,-1.44925954435333,11.6125022382202
2024-12-06,"GLKP",4.15391666666667,4.48381038756482,-2.08805499470291,10.8702336624589
2024-12-06,"LECU",7.02054166666667,3.14268275386887,-3.28869582164436,9.53011254695824
2024-12-06,"SUN2",5.80891666666667,4.12112803167532,-2.575548761966,10.8033004750874
2024-12-06,"TRAN",8.13083333333333,4.17270807088233,-2.28760209072353,10.4521550122035
2024-12-06,"STOK",7.45583333333333,3.5500200839024,-3.15036902303364,10.0880325529322
2024-12-06,"BEX",6.03,3.22213975242732,-3.24129851831712,9.98584957980362
2024-12-06,"SEND",6.125125,3.36822819653131,-3.06379643320884,9.9114558026998
2024-12-06,"HUL2",6.797375,4.15283043308656,-2.5607813986478,10.6899112616115
2024-12-06,"PEMB",6.35904166666667,3.88479462208741,-2.57345762765179,10.335383828618
2024-12-06,"WFEN",6.32866666666667,3.00654030864464,-3.38394170972529,9.47291696525829
2024-12-06,"OSY",6.20879166666667,3.84652899681629,-2.56041009131313,10.4418641472367
2024-12-06,"ACTH",3.189875,3.39626779006771,-3.01438175370458,9.62024230225654
2024-12-06,"COPP",6.68733333333333,3.36534050099206,-3.33966890573224,9.90982633892748
2024-12-07,"EB",3.94558333333333,6.28760691736216,-0.384715487155024,13.0045902761594
2024-12-07,"IMGM",2.70833333333333,6.63984537723658,0.166035792793186,13.0511880964474
2024-12-07,"PRES",1.90166666666667,7.16744205432666,0.733867348204003,13.6126374332288
2024-12-07,"BIRR",2.43316666666667,7.28727878983211,0.747297526433519,13.8223700358774
2024-12-07,"BLC2",4.311125,7.31335875113918,0.633394479247825,13.815146083867
2024-12-07,"BOTR",1.56054166666667,7.0147630422696,0.43514018346193,13.5241889593057
2024-12-07,"GHSR",0.951333333333333,6.15214004170279,-0.331223188311076,12.8075532516628
2024-12-07,"LEAM",2.749625,6.72273048163741,0.0432363106093658,13.1565366377183
2024-12-07,"NPT3",3.671375,7.04211347988184,0.429619397109346,13.5559171492789
2024-12-07,"REA1",2.332,6.43820480687927,-0.0301336628351141,12.8861316344662
2024-12-07,"SOUT",3.905375,6.94943764389249,0.408649356659348,13.2615477903042
2024-12-07,"WREX",4.43004166666667,6.8529142386611,0.192646250853305,13.2780781758271
2024-12-07,"LEAR",2.17675,6.50725463742324,0.113176725629449,13.2970630990174
2024-12-07,"PLYM",11.2126666666667,8.23494379569497,1.64472046383876,14.7086367324234
2024-12-07,"SHDG",1.30404166666667,7.04857409271205,0.51941390842777,13.6590156443913
2024-12-07,"SHE",1.2235,6.88440835025766,0.376437317555967,13.2772585637426
2024-12-07,"BEL2",5.62004166666667,6.92752897750106,0.494217585398578,13.3473466887555
2024-12-07,"GLKP",0.638708333333333,6.04706992150249,-0.413450163548848,12.6896228014467
2024-12-07,"LECU",1.71191666666667,7.1387271253048,0.674739218823755,13.4936930075218
2024-12-07,"SUN2",3.753,6.70057590060665,0.436903927980223,13.0062459745989
2024-12-07,"TRAN",6.97129166666667,7.66296830049003,1.33673724853648,14.4835381136659
2024-12-07,"STOK",2.84395833333333,7.34289789422048,0.75381577463315,13.8347897599029
2024-12-07,"BEX",2.04004166666667,6.7360309758158,0.0570070367979392,13.1690810795694
2024-12-07,"SEND",2.039125,6.78477398481988,0.187683885910149,13.4709207345079
2024-12-07,"HUL2",3.01204166666667,7.10154534445374,0.65601399609932,13.5001122624353
2024-12-07,"PEMB",7.50960869565217,6.92143652048518,0.292399410658347,13.5814284594763
2024-12-07,"WFEN",1.35908333333333,6.8458985737986,0.402077868040041,13.0641604529239
2024-12-07,"OSY",2.59925,6.84893491294885,0.553631333146704,13.2667720980917
2024-12-07,"ACTH",0.452958333333333,5.58842514809617,-0.816745502072192,12.0212422983648
2024-12-07,"COPP",3.00520833333333,7.02075133543003,0.512535274963642,13.5985469916736
2024-12-08,"EB",1.52020833333333,3.95273269807688,-2.60448180929155,10.3857680947272
2024-12-08,"IMGM",6.934875,3.4659052821886,-2.87972183779872,10.0963204598119
2024-12-08,"PRES",2.46366666666667,3.1619104281112,-3.31793092597672,9.7616091417183
2024-12-08,"BIRR",2.38795833333333,3.39214937713138,-3.03188868999681,9.8832677718832
2024-12-08,"BLC2",2.25625,4.15994649782699,-2.344590544392,10.7526984242784
2024-12-08,"BOTR",2.550125,3.01761038303083,-3.45495326132465,9.4907679010517
2024-12-08,"GHSR",1.3975,2.71006178886986,-4.00940078069636,9.06979715367573
2024-12-08,"LEAM",2.51479166666667,3.48985497535505,-2.90431571326504,9.96423806852498
2024-12-08,"NPT3",2.200375,3.88617039259434,-2.57894801014921,10.2111866654068
2024-12-08,"REA1",2.08916666666667,3.30063691829388,-3.47073652303912,9.97741602497385
2024-12-08,"SOUT",1.71783333333333,3.97568501315548,-2.41946450014354,10.612131611705
2024-12-08,"WREX",3.74120833333333,4.18698884254862,-2.3255692469581,10.8763269440161
2024-12-08,"LEAR",2.20804166666667,3.24158515785962,-3.33878019287325,9.4034303811951
2024-12-08,"PLYM",5.14358333333333,7.05241730697433,0.688265206919434,13.6500481958026
2024-12-08,"SHDG",3.694,2.91307889508636,-3.66162130198993,9.30761423905209
2024-12-08,"SHE",3.79725,2.86893749945468,-3.74353846803825,9.30654876804415
2024-12-08,"BEL2",3.804125,4.67451159020036,-1.74251080857987,11.2666871859687
2024-12-08,"GLKP",1.09075,2.57564855125969,-4.00071795792126,9.12110923285177
2024-12-08,"LECU",3.04245833333333,3.08736610416335,-3.21097971275007,9.7063849613198
2024-12-08,"SUN2",9.4635,3.89710762102611,-2.54871726077593,10.3407001694285
2024-12-08,"TRAN",3.83258333333333,5.27770103491428,-1.1828128798372,11.9484889791956
2024-12-08,"STOK",2.60708333333333,3.56363540467125,-2.96181705161157,10.0355268306004
2024-12-08,"BEX",3.06604166666667,3.19801872901591,-3.44706024319787,9.5134165813494
2024-12-08,"SEND",3.508375,3.19997532498262,-3.35956904487442,9.73934404024751
2024-12-08,"HUL2",5.61725,3.61661210632575,-2.66741388565847,10.1675583848103
2024-12-08,"PEMB",4.624625,5.45563667294847,-0.900534744052309,12.1679465091864
2024-12-08,"WFEN",4.59420833333333,2.92527829136123,-3.7123356397111,9.58709605493324
2024-12-08,"OSY",3.42275,3.43239833604335,-2.94260687245404,9.90975284169213
2024-12-08,"ACTH",1.46233333333333,2.47560266270975,-4.2684748898655,9.08315334182377
2024-12-08,"COPP",2.60720833333333,3.61110212301911,-3.08101886656439,10.0784116125617
2024-12-09,"EB",3.7805,3.6455089579702,-2.9389256671115,9.90431383094343
2024-12-09,"IMGM",5.947375,5.84212299116468,-0.570287521442919,12.3711308220074
2024-12-09,"PRES",3.79620833333333,3.9833969982235,-2.52741397213114,10.3592249086319
2024-12-09,"BIRR",5.59658333333333,3.96529812263892,-2.59130410975464,10.4245628084631
2024-12-09,"BLC2",3.01895833333333,3.95719865221691,-2.66310903710678,10.3041010608397
2024-12-09,"BOTR",5.10520833333333,4.01058745703124,-2.34401243114088,10.5622442165369
2024-12-09,"GHSR",4.01241666666667,3.52158603556868,-2.98935416648288,10.1743371927949
2024-12-09,"LEAM",4.94595833333333,4.02522601006736,-2.73024757407831,10.416207731103
2024-12-09,"NPT3",3.93870833333333,3.91852380752384,-2.65461648594947,10.303363229438
2024-12-09,"REA1",4.20495833333333,3.83992804359377,-2.46495236063032,10.2831489482952
2024-12-09,"SOUT",3.72533333333333,3.72580258532723,-2.83633045911684,10.5288898699704
2024-12-09,"WREX",4.81520833333333,4.57085565145312,-1.91712200677163,11.104124093766
2024-12-09,"LEAR",4.51354166666667,3.8850108468976,-2.55619645918095,10.5023241627385
2024-12-09,"PLYM",3.70779166666667,5.31402152420923,-0.875282289897078,11.7036764303999
2024-12-09,"SHDG",5.52191666666667,4.4747525869545,-2.13728601138893,10.7534968458984
2024-12-09,"SHE",4.663875,4.51524182110415,-2.08322443813605,10.9438247672019
2024-12-09,"BEL2",5.623125,4.62592535392474,-1.71140305400462,11.3348174305452
2024-12-09,"GLKP",3.918125,3.38775532507574,-3.20281127151392,9.6695701906656
2024-12-09,"LECU",5.11104166666667,4.21678985495664,-2.20457103276934,10.9734054810912
2024-12-09,"SUN2",5.832375,6.90773398274452,0.452746261523252,13.2147098344314
2024-12-09,"TRAN",4.44191666666667,4.67077867695366,-1.9629017028115,11.1871761525069
2024-12-09,"STOK",4.19425,4.06549828935501,-2.66226591425327,10.7980553944814
2024-12-09,"BEX",5.550375,4.23453886682095,-2.46358428347811,10.6070489283567
2024-12-09,"SEND",5.28108333333333,4.41644104130569,-2.27821033781302,10.9855632554138
2024-12-09,"HUL2",7.09220833333333,5.30765536550685,-1.49065793141796,11.879787799496
2024-12-09,"PEMB",2.667125,5.00973880517288,-1.56443778041519,11.6473277810693
2024-12-09,"WFEN",5.09441666666667,4.84634423357399,-1.6689052843981,11.6504855746645
2024-12-09,"OSY",5.24770833333333,4.39496582696706,-2.12895845804771,11.0007510641698
2024-12-09,"ACTH",3.63804166666667,3.53602481914141,-3.19654905787163,9.8977511087225
2024-12-09,"COPP",4.173625,4.06950548466592,-2.21984092314544,10.6324653593416
2024-12-10,"EB",3.87866666666667,5.09393971644523,-1.41537340415072,11.7636733315869
2024-12-10,"IMGM",4.50570833333333,6.11797352330772,-0.606374239242396,12.4324034727145
2024-12-10,"PRES",3.93766666666667,5.1235452226758,-1.19585861041468,11.8690691800223
2024-12-10,"BIRR",5.54833333333333,5.86215353814179,-0.660267727316886,12.366494140415
2024-12-10,"BLC2",4.02420833333333,4.79878631888771,-1.66821100003312,11.3062773550768
2024-12-10,"BOTR",4.68754166666667,5.66403709124589,-0.735196353821266,12.2439094337575
2024-12-10,"GHSR",12.0469583333333,5.18631307079902,-1.26523429434106,11.7782903328428
2024-12-10,"LEAM",4.56475,5.59767330274143,-1.28601914478009,12.1842277805407
2024-12-10,"NPT3",4.20304166666667,5.17569413455594,-1.48264838708548,11.7169199147917
2024-12-10,"REA1",3.55929166666667,5.28247036062676,-1.09783726361806,11.980616938094
2024-12-10,"SOUT",3.51029166666667,5.0760986804422,-1.45026755984513,11.5874503384181
2024-12-10,"WREX",5.33616666666667,5.57398436021408,-0.863978756312204,11.7975407679905
2024-12-10,"LEAR",4.13520833333333,5.41230201719059,-1.38816679979006,12.0604570246939
2024-12-10,"PLYM",4.436875,5.15292456678889,-1.45960085700714,11.9641376050041
2024-12-10,"SHDG",7.43320833333333,5.86348413868832,-0.600615537339402,12.4233583950814
2024-12-10,"SHE",5.16020833333333,5.51311818213616,-0.778965579607001,11.9120848982299
2024-12-10,"BEL2",7.99441666666667,5.90781110225233,-0.732145294224651,12.3808617621829
2024-12-10,"GLKP",13.110375,5.14000721792993,-1.38046849735045,11.8461266625081
2024-12-10,"LECU",4.677625,5.6785141691552,-0.883036724568437,12.1823404363357
2024-12-10,"SUN2",3.78058333333333,6.13270807840246,-0.220118568547017,12.669693012013
2024-12-10,"TRAN",4.595125,5.42269704844647,-1.09605210215941,12.0005998302437
2024-12-10,"STOK",4.60295833333333,5.29077172452771,-1.11244258868076,11.7831642685343
2024-12-10,"BEX",4.01345833333333,5.85978352534172,-0.743447657977385,12.4567629952792
2024-12-10,"SEND",4.36029166666667,5.75987946825489,-0.809428624796493,12.1482827450271
2024-12-10,"HUL2",6.01520833333333,6.5565012833009,0.14502511379265,12.8734193361645
2024-12-10,"PEMB",3.42970833333333,4.71218383937452,-1.67157257243987,11.28227575416
2024-12-10,"WFEN",4.27275,5.70974410024421,-0.775585612776871,12.0653116061295
2024-12-10,"OSY",3.87579166666667,5.74405230938208,-0.884077070599706,12.3026746678647
2024-12-10,"ACTH",4.87720833333333,5.03392908113431,-1.42251632640503,11.6099352512761
2024-12-10,"COPP",4.75933333333333,5.28229205668656,-1.30612649214801,11.7882571897706
2024-12-11,"EB",9.84466666666667,5.16920832300127,-1.43662864838977,11.9338857947865
2024-12-11,"IMGM",4.40641666666667,5.48025835861477,-1.02615571217905,12.0221723973992
2024-12-11,"PRES",5.97095833333333,5.19385944108155,-1.44872509531879,11.7383168747508
2024-12-11,"BIRR",5.05120833333333,5.90046781145065,-0.305822941638816,12.6325257687366
2024-12-11,"BLC2",6.78754166666667,5.21038515560499,-1.27076057975988,11.6791609208915
2024-12-11,"BOTR",5.06883333333333,5.53438348389145,-1.01530346526187,11.8623572859625
2024-12-11,"GHSR",10.01675,8.53438610133238,1.97292314177102,15.0339659505132
2024-12-11,"LEAM",3.921,5.47997450429524,-1.24901088703727,11.9758193177385
2024-12-11,"NPT3",5.39408695652174,5.30649976609252,-1.31244402344673,11.8720699891014
2024-12-11,"REA1",4.45266666666667,5.04826727829939,-1.47519493994934,11.5332956505886
2024-12-11,"SOUT",5.01483333333333,5.01634819802116,-1.54970415605833,11.3336815174796
2024-12-11,"WREX",9.71108333333333,5.79403834664922,-0.801222003224764,12.660151211076
2024-12-11,"LEAR",3.755,5.29270280599039,-0.94220389127945,11.7124699549209
2024-12-11,"PLYM",6.77779166666667,5.39700684825175,-1.06143873271826,11.7904872550473
2024-12-11,"SHDG",6.40720833333333,6.67385518662469,0.129176185516904,13.0774904399889
2024-12-11,"SHE",6.1695,5.71795697463073,-0.904806361864771,12.0829936292922
2024-12-11,"BEL2",8.20466666666667,6.90715408759366,0.496364355342323,13.3638038908395
2024-12-11,"GLKP",10.07975,8.96943929353899,2.36612723245705,15.5209096535388
2024-12-11,"LECU",3.98775,5.53044801999903,-0.803137586320521,11.9699269709832
2024-12-11,"SUN2",6.89866666666667,5.17920480353137,-1.28610074530352,11.6696219800488
2024-12-11,"TRAN",6.93204166666667,5.48010210896581,-1.06584183060994,12.0264878228579
2024-12-11,"STOK",7.46666666666667,5.47724807597261,-1.05323363923478,11.8532339228785
2024-12-11,"BEX",4.84670833333333,5.26806456216848,-1.15323480459444,11.7466015785132
2024-12-11,"SEND",4.75920833333333,5.40410533096201,-0.997928608140677,11.7982027774714
2024-12-11,"HUL2",5.82941666666667,6.12917674126759,-0.237525604458075,12.8508926523026
2024-12-11,"PEMB",6.20183333333333,4.95724558964223,-1.49095295381824,11.6648954105388
2024-12-11,"WFEN",4.08408333333333,5.36352152987964,-1.31866839409098,11.8409793812345
2024-12-11,"OSY",3.77458333333333,5.20401943425595,-1.40441467555856,11.7341091269948
2024-12-11,"ACTH",3.013,5.57639783531012,-0.758848257666698,11.992670298273
2024-12-11,"COPP",15.81375,5.54105665295657,-0.841873287247364,12.244269467719
2024-12-12,"EB",14.631625,8.05890021026666,1.38610410988043,14.66503593418
2024-12-12,"IMGM",2.31129166666667,5.83761709722486,-0.650524881042023,12.4597511214184
2024-12-12,"PRES",8.59079166666667,6.46715299425126,0.0342331265009826,12.9726098582025
2024-12-12,"BIRR",7.562,6.12838732581895,-0.389502201968052,12.5906279844798
2024-12-12,"BLC2",9.83295833333333,6.8051237668671,0.272080592280072,13.4218229580961
2024-12-12,"BOTR",7.02933333333333,6.11451926779443,-0.43596541588268,12.8599229629962
2024-12-12,"GHSR",11.373,8.3300598683169,1.7626812373758,14.79632559995
2024-12-12,"LEAM",5.913875,5.63942135565554,-1.13937867535155,12.1740362872116
2024-12-12,"NPT3",6.06329166666667,6.23640515458839,-0.448878321590331,12.6044258036859
2024-12-12,"REA1",5.42545833333333,5.83342149386185,-0.859244548284483,12.5853545443973
2024-12-12,"SOUT",6.170375,6.06342963143624,-0.150345301017181,12.3760694364105
2024-12-12,"WREX",14.0989583333333,8.03971489886609,1.6392262505202,14.6469667419557
2024-12-12,"LEAR",5.39891666666667,5.56061068120478,-0.93515459112251,12.3263246703506
2024-12-12,"PLYM",12.286875,6.81123728515101,0.43793217363546,13.3772801162969
2024-12-12,"SHDG",10.2849583333333,6.73232830201769,0.343990424810383,13.6107114714177
2024-12-12,"SHE",9.67570833333333,6.57880141345534,0.217428864963198,12.9872607278509
2024-12-12,"BEL2",17.8666666666667,7.48536187776573,0.956810903574945,14.1344753933319
2024-12-12,"GLKP",12.2887916666667,8.38205850228651,2.12650114649435,15.083124847573
2024-12-12,"LECU",5.21529166666667,5.66964361797362,-0.722095591613878,12.4816264919493
2024-12-12,"SUN2",12.4853333333333,6.84485110308889,0.572852372768845,13.5039786913549
2024-12-12,"TRAN",16.4534166666667,6.87856004472315,0.465757156794219,13.4340124322317
2024-12-12,"STOK",8.02683333333333,7.09863496826854,0.686544529528963,13.7227126154463
2024-12-12,"BEX",7.637625,6.00662617797087,-0.627324873190794,12.5026065089185
2024-12-12,"SEND",7.82825,5.97914733506304,-0.638613869013139,12.3789512064022
2024-12-12,"HUL2",3.98091666666667,6.45990540837034,0.0343517457658023,12.8268034043987
2024-12-12,"PEMB",7.63366666666667,6.54964697515712,0.221615357074371,13.0389892990597
2024-12-12,"WFEN",4.41633333333333,5.69933159224201,-0.746388049966573,12.0956312913145
2024-12-12,"OSY",3.59179166666667,5.56230098527497,-0.788966474512924,12.442744982066
2024-12-12,"ACTH",5.93945833333333,5.27364063005084,-1.20608380299607,11.697269845905
2024-12-12,"COPP",11.0357916666667,10.5354937263195,4.17532680599724,17.3429580267378
2024-12-13,"EB",20.7390416666667,11.0179174112731,4.6811334173085,17.4944850719015
2024-12-13,"IMGM",7.12954166666667,5.81734919462052,-0.606748910827009,12.3841953366767
2024-12-13,"PRES",7.22879166666667,8.43838896736587,1.83039273835069,15.2605084111716
2024-12-13,"BIRR",9.04679166666667,7.99270001784256,1.46092903403325,14.6631453865295
2024-12-13,"BLC2",7.1945,8.96930477489689,2.25436245168516,15.4098200941129
2024-12-13,"BOTR",10.8825,7.77405506944037,1.11469416408672,14.3044167031253
2024-12-13,"GHSR",9.891875,9.68191834402085,3.35385692464282,16.1111895222721
2024-12-13,"LEAM",8.63508333333333,7.28712615879758,0.972154577022829,13.8566198438741
2024-12-13,"NPT3",7.46758333333333,7.38471662385627,1.01863890152768,13.8504132964654
2024-12-13,"REA1",12.9325,7.09929100087357,0.167319470484668,13.5955232221165
2024-12-13,"SOUT",12.562,7.41945444566831,0.848311304740437,13.9968774049229
2024-12-13,"WREX",10.6771666666667,10.7955630202253,4.29181227715756,17.3497202328611
2024-12-13,"LEAR",8.804125,7.07125967787078,0.150932718913064,13.519448134628
2024-12-13,"PLYM",10.6780833333333,9.97832246928419,3.40635833642422,16.4603512565143
2024-12-13,"SHDG",8.68120833333333,9.14587484638235,2.94803301483143,15.5843561678555
2024-12-13,"SHE",9.95875,8.88946855446126,2.34471042503889,15.1630801772396
2024-12-13,"BEL2",17.2564166666667,12.3082060989097,5.86366800396648,18.7940107209352
2024-12-13,"GLKP",8.67333333333333,10.0601144015215,3.55280084629241,16.4931653248722
2024-12-13,"LECU",6.82979166666667,7.00144745969099,0.389458416446917,13.5190602271948
2024-12-13,"SUN2",6.28545833333333,10.0629105295156,3.5710942870599,16.5679762814681
2024-12-13,"TRAN",12.3182916666667,11.6957388248404,5.31229498895346,18.4445886789943
2024-12-13,"STOK",9.83304166666667,8.24313459283497,1.53255641504578,14.8262451766642
2024-12-13,"BEX",24.31225,8.01878658334694,1.52283634183948,14.6702196832477
2024-12-13,"SEND",26.7572083333333,8.09504106297123,1.64782053583077,14.4510876994195
2024-12-13,"HUL2",9.52929166666667,6.53894842638766,0.193342808261674,13.0940950395607
2024-12-13,"PEMB",4.833,8.05040250864412,1.39441751419381,14.3644744215867
2024-12-13,"WFEN",10.742,6.67521185842131,0.277626901138403,13.3955900373082
2024-12-13,"OSY",19.93225,6.32849833637198,-0.0944239698714922,12.7934071558638
2024-12-13,"ACTH",2.91270833333333,7.27537312187548,0.583690278544443,13.7828122677798
2024-12-13,"COPP",8.275375,9.68544191855534,3.1522649561742,16.2123580052329
2024-12-14,"EB",5.95716666666667,14.2465945477394,7.60666853267338,20.8979776098073
2024-12-14,"IMGM",5.98179166666667,8.34698133289281,1.8875571429165,14.8332642595862
2024-12-14,"PRES",4.21979166666667,8.541849964954,2.18543731270761,15.2720544936473
2024-12-14,"BIRR",5.31545833333333,9.26432612334348,2.86603621882232,15.7010628368704
2024-12-14,"BLC2",4.35233333333333,8.55821917918385,1.90644242227487,14.98434024938
2024-12-14,"BOTR",5.53470833333333,10.0062563753642,3.49848503161531,16.3763142744907
2024-12-14,"GHSR",3.59683333333333,9.7053868997115,3.19349191973535,16.1325418275508
2024-12-14,"LEAM",6.08691666666667,9.05456523597353,2.34525730708754,15.7412810111778
2024-12-14,"NPT3",3.873875,8.57805655124108,2.20858366805302,15.024001745309
2024-12-14,"REA1",7.32508333333333,10.8100424988433,4.36499071129471,17.1174613972925
2024-12-14,"SOUT",6.139,10.6759360385133,4.01286822700065,17.1379601216285
2024-12-14,"WREX",2.61595833333333,10.0952380740898,3.57962250052304,16.6416830947726
2024-12-14,"LEAR",5.622125,9.11145642670209,2.56546714391791,15.5125349842359
2024-12-14,"PLYM",6.688375,10.0511610584219,3.53321918532422,16.602616933071
2024-12-14,"SHDG",3.700875,9.18076712549594,2.53478977700758,15.8499488275565
2024-12-14,"SHE",3.47983333333333,9.69125356612196,3.15798690519606,16.48329857396
2024-12-14,"BEL2",6.49275,12.8936083345222,6.35355750766771,19.2650119171018
2024-12-14,"GLKP",2.809625,9.22668630013793,2.77392762310494,15.5603757473766
2024-12-14,"LECU",7.39395833333333,8.29493985153021,1.68784058451535,14.9798905035278
2024-12-14,"SUN2",2.70345833333333,8.2494128654137,1.79210766941792,14.7920444146301
2024-12-14,"TRAN",3.52883333333333,10.8279662439896,4.26171514052321,17.2424360642909
2024-12-14,"STOK",4.796625,9.59910152928195,3.09836216861632,15.9529670975223
2024-12-14,"BEX",10.4129166666667,15.5446214835437,8.92433206786777,22.0684469876262
2024-12-14,"SEND",10.3715416666667,16.5548703572158,10.2493894169259,22.9568741294023
2024-12-14,"HUL2",6.57633333333333,9.37491956452622,2.8717824412312,15.7033731331257
2024-12-14,"PEMB",2.99433333333333,7.53301878195578,0.805358834649236,14.0335745972791
2024-12-14,"WFEN",7.6455,9.88436884806777,3.43217780037617,16.5314056270227
2024-12-14,"OSY",9.778125,13.6439447942664,7.17798917443832,20.1112579434527
2024-12-14,"ACTH",1.39745833333333,6.70167105598371,0.270653489370658,13.189070873055
2024-12-14,"COPP",4.5225,9.03227377500467,2.49932474982379,15.3897263061398
2024-12-15,"EB",3.20179166666667,5.24340308002759,-1.20929097602055,11.6181598696025
2024-12-15,"IMGM",2.40470833333333,4.91966271362637,-1.3916677917753,11.2872547916942
2024-12-15,"PRES",5.107125,4.19741494922323,-2.458652818876,10.7456246419099
2024-12-15,"BIRR",1.33654166666667,4.69264439010045,-2.15033480418113,10.8616046650611
2024-12-15,"BLC2",6.52525,4.25108598476343,-2.34068874691838,10.9186206638469
2024-12-15,"BOTR",1.337375,4.82785202122488,-1.52118228971914,11.4348193269462
2024-12-15,"GHSR",1.82975,4.00653285547621,-2.51898932746049,10.3822442911259
2024-12-15,"LEAM",1.696125,4.99983289980708,-1.2627427054667,11.332046559444
2024-12-15,"NPT3",1.97904166666667,4.06100296488276,-2.3996888677284,10.7890729477148
2024-12-15,"REA1",1.91333333333333,5.6144953699918,-0.79872893515784,11.8702191683336
2024-12-15,"SOUT",2.24554166666667,5.11758906091293,-1.33177916964346,11.5978346853377
2024-12-15,"WREX",1.088,3.62237934861267,-2.99937611729897,10.0735577252968
2024-12-15,"LEAR",1.70308333333333,4.81281841244219,-1.66768670984985,11.4059110197919
2024-12-15,"PLYM",2.95891666666667,5.29732201612415,-1.47217040187256,11.7145419612561
2024-12-15,"SHDG",2.30645833333333,4.0196234644333,-2.60115172349685,10.3879531311577
2024-12-15,"SHE",1.536875,3.96005319444949,-2.45614477436103,10.3773529407332
2024-12-15,"BEL2",2.083375,5.37824423132638,-1.11027957845756,12.2390070872021
2024-12-15,"GLKP",1.47991666666667,3.6528733303882,-2.83754340340595,10.3037824958604
2024-12-15,"LECU",1.56845833333333,5.49311092838495,-1.04300327858759,11.9290818082258
2024-12-15,"SUN2",0.7145,3.55062932304353,-2.89791995457753,10.0507363069805
2024-12-15,"TRAN",2.93525,4.03809038805986,-2.69087347343721,10.6505293303442
2024-12-15,"STOK",1.74333333333333,4.49854477914523,-2.27579873319172,11.2152015497428
2024-12-15,"BEX",2.60629166666667,7.16364010315339,0.692869306135194,13.3952857669134
2024-12-15,"SEND",2.985375,7.20660293875727,0.686822156654479,14.128329634736
2024-12-15,"HUL2",2.153125,5.22305890554966,-1.40508337051666,11.7158108480149
2024-12-15,"PEMB",2.869625,3.63462987647803,-2.77660708682079,10.160395011997
2024-12-15,"WFEN",1.69129166666667,5.69254030364646,-0.81437313316042,12.1008499628154
2024-12-15,"OSY",3.680375,6.79511023609638,0.374592378831448,13.4192136969916
2024-12-15,"ACTH",0.536541666666667,2.93075200365556,-3.40778553537734,9.60775560183458
2024-12-15,"COPP",2.343625,4.34758885144394,-2.11723315244573,10.5488083621022
2024-12-16,"EB",1.86320833333333,3.45588743225727,-3.09069359361244,9.97432683730427
2024-12-16,"IMGM",2.46658333333333,3.12866383991068,-3.50556244431705,9.51625271367623
2024-12-16,"PRES",5.92079166666667,4.19689943565559,-2.31942227728083,10.9780509000925
2024-12-16,"BIRR",3.47095833333333,2.67299739672465,-3.63646159223971,9.05347092797008
2024-12-16,"BLC2",7.46958333333333,4.78340319674253,-1.66021395062292,11.4139877572171
2024-12-16,"BOTR",2.99225,2.67871877419343,-3.74965552755245,9.19034629127188
2024-12-16,"GHSR",4.38091666666667,2.83368483055039,-3.73751642149743,9.23501596333628
2024-12-16,"LEAM",2.54820833333333,2.83981371536381,-3.69594045668319,9.25878463712729
2024-12-16,"NPT3",3.48470833333333,2.90188250353243,-3.37360140822789,9.33935707382114
2024-12-16,"REA1",2.11083333333333,2.95952275004802,-3.60541592310892,9.24406989816611
2024-12-16,"SOUT",3.27841666666667,3.06705775700789,-3.63477554220575,9.55825978902162
2024-12-16,"WREX",2.78295833333333,2.50455203305827,-3.8014403658674,9.07435766738157
2024-12-16,"LEAR",2.27791666666667,2.83127329856212,-3.7839110291503,9.68689361201674
2024-12-16,"PLYM",3.54466666666667,3.37393481100304,-3.04997882996215,9.97364324083221
2024-12-16,"SHDG",2.773125,3.03229973330651,-3.70366815951574,9.59695857388126
2024-12-16,"SHE",3.39029166666667,2.71035975905303,-3.90697889503489,9.15014824332107
2024-12-16,"BEL2",5.737125,3.00903938175993,-3.57917374658621,9.40872279747793
2024-12-16,"GLKP",4.16275,2.67049215280109,-3.77380601506631,9.30954197306476
2024-12-16,"LECU",2.55708333333333,2.81937079117822,-3.73514639602204,9.47537575438062
2024-12-16,"SUN2",2.123625,2.35308397561021,-4.13522469703378,8.78820132176179
2024-12-16,"TRAN",2.71529166666667,3.28669121531412,-2.99505729183256,9.94070527678239
2024-12-16,"STOK",2.82816666666667,2.82757631818004,-3.4988067718156,9.63084716298062
2024-12-16,"BEX",2.165875,3.3202762105684,-3.18956806820504,9.64765790522119
2024-12-16,"SEND",1.9635,3.47517214262424,-3.06949363415792,9.76593281165627
2024-12-16,"HUL2",3.35491666666667,3.0397769132155,-3.46808481551305,9.96009893951565
2024-12-16,"PEMB",3.78929166666667,3.24658834362005,-3.33029993309708,9.74556018520038
2024-12-16,"WFEN",1.74233333333333,2.87606100666355,-3.84691987992008,9.47973907038774
2024-12-16,"OSY",2.43225,3.74645688773167,-2.71799118786237,10.0487292129763
2024-12-16,"ACTH",2.14133333333333,2.24785375418043,-4.19790403692419,8.95885309739363
2024-12-16,"COPP",3.15733333333333,3.06774189543711,-3.33413688998652,9.47412362934663
2024-12-17,"EB",3.75020833333333,3.88554665120092,-2.56831679298213,10.449221253836
2024-12-17,"IMGM",4.905625,4.11415114121598,-2.41409204771956,10.5571143465599
2024-12-17,"PRES",4.61966666666667,5.60110775202338,-0.829663280969714,12.0338960806893
2024-12-17,"BIRR",6.38466666666667,4.50103033502845,-1.99612104210057,10.9054848671478
2024-12-17,"BLC2",4.74354166666667,6.2728905628441,-0.231522671797147,12.9567041459003
2024-12-17,"BOTR",5.584625,4.30416565746355,-2.10026621193263,10.8051281930686
2024-12-17,"GHSR",3.757875,4.88738110564079,-1.62796311537845,11.2351409798904
2024-12-17,"LEAM",4.87029166666667,4.1303392395486,-2.14209911778447,10.6927581087141
2024-12-17,"NPT3",7.43425,4.52244730045794,-1.9572979878387,11.1473763155664
2024-12-17,"REA1",5.07966666666667,3.95578241557118,-2.60463833454035,10.4673075492208
2024-12-17,"SOUT",5.28491666666667,4.44414059787961,-1.96773885139411,10.9769403753418
2024-12-17,"WREX",4.039875,4.21196965775808,-2.11509705813991,10.4157800688088
2024-12-17,"LEAR",4.43291666666667,4.01934327941317,-2.24906518511211,10.4689631339666
2024-12-17,"PLYM",9.34941666666667,4.57114550125976,-1.99572133129487,10.867318852463
2024-12-17,"SHDG",5.891375,4.23781658253388,-2.14915802941386,10.6720240853146
2024-12-17,"SHE",7.01341666666667,4.47276799557918,-1.93983256190549,11.054495465891
2024-12-17,"BEL2",6.4535,5.45138994305054,-1.23723455534027,12.1674246326851
2024-12-17,"GLKP",3.603625,4.78907051593453,-1.63927614823975,11.22466300892
2024-12-17,"LECU",5.59354166666667,4.13085746733268,-2.19772390062226,10.641360519381
2024-12-17,"SUN2",6.55270833333333,3.93163364670174,-2.62150131510974,10.427122936436
2024-12-17,"TRAN",3.93379166666667,4.22945616909071,-2.18838404707917,10.7374203881416
2024-12-17,"STOK",5.74683333333333,4.24663976247967,-2.20915557035809,10.9235324637179
2024-12-17,"BEX",5.44420833333333,3.99541983029045,-2.40881215471622,10.64368089142
2024-12-17,"SEND",5.2015,3.92148588458861,-2.55027586620431,10.4174327935395
2024-12-17,"HUL2",6.29233333333333,4.47333666515626,-1.95966922058232,10.8132179627207
2024-12-17,"PEMB",4.67083333333333,4.66956536853973,-1.9710772292396,11.1065022046795
2024-12-17,"WFEN",5.623,3.79877710278715,-2.69757800367586,10.2283980438284
2024-12-17,"OSY",5.0265,4.13132504056715,-2.35353595695467,10.7207752910277
2024-12-17,"ACTH",2.18858333333333,3.93455112883675,-2.3110441872832,10.4794710439003
2024-12-17,"COPP",4.97645833333333,4.39674712961632,-2.09736759088624,10.9776533763212
2024-12-18,"EB",6.77091666666667,5.41179733690981,-0.997091094056004,11.971536445473
2024-12-18,"IMGM",2.83904166666667,5.90180382312879,-0.847632243530623,12.4550861236045
2024-12-18,"PRES",4.56766666666667,5.86893234498066,-0.438132192866092,12.4604857552843
2024-12-18,"BIRR",3.39733333333333,6.53474945423727,0.109236010546776,13.1306203071395
2024-12-18,"BLC2",5.65154166666667,5.95787511678134,-0.613691305641135,12.5932140688164
2024-12-18,"BOTR",3.05041666666667,6.19396137375166,-0.763048473589504,12.8694556922204
2024-12-18,"GHSR",3.090625,5.47671493263421,-1.02612934073243,11.8432587317022
2024-12-18,"LEAM",3.27833333333333,5.88927420970682,-0.69742373489723,12.4040471245294
2024-12-18,"NPT3",6.11045833333333,6.96676369457492,0.507564392755123,13.696026408468
2024-12-18,"REA1",4.24620833333333,5.96465713293924,-0.758540813286943,12.5643352470386
2024-12-18,"SOUT",7.34966666666667,6.07771634514369,-0.356292597195806,12.5850745249001
2024-12-18,"WREX",2.35258333333333,5.55349593395722,-0.786027752403966,12.036366657704
2024-12-18,"LEAR",2.91558333333333,5.70275803633481,-0.908566617615214,12.120067465666
2024-12-18,"PLYM",13.6055416666667,7.75591217061896,1.32444420963855,14.3527180660407
2024-12-18,"SHDG",2.84495833333333,6.31474719390492,-0.0789749686262826,12.819491558113
2024-12-18,"SHE",3.22429166666667,6.79136541079436,0.513225904108129,13.2180011621728
2024-12-18,"BEL2",3.789375,6.61865310690061,0.275042105053422,13.1742839035381
2024-12-18,"GLKP",2.55025,5.4079222974698,-1.2229443661205,12.195644059474
2024-12-18,"LECU",2.90295833333333,6.18695314875463,-0.446838655558844,12.7628251805188
2024-12-18,"SUN2",2.16779166666667,6.57080953841019,0.41324579626899,13.0785851736092
2024-12-18,"TRAN",3.52983333333333,5.50820554823869,-0.990550898327597,12.1167074354037
2024-12-18,"STOK",2.728875,6.25664978826781,-0.366044885569119,12.7440650451259
2024-12-18,"BEX",4.76033333333333,6.11593760241063,-0.416747160896307,12.7197716531091
2024-12-18,"SEND",4.93904166666667,6.01115086333064,-0.697827613492832,12.4573250352384
2024-12-18,"HUL2",3.91895833333333,6.49392748930618,0.125252769511748,13.2522458060071
2024-12-18,"PEMB",6.49670833333333,5.83768642552821,-0.873494679115157,12.4750649881503
2024-12-18,"WFEN",3.79720833333333,6.1790814465626,-0.316969988991324,12.8552147546759
2024-12-18,"OSY",5.75383333333333,5.95067552212764,-0.479730098144309,12.2796829149135
2024-12-18,"ACTH",1.32570833333333,4.77634878317044,-1.83717595158836,11.3080996825058
2024-12-18,"COPP",2.39783333333333,5.94788192426039,-0.709791706511681,12.3346266312182
2024-12-19,"EB",2.75554166666667,5.78185339527639,-0.748710325923857,12.1187823811738
2024-12-19,"IMGM",2.03220833333333,4.19308044704067,-2.17828144647075,10.3460053180053
2024-12-19,"PRES",3.79620833333333,4.89702127636321,-1.63110122204562,11.3439090413037
2024-12-19,"BIRR",3.62620833333333,4.45898077503826,-2.03361176200022,10.8285263538491
2024-12-19,"BLC2",4.06841666666667,5.34584071995838,-1.04712869015959,11.6080315815336
2024-12-19,"BOTR",3.33629166666667,4.29667284856526,-2.18355571082746,10.6115419454601
2024-12-19,"GHSR",3.73920833333333,4.26839606758952,-2.33091485593982,10.7430322955274
2024-12-19,"LEAM",3.109375,4.37288732279666,-1.90574385791079,10.9889131304881
2024-12-19,"NPT3",3.06308333333333,5.60059429674753,-1.06227308397234,12.4892684489541
2024-12-19,"REA1",2.78004166666667,4.77609529793124,-1.96930566445959,11.2865677719833
2024-12-19,"SOUT",2.88033333333333,6.05753352486434,-0.61046280504967,12.561698170225
2024-12-19,"WREX",3.59079166666667,3.97176929652682,-2.8171886306069,10.4299990040552
2024-12-19,"LEAR",2.58158333333333,4.21296433645997,-2.36322294022712,10.8944241182305
2024-12-19,"PLYM",6.51141666666667,8.7301856857297,2.17861380602383,15.0147987418724
2024-12-19,"SHDG",2.62670833333333,4.219696295678,-2.4326363247685,10.8725215529936
2024-12-19,"SHE",2.555,4.40323598497806,-1.89419439588682,11.0138605466563
2024-12-19,"BEL2",5.34404166666667,4.62190989411393,-1.60563428289568,10.9862717172673
2024-12-19,"GLKP",2.92045833333333,4.04236436704603,-2.35703711434111,10.4852554038915
2024-12-19,"LECU",3.43854166666667,4.23624432589174,-2.25829730616252,10.6539313658699
2024-12-19,"SUN2",2.81641666666667,3.9574122484114,-2.47675959242872,10.4385813544835
2024-12-19,"TRAN",4.919375,4.45335105440907,-1.90407502507693,11.0522259207884
2024-12-19,"STOK",4.78679166666667,4.16840717166233,-2.53759844594681,10.6772887441161
2024-12-19,"BEX",3.231125,4.9964896660371,-1.26945805778047,11.5714551083362
2024-12-19,"SEND",3.01883333333333,5.06403543962373,-1.42640386896948,11.5572172474304
2024-12-19,"HUL2",2.67195833333333,4.67125171688094,-1.86740739868236,11.1038696196408
2024-12-19,"PEMB",4.77879166666667,5.69166064199003,-0.769916906163903,12.0440401141197
2024-12-19,"WFEN",2.52170833333333,4.60475779451114,-1.80822438072396,10.7874576410786
2024-12-19,"OSY",2.48429166666667,5.39485318840442,-1.19124528297342,12.1077580697983
2024-12-19,"ACTH",1.53883333333333,3.50401606249807,-2.6919930709134,10.0730663719611
2024-12-19,"COPP",3.6655,4.01335616273618,-2.68198246859834,10.4169005234032
2024-12-20,"EB",3.74625,4.03465506332769,-2.5224777909775,10.6290072907421
2024-12-20,"IMGM",4.780875,3.64070281947746,-2.90211390806274,10.289857451879
2024-12-20,"PRES",5.088375,4.40861457928922,-1.92367760948936,10.7903316751597
2024-12-20,"BIRR",5.75966666666667,4.30998566823468,-2.28791567585627,10.8908408189872
2024-12-20,"BLC2",6.70891666666667,4.54715915590778,-1.86865533688725,11.0423219163328
2024-12-20,"BOTR",4.39866666666667,4.1822369967869,-2.32379203355977,10.9961443197518
2024-12-20,"GHSR",5.15429166666667,4.34893660186883,-2.07308848304155,10.8880997178331
2024-12-20,"LEAM",4.78770833333333,4.09450103358214,-2.47093797053315,10.6659427883588
2024-12-20,"NPT3",5.751875,4.1449396945997,-2.45279516816142,10.7531094651376
2024-12-20,"REA1",4.02920833333333,3.98279538181654,-2.54853487655189,10.5761375904723
2024-12-20,"SOUT",4.71804166666667,4.10017778458148,-2.32332019050847,10.7661649040309
2024-12-20,"WREX",3.54958333333333,4.26978955103738,-2.19028479192991,11.0505407536505
2024-12-20,"LEAR",4.28366666666667,3.86852973608747,-2.31349953503858,10.6136105826434
2024-12-20,"PLYM",8.62820833333333,5.74705370409768,-0.845690626890601,12.5477542787319
2024-12-20,"SHDG",4.51858333333333,3.8853563582031,-2.84034482747451,10.6053702026973
2024-12-20,"SHE",5.23383333333333,3.86516966649789,-2.75152150938683,10.6530049593351
2024-12-20,"BEL2",6.50454166666667,5.02612075191862,-1.33415998220414,11.4316103534704
2024-12-20,"GLKP",4.37104166666667,3.99894127495651,-2.26598126336028,10.5997982854492
2024-12-20,"LECU",4.19125,4.22067334726373,-2.13693719109174,10.9240853535266
2024-12-20,"SUN2",3.26945833333333,3.94676812547782,-2.7100687556105,10.4495054420697
2024-12-20,"TRAN",6.08391666666667,4.84509503283428,-1.68123501654234,11.4706452607102
2024-12-20,"STOK",4.663875,4.77091650849424,-1.80889108850371,11.4521019383716
2024-12-20,"BEX",4.768125,4.1809312936094,-2.38601848071456,10.7747758094835
2024-12-20,"SEND",4.41625,4.09800318143788,-2.44541353619212,10.6406025011942
2024-12-20,"HUL2",5.53654166666667,3.93031432990851,-2.58498330794852,10.3641084592394
2024-12-20,"PEMB",5.07770833333333,4.8600587184345,-1.49639412973007,11.3848424766074
2024-12-20,"WFEN",4.30141666666667,3.86553212464806,-2.89413488554753,10.7531085354386
2024-12-20,"OSY",4.14708333333333,3.89814316704505,-2.63081236339522,10.3529742353639
2024-12-20,"ACTH",2.35741666666667,3.40066044048372,-2.90962525039696,9.95781310306787
2024-12-20,"COPP",3.976125,4.30162597281647,-2.25157122578205,10.7980522663923
2024-12-21,"EB",6.814125,5.18455622634846,-1.09570194160873,11.479690406541
2024-12-21,"IMGM",4.97558333333333,5.59233621476621,-0.705633398304673,12.0690002212836
2024-12-21,"PRES",7.286875,5.76208051802372,-0.762170917720412,12.2385764080683
2024-12-21,"BIRR",4.88016666666667,6.03400165998912,-0.442132180825448,12.4324327172596
2024-12-21,"BLC2",9.98333333333333,6.43526133600537,0.0120925946577133,13.2122345085523
2024-12-21,"BOTR",5.04520833333333,5.46713177919671,-1.16673854251958,11.97899376321
2024-12-21,"GHSR",7.052,5.78779267031172,-0.825831164493031,12.2623439076614
2024-12-21,"LEAM",5.53066666666667,5.62157170737183,-1.01411645092616,12.3269613428077
2024-12-21,"NPT3",7.31733333333333,6.01698248965957,-0.455902633706747,12.529552288951
2024-12-21,"REA1",6.07995833333333,5.30153352074213,-0.916231947983878,11.7750366718951
2024-12-21,"SOUT",6.64908333333333,5.58730006593769,-1.01299337460709,12.0232058990353
2024-12-21,"WREX",4.682625,5.12416070742298,-1.49345483626676,11.4366655880906
2024-12-21,"LEAR",5.08270833333333,5.40131960503543,-1.23020107358355,11.970960777078
2024-12-21,"PLYM",9.59020833333333,7.284567134125,0.507585102943521,14.0019954617708
2024-12-21,"SHDG",5.38216666666667,5.49904409878189,-0.858617215836879,11.9960232373282
2024-12-21,"SHE",5.32616666666667,5.79145589488235,-0.612397266399181,12.1760658066136
2024-12-21,"BEL2",6.6795,6.38249878117832,-0.302273409801356,12.9521296560583
2024-12-21,"GLKP",6.29708333333333,5.44556883341388,-0.976386083608973,12.030343192938
2024-12-21,"LECU",4.85754166666667,5.38433300122193,-1.10838970859931,11.766981475209
2024-12-21,"SUN2",4.920375,4.98995278538009,-1.37477094179779,11.6267997376034
2024-12-21,"TRAN",7.13054166666667,6.19908448899313,-0.219058557999125,12.9274739093729
2024-12-21,"STOK",5.250625,5.61179141123515,-0.920330224333383,12.0318786585881
2024-12-21,"BEX",6.25391666666667,5.61650416480594,-0.831015253091798,12.0396761175065
2024-12-21,"SEND",6.37979166666667,5.46657563699379,-1.02130464202913,11.9539110579528
2024-12-21,"HUL2",5.9955,5.91882423775752,-0.52821193855231,12.2969553449893
2024-12-21,"PEMB",8.60666666666667,5.78179822085139,-0.668975587846073,12.3458000361141
2024-12-21,"WFEN",4.594125,5.40715104419418,-0.86508495093012,11.5406764377848
2024-12-21,"OSY",6.18116666666667,5.34275829413121,-1.18423104850267,11.9710405593458
2024-12-21,"ACTH",3.77845833333333,4.58350288638916,-1.87224938428005,11.169313022161
2024-12-21,"COPP",5.15533333333333,5.30142325307092,-1.35050217717734,11.6467748530791
2024-12-22,"EB",4.54604166666667,6.77463691226291,0.507108233656718,13.3872492601243
2024-12-22,"IMGM",4.54208333333333,6.04385539653259,-0.303990049654308,12.7251737323647
2024-12-22,"PRES",8.356,7.0019964742949,0.712462943831597,13.474949974147
2024-12-22,"BIRR",6.95070833333333,6.02862375563334,-0.786422388140593,12.5929411543123
2024-12-22,"BLC2",9.78195833333333,8.15076201030741,1.78435359715821,14.6055552580791
2024-12-22,"BOTR",7.21104166666667,6.06311471688877,-0.190065208152109,12.5128106911789
2024-12-22,"GHSR",7.56783333333333,6.90701319141423,0.492694232268257,13.5104454129261
2024-12-22,"LEAM",6.66079166666667,6.27231997507204,-0.160765844821443,12.7936175968548
2024-12-22,"NPT3",6.364,7.03080048335637,0.458506604164846,13.4829539678133
2024-12-22,"REA1",5.47370833333333,6.47962737687823,0.0490082895567362,13.0450922654181
2024-12-22,"SOUT",5.66725,6.73059789265746,-0.00176246577351049,13.2956428065041
2024-12-22,"WREX",7.202375,5.89316024957822,-0.411843095823978,12.6140510294492
2024-12-22,"LEAR",6.12425,6.07571669037891,-0.468025952408033,12.508618102515
2024-12-22,"PLYM",8.39033333333333,8.03616001349946,1.49339067006121,14.4910485278945
2024-12-22,"SHDG",6.99770833333333,6.2046421136508,-0.29907657797611,12.9057648838263
2024-12-22,"SHE",6.51933333333333,6.19915671676388,-0.436476208840577,12.8126269203942
2024-12-22,"BEL2",7.50195833333333,6.78693419948733,0.192635987108326,13.046489073559
2024-12-22,"GLKP",6.94183333333333,6.57731328966812,0.206347777203219,13.1163281536489
2024-12-22,"LECU",6.41608333333333,5.98084205739483,-0.551947501513286,12.5408762998467
2024-12-22,"SUN2",4.64029166666667,5.98407101564816,-0.581176844037436,12.5393924855734
2024-12-22,"TRAN",10.61425,6.96212168860394,0.659079146158297,13.4071338273216
2024-12-22,"STOK",8.45416666666667,6.154105414062,-0.380144631368706,12.6750606183363
2024-12-22,"BEX",6.08091666666667,6.56930077432185,0.252809442604828,13.2686024381446
2024-12-22,"SEND",6.073125,6.6124389619947,-0.065724609619041,13.449746547641
2024-12-22,"HUL2",5.39604166666667,6.48186890763411,0.062923806976684,12.9937513820339
2024-12-22,"PEMB",6.83375,7.54454411328223,1.00755866949653,14.1155852607643
2024-12-22,"WFEN",5.49041666666667,5.87520558207819,-0.608710321329628,12.3304257872524
2024-12-22,"OSY",5.407875,6.52414446343259,0.129904329999476,13.1770454145686
2024-12-22,"ACTH",3.730375,5.49204465435085,-0.850279179538863,11.9393669001535
2024-12-22,"COPP",8.03566666666667,6.09804158557681,-0.43875812546371,12.7062181262308
2024-12-23,"EB",6.84941666666667,5.9028431159093,-0.477597259871097,12.3386079210618
2024-12-23,"IMGM",7.05195833333333,5.8561120145058,-0.846430258663617,12.1596204706037
2024-12-23,"PRES",7.25541666666667,7.48141586157392,1.1421744948467,14.1782519607766
2024-12-23,"BIRR",7.86266666666667,6.84440039245662,0.174255581737905,13.3212659691009
2024-12-23,"BLC2",6.76304166666667,8.13403934850946,1.69984207951926,14.7433880687884
2024-12-23,"BOTR",8.33333333333333,6.95552015232293,0.562842405102062,13.4889633922488
2024-12-23,"GHSR",4.93816666666667,7.15149349867881,0.574353471228377,13.9190359344506
2024-12-23,"LEAM",7.582625,6.74112034543691,0.191189500590778,13.3678388497718
2024-12-23,"NPT3",6.21466666666667,6.66288515955924,0.421958871071366,13.0102365192144
2024-12-23,"REA1",7.31629166666667,6.26636708029318,-0.249725777372242,12.9204801961316
2024-12-23,"SOUT",6.41516666666667,6.3599294621957,-0.342746490115897,13.069442639106
2024-12-23,"WREX",5.00195833333333,6.94306079633292,0.724418009137308,13.500923653339
2024-12-23,"LEAR",7.2495,6.50945998143369,-0.0277304057173256,13.2078597970903
2024-12-23,"PLYM",8.25266666666667,7.55204198577821,1.19791115460427,13.8956689083544
2024-12-23,"SHDG",6.42975,6.87604580802855,0.12502788108137,13.5792358896502
2024-12-23,"SHE",7.46566666666667,6.67792398989734,0.324369702065626,13.2492980114979
2024-12-23,"BEL2",5.27616666666667,7.11526198976127,0.522523694160672,13.8363980632756
2024-12-23,"GLKP",4.61379166666667,6.87551004407154,0.238295628619258,13.4209128859231
2024-12-23,"LECU",7.73291666666667,6.62396259976296,0.198057852933131,13.2521549207684
2024-12-23,"SUN2",5.87366666666667,5.89514916867397,-0.694992657118472,12.3190052745072
2024-12-23,"TRAN",6.538,8.40636298701094,1.82596769609188,15.0299784958567
2024-12-23,"STOK",7.82045833333333,7.47183696719848,0.814730104408467,13.8415044356478
2024-12-23,"BEX",8.82079166666667,6.52036975227787,-0.069255274769494,13.0128526043394
2024-12-23,"SEND",7.79679166666667,6.52025312909273,0.0896559071208277,12.8909039703014
2024-12-23,"HUL2",8.57216666666667,6.23235208429873,-0.0980708985680036,12.675615352334
2024-12-23,"PEMB",4.541125,6.88771578422233,0.23971480905988,13.4959359072428
2024-12-23,"WFEN",7.03816666666667,6.2367884904631,-0.431394709259336,12.4857416817361
2024-12-23,"OSY",6.72375,6.24177372045775,-0.0164574088399702,12.8677416748042
2024-12-23,"ACTH",2.82733333333333,5.49290142287095,-0.986520994263574,11.912403394054
2024-12-23,"COPP",6.47108333333333,7.29737688079396,0.750911951242075,13.7979976540024
2024-12-24,"EB",4.47333333333333,6.71032412851337,-0.050329723579527,13.2123106467131
2024-12-24,"IMGM",5.78604166666667,6.79352918759761,0.131734572907883,13.3241032986032
2024-12-24,"PRES",4.986375,6.9707713618558,0.508071234686053,13.4765822559041
2024-12-24,"BIRR",5.52483333333333,7.18604901163869,0.853894444705138,13.4940512328493
2024-12-24,"BLC2",5.05220833333333,6.80324696646791,0.198322299778335,13.3911359498888
2024-12-24,"BOTR",5.631875,7.38601321999481,1.04108222080184,13.9699050404666
2024-12-24,"GHSR",1.7305,5.99838800232525,-0.498516363380904,12.6647505189278
2024-12-24,"LEAM",6.60479166666667,7.06376009450163,0.317791687168455,13.3891268111657
2024-12-24,"NPT3",3.37558333333333,6.49385970442999,0.203827680678888,13.1954316014081
2024-12-24,"REA1",5.593625,6.9250999052023,0.307555259612905,13.3258570309327
2024-12-24,"SOUT",3.91708333333333,6.55922949419227,0.0971333039251795,13.1091023852084
2024-12-24,"WREX",1.66570833333333,6.01565907647324,-0.280733169806379,12.4984802268554
2024-12-24,"LEAR",6.42891666666667,6.9135886427658,0.370753242452411,13.581395200112
2024-12-24,"PLYM",2.99625,7.38176668516316,0.92362822965091,13.9684338468841
2024-12-24,"SHDG",5.24475,6.59786618934181,-0.212774276142863,12.9829538903974
2024-12-24,"SHE",4.59808333333333,7.01218673723733,0.541396092875705,13.2114933197373
2024-12-24,"BEL2",2.97070833333333,6.13578597907763,-0.393626339392241,12.8002087725953
2024-12-24,"GLKP",1.65195833333333,5.84962069464821,-0.803448590989758,12.3904257892895
2024-12-24,"LECU",6.18225,7.11956948122086,0.446832111127703,13.7770453720333
2024-12-24,"SUN2",1.16258333333333,6.3113258192988,-0.184831628221303,12.8508169352457
2024-12-24,"TRAN",9.03,6.73110868767995,0.213848286097382,13.1086848006092
2024-12-24,"STOK",3.013,7.20557223367073,0.711550529697021,13.8309682028779
2024-12-24,"BEX",8.34520833333333,7.55877285157645,0.884929805152388,14.2282815064797
2024-12-24,"SEND",8.63316666666667,7.13742679901506,0.708363837407758,13.7530522820186
2024-12-24,"HUL2",6.7315,7.43971599223416,1.18169330900697,13.9378059117113
2024-12-24,"PEMB",2.46175,5.81708255062939,-0.866528418764057,12.1227569786421
2024-12-24,"WFEN",5.94741666666667,6.81112140668886,0.0651614780926465,13.5711431288672
2024-12-24,"OSY",8.2105,6.67978192222583,-0.0520262986131405,13.2507814663136
2024-12-24,"ACTH",0.515041666666667,5.0360953141732,-1.71765102767459,11.5993735704696
2024-12-24,"COPP",4.43104166666667,6.64032912424235,0.350567018184992,13.4409834867387
2024-12-25,"EB",5.11504166666667,4.87518614885076,-1.37291837173508,11.3235158248203
2024-12-25,"IMGM",6.13208333333333,5.42005095210775,-1.14442613507084,12.1220714643232
2024-12-25,"PRES",4.053625,5.09615201497513,-1.75295972956874,11.7672408232253
2024-12-25,"BIRR",3.77854166666667,5.33250841645163,-1.17139720125281,11.9449446009779
2024-12-25,"BLC2",2.93929166666667,5.11114927462965,-1.30676894130504,11.6875888501517
2024-12-25,"BOTR",6.6755,5.38807934492191,-0.83392347091275,11.8904755320657
2024-12-25,"GHSR",1.341375,3.7002156567264,-2.97201892020842,10.292976280553
2024-12-25,"LEAM",4.31408333333333,5.76980811419878,-0.485165450159491,12.070099115641
2024-12-25,"NPT3",1.95758333333333,4.40812735365152,-1.9793609547208,10.9644705759249
2024-12-25,"REA1",2.818375,5.34739766360398,-1.12763306381754,12.1008984395011
2024-12-25,"SOUT",1.82191666666667,4.635756353738,-1.90985749855631,11.0687594677177
2024-12-25,"WREX",3.35691666666667,3.67513281219707,-2.81514227747253,10.4784412125645
2024-12-25,"LEAR",5.34091666666667,5.68930130291348,-0.828802459492146,12.2187604793779
2024-12-25,"PLYM",2.00083333333333,4.30210980259391,-2.5660613298359,10.8319409088084
2024-12-25,"SHDG",7.17570833333333,5.1821622878969,-1.32682714947769,11.6130175030231
2024-12-25,"SHE",6.301125,4.94161168322095,-1.63894470943226,11.5798771898847
2024-12-25,"BEL2",2.10291666666667,4.21858542717698,-2.25439557473665,10.6386996333853
2024-12-25,"GLKP",1.27058333333333,3.65995515178509,-2.95304640907049,10.0957969723359
2024-12-25,"LECU",5.21625,5.5997104046285,-0.74882737437076,11.9552465586522
2024-12-25,"SUN2",3.47679166666667,3.48959025253788,-3.14239811825039,10.3717217408478
2024-12-25,"TRAN",12.0372083333333,6.74163097564196,0.369165822381976,13.3134188565932
2024-12-25,"STOK",4.040875,4.29839587679244,-2.33757170828047,10.6748330424478
2024-12-25,"BEX",7.51583333333333,6.51598850101447,-0.161406664699677,12.8958928698955
2024-12-25,"SEND",10.860875,6.60930041515657,0.193055056163728,13.1380202906091
2024-12-25,"HUL2",8.76866666666667,5.84619667061353,-0.825490909105091,12.2457729990301
2024-12-25,"PEMB",1.12033333333333,3.99122692132573,-2.58201005010798,10.7757688148088
2024-12-25,"WFEN",4.950875,5.48608358486289,-1.13178961738991,12.158015549332
2024-12-25,"OSY",9.438875,6.40914048326098,-0.324169499921969,12.8759000559265
2024-12-25,"ACTH",0.64075,3.1485340223533,-3.63346104004736,9.66632784486571
2024-12-25,"COPP",5.22408333333333,4.84851098637889,-1.64724943835278,11.023611355814
2024-12-26,"EB",4.18141666666667,5.46113122576588,-0.950205499046684,11.8644361002756
2024-12-26,"IMGM",7.70345833333333,5.91162764058571,-0.602580141414087,12.6494642689875
2024-12-26,"PRES",10.9070833333333,5.03717337621778,-1.54423921748992,11.3795632671125
2024-12-26,"BIRR",4.35725,4.93724543716126,-1.77134518816673,11.4028584665013
2024-12-26,"BLC2",11.3935833333333,4.58048082933494,-1.81053559755216,11.0858951747342
2024-12-26,"BOTR",5.05608333333333,6.13134425295035,-0.23682355938692,12.6319378081958
2024-12-26,"GHSR",2.01458333333333,3.84179498365982,-2.46363914142027,10.34910010674
2024-12-26,"LEAM",3.619375,5.18399874029039,-1.47051526623392,11.7307288920604
2024-12-26,"NPT3",4.25525,4.13558884912097,-2.19676151961445,11.009841309813
2024-12-26,"REA1",4.21475,4.54403176120262,-2.01475119079533,10.9901836932418
2024-12-26,"SOUT",4.17645833333333,4.09307538500531,-2.35885429211244,10.4076291818233
2024-12-26,"WREX",4.714125,4.66916573331851,-1.91104458186471,11.4987113461802
2024-12-26,"LEAR",3.45225,5.60200438733283,-0.907176114768002,12.1309527216552
2024-12-26,"PLYM",2.84008333333333,4.14407108111929,-2.20795872679894,10.8595769470546
2024-12-26,"SHDG",12.8549166666667,6.32757503174745,-0.387007260564556,12.9921892173987
2024-12-26,"SHE",10.8255,5.95200879614996,-0.600275215864124,12.7010381328586
2024-12-26,"BEL2",5.96404166666667,4.1854297437632,-2.50185149848037,10.7525978915061
2024-12-26,"GLKP",1.95270833333333,3.81075271343833,-2.82813216177647,10.3220599832402
2024-12-26,"LECU",4.2295,5.54467974451112,-1.01783309478688,12.1679036947179
2024-12-26,"SUN2",6.55266666666667,4.70612575164359,-1.64744321923415,11.4705402117233
2024-12-26,"TRAN",17.4923333333333,8.41989237999463,2.03602753782022,14.7782803002647
2024-12-26,"STOK",6.41629166666667,4.98351867103029,-1.64065358945373,11.5685521089844
2024-12-26,"BEX",5.9945,6.54352347259081,-0.118967119705292,13.2320257209313
2024-12-26,"SEND",6.818,7.92635008148543,1.32484984743516,14.446193004006
2024-12-26,"HUL2",12.88825,7.01920639825869,0.324220332636225,13.281734938321
2024-12-26,"PEMB",0.688833333333333,3.76882308718775,-2.55328727418001,10.3384748391084
2024-12-26,"WFEN",6.84954166666667,5.42977429828146,-1.04252805761854,12.1535831101964
2024-12-26,"OSY",6.37295833333333,7.33113524841291,0.598524976087458,14.0541249079402
2024-12-26,"ACTH",0.563166666666667,3.52382144629659,-2.87313188957894,10.1814931416621
2024-12-26,"COPP",4.62375,5.50494082921838,-0.944430571621529,12.0790028778623
2024-12-27,"EB",6.70495833333333,5.74910974403268,-0.827176097619695,12.3471979734528
2024-12-27,"IMGM",2.88733333333333,7.22261950815464,0.88393233826508,13.879240387243
2024-12-27,"PRES",7.38891666666667,8.48923076136482,1.8168046157453,15.0726525013673
2024-12-27,"BIRR",4.856625,5.78864018005431,-0.708134889801008,12.2225728874244
2024-12-27,"BLC2",6.12133333333333,8.66198364684132,2.07674768749874,14.9622292024452
2024-12-27,"BOTR",4.49495833333333,6.14712738933613,-0.493090210156326,12.5399370550772
2024-12-27,"GHSR",3.83745833333333,4.76535008396943,-1.85647889817522,11.2418863596643
2024-12-27,"LEAM",5.39320833333333,5.49830184019163,-0.870717277449132,12.1343562502288
2024-12-27,"NPT3",7.10704166666667,5.70201745537756,-0.761837525405978,12.40664658083
2024-12-27,"REA1",4.488,5.70647738986017,-0.83208439800514,12.2994844366374
2024-12-27,"SOUT",7.28575,5.66628352201292,-0.7122970012724,12.2316969084573
2024-12-27,"WREX",10.2870416666667,5.92507388543333,-0.507150543574654,12.5017499372063
2024-12-27,"LEAR",5.00104166666667,5.45475626083186,-0.963707247171215,11.8252702528693
2024-12-27,"PLYM",6.68245833333333,5.12104293066972,-1.22133541328976,11.5744304220166
2024-12-27,"SHDG",17.6828333333333,9.36693456435552,2.83646324763469,15.8748395820849
2024-12-27,"SHE",8.80108333333333,8.51081250162482,1.91008532388718,14.9392189964384
2024-12-27,"BEL2",6.15470833333333,6.40838159689413,-0.0560644662930858,12.8655688659854
2024-12-27,"GLKP",3.696,4.73816521986759,-1.69536079541772,11.2307242577478
2024-12-27,"LECU",3.190875,5.77136849669902,-0.745998521533474,12.3942529752464
2024-12-27,"SUN2",11.252,6.68417759372996,0.098920925944609,13.2308138721231
2024-12-27,"TRAN",35.8885,11.3934925665973,4.86061278664637,18.0244032608261
2024-12-27,"STOK",6.841625,6.6419268176897,0.178434770319339,13.0399485495784
2024-12-27,"BEX",7.673,6.55369828972431,-0.0212025402541102,13.0340898426682
2024-12-27,"SEND",4.52441666666667,6.9744512952444,0.612047870044861,13.4179346644407
2024-12-27,"HUL2",9.76725,9.41972248585271,2.93883127196794,16.0126855493495
2024-12-27,"PEMB",2.54820833333333,4.214667608738,-2.19988952709016,10.6804412889748
2024-12-27,"WFEN",11.022,6.84243976823241,0.17829101145342,13.111493941493
2024-12-27,"OSY",2.35820833333333,6.75652823645157,0.255972506957919,13.5740132556623
2024-12-27,"ACTH",0.669208333333333,4.15121777044961,-2.41573128501379,10.7109022577889
2024-12-27,"COPP",5.78820833333333,5.93370941621422,-0.626377981173476,12.5340361986021
2024-12-28,"EB",11.0111666666667,7.03879154109898,0.343991306289627,13.3970021627529
2024-12-28,"IMGM",6.99095833333333,5.55506584162251,-1.11846864300272,12.1567488959403
2024-12-28,"PRES",7.73108333333333,7.48508676763176,0.749264937486039,14.062637123074
2024-12-28,"BIRR",4.90566666666667,6.28291499256111,-0.396399383477435,12.8558545581977
2024-12-28,"BLC2",7.52558333333333,6.97568472821375,0.250196072227983,13.4960445460452
2024-12-28,"BOTR",6.48195833333333,6.15131102541015,-0.424177038127542,12.8355976245185
2024-12-28,"GHSR",4.65508333333333,5.80627766249732,-0.829614778700116,12.4090181428696
2024-12-28,"LEAM",6.40345833333333,6.48550163154067,-0.00128213205482861,12.7143841818497
2024-12-28,"NPT3",8.38058333333333,7.2059732978981,0.528220665762015,13.7411080319186
2024-12-28,"REA1",4.609,6.12780958533382,-0.560933405646697,12.5899463986092
2024-12-28,"SOUT",9.08425,7.27754027494784,0.63367683990199,13.8991074441663
2024-12-28,"WREX",8.31270833333333,8.52511382268189,2.1489978263144,15.2048613272008
2024-12-28,"LEAR",5.95225,6.32010981090925,-0.320315961806137,12.6636498879064
2024-12-28,"PLYM",10.8963333333333,6.99663206142296,0.539545518828373,13.3518110169758
2024-12-28,"SHDG",12.5572083333333,11.7665951537365,5.23619843026678,18.3671089568992
2024-12-28,"SHE",11.1517083333333,8.06388704678608,1.42868321971292,14.6040139290371
2024-12-28,"BEL2",7.175875,6.85621382526878,0.136325683577449,13.6589608445382
2024-12-28,"GLKP",4.43791666666667,5.74658018328061,-0.734407592151234,12.2169536752823
2024-12-28,"LECU",6.658875,5.59468455803136,-0.940831536503307,12.0411623702394
2024-12-28,"SUN2",4.497875,8.96708893386625,2.2351483623332,15.3117394963833
2024-12-28,"TRAN",13.7991666666667,19.3680612880543,12.9318835307595,26.0341700120398
2024-12-28,"STOK",7.046,7.14982631735614,0.76137690906603,13.6690194012273
2024-12-28,"BEX",8.8955,7.4814102344236,0.926277862856078,14.1230345298202
2024-12-28,"SEND",7.02545833333333,6.206650106685,-0.475603345563161,12.8030000802043
2024-12-28,"HUL2",10.0392916666667,8.51185940479995,1.79151496476732,15.0199376254138
2024-12-28,"PEMB",5.57395833333333,5.24350635306246,-1.38260609479535,11.9351763142723
2024-12-28,"WFEN",5.427625,8.87977653046731,2.24750401735897,15.5888546865427
2024-12-28,"OSY",4.09591666666667,5.30480532354395,-1.301440738375,11.9677073146682
2024-12-28,"ACTH",1.15370833333333,4.46762069482832,-1.99545583955196,10.8210618914128
2024-12-28,"COPP",6.676625,6.67259817305194,-0.130411935684698,12.9980704354391
2024-12-29,"EB",5.13658333333333,8.60627322788315,2.30604756287481,15.3053859340053
2024-12-29,"IMGM",5.38129166666667,6.85917153310493,0.161804058499306,13.2999278598691
2024-12-29,"PRES",3.90825,7.27400600641321,0.815407241400666,13.7862541170829
2024-12-29,"BIRR",3.2135,6.04983490985516,-0.509734593853276,12.7691289343668
2024-12-29,"BLC2",5.24283333333333,7.1583907733106,0.79408055535307,13.8623309279396
2024-12-29,"BOTR",3.91120833333333,6.68926618617412,0.240473567446191,13.3045329311579
2024-12-29,"GHSR",4.26595833333333,5.92177177641983,-0.387137504777681,12.3867174981554
2024-12-29,"LEAM",3.53570833333333,6.67901625305155,0.411198253262958,13.4597799304581
2024-12-29,"NPT3",7.83120833333333,7.53422006523897,0.897108628597179,14.118299506701
2024-12-29,"REA1",3.72358333333333,5.91877752199848,-0.711225227604953,12.430542473842
2024-12-29,"SOUT",3.7785,7.82801104199455,1.28089562453891,14.4247754886365
2024-12-29,"WREX",2.49316666666667,7.5843159137313,1.04013553718081,14.3970018475292
2024-12-29,"LEAR",3.49258333333333,6.4838208124294,-0.105114491311621,13.1687356876096
2024-12-29,"PLYM",4.1205,8.55849213499412,1.8330077372338,15.1509283743855
2024-12-29,"SHDG",3.25770833333333,9.51144478258676,3.10029878950871,16.0748468695508
2024-12-29,"SHE",3.018,8.71549791515846,2.23768319346268,15.3425895119369
2024-12-29,"BEL2",5.18779166666667,7.01538005538679,0.315490955145142,13.5920528410891
2024-12-29,"GLKP",3.90441666666667,5.82898432604408,-0.560067678367796,12.3355046128821
2024-12-29,"LECU",4.12345833333333,6.73003742558553,0.24743268834108,13.0887187701221
2024-12-29,"SUN2",2.155125,6.03900801717951,-0.425089421293761,12.4145774065864
2024-12-29,"TRAN",3.070875,10.4688638766717,3.86419655846469,17.1517604914574
2024-12-29,"STOK",2.81745833333333,6.9788159731075,0.571671279666587,13.5837566976336
2024-12-29,"BEX",6.39158333333333,7.75988118666542,1.04951448640073,14.1267258575222
2024-12-29,"SEND",6.61370833333333,6.91352176048481,0.452488239116397,13.3847006660739
2024-12-29,"HUL2",5.204375,8.28168063899534,1.83248186262674,14.8375068401172
2024-12-29,"PEMB",3.0445,6.26806256454161,-0.623790269095502,12.7750960601718
2024-12-29,"WFEN",4.78679166666667,6.41575703945658,0.0261006992563698,12.848644017835
2024-12-29,"OSY",5.407,5.65550646401108,-0.865826997291918,12.2029873118529
2024-12-29,"ACTH",2.24754166666667,4.40398844331408,-2.00982396394531,10.9446531649998
2024-12-29,"COPP",2.6465,6.80105549627781,0.456089006676415,13.3453264525203
2024-12-30,"EB",2.47741666666667,4.83956227943805,-1.90788281842727,11.2788884173523
2024-12-30,"IMGM",1.71779166666667,4.84158317760697,-1.49885455896105,11.4369158846636
2024-12-30,"PRES",3.57320833333333,4.25390132286767,-2.29137206113904,10.6873773611265
2024-12-30,"BIRR",1.95758333333333,3.89884858369485,-2.6418678044035,10.4238406053915
2024-12-30,"BLC2",6.14195833333333,4.7977528879173,-1.63170241289057,11.0812986197712
2024-12-30,"BOTR",1.78358333333333,4.22447450534961,-2.39407697357459,10.8225933522883
2024-12-30,"GHSR",3.31370833333333,4.32556064078402,-2.02972232937345,10.7167104963007
2024-12-30,"LEAM",1.529125,4.06811156792916,-2.52589837234143,10.7444441829501
2024-12-30,"NPT3",1.973375,5.88328520139941,-0.554242469003749,12.337952834496
2024-12-30,"REA1",1.75225,4.10135991659438,-2.32857383917414,10.6732520080148
2024-12-30,"SOUT",2.15308333333333,4.2337330952722,-2.57440832761088,10.9329206556529
2024-12-30,"WREX",1.37091666666667,3.68616848666538,-2.91551088164394,10.064884760406
2024-12-30,"LEAR",1.50045833333333,4.03930589930673,-2.69126699511649,10.9530480644052
2024-12-30,"PLYM",2.91575,4.41884627988287,-2.44453487986109,10.8769901897789
2024-12-30,"SHDG",1.727625,4.10473837847238,-2.29871637779059,10.5467255032453
2024-12-30,"SHE",1.57329166666667,3.97167043065423,-2.52489885149052,10.4877152860168
2024-12-30,"BEL2",3.7175,4.76653608177179,-1.71503546126036,11.4420762534225
2024-12-30,"GLKP",3.04829166666667,4.17153677328172,-2.34345025579067,10.6737549873884
2024-12-30,"LECU",1.61758333333333,4.31610967274246,-2.19150680687773,10.8685765504473
2024-12-30,"SUN2",3.52591666666667,3.45355184106177,-2.90119333881073,10.0365537034697
2024-12-30,"TRAN",2.836,4.05836452141961,-2.55221537154963,10.7314081502358
2024-12-30,"STOK",1.73845833333333,3.78846960218538,-2.68859321951642,10.3523940862887
2024-12-30,"BEX",2.62970833333333,5.30382227942262,-1.27225642650305,11.589505853997
2024-12-30,"SEND",2.48133333333333,5.34930289790561,-1.17739523270834,11.9279483541108
2024-12-30,"HUL2",3.56133333333333,4.84360187702951,-1.40196428319734,11.2788215214971
2024-12-30,"PEMB",1.65091666666667,3.84573610294631,-2.74193987398887,10.4358028852736
2024-12-30,"WFEN",2.04195833333333,4.55872309514868,-1.90890644852384,10.969055965763
2024-12-30,"OSY",3.468,4.7811354474969,-1.58297170134015,11.593060042456
2024-12-30,"ACTH",1.871125,3.40952225313063,-3.1223846836338,9.90120488198838
2024-12-30,"COPP",1.524125,3.7090956527173,-3.15245541343212,10.1425045512609
2024-12-31,"EB",6.12125,3.4658671940578,-3.10220474166441,9.90688396822713
2024-12-31,"IMGM",1.7365,3.1594487022815,-3.36494049112275,9.65906946366777
2024-12-31,"PRES",2.070625,3.88641539989588,-2.29967054216696,10.4764241803127
2024-12-31,"BIRR",2.62579166666667,3.20489093704451,-3.24703778577296,9.85960726595604
2024-12-31,"BLC2",6.28729166666667,4.975641400864,-1.52015909227712,11.6172446465431
2024-12-31,"BOTR",2.15304166666667,3.15044368547979,-3.34746816703347,9.65293788060692
2024-12-31,"GHSR",4.2305,3.78846247912148,-2.71919827715176,10.1716282698601
2024-12-31,"LEAM",2.14720833333333,3.03657725606595,-3.40158411314832,9.46814300432452
2024-12-31,"NPT3",3.13495833333333,3.32466741338636,-3.17481430937034,9.76378469215792
2024-12-31,"REA1",3.147625,3.13295396774924,-3.57486927649054,9.65097929929336
2024-12-31,"SOUT",5.41179166666667,3.29915755579362,-3.37092888511625,10.0075873032229
2024-12-31,"WREX",1.56154166666667,2.94593305490526,-3.48869245713427,9.43508207716792
2024-12-31,"LEAR",2.17575,3.02372916972732,-3.69175568356028,9.47988162257695
2024-12-31,"PLYM",6.21954166666667,3.6212201647795,-2.80331721374022,10.3911186767076
2024-12-31,"SHDG",1.2825,3.1113972521297,-3.48615388861158,9.71178279397732
2024-12-31,"SHE",1.360125,3.04204188315126,-3.42983751875984,9.35321054648334
2024-12-31,"BEL2",4.30916666666667,3.97714998118669,-2.49224601632543,10.2512718492519
2024-12-31,"GLKP",4.011375,3.6704314873788,-2.9940793630614,10.191473214497
2024-12-31,"LECU",2.097125,3.0873774433987,-3.32854479662737,9.60940977385434
2024-12-31,"SUN2",1.253,3.82395742951828,-2.91223014376546,10.5091441399455
2024-12-31,"TRAN",1.73058333333333,3.5626708594643,-3.09368277733491,9.94507067048589
2024-12-31,"STOK",1.67945833333333,3.1050526173101,-3.20639937695502,9.67145547625618
2024-12-31,"BEX",4.37108333333333,3.5592899919265,-2.97879278856458,10.2139961786267
2024-12-31,"SEND",4.044875,3.5037148854064,-3.04600861751664,10.0720424280408
2024-12-31,"HUL2",2.28291666666667,3.91332793822632,-2.60140963032085,10.4291058226785
2024-12-31,"PEMB",5.578875,3.07461790854732,-3.56508574768528,9.96300331429361
2024-12-31,"WFEN",2.3005,3.2781890212889,-3.38183762671692,9.80384306876395
2024-12-31,"OSY",4.325875,3.8799122194769,-2.58827622477784,10.4448337783418
2024-12-31,"ACTH",1.97425,3.14563511152661,-3.50076541926914,9.80390945293875
2024-12-31,"COPP",1.752125,3.01270677789054,-3.63264053766732,9.49627105927429
