"date","site_id","observed","forecast_mean","lower_95","upper_95","covered_95","crps","interval_score_95","pit"
2024-10-19,"EB",4.59525,4.41140267239412,-1.76913875218497,10.7959015611173,TRUE,0.565125323303192,12.5650403133022,0.536
2024-10-19,"IMGM",5.39895833333333,4.86526965175602,-1.35068083669652,11.2409784746745,TRUE,0.600884727905294,12.591659311371,0.597
2024-10-19,"PRES",6.41229166666667,4.88686792523555,-1.24164672730762,11.3553493106225,TRUE,0.972520373783039,12.5969960379301,0.75275
2024-10-19,"BIRR",6.5575,5.36489570121922,-1.12817705765291,12.010587428626,TRUE,0.80312568034764,13.1387644862789,0.7005
2024-10-19,"BLC2",6.879,4.90532737347155,-1.40772529083052,11.449110574963,TRUE,1.18900354852626,12.8568358657935,0.80725
2024-10-19,"BOTR",7.903875,5.55467731120435,-0.418869906544894,11.7847990858049,TRUE,1.40778930806656,12.2036689923498,0.83675
2024-10-19,"GHSR",8.922,4.05590143827943,-2.30812974197347,10.3720957199477,TRUE,3.50065338787842,12.6802254619211,0.95725
2024-10-19,"LEAM",4.81916666666667,4.69184913488055,-1.30382332077514,10.7542031694575,TRUE,0.557477412808948,12.0580264902327,0.519
2024-10-19,"NPT3",7.3635,5.34224493462211,-0.986386463358597,11.5052765465073,TRUE,1.24740022842,12.4916630098659,0.808
2024-10-19,"REA1",5.85308333333333,4.66251307317689,-1.78686280657771,11.3303738275651,TRUE,0.789864513101904,13.1172366341428,0.69925
2024-10-19,"SOUT",6.33054166666667,5.22690601678805,-1.01358458586368,11.865561565966,TRUE,0.751688463247406,12.8791461518296,0.6805
2024-10-19,"WREX",5.33908333333333,4.68987303422527,-1.46241871819336,11.1738866145518,TRUE,0.632755194963807,12.6363053327452,0.6225
2024-10-19,"LEAR",4.47325,4.47866180001347,-1.768708133605,10.7073538506434,TRUE,0.551450793357297,12.4760619842484,0.5045
2024-10-19,"PLYM",8.988875,6.92657733958275,0.928566290176002,13.6107594259476,TRUE,1.25596821425585,12.6821931357716,0.8105
2024-10-19,"SHDG",7.30645833333333,5.08811919462419,-1.27900066066778,10.9702256907051,TRUE,1.34662350160969,12.2492263513729,0.826
2024-10-19,"SHE",6.90154166666667,5.8096868561249,-0.619248937229809,12.1858448383536,TRUE,0.793082606902988,12.8050937755834,0.69625
2024-10-19,"BEL2",9.75929166666667,5.5588897883127,-0.690943963776944,11.6500057258747,TRUE,2.92643441975918,12.3409496896516,0.9465
2024-10-19,"GLKP",8.60645833333333,3.94221583425005,-2.64496225365608,10.0158855434805,TRUE,3.37280477013818,12.6608477971365,0.95475
2024-10-19,"LECU",5.63204166666667,4.69831535229616,-1.32641519442586,10.7259979745498,TRUE,0.689927105317404,12.0524131689756,0.66425
2024-10-19,"SUN2",7.334,5.17997039841173,-1.32694056425794,11.4060097726802,TRUE,1.30834705849496,12.7329503369381,0.8265
2024-10-19,"TRAN",6.15083333333333,4.64927307230656,-1.5165752744894,11.1554998103532,TRUE,0.940873084032347,12.6720750848426,0.75675
2024-10-19,"STOK",5.43045833333333,5.2185142344044,-1.0882177742863,11.5431945193776,TRUE,0.55848313548167,12.6314122936639,0.52925
2024-10-19,"BEX",5.739,6.1202145054338,0.185931353815084,12.5995595300471,TRUE,0.564578017562716,12.413628176232,0.43075
2024-10-19,"SEND",5.04825,5.73188381784902,-0.512177369234045,12.0387808902583,TRUE,0.648055033211751,12.5509582594923,0.37425
2024-10-19,"HUL2",6.60575,6.33163806487063,0.122641952839707,12.3258421777965,TRUE,0.558752181728123,12.2032002249568,0.55125
2024-10-19,"PEMB",8.29804166666667,5.29023642279224,-1.11645618358238,12.0667530696004,TRUE,1.92200627463182,13.1832092531828,0.88925
2024-10-19,"WFEN",4.16383333333333,4.80792270135211,-1.37992724586791,11.0665640457708,TRUE,0.615639733651994,12.4464912916388,0.38975
2024-10-19,"OSY",4.5675,5.60503036702999,-0.915594528847566,12.0453603321096,TRUE,0.733337777058569,12.9609548609572,0.32475
2024-10-19,"ACTH",5.07070833333333,3.55072144049094,-2.70334882988518,9.97340468901767,TRUE,0.967149238477176,12.6767535189028,0.75875
2024-10-19,"COPP",5.82845833333333,4.77747331990672,-1.28411023936496,11.3121561732973,TRUE,0.743788527782523,12.5962664126622,0.679
2024-10-20,"EB",6.81508333333333,5.42280637236192,-1.14548905570771,11.9014916285088,TRUE,0.877851488436333,13.0469806842165,0.73375
2024-10-20,"IMGM",6.42404166666667,5.80391147570806,-0.962245103925844,11.8195134753451,TRUE,0.634567573937034,12.781758579271,0.61175
2024-10-20,"PRES",7.73504166666667,6.24282922666094,-0.187369563568565,12.2061024239136,TRUE,0.953457576664023,12.3934719874822,0.74825
2024-10-20,"BIRR",7.80470833333333,6.33329426664412,-0.178556171128185,12.440213793113,TRUE,0.96126939671736,12.6187699642412,0.74925
2024-10-20,"BLC2",10.3086666666667,6.44393501991723,-0.505419195033286,12.5137332425625,TRUE,2.66277234026767,13.0191524375958,0.92725
2024-10-20,"BOTR",7.56970833333333,6.93118646146884,0.375688551192306,13.2947006150118,TRUE,0.617599209880201,12.9190120638195,0.613
2024-10-20,"GHSR",6.33654166666667,7.26609710531247,1.02361446130684,13.5532026446517,TRUE,0.699736863930426,12.5295881833448,0.33425
2024-10-20,"LEAM",7.55708333333333,5.53782621810972,-0.578740435384813,11.7730950987412,TRUE,1.18986483317748,12.351835534126,0.8005
2024-10-20,"NPT3",10.0374166666667,6.68091605166352,0.55555774926812,12.8980603329945,TRUE,2.25468056808016,12.3425025837264,0.911
2024-10-20,"REA1",7.57079166666667,5.9822653476191,-0.647430594665909,12.232752860624,TRUE,0.987506843690358,12.8801834552899,0.75625
2024-10-20,"SOUT",8.70775,6.22643622762383,0.421514049672429,12.344264891519,TRUE,1.49809342998381,11.9227508418465,0.8435
2024-10-20,"WREX",7.40270833333333,5.76343418208438,-0.551378746650961,11.9473720971849,TRUE,1.02469603177451,12.4987508438359,0.77325
2024-10-20,"LEAR",7.341875,5.37490359150618,-0.982350685677287,11.397197317257,TRUE,1.16050355488326,12.3795480029343,0.8025
2024-10-20,"PLYM",13.4699583333333,7.49274690811249,1.23589387635275,13.8710920630401,TRUE,4.46511240575049,12.6351981866874,0.97125
2024-10-20,"SHDG",7.46070833333333,6.6428129526164,0.702268868676395,12.7696357859498,TRUE,0.684663849278893,12.0673669172734,0.64925
2024-10-20,"SHE",8.190875,6.51798037878397,0.856526999409869,12.5747524517764,TRUE,1.00787349421047,11.7182254523665,0.7725
2024-10-20,"BEL2",7.01154166666667,7.73145425692843,1.25107695950074,14.2432980665089,TRUE,0.626663392287949,12.9922211070082,0.3675
2024-10-20,"GLKP",5.92479166666667,7.12218017484301,0.708944627297707,13.5010491318765,TRUE,0.780907710647084,12.7921045045788,0.29525
2024-10-20,"LECU",6.88875,5.88996234055061,-0.217210338420372,12.1702175663803,TRUE,0.728432933248032,12.3874279048007,0.688
2024-10-20,"SUN2",7.268125,6.66200113467084,0.574990110550035,13.1681451970843,TRUE,0.624708984114573,12.5931550865343,0.60775
2024-10-20,"TRAN",8.08566666666667,6.11326435606074,-0.388852642691565,12.2831561340058,TRUE,1.16020381930894,12.6720087766973,0.78925
2024-10-20,"STOK",7.63866666666667,5.84136562744423,-0.834584032483847,12.0196688372456,TRUE,1.08013042458533,12.8542528697295,0.7795
2024-10-20,"BEX",7.169875,6.03644341486746,0.308408543711642,12.4239749571834,TRUE,0.742752899053673,12.1155664134718,0.6835
2024-10-20,"SEND",6.67158333333333,5.71188662177834,-0.133900364270306,12.156572858646,TRUE,0.71422626584234,12.2904732229163,0.6735
2024-10-20,"HUL2",7.497125,6.42631540097894,-0.188418841933809,12.6600091544888,TRUE,0.788844338746945,12.8484279964226,0.70475
2024-10-20,"PEMB",11.4229583333333,7.0800201215884,0.959973417414036,13.1086911048732,TRUE,3.01396388782144,12.1487176874592,0.9395
2024-10-20,"WFEN",6.950625,5.26559440962987,-0.879779491685323,11.7907790153254,TRUE,1.01488899279285,12.6705585070107,0.7665
2024-10-20,"OSY",7.07645833333333,5.4964239196022,-0.597568303221145,11.1646393926754,TRUE,1.01419828771607,11.7622076958966,0.77675
2024-10-20,"ACTH",4.666875,5.57188443474352,-0.728871630538994,11.9006272869119,TRUE,0.667472136359035,12.6294989174509,0.34525
2024-10-20,"COPP",7.80183333333333,5.98319865188827,-0.592616423138135,11.9386217463013,TRUE,1.14146444596263,12.5312381694394,0.802
2024-10-21,"EB",5.89833333333333,6.66864940262358,0.899600992227986,13.1826898609521,TRUE,0.650947934303113,12.2830888687241,0.36125
2024-10-21,"IMGM",9.52113043478261,6.52456221058296,0.0272874168838562,12.8403136892315,TRUE,1.92837249968737,12.8130262723476,0.8875
2024-10-21,"PRES",7.22095833333333,7.12224316707647,1.2389394863813,13.3067606405941,TRUE,0.554115887844266,12.0678211542128,0.525
2024-10-21,"BIRR",12.4931666666667,7.15682810251154,0.587112777780569,13.3850108394757,TRUE,3.96709385127306,12.7978980616951,0.965
2024-10-21,"BLC2",8.54166666666667,8.24848546192808,2.17513674781481,14.5172958819951,TRUE,0.542804836630006,12.3421591341803,0.553
2024-10-21,"BOTR",11.6794583333333,7.09692639590898,0.719427547663976,13.3221727022005,TRUE,3.25722732353852,12.6027451545366,0.951
2024-10-21,"GHSR",6.29525,6.59566617602479,0.209276606254809,13.1185440315879,TRUE,0.571038673671421,12.9092674253331,0.4425
2024-10-21,"LEAM",11.4859166666667,6.99611782724323,1.0788677844719,13.2782980510897,TRUE,3.19609232104139,12.1994302666178,0.94475
2024-10-21,"NPT3",11.1125,8.14628133768933,1.62811478613233,14.6012055230717,TRUE,1.86257589817596,12.9730907369394,0.87975
2024-10-21,"REA1",10.3047083333333,7.03400031554569,0.944437047701217,13.6993350450225,TRUE,2.12083473128393,12.7548979973213,0.90125
2024-10-21,"SOUT",9.086125,7.53992966486975,1.11250372853888,14.071106612764,TRUE,0.955324363389973,12.9586028842251,0.75775
2024-10-21,"WREX",7.048,6.94549893027948,0.443551967225507,13.1627869222445,TRUE,0.54081090982247,12.719234955019,0.53775
2024-10-21,"LEAR",10.975875,6.89245406279175,0.585282946212806,13.316300441446,TRUE,2.79635730660084,12.7310174952332,0.935
2024-10-21,"PLYM",12.5807083333333,9.6793954819913,3.49117233625165,16.151658959182,TRUE,1.81758758273533,12.6604866229304,0.87925
2024-10-21,"SHDG",7.51079166666667,7.0313706500326,0.958324936382484,13.3959993398449,TRUE,0.588049624016661,12.4376744034625,0.5815
2024-10-21,"SHE",7.89216666666667,7.33428853163489,0.455001474351599,13.7520165410576,TRUE,0.62864003030944,13.297015066706,0.6155
2024-10-21,"BEL2",6.43966666666667,6.9131510075112,0.612002218757127,13.0322849385769,TRUE,0.570034283249071,12.4202827198197,0.4225
2024-10-21,"GLKP",6.09079166666667,6.40803464559096,-0.162935983427724,12.5938417651558,TRUE,0.567142065798659,12.7567777485835,0.458
2024-10-21,"LECU",11.253,6.73252298203157,0.408634010536925,12.6515735957615,TRUE,3.26630675009498,12.2429395852245,0.9535
2024-10-21,"SUN2",4.90383333333333,6.94902531449694,0.676563086687658,13.9942032913471,TRUE,1.27335782962032,13.3176402046594,0.18475
2024-10-21,"TRAN",5.97626086956522,7.26563224669226,1.03051033517058,13.4111267949507,TRUE,0.841826833499606,12.3806164597801,0.273
2024-10-21,"STOK",9.32395833333333,7.05025837702225,0.635964039824749,13.3275984184373,TRUE,1.41288820687015,12.6916343786125,0.835
2024-10-21,"BEX",8.946625,6.85727630590733,0.424465711659696,13.2155121810325,TRUE,1.29365866756461,12.7910464693728,0.8165
2024-10-21,"SEND",8.33229166666667,6.62066001699514,-0.0142410790301682,13.358485301175,TRUE,1.06575760873951,13.3727263802052,0.776
2024-10-21,"HUL2",11.3050833333333,7.02544248288928,0.814698738270412,12.998754513363,TRUE,3.01357892202591,12.1840557750926,0.94525
2024-10-21,"PEMB",9.35829166666667,8.77372895808526,2.56172573063042,15.401466544813,TRUE,0.609253762045746,12.8397408141826,0.61925
2024-10-21,"WFEN",10.3271739130435,6.7138679433019,0.552402183889994,12.8251452435378,TRUE,2.42639083343605,12.2727430596478,0.91575
2024-10-21,"OSY",9.571625,6.78070654952331,0.967887568402824,12.8340343349372,TRUE,1.76977985100284,11.8661467665343,0.87875
2024-10-21,"ACTH",3.405125,5.75531292390893,-0.410902391002483,11.7496226319962,TRUE,1.42902083272827,12.1605250229987,0.1655
2024-10-21,"COPP",7.615,7.13304995162594,1.34249126325491,13.3891674545359,TRUE,0.580008019694922,12.046676191281,0.59225
2024-10-22,"EB",4.2305,6.48316436259202,0.601174039104321,12.8491899741437,TRUE,1.41110838079755,12.2480159350394,0.16
2024-10-22,"IMGM",7.0215,8.03613806579978,1.49940875179245,14.3858471707584,TRUE,0.717907393050571,12.8864384189659,0.32
2024-10-22,"PRES",6.46329166666667,7.08298095300232,1.14991833165508,13.1269666331033,TRUE,0.604056317652585,11.9770483014483,0.3865
2024-10-22,"BIRR",8.561375,9.36274775411466,3.40037370499263,15.6807596842302,TRUE,0.688831790109607,12.2803859792376,0.345
2024-10-22,"BLC2",7.02629166666667,7.7330876903449,1.3709595160071,14.3356189579691,TRUE,0.634730031589301,12.964659441962,0.38525
2024-10-22,"BOTR",6.869125,9.00395845940558,2.81760189369631,15.3583823373868,TRUE,1.32594483109883,12.5407804436905,0.1765
2024-10-22,"GHSR",6.103625,6.63984113005364,0.534514799588177,12.7896643136364,TRUE,0.604435397113401,12.2551495140482,0.389
2024-10-22,"LEAM",5.06895833333333,8.91995748812686,2.88653532811491,15.272898299962,TRUE,2.62229325668982,12.386362971847,0.0725
2024-10-22,"NPT3",6.402375,8.83531220256183,2.54772172935955,15.6171972773138,TRUE,1.54409901700539,13.0694755479543,0.15025
2024-10-22,"REA1",5.190625,8.41009492406399,1.76752655017498,14.6860833971444,TRUE,2.0338149888687,12.9185568469694,0.10375
2024-10-22,"SOUT",6.91220833333333,7.9188081341814,1.50110826519935,14.0327733515309,TRUE,0.716070320039959,12.5316650863315,0.3335
2024-10-22,"WREX",4.05858333333333,6.99798923101435,0.665218429547158,12.8583477648723,TRUE,1.89827121609307,12.1931293353251,0.106
2024-10-22,"LEAR",4.95091666666667,8.69296510313725,2.41471497782403,15.143087948161,TRUE,2.51371978625984,12.7283729703369,0.0745
2024-10-22,"PLYM",8.9575,9.57569031603126,3.3802915573449,15.8644982292582,TRUE,0.62538533762112,12.4842066719133,0.378
2024-10-22,"SHDG",6.273625,7.19970981840752,1.02247770652892,13.6257071866368,TRUE,0.720415446706241,12.6032294801079,0.3275
2024-10-22,"SHE",7.82629166666667,7.38703612834202,1.37808237932328,13.297359252407,TRUE,0.583693169726734,11.9192768730838,0.57825
2024-10-22,"BEL2",6.68533333333333,6.72309526180898,0.505664491857044,13.41501737167,TRUE,0.552466404936702,12.909352879813,0.488
2024-10-22,"GLKP",5.74983333333333,6.53878636448725,0.708285658573278,12.7004595785244,TRUE,0.678451105414611,11.9921739199511,0.35075
2024-10-22,"LECU",6.318875,8.79867711303184,2.43676689572062,14.8501338636421,TRUE,1.51423624839154,12.4133669679215,0.1575
2024-10-22,"SUN2",5.36170833333333,6.06754115540266,-0.0585100730020833,11.9773305570545,TRUE,0.617883886584788,12.0358406300566,0.3855
2024-10-22,"TRAN",6.81908333333333,6.55610562262613,-0.00755266749024159,12.8867006469711,TRUE,0.568253780050456,12.8942533144614,0.54075
2024-10-22,"STOK",6.27945833333333,7.98850549280302,1.21027727252494,14.27628860441,TRUE,1.07928374294409,13.0660113318851,0.2235
2024-10-22,"BEX",5.94345833333333,7.8110048232072,1.49738598651438,14.1972414944271,TRUE,1.14788824081556,12.6998555079127,0.20875
2024-10-22,"SEND",5.60345833333333,7.53020738343411,0.935865476047538,14.1049894424738,TRUE,1.18202169520307,13.1691239664263,0.20175
2024-10-22,"HUL2",7.49259090909091,8.83998339500004,2.23126305873891,14.7046792038121,TRUE,0.875536500255633,12.4734161450732,0.27425
2024-10-22,"PEMB",6.88583333333333,8.12031766499454,1.88719614046851,14.8658176379666,TRUE,0.813222537774643,12.978621497498,0.29925
2024-10-22,"WFEN",4.63045833333333,8.40062954086205,2.01641835499495,14.5541377721408,TRUE,2.5382018141313,12.5377194171459,0.07775
2024-10-22,"OSY",5.83520833333333,8.0781194104012,1.06344155923575,14.4293649909112,TRUE,1.32010426986071,13.3659234316754,0.1865
2024-10-22,"ACTH",3.71275,5.33968382348062,-0.62559576180199,11.8986471147285,TRUE,1.03064634743924,12.5242428765305,0.2275
2024-10-22,"COPP",5.21629166666667,7.25527305723522,1.1725747850639,13.4076987591818,TRUE,1.29060003757752,12.2351239741179,0.18125
2024-10-23,"EB",3.88958333333333,4.66333536631418,-1.80652825972261,10.7076506091215,TRUE,0.636170414274119,12.5141788688441,0.36975
2024-10-23,"IMGM",6.032875,5.98104549041864,-0.469058507911463,11.9963852993835,TRUE,0.53706066265952,12.4654438072949,0.5095
2024-10-23,"PRES",5.8315,5.66879451690053,-0.79638729067308,11.6209529190097,TRUE,0.555782148386402,12.4173402096828,0.5455
2024-10-23,"BIRR",8.12216666666667,6.73814871899183,0.306482842926105,13.1030821398077,TRUE,0.896725830936469,12.7965992968816,0.73575
2024-10-23,"BLC2",6.11633333333333,5.95283831804251,-0.897032567686618,12.3849144245205,TRUE,0.55782264668953,13.2819469922071,0.5215
2024-10-23,"BOTR",7.55608333333333,5.98193717860703,-0.652034694597681,12.3298877231811,TRUE,1.0000110302309,12.9819224177788,0.759
2024-10-23,"GHSR",4.16358333333333,5.48480170111353,-0.544115258627773,11.8448361979186,TRUE,0.833204208252367,12.3889514565463,0.2805
2024-10-23,"LEAM",5.28,5.19827583961997,-1.07058490120136,11.4386055426736,TRUE,0.550488444276636,12.509190443875,0.52225
2024-10-23,"NPT3",6.57433333333333,5.76277365369215,-0.42227804026556,11.672553201882,TRUE,0.646403913693185,12.0948312421475,0.63975
2024-10-23,"REA1",5.62216666666667,5.21432276509395,-1.03235921195244,11.8824418029905,TRUE,0.592684888085886,12.914801014943,0.5705
2024-10-23,"SOUT",6.37383333333333,5.92038420045231,-0.23748106380148,12.1570657385681,TRUE,0.588796716762914,12.3945468023696,0.59
2024-10-23,"WREX",5.57036363636364,4.62460524103679,-1.52282172606786,10.7344776552361,TRUE,0.711313792206877,12.2572993813039,0.6845
2024-10-23,"LEAR",4.68954166666667,5.13151499723025,-1.02499951446688,11.5787424476506,TRUE,0.586158399475005,12.6037419621174,0.42125
2024-10-23,"PLYM",6.25095833333333,6.9119822549619,0.486100197568436,13.4139129641595,TRUE,0.637816927977959,12.927812766591,0.3915
2024-10-23,"SHDG",6.625375,5.59581715359832,-0.796536175155618,11.466459798663,TRUE,0.737465022265644,12.2629959738186,0.68225
2024-10-23,"SHE",9.602,6.27836389334685,0.170012110364037,12.416638125835,TRUE,2.1912319364341,12.2466260154709,0.9065
2024-10-23,"BEL2",5.62504166666667,5.7405660355484,-0.364908637089926,11.8538509467999,TRUE,0.545952888279276,12.2187595838898,0.47825
2024-10-23,"GLKP",3.88570833333333,5.32564219112735,-1.13806273003269,11.9907658779623,TRUE,0.940331326972916,13.128828607995,0.242
2024-10-23,"LECU",5.66445833333333,5.73104448542658,-0.840963513786845,12.3439175150146,TRUE,0.561017231098684,13.1848810288014,0.48425
2024-10-23,"SUN2",8.17029166666667,5.1212795097837,-1.50504683893066,11.738476341378,TRUE,1.92491521202832,13.2435231803087,0.88825
2024-10-23,"TRAN",6.06533333333333,5.78402172148775,-0.472481623244062,11.7546404625086,TRUE,0.546064479692632,12.2271220857527,0.552
2024-10-23,"STOK",7.24982608695652,5.65438579380746,-0.66497140955712,11.8768549157319,TRUE,0.964079596042916,12.541826325289,0.75775
2024-10-23,"BEX",6.83966666666667,5.49756843579349,-0.769925494759334,11.4423647921804,TRUE,0.853563279210324,12.2122902869397,0.72425
2024-10-23,"SEND",6.14583333333333,5.33169691773953,-0.662746484973628,11.9007022209949,TRUE,0.669291533827716,12.5634487059685,0.6445
2024-10-23,"HUL2",8.50933333333333,6.23970404723463,-0.0962350099117644,12.0858320095482,TRUE,1.40902365018933,12.18206701946,0.837
2024-10-23,"PEMB",4.9755,5.9174033217131,-0.413625457929134,12.50758881613,TRUE,0.700702128455495,12.9212142740592,0.32875
2024-10-23,"WFEN",6.43579166666667,4.9730231743752,-1.13602896233834,11.4783083815791,TRUE,0.930934152286204,12.6143373439175,0.75675
2024-10-23,"OSY",5.72629166666667,5.47012404400228,-0.621291966116649,12.2363257357525,TRUE,0.535742395039808,12.8576177018691,0.5485
2024-10-23,"ACTH",2.63270833333333,4.36259540347131,-1.57316049127205,10.9208251881043,TRUE,1.0606301694861,12.4939856793763,0.2305
2024-10-23,"COPP",6.01004347826087,5.14226657871953,-1.23375517322835,11.0916335884727,TRUE,0.6883717458212,12.325388761701,0.6565
2024-10-24,"EB",5.52766666666667,4.83821348151653,-1.82895627412052,10.9709252787529,TRUE,0.636409279426149,12.7998815528734,0.64075
2024-10-24,"IMGM",7.73104166666667,5.85039872189158,-0.197273615117023,11.9829484375283,TRUE,1.10116744536482,12.1802220526453,0.794
2024-10-24,"PRES",6.64808333333333,5.74614864671175,-0.40052027837949,11.9136084901354,TRUE,0.702673706910944,12.3141287685149,0.66475
2024-10-24,"BIRR",7.638,6.80058098143303,0.293688702428909,12.7864481601506,TRUE,0.670423712554207,12.4927594577217,0.65125
2024-10-24,"BLC2",6.669625,5.88660114687784,-0.451548233704217,12.3019441021336,TRUE,0.659354670911661,12.7534923358378,0.64575
2024-10-24,"BOTR",7.34966666666667,6.50372007079216,-0.129708150728686,12.8405920908643,TRUE,0.67721072509856,12.970300241593,0.65775
2024-10-24,"GHSR",4.822125,5.01448453396916,-1.38377947230415,11.0951817380047,TRUE,0.564005387839957,12.4789612103088,0.46175
2024-10-24,"LEAM",6.58308333333333,5.46479699114847,-1.20262254419906,11.7285203912684,TRUE,0.766304549980151,12.9311429354675,0.6865
2024-10-24,"NPT3",7.1855,6.06517230466498,0.0220629289441904,12.828965538167,TRUE,0.741457323767754,12.8069026092228,0.6905
2024-10-24,"REA1",6.61566666666667,5.61637520215938,-0.790193786348733,11.8097019179224,TRUE,0.708338383429476,12.5998957042712,0.66975
2024-10-24,"SOUT",6.27554166666667,5.99431554309953,-0.278939431426119,11.9856290980928,TRUE,0.548029817344548,12.2645685295189,0.554
2024-10-24,"WREX",7.26145833333333,5.55900242497811,-0.540431445214011,11.8632426770194,TRUE,1.01078566344105,12.4036741222334,0.76675
2024-10-24,"LEAR",6.27166666666667,5.20606792889954,-1.13161420462067,11.522429544039,TRUE,0.737247482588719,12.6540437486597,0.6825
2024-10-24,"PLYM",9.05445454545455,6.00445716240202,0.441923882331567,12.2876584989835,TRUE,1.97436062752572,11.8457346166519,0.892
2024-10-24,"SHDG",8.80804166666667,6.08324257039812,-0.423547248374061,12.4251149495043,TRUE,1.71956626634083,12.8486621978784,0.8675
2024-10-24,"SHE",9.08025,7.4171514883399,1.20431345668501,13.5911785840156,TRUE,1.01964141179509,12.3868651273306,0.7745
2024-10-24,"BEL2",7.5265,5.66382164564536,-0.196178228965337,11.7550585122468,TRUE,1.11537610178834,11.9512367412122,0.793
2024-10-24,"GLKP",4.6395,4.88350510848588,-1.25965887477453,11.1657378015013,TRUE,0.566530735901018,12.4253966762759,0.443
2024-10-24,"LECU",7.289875,5.66952182747238,-0.575754430472994,11.7866889075994,TRUE,0.990090125071656,12.3624433380723,0.7595
2024-10-24,"SUN2",12.3594583333333,6.72246304205756,0.672023395668248,13.2121505068886,TRUE,4.20046259121433,12.5401271112204,0.9665
2024-10-24,"TRAN",7.17979166666667,5.85816373527842,-0.557501222824383,12.1234374755963,TRUE,0.859132606098151,12.6809386984206,0.72725
2024-10-24,"STOK",8.11716666666667,6.35318804174793,-0.0632725069061612,12.9270484768806,TRUE,1.095824035103,12.9903209837867,0.7765
2024-10-24,"BEX",7.46458333333333,6.16561123943792,-0.362072073733916,12.6479381322217,TRUE,0.869521679228803,13.0100102059556,0.725
2024-10-24,"SEND",6.53708333333333,5.85536262212224,0.0623024477608705,12.0120407736271,TRUE,0.652136004332805,11.9497383258662,0.62525
2024-10-24,"HUL2",8.95145833333333,6.9348001359035,0.414020017891047,13.2145881916052,TRUE,1.22745510762601,12.8005681737142,0.812
2024-10-24,"PEMB",6.67058333333333,5.38941512941928,-1.16410490107573,11.5835971693934,TRUE,0.856984778758266,12.7477020704691,0.7235
2024-10-24,"WFEN",8.458125,5.95054829978635,-0.323976305708832,12.2500166167045,TRUE,1.5318006047659,12.5739929224133,0.85675
2024-10-24,"OSY",8.22233333333333,5.68128294650588,-0.0295317600374709,12.0861035785859,TRUE,1.6265172864322,12.1156353386233,0.85975
2024-10-24,"ACTH",4.04175,4.27923419777386,-1.93802272807306,10.4179949106107,TRUE,0.568464799132487,12.3560176386838,0.4605
2024-10-24,"COPP",8.18704166666667,5.78473281022742,-0.466439174814249,12.1374881479822,TRUE,1.50685110166413,12.6039273227964,0.842
2024-10-25,"EB",6.56158333333333,5.98150285038399,-1.00998012229236,12.0782429923018,TRUE,0.621422282744986,13.0882231145942,0.59975
2024-10-25,"IMGM",15.9395,6.99962234641241,0.717921434725184,13.746900603361,FALSE,7.31669899964578,100.732955034195,0.988
2024-10-25,"PRES",10.9228333333333,6.52555548406361,0.43980012208437,12.7385945323726,TRUE,3.02434700379926,12.2987944102882,0.93925
2024-10-25,"BIRR",13.0474583333333,7.0240122029905,0.885356925757057,13.3340366748165,TRUE,4.65646963405652,12.4486797490594,0.9725
2024-10-25,"BLC2",11.141875,6.54366633248838,0.143702275616429,13.1139835933823,TRUE,3.35138525170955,12.9702813177659,0.94625
2024-10-25,"BOTR",11.7561666666667,6.88195237801687,0.818118981689056,13.2097417208495,TRUE,3.56018117882009,12.3916227391604,0.95275
2024-10-25,"GHSR",13.2115833333333,5.68517616197506,-0.534457620129965,11.7083082648834,FALSE,6.02823227964622,72.3737686230095,0.98525
2024-10-25,"LEAM",10.6747826086957,6.48042727523947,0.034881879071202,13.060316242472,TRUE,2.82358725624561,13.0254343634008,0.934
2024-10-25,"NPT3",8.983,6.78068391625181,0.63815805605167,13.2185086922336,TRUE,1.31980684584771,12.5803506361819,0.81675
2024-10-25,"REA1",10.0412083333333,6.50508045235509,0.163422181239188,13.1233336947788,TRUE,2.36327609519351,12.9599115135396,0.90925
2024-10-25,"SOUT",8.52795833333333,6.38138073405172,0.364930505519258,12.2409693140945,TRUE,1.36190644130169,11.8760388085752,0.83175
2024-10-25,"WREX",12.3044166666667,6.78246347649932,0.324853292900066,13.3047777471397,TRUE,4.09146952452961,12.9799244542396,0.964
2024-10-25,"LEAR",10.9654166666667,6.32764188577267,0.304859514273852,12.5924487891808,TRUE,3.29475200715145,12.287589274907,0.94825
2024-10-25,"PLYM",9.23941666666667,7.57808293912092,1.1150621279222,13.5344391967901,TRUE,1.03036748975027,12.4193770688678,0.7755
2024-10-25,"SHDG",17.0165416666667,7.48320564533942,1.16407250819833,13.8500613096939,FALSE,8.06217629241839,139.345203080409,0.99225
2024-10-25,"SHE",14.893,7.69281408987548,1.41602521908134,13.9624310350107,FALSE,5.70358445022342,49.7691644155006,0.98125
2024-10-25,"BEL2",14.4054583333333,6.89865265256505,0.51092722305997,13.0332773999138,FALSE,6.03442570147002,67.409587513634,0.9825
2024-10-25,"GLKP",12.9363333333333,5.5976918209922,-0.431967989267254,12.0479254915061,FALSE,5.77462068395808,48.0162071538627,0.982
2024-10-25,"LECU",11.26575,6.79764823617212,0.0812495593887556,12.8867322277315,TRUE,3.14934129372839,12.8054826683428,0.94325
2024-10-25,"SUN2",15.3145833333333,9.06518709552826,2.8428621750685,15.5324158390659,TRUE,4.75131130877047,12.6895536639974,0.9735
2024-10-25,"TRAN",11.6342083333333,6.76248368433527,0.351777186117732,13.3303015075803,TRUE,3.53544416252361,12.9785243214626,0.955
2024-10-25,"STOK",13.0276666666667,7.20404815662824,0.564517562165841,13.922297861032,TRUE,4.34815810127959,13.3577802988662,0.966
2024-10-25,"BEX",10.3499166666667,6.90945092161884,1.01368250075989,13.3693368036914,TRUE,2.28380443840216,12.3556543029315,0.91025
2024-10-25,"SEND",9.26591666666667,6.48731975235727,0.331789446352923,12.7140049908396,TRUE,1.72718569641325,12.3822155444867,0.87
2024-10-25,"HUL2",16.1705416666667,7.60339910070457,0.995800995546206,14.1813009910186,FALSE,7.05544563616638,92.755127021398,0.988
2024-10-25,"PEMB",6.104625,6.50881488913568,0.466586166361962,13.2669296103841,TRUE,0.572904308852227,12.8003434440221,0.42275
2024-10-25,"WFEN",9.81720833333333,7.32617996560189,0.890648289491793,13.4360806057103,TRUE,1.56129173925773,12.5454323162185,0.85325
2024-10-25,"OSY",8.76866666666667,7.20238503575425,1.29973075389075,13.3295967203644,TRUE,0.973662858595832,12.0298659664737,0.7605
2024-10-25,"ACTH",11.7747916666667,5.30072889328026,-0.568922052895336,11.8085993872066,TRUE,4.95533831918842,12.377521440102,0.97425
2024-10-25,"COPP",12.1159166666667,7.19591024450307,0.59478474688503,13.1208346865259,TRUE,3.59906518280443,12.5260499396408,0.95975
2024-10-26,"EB",7.56983333333333,7.80860970562059,1.75187111319776,13.8649147514977,TRUE,0.538105188585797,12.1130436383,0.456
2024-10-26,"IMGM",7.97075,11.9280147138458,5.97995465817265,17.8921534732702,TRUE,2.79916091431738,11.9121988150975,0.069
2024-10-26,"PRES",6.92516666666667,9.7273199683967,3.1464479076996,16.0277318333922,TRUE,1.78713232168074,12.8812839256926,0.12475
2024-10-26,"BIRR",9.30529166666667,10.6757660417421,4.43122295290985,16.9679545532378,TRUE,0.896646265439786,12.536731600328,0.2635
2024-10-26,"BLC2",7.37416666666667,9.82261266490623,3.97838135790761,16.2354245398839,TRUE,1.53774030475372,12.2570431819763,0.1425
2024-10-26,"BOTR",9.78583333333333,10.1090103616191,3.51359835379323,16.6599139831647,TRUE,0.568795024118358,13.1463156293715,0.455
2024-10-26,"GHSR",7.80470833333333,10.6596242965376,4.60633488991823,17.1979084448013,TRUE,1.88359571106293,12.5915735548831,0.11675
2024-10-26,"LEAM",6.546875,9.61815186858331,3.05010178263958,15.8894219737816,TRUE,1.9267088215754,12.839320191142,0.1185
2024-10-26,"NPT3",7.99329166666667,8.9059175074583,2.68369287699736,15.2459391576192,TRUE,0.713498680609088,12.5622462806218,0.3325
2024-10-26,"REA1",8.05233333333333,9.34545268273676,3.22727284581248,16.0356578089488,TRUE,0.878676903803339,12.8083849631364,0.26975
2024-10-26,"SOUT",7.91379166666667,8.68120920726492,2.45755794314883,15.007731931155,TRUE,0.646276952824286,12.5501739880062,0.36375
2024-10-26,"WREX",5.437375,10.3431296683993,4.21425641194677,16.3288066968837,TRUE,3.54944268601812,12.1145502849369,0.04225
2024-10-26,"LEAR",6.796375,9.73408032973497,3.66781377926499,15.9250486165622,TRUE,1.87400313758702,12.2572348372972,0.11275
2024-10-26,"PLYM",10.75475,9.07446357854535,2.16647154639456,15.3524821766525,TRUE,1.0603982501677,13.1860106302579,0.77625
2024-10-26,"SHDG",7.014625,12.4265928798361,6.51552108136204,18.7684619668688,TRUE,4.03962518970097,12.2529408855068,0.033
2024-10-26,"SHE",6.60179166666667,11.5176296260325,5.40145156714328,17.6592680809647,TRUE,3.56264033514782,12.2578165138214,0.04225
2024-10-26,"BEL2",8.07795833333333,11.2589803152157,5.13972975296007,17.2161846197022,TRUE,2.03374860460356,12.0764548667421,0.101
2024-10-26,"GLKP",6.95845833333333,10.5350699856745,4.26355357403407,16.7980507983544,TRUE,2.39979969499574,12.5344972243204,0.08025
2024-10-26,"LECU",8.180125,9.89530028927323,3.75031984488113,16.086088312514,TRUE,1.0794634363814,12.3357684676329,0.227
2024-10-26,"SUN2",7.18075,11.801122074204,5.59020129054544,18.3544161368023,TRUE,3.29094075061042,12.7642148462569,0.04825
2024-10-26,"TRAN",6.21366666666667,10.0510727389616,4.43097368706264,16.2793013744705,TRUE,2.58513173532452,11.8483276874079,0.07175
2024-10-26,"STOK",8.299,10.6820279723022,4.24075595344269,17.1642818035969,TRUE,1.45538313633801,12.9235258501542,0.16
2024-10-26,"BEX",10.3381666666667,9.50505752786019,3.18706771968921,16.1803270276957,TRUE,0.683110535884419,12.9932593080065,0.6465
2024-10-26,"SEND",9.91054166666667,9.00809468134232,3.37642875585773,15.4585150426773,TRUE,0.67342742185504,12.0820862868196,0.65675
2024-10-26,"HUL2",10.75375,12.0655510854066,5.79842403684134,18.4065878838917,TRUE,0.858302105180789,12.6081638470504,0.27225
2024-10-26,"PEMB",6.88295833333333,7.64653188275801,1.39003939889387,13.7467778746669,TRUE,0.637344130064727,12.356738475773,0.3745
2024-10-26,"WFEN",5.74095833333333,9.30563794730894,3.34688646431855,15.7410347641644,TRUE,2.39988773424459,12.3941482998458,0.0805
2024-10-26,"OSY",6.22158333333333,8.84537532251213,3.0508798521546,14.8756956007564,TRUE,1.65332190756828,11.8248157486018,0.13825
2024-10-26,"ACTH",4.14504166666667,10.0148020898,3.82454069033783,15.9566660056319,TRUE,4.47644553419127,12.1321253152941,0.02675
2024-10-26,"COPP",7.64045833333333,10.2903086171799,4.43643109267976,16.074095544636,TRUE,1.61135286242157,11.6376644519562,0.13675
2024-10-27,"EB",4.08041666666667,6.22842110622432,0.336922032302748,12.8267563901435,TRUE,1.34091586535867,12.4898343578408,0.1735
2024-10-27,"IMGM",4.537125,6.69150878752275,0.481612492575219,13.060982262724,TRUE,1.3128461015329,12.5793697701488,0.1755
2024-10-27,"PRES",4.48216666666667,6.08473773681068,-0.360792288566352,12.5373018841104,TRUE,0.972974060099329,12.8980941726767,0.25025
2024-10-27,"BIRR",5.46875,7.17863685457296,0.891133981195475,13.3629094114005,TRUE,1.06910998886673,12.471775430205,0.2085
2024-10-27,"BLC2",4.93416666666667,6.28547839477652,-0.0679902344932494,12.4507817774308,TRUE,0.856261550482093,12.5187720119241,0.2745
2024-10-27,"BOTR",4.87229166666667,7.34631619471774,0.815261573022693,13.3432214710987,TRUE,1.54608339461551,12.527959898076,0.1455
2024-10-27,"GHSR",3.99958333333333,6.5354528044149,-0.0190334909004248,12.5840442146983,TRUE,1.57827821685894,12.6030777055987,0.145
2024-10-27,"LEAM",5.09441666666667,5.91364660903936,0.0374099587429434,11.9549244454443,TRUE,0.694850928145843,11.9175144867013,0.34125
2024-10-27,"NPT3",4.54995833333333,6.48620750009331,0.00864903929074391,12.4319694498479,TRUE,1.16584890745716,12.4233204105571,0.20425
2024-10-27,"REA1",5.403875,6.54442505819011,0.336388172046734,12.8278426810375,TRUE,0.786588600051165,12.4914545089908,0.30225
2024-10-27,"SOUT",7.15029166666667,6.4377969588656,0.189664662080587,13.0862430746688,TRUE,0.636682240839268,12.8965784125882,0.626
2024-10-27,"WREX",4.62858333333333,5.48471381270836,-0.940898212348241,11.649576842312,TRUE,0.692561646598384,12.5904750546603,0.345
2024-10-27,"LEAR",4.54795833333333,6.0304156024607,-0.00815057477081202,12.3562495734351,TRUE,0.937247759612025,12.3644001482059,0.24275
2024-10-27,"PLYM",7.89320833333333,7.68709394402597,0.984555500900276,14.3555946559818,TRUE,0.552042711468497,13.3710391550815,0.524
2024-10-27,"SHDG",3.87583333333333,6.31175281230513,-0.196929871478947,12.7990422100701,TRUE,1.53138384433859,12.9959720815491,0.1525
2024-10-27,"SHE",3.78933333333333,6.06776437104973,-0.238799722507406,11.8769000651245,TRUE,1.33585545578016,12.1156997876319,0.1765
2024-10-27,"BEL2",6.006375,6.69040287404588,0.404324527680766,12.9690210233533,TRUE,0.629044357529875,12.5646964956725,0.36975
2024-10-27,"GLKP",3.84529166666667,6.16136118255646,-0.210330856729018,12.1961731069256,TRUE,1.47086799674622,12.4065039636546,0.168
2024-10-27,"LECU",4.583375,6.63748456449938,0.423928699259225,13.2265872249674,TRUE,1.2426326949287,12.8026585257082,0.1915
2024-10-27,"SUN2",4.19129166666667,6.33090847310137,-0.0820385538668353,12.4964056615935,TRUE,1.3185497531112,12.5784442154603,0.17375
2024-10-27,"TRAN",4.40845833333333,5.79935716525786,-0.371451009200361,12.4083038193797,TRUE,0.893215013651602,12.77975482858,0.2655
2024-10-27,"STOK",5.104125,6.7433033774558,0.763022471555268,12.9417803221623,TRUE,0.990416360800981,12.178757850607,0.24025
2024-10-27,"BEX",7.86954166666667,7.54145620449925,1.41115968651112,14.0315299209483,TRUE,0.565220273289427,12.6203702344372,0.55075
2024-10-27,"SEND",6.69716666666667,7.32321202744085,0.976271265674614,13.6900162248657,TRUE,0.624363182872556,12.7137449591911,0.37575
2024-10-27,"HUL2",4.70920833333333,7.90091691801638,1.49508647301469,14.1870444769773,TRUE,2.06182515080164,12.6919580039626,0.102
2024-10-27,"PEMB",4.81341666666667,5.91756309763174,-0.558047994099663,12.161408499319,TRUE,0.781663619716797,12.7194564934187,0.3035
2024-10-27,"WFEN",5.18875,5.53897832306048,-0.396464594595532,12.0588636291188,TRUE,0.559929445801957,12.4553282237143,0.433
2024-10-27,"OSY",5.51204166666667,5.71419755296833,-0.514931709770621,12.0018891258566,TRUE,0.549609300651992,12.5168208356272,0.4605
2024-10-27,"ACTH",2.53041666666667,4.91004931932931,-1.04258082466358,11.1153374104346,TRUE,1.47389954670579,12.1579182350982,0.158
2024-10-27,"COPP",4.45758333333333,6.43062694966088,0.0273161269061848,13.1102645625415,TRUE,1.2427144163586,13.0829484356353,0.19275
2024-10-28,"EB",3.14066666666667,4.39987163559556,-1.66422956534082,10.5848563006847,TRUE,0.831409333312763,12.2490858660255,0.27475
2024-10-28,"IMGM",3.63891666666667,4.60956444282048,-1.39260635424132,10.9792829809402,TRUE,0.733668472486751,12.3718893351815,0.3195
2024-10-28,"PRES",3.04529166666667,4.55350116372007,-2.02688133668114,10.9808677495124,TRUE,0.931630978277135,13.0077490861935,0.24875
2024-10-28,"BIRR",4.26104166666667,5.05328320700445,-0.849583845070425,11.6939335352469,TRUE,0.662339904844757,12.5435173803173,0.351
2024-10-28,"BLC2",4.33375,4.76264630602963,-1.45971848982887,10.9908569474949,TRUE,0.573624420939205,12.4505754373238,0.40925
2024-10-28,"BOTR",3.39225,4.81046553442791,-1.68768219375057,11.1395015959923,TRUE,0.924001196159226,12.8271837897428,0.25475
2024-10-28,"GHSR",2.06966666666667,4.37221179764106,-2.10546628417484,11.1664698442143,TRUE,1.44040656983979,13.2719361283892,0.161
2024-10-28,"LEAM",2.87641666666667,4.80630164661385,-1.69184679070379,10.9495013076585,TRUE,1.15377403181799,12.6413480983623,0.206
2024-10-28,"NPT3",3.16729166666667,4.61580529784901,-1.86972028542217,10.6740270582913,TRUE,0.882126680465641,12.5437473437134,0.2565
2024-10-28,"REA1",3.56229166666667,4.98652551442245,-1.6466493792606,11.4824009689669,TRUE,0.899646160682104,13.1290503482275,0.26475
2024-10-28,"SOUT",4.043875,5.73670129501131,-0.241711313180505,11.9532498781279,TRUE,1.06337035593419,12.1949611913084,0.225
2024-10-28,"WREX",1.83370833333333,4.57076307378867,-1.58142742298554,10.5320283156177,TRUE,1.71678079210715,12.1134557386033,0.12625
2024-10-28,"LEAR",2.32120833333333,4.57794219534955,-1.66984872699441,10.6538655294802,TRUE,1.37991344266971,12.3237142564746,0.16875
2024-10-28,"PLYM",4.74733333333333,6.14546373070447,-0.292113060253162,12.5079501025199,TRUE,0.869360289074725,12.8000631627731,0.27375
2024-10-28,"SHDG",1.53695833333333,4.29432828471045,-1.90500810116631,10.8663768181371,TRUE,1.80734768664105,12.7713849193034,0.1205
2024-10-28,"SHE",1.69908695652174,4.24419846215828,-1.99809379524544,10.5457794256689,TRUE,1.58703806214428,12.5438732209143,0.14025
2024-10-28,"BEL2",3.03066666666667,5.24759983611653,-1.020423961974,11.8755524027414,TRUE,1.37627130434118,12.8959763647154,0.17
2024-10-28,"GLKP",1.74345833333333,4.27939794877348,-1.74547941613937,10.8506968508916,TRUE,1.59436251824627,12.596176267031,0.13575
2024-10-28,"LECU",3.17908333333333,4.63601681307637,-1.60451590894592,10.7160134566872,TRUE,0.926124159582449,12.3205293656331,0.25225
2024-10-28,"SUN2",2.13241666666667,4.43574269439599,-1.88224395572365,10.5739996045822,TRUE,1.41322629002235,12.4562435603058,0.16325
2024-10-28,"TRAN",1.89958333333333,4.49966500211428,-1.90483828926162,10.4072416929975,TRUE,1.66453012356129,12.3120799822592,0.13375
2024-10-28,"STOK",2.77604166666667,4.86465738061551,-1.39137960504722,11.3618058336546,TRUE,1.29792478916467,12.7531854387018,0.1765
2024-10-28,"BEX",3.644,6.1223622177233,0.272845083544904,12.076589631192,TRUE,1.52171291278889,11.8037445476471,0.1575
2024-10-28,"SEND",3.21745833333333,5.60267318728586,-1.00700353274768,12.2576983886313,TRUE,1.46659871612036,13.264701921379,0.1545
2024-10-28,"HUL2",5.46970833333333,4.76993318433558,-1.85776127352977,11.035308584031,TRUE,0.654543963355607,12.8930698575608,0.64225
2024-10-28,"PEMB",2.18158333333333,4.69529762985677,-1.77698955547902,11.196833036709,TRUE,1.5582175486996,12.9738225921881,0.15375
2024-10-28,"WFEN",3.44545833333333,4.82214149046643,-1.21450790044682,11.3053170464566,TRUE,0.876542499517304,12.5198249469034,0.27525
2024-10-28,"OSY",3.575125,4.97666175466465,-1.1146946880763,11.5441734395979,TRUE,0.876250965503899,12.6588681276742,0.26875
2024-10-28,"ACTH",0.650666666666667,3.62439879130522,-2.93107105862968,10.4847788212788,TRUE,1.95503722026787,13.4158498799085,0.11175
2024-10-28,"COPP",1.40629166666667,4.56499217419006,-1.43324894288602,10.9960629593465,TRUE,2.09513866931501,12.4293119022325,0.0955
2024-10-29,"EB",2.50395833333333,3.58118556333756,-2.57368085302231,10.0288970113585,TRUE,0.739309818611091,12.6025778643808,0.30575
2024-10-29,"IMGM",3.92295833333333,3.81054915469131,-2.60474042068738,10.4608072981432,TRUE,0.547897072031628,13.0655477188305,0.52175
2024-10-29,"PRES",3.41095833333333,3.55240211325034,-2.68136701582142,10.345086707212,TRUE,0.541899911048943,13.0264537230334,0.47025
2024-10-29,"BIRR",6.79154166666667,4.1081078255388,-2.2069449782976,10.3655847208462,TRUE,1.68422765100048,12.5725296991438,0.864
2024-10-29,"BLC2",2.80266666666667,4.12299304800373,-2.55852548913038,10.09807385311,TRUE,0.820882936604144,12.6565993422404,0.28925
2024-10-29,"BOTR",4.03,3.71434892738302,-2.27121513843263,10.3254701847345,TRUE,0.553671060018105,12.5966853231672,0.56175
2024-10-29,"GHSR",1.86120833333333,3.11601092940884,-3.39387990103984,9.29281930187573,TRUE,0.839362305123943,12.6866992029156,0.2855
2024-10-29,"LEAM",6.33529166666667,3.49837337185827,-2.70898931843096,9.46943966388355,TRUE,1.84463992381962,12.1784289823145,0.8755
2024-10-29,"NPT3",6.25591666666667,3.60720213544669,-2.88027330027197,10.138039407292,TRUE,1.64617408208823,13.018312707564,0.86875
2024-10-29,"REA1",4.19029166666667,3.80423985591062,-2.58324530755621,9.66000471876265,TRUE,0.573656209769348,12.2432500263189,0.589
2024-10-29,"SOUT",3.48491304347826,4.06627085811321,-2.48878890705106,10.510890825665,TRUE,0.618741922572883,12.9996797327161,0.393
2024-10-29,"WREX",2.549125,3.03351971899432,-3.43345884797997,9.35934154682638,TRUE,0.577078949995706,12.7928003948064,0.417
2024-10-29,"LEAR",5.70070833333333,3.24162921983902,-3.32236444202951,9.01497100648967,TRUE,1.48567511067318,12.3373354485192,0.84475
2024-10-29,"PLYM",3.40308333333333,4.39313247301958,-2.01204490531881,10.807114734419,TRUE,0.729219172083403,12.8191596397378,0.32175
2024-10-29,"SHDG",3.37260869565217,2.88205362214456,-3.20313797719745,9.73354936307073,TRUE,0.585135276094961,12.9366873402682,0.59325
2024-10-29,"SHE",3.97416666666667,2.9494198912616,-3.07423894124836,9.07552144426107,TRUE,0.720351678376894,12.1497603855094,0.6765
2024-10-29,"BEL2",5.15920833333333,3.5932003969684,-2.40804192201075,9.87389579339373,TRUE,0.964039884165758,12.2819377154045,0.748
2024-10-29,"GLKP",1.15766666666667,2.9703182725138,-3.31125986298202,8.94342755000246,TRUE,1.11213787324909,12.2546874129845,0.2165
2024-10-29,"LECU",5.14941666666667,3.6133291547343,-2.98339913448647,10.2218412710048,TRUE,0.952660172770216,13.2052404054912,0.75275
2024-10-29,"SUN2",1.83670833333333,3.14904524784971,-2.91282870885992,9.42285963193382,TRUE,0.831524204942584,12.3356883407937,0.2825
2024-10-29,"TRAN",3.09954166666667,3.05517345437957,-2.98090833791127,9.42692930383286,TRUE,0.557119213145051,12.4078376417441,0.497
2024-10-29,"STOK",5.60154166666667,3.45531110914548,-2.9642421122906,9.51310728748254,TRUE,1.35330030818597,12.4773493997731,0.82975
2024-10-29,"BEX",4.89004166666667,3.91575685728808,-2.68256138244911,9.66199179034972,TRUE,0.726375520838365,12.3445531727988,0.6825
2024-10-29,"SEND",4.42808333333333,3.69524883565722,-2.17675810621771,10.077175672366,TRUE,0.634524095299935,12.2539337785838,0.6245
2024-10-29,"HUL2",4.48991666666667,4.60677728545344,-1.83558314447697,10.8267764395646,TRUE,0.553710860500399,12.6623595840416,0.4835
2024-10-29,"PEMB",3.18295833333333,3.18951655924306,-3.33774108742348,9.8005191108504,TRUE,0.546349984436182,13.1382601982739,0.50025
2024-10-29,"WFEN",4.432,3.7471174837081,-2.29387014935332,10.0753875436093,TRUE,0.616075519331224,12.3692576929626,0.627
2024-10-29,"OSY",3.875875,3.81312755145363,-2.19805822998121,9.92429690664507,TRUE,0.539230444712885,12.1223551366263,0.49775
2024-10-29,"ACTH",0.49925,2.45758285554364,-4.30592765100261,8.37746599967792,TRUE,1.14139087766115,12.6833936506805,0.211
2024-10-29,"COPP",4.096,2.8435882041828,-3.53588086188859,9.11072113212157,TRUE,0.80921710363092,12.6466019940102,0.70525
2024-10-30,"EB",8.56929166666667,3.92576084946393,-2.00013446221775,10.375645186994,TRUE,3.30052009136961,12.3757796492118,0.94775
2024-10-30,"IMGM",6.367,4.55417594149555,-1.97171643240896,10.5798106651884,TRUE,1.11801934888512,12.5515270975974,0.78575
2024-10-30,"PRES",7.078375,4.31463993107653,-1.67223947831872,10.539785048168,TRUE,1.72145852112836,12.2120245264867,0.8705
2024-10-30,"BIRR",10.6447916666667,5.81264555506117,-0.243976343729716,12.547167577011,TRUE,3.42604612258632,12.7911439207408,0.94975
2024-10-30,"BLC2",5.94441666666667,4.09168454011513,-2.00734187177017,10.3968265145852,TRUE,1.17192317054731,12.4041683863553,0.78825
2024-10-30,"BOTR",7.51470833333333,4.59279337114464,-1.9988384659842,10.6301066525029,TRUE,1.89514696935556,12.6289451184871,0.8785
2024-10-30,"GHSR",2.19529166666667,3.61498374241508,-2.5831876621876,9.695167282048,TRUE,0.90242621045077,12.2783549442356,0.2665
2024-10-30,"LEAM",9.78970833333333,5.57274235160056,-1.18683956524996,11.6810256409817,TRUE,2.99679082452598,12.8678652062316,0.9475
2024-10-30,"NPT3",7.17570833333333,5.5474435913113,-0.842992109397823,11.9826674754024,TRUE,0.971311294084459,12.8256595848002,0.75575
2024-10-30,"REA1",7.95608333333333,4.66729628587341,-1.30240352741847,11.0056383905889,TRUE,2.10013184976337,12.3080419180074,0.89975
2024-10-30,"SOUT",7.52858333333333,4.37745685009008,-2.15177079985458,10.7299137945967,TRUE,2.04841582731692,12.8816845944513,0.89975
2024-10-30,"WREX",4.64529166666667,3.90487231065068,-2.47536763340125,10.1144558780424,TRUE,0.659989528448402,12.5898235114436,0.64275
2024-10-30,"LEAR",8.88966666666667,5.28143742949183,-1.29688619963173,11.0386696925315,TRUE,2.46407382329871,12.3355558921632,0.9285
2024-10-30,"PLYM",5.3685,4.36385142452762,-1.74683821318144,10.6621986256673,TRUE,0.715608597738439,12.4090368388488,0.66825
2024-10-30,"SHDG",4.42525,4.25144713840583,-1.18502477338393,10.8347502139488,TRUE,0.538827327368806,12.0197749873327,0.5265
2024-10-30,"SHE",4.09691666666667,4.51633410095613,-1.92128925812611,10.8342751603554,TRUE,0.59141016461063,12.7555644184815,0.42175
2024-10-30,"BEL2",8.666625,5.0694382311089,-1.1589306526456,11.0591805650886,TRUE,2.38586463787878,12.2181112177342,0.91825
2024-10-30,"GLKP",1.77666666666667,3.30096741770793,-2.95268918087026,9.6710870616945,TRUE,0.983115597154225,12.6237762425648,0.2365
2024-10-30,"LECU",7.83804166666667,5.06979605222183,-0.946595556807945,11.1056501969114,TRUE,1.76525855029603,12.0522457537193,0.87775
2024-10-30,"SUN2",2.41858333333333,3.60633938126891,-2.58425231480584,10.267974140513,TRUE,0.807540204930593,12.8522264553188,0.29375
2024-10-30,"TRAN",6.15191666666667,4.14469065027363,-2.57931592539423,10.3424801931467,TRUE,1.20994599053095,12.9217961185409,0.80875
2024-10-30,"STOK",8.0455,5.25265687786878,-1.21808302554942,11.4803088022787,TRUE,1.74984208556131,12.6983918278281,0.87525
2024-10-30,"BEX",11.0260416666667,4.97211661125673,-0.988451744944004,11.0524913380902,TRUE,4.63095183400471,12.0409430830342,0.9745
2024-10-30,"SEND",9.98329166666667,4.7593636646943,-1.3977606833428,10.5725923520827,TRUE,3.85268538993526,11.9703530354255,0.96625
2024-10-30,"HUL2",7.02433333333333,4.85569745616606,-1.44400695219294,10.9378449225105,TRUE,1.33006765161807,12.3818518747034,0.819
2024-10-30,"PEMB",3.45325,4.18944414077318,-2.01345971424949,10.43377676042,TRUE,0.63616190324489,12.4472364746694,0.36825
2024-10-30,"WFEN",7.62483333333333,4.76810361637573,-1.59817316210469,11.0371697069214,TRUE,1.74718044276908,12.6353428690261,0.86975
2024-10-30,"OSY",11.537,4.53186384106937,-1.5170136977474,11.0018559711399,FALSE,5.48297145751964,33.924630823292,0.9805
2024-10-30,"ACTH",0.8765,2.98274862928204,-3.27521626198555,9.16314022932623,TRUE,1.27617824896128,12.4383564913118,0.18875
2024-10-30,"COPP",7.82625,4.55991565637693,-1.62060537230683,10.8047047119423,TRUE,2.10121397185196,12.4253100842492,0.90225
2024-10-31,"EB",11.9134166666667,7.3925001848435,1.23416615908798,13.4809415033987,TRUE,3.18549240991292,12.2467753443108,0.94975
2024-10-31,"IMGM",8.644875,6.48496627417695,0.267479311032886,12.6004097736989,TRUE,1.31073005075412,12.3329304626661,0.8185
2024-10-31,"PRES",4.85266666666667,6.77645592647095,0.318984002414116,13.0720510453607,TRUE,1.16654727292764,12.7530670429466,0.21175
2024-10-31,"BIRR",16.3227916666667,8.42166157049915,2.54619625959111,14.7074235650368,FALSE,6.3945271229947,76.775951370642,0.98725
2024-10-31,"BLC2",3.73420833333333,6.26777826732281,0.0314072590100873,12.5115988985303,TRUE,1.5837968735935,12.4801916395202,0.14475
2024-10-31,"BOTR",11.2874166666667,6.98408934055603,0.587348241417133,13.6108314425025,TRUE,2.9666973683556,13.0234832010854,0.93775
2024-10-31,"GHSR",4.21308333333333,4.61904020233184,-1.6362497606468,11.0246805814039,TRUE,0.568132844758634,12.6609303420507,0.4255
2024-10-31,"LEAM",14.3336666666667,8.03815884327615,2.21393299969048,14.4231365700775,TRUE,4.7826925295406,12.209203570387,0.97425
2024-10-31,"NPT3",12.283875,6.90644765122117,0.882779999169156,13.8862697597785,TRUE,3.98992718102302,13.0034897606094,0.96025
2024-10-31,"REA1",17.8292916666667,7.17971989030708,1.0486826005263,13.4262579726425,FALSE,9.11691761845858,188.498923133085,0.993
2024-10-31,"SOUT",18.82875,6.97323365998032,0.918599445227726,13.2926027961385,FALSE,10.279693325326,233.819891505369,0.993
2024-10-31,"WREX",7.63858333333333,5.69871403878572,-0.307162637776161,11.4377500534202,TRUE,1.17908657771217,11.7449126911964,0.799
2024-10-31,"LEAR",13.4404583333333,7.62972131070352,1.16385022840948,13.6870669091739,TRUE,4.41167437791405,12.5232166807644,0.9715
2024-10-31,"PLYM",10.3144583333333,6.03754024652595,-0.0755681412153091,11.893095655614,TRUE,2.92741002984986,11.9686637968293,0.94275
2024-10-31,"SHDG",7.11383333333333,5.62911076769938,-0.761615917464118,11.6865958545213,TRUE,0.953087026211549,12.4482117719854,0.74825
2024-10-31,"SHE",6.19904166666667,5.50586493158096,-0.275978870689222,12.2733878252314,TRUE,0.653271994218949,12.5493666959206,0.6345
2024-10-31,"BEL2",5.038375,7.51662764445389,1.51261646518111,13.9113898401513,TRUE,1.55029907454251,12.3987733749702,0.1375
2024-10-31,"GLKP",3.89754166666667,4.41644478844544,-1.94141010621033,10.2813035107546,TRUE,0.586997688600978,12.222713616965,0.405
2024-10-31,"LECU",14.2391739130435,7.15837393674456,0.992334838134017,13.5727606551514,FALSE,5.59954352210307,39.236956132702,0.9805
2024-10-31,"SUN2",3.03458333333333,4.71474567409428,-1.85522326874117,11.0901763612591,TRUE,1.03222058429769,12.9453996300003,0.2265
2024-10-31,"TRAN",7.09116666666667,6.36659602731329,-0.0571669843539176,12.6978967760068,TRUE,0.63493732206152,12.7550637603607,0.6235
2024-10-31,"STOK",10.0667916666667,7.2619727855156,1.13464297174271,13.5345024359139,TRUE,1.79793797482525,12.3998594641711,0.883
2024-10-31,"BEX",15.2791666666667,8.52758378416508,2.34384647492341,14.6631199003316,FALSE,5.34235932745644,36.961144078812,0.98125
2024-10-31,"SEND",13.3455909090909,8.06283191517214,2.03098113283324,13.9817743518105,TRUE,3.86374218908282,11.9507932189772,0.96725
2024-10-31,"HUL2",9.99220833333333,6.78646249548495,0.735521995011545,13.2408600564946,TRUE,2.056986626186,12.505338061483,0.89625
2024-10-31,"PEMB",9.62858333333333,5.20334074286369,-1.3923417075656,11.4563619885607,TRUE,3.11404579572445,12.8487036961263,0.941
2024-10-31,"WFEN",12.8057391304348,7.04409036936905,0.593644648662821,13.1838110288984,TRUE,4.37757542571993,12.5901663802356,0.97175
2024-10-31,"OSY",12.6091666666667,8.71696972511768,2.58938438668112,15.1125509686933,TRUE,2.64957019058716,12.5231665820122,0.92825
2024-10-31,"ACTH",0.689833333333333,4.00721651927288,-2.48934164943066,10.3874158609997,TRUE,2.1518123662744,12.8767575104304,0.10025
2024-10-31,"COPP",7.88333333333333,7.12071667132845,0.803003474717438,13.2539907568044,TRUE,0.658152753482551,12.450987282087,0.6455
2024-11-01,"EB",10.6820833333333,9.66893093758611,3.12432936515085,15.9417656944253,TRUE,0.736089848287132,12.8174363292744,0.67525
2024-11-01,"IMGM",8.59183333333333,8.18883174107517,2.12143536852483,14.6053191600508,TRUE,0.555573708353159,12.4838837915259,0.57075
2024-11-01,"PRES",7.93825,6.57257391258811,-0.0232811880545081,12.9979596753659,TRUE,0.899959226080798,13.0212408634204,0.73475
2024-11-01,"BIRR",11.6185833333333,11.6379549179498,5.3861537103562,17.7195145499169,TRUE,0.542791698182153,12.3333608395607,0.49525
2024-11-01,"BLC2",5.04908333333333,6.05434289891872,-0.344319103100211,12.2240902418652,TRUE,0.736367159226769,12.5684093449654,0.31775
2024-11-01,"BOTR",10.6865833333333,9.36589736384055,3.24582572825182,15.9434876396615,TRUE,0.8536838028531,12.6976619114096,0.7235
2024-11-01,"GHSR",4.97158333333333,6.14532567420608,0.351407625716233,12.608872904176,TRUE,0.786058501301446,12.2574652784597,0.2895
2024-11-01,"LEAM",12.1642916666667,10.7522133085327,4.51633728033552,16.7528468681459,TRUE,0.869267105257215,12.2365095878104,0.73825
2024-11-01,"NPT3",8.96720833333333,9.78589183487088,3.41817713816833,16.1250700777461,TRUE,0.675981454999099,12.7068929395778,0.33425
2024-11-01,"REA1",12.20125,12.2056550545589,5.21960691373408,18.4236819909839,TRUE,0.546958455074844,13.2040750772499,0.50025
2024-11-01,"SOUT",16.363875,12.6242098240195,6.36326497772025,18.7813967823894,TRUE,2.53341458021625,12.4181318046691,0.92225
2024-11-01,"WREX",7.11779166666667,7.70088860573235,1.42869216566431,14.1019001647068,TRUE,0.613383637286153,12.6732079990425,0.387
2024-11-01,"LEAR",11.1920416666667,10.3385219513341,4.22372479334895,16.9938862437031,TRUE,0.665997409575557,12.7701614503542,0.643
2024-11-01,"PLYM",10.9552916666667,8.87923220374746,2.64468919339863,15.2125454963726,TRUE,1.26900954857348,12.5678563029739,0.81125
2024-11-01,"SHDG",10.8717083333333,7.46739275896936,0.893054610122655,13.3397540182983,TRUE,2.30082030963507,12.4466994081757,0.91125
2024-11-01,"SHE",8.35391666666667,7.06204997434017,0.832814514705825,13.733862549377,TRUE,0.858761058774719,12.9010480346712,0.7215
2024-11-01,"BEL2",6.849625,6.70189658471064,0.288619631284059,12.7118608496421,TRUE,0.542462575171847,12.423241218358,0.53725
2024-11-01,"GLKP",2.69170833333333,5.99606998269893,-0.88987449947028,12.2509367326395,TRUE,2.17201924740072,13.1408112321098,0.0975
2024-11-01,"LECU",13.1034166666667,10.6510621619639,4.04718282428501,17.032684872175,TRUE,1.49452186469954,12.98550204789,0.848
2024-11-01,"SUN2",3.11820833333333,5.64311176129875,-0.553229754516872,12.0050376235774,TRUE,1.55216409652358,12.5582673780943,0.1565
2024-11-01,"TRAN",5.71058333333333,7.51097540651954,0.933802409285073,13.6036277663988,TRUE,1.08882514613095,12.6698253571137,0.21725
2024-11-01,"STOK",11.6205833333333,8.85499073885566,2.56324150945446,14.8980274496392,TRUE,1.78311009136046,12.3347859401848,0.88075
2024-11-01,"BEX",17.32325,11.1988903068259,4.82805165912808,17.1647467779776,FALSE,4.67446978855916,18.6768239997469,0.9765
2024-11-01,"SEND",14.8546666666667,10.3313450199859,4.37897054804965,16.5662186084612,TRUE,3.18827263312035,12.1872480604116,0.94475
2024-11-01,"HUL2",8.009,8.791204156192,2.84039928292396,15.4007616381396,TRUE,0.668995981692799,12.5603623552156,0.34975
2024-11-01,"PEMB",9.597125,8.52372747804699,2.0117297407433,14.8738976418769,TRUE,0.749597078722241,12.8621679011336,0.692
2024-11-01,"WFEN",15.2457083333333,10.0252224008131,3.54820348728683,16.0511759033432,TRUE,3.86508066946582,12.5029724160564,0.96675
2024-11-01,"OSY",13.62425,10.0612352976934,3.91810402759103,16.543692747632,TRUE,2.36108802982715,12.625588720041,0.91225
2024-11-01,"ACTH",1.24808333333333,4.58250230429714,-1.52342884167873,10.5927527947626,TRUE,2.19145578824362,12.1161816364414,0.091
2024-11-01,"COPP",7.81554166666667,7.90495130316315,1.33600415046354,14.4384179924127,TRUE,0.548702892413208,13.1024138419491,0.48925
2024-11-02,"EB",8.28820833333333,8.69769281704092,2.31531196945424,14.4315402556306,TRUE,0.561660059142569,12.1162282861763,0.4365
2024-11-02,"IMGM",7.421375,7.69365999961134,1.38443448162611,14.3006178483749,TRUE,0.580778424836372,12.9161833667488,0.43975
2024-11-02,"PRES",12.4007916666667,7.29408484462753,1.15844490516322,13.3989227901934,TRUE,3.76212306316813,12.2404778850302,0.96075
2024-11-02,"BIRR",11.9409583333333,9.23856686551275,3.22486458505638,15.6158308820154,TRUE,1.70723197758136,12.390966296959,0.8715
2024-11-02,"BLC2",12.4842083333333,6.01138049686809,-0.0628567381738546,12.1297893134491,FALSE,5.05867675946832,26.3694068469894,0.97725
2024-11-02,"BOTR",19.7445416666667,8.68028591772272,2.5053573863912,14.8179886133122,FALSE,9.53002878139445,209.3747533611,0.996
2024-11-02,"GHSR",4.26783333333333,5.99270320055969,-0.447855008225968,12.0383486833653,TRUE,1.05206203279401,12.4862036915913,0.22425
2024-11-02,"LEAM",7.34283333333333,9.41282701558434,2.87045353329727,15.934440225841,TRUE,1.27567115459773,13.0639866925437,0.185
2024-11-02,"NPT3",13.0071666666667,7.96831216109904,1.47018289495139,14.6741964443574,TRUE,3.5885134056808,13.204013549406,0.95225
2024-11-02,"REA1",11.539,9.5368499316332,3.21863110250448,15.6526008837637,TRUE,1.26384285748828,12.4339697812592,0.8145
2024-11-02,"SOUT",11.814125,11.3660144039052,5.45644539901384,17.3416301931525,TRUE,0.563168482839755,11.8851847941386,0.58725
2024-11-02,"WREX",12.4508333333333,7.02576211940456,0.760995666894805,13.3703907147665,TRUE,4.02735045151146,12.6093950478717,0.9645
2024-11-02,"LEAR",7.06866666666667,8.96520060160793,2.43464495495727,15.4482873402009,TRUE,1.16908862373705,13.0136423852436,0.20675
2024-11-02,"PLYM",12.7673333333333,8.76629280573941,2.40441156278814,15.0252649149503,TRUE,2.75503160752522,12.6208533521622,0.93225
2024-11-02,"SHDG",14.208125,8.63124676109483,2.28637813004486,15.0849078457021,TRUE,4.17796360854627,12.7985297156572,0.967
2024-11-02,"SHE",9.68166666666667,7.5152735155665,0.96820770081458,13.8516086289663,TRUE,1.35138798534037,12.8834009281517,0.8295
2024-11-02,"BEL2",10.0088333333333,6.82953548389841,0.383853515307376,13.1895470785674,TRUE,2.06968479594393,12.80569356326,0.8945
2024-11-02,"GLKP",3.6095,4.9980348439813,-1.21781372027603,11.3649010383873,TRUE,0.906056579869181,12.5827147586633,0.256
2024-11-02,"LECU",6.47204166666667,9.81561148658729,3.84117279574833,16.2896856205405,TRUE,2.17365841380925,12.4485128247922,0.09675
2024-11-02,"SUN2",5.20245833333333,5.15560862923097,-0.88731892274887,11.4255659827943,TRUE,0.546769325314669,12.3128849055431,0.511
2024-11-02,"TRAN",17.4391666666667,6.40092123016436,-0.195543839490513,12.8875143228922,FALSE,9.51599992256856,195.149151913363,0.99375
2024-11-02,"STOK",11.333625,9.04604536323272,2.97469010295679,15.5434271971632,TRUE,1.38098646791108,12.5687370942064,0.837
2024-11-02,"BEX",9.06841666666667,11.6707431681425,5.4509585653887,18.3803055766654,TRUE,1.60947032316834,12.9293470112767,0.14675
2024-11-02,"SEND",6.34141666666667,10.5445354424825,3.96234130401484,16.829941897995,TRUE,2.86360780283302,12.8676005939801,0.06475
2024-11-02,"HUL2",5.70175,7.48352264602866,1.37733094660928,13.6571171646887,TRUE,1.11748866756536,12.2797862180795,0.203
2024-11-02,"PEMB",10.4687916666667,8.15835807086603,2.40123411048015,14.5522148451102,TRUE,1.42510255694628,12.1509807346301,0.8425
2024-11-02,"WFEN",6.3465,10.6967789699266,4.2711729856047,17.0883939161937,TRUE,3.02706729026271,12.817220930589,0.0595
2024-11-02,"OSY",5.17304166666667,9.99022659592305,3.62315037993185,16.2274685552953,TRUE,3.50942821579155,12.6043181753634,0.0445
2024-11-02,"ACTH",4.62370833333333,4.27522686969044,-2.33874018145891,10.5624581744146,TRUE,0.582974178652485,12.9011983558735,0.5625
2024-11-02,"COPP",15.368625,7.33475838245948,1.02439106805136,13.7151423799143,FALSE,6.54893421102287,78.8300561152892,0.98875
2024-11-03,"EB",9.02725,7.71571760332712,1.40096342744982,13.861433735392,TRUE,0.860552204442449,12.4604703079422,0.72475
2024-11-03,"IMGM",8.26641666666667,7.27662861535194,0.506957112380415,13.0688191014544,TRUE,0.747410496078625,12.561861989074,0.6875
2024-11-03,"PRES",13.467,9.40755123825553,3.30597783691522,15.3391626755797,TRUE,2.80254961595512,12.0331848386645,0.9385
2024-11-03,"BIRR",11.2097916666667,9.32266804413323,3.2279066806683,15.5020736358667,TRUE,1.15167980761232,12.2741669551984,0.801
2024-11-03,"BLC2",15.4000416666667,9.35427760570168,2.72587796926653,16.0197886073353,TRUE,4.58099321067311,13.2939106380687,0.9705
2024-11-03,"BOTR",16.8004166666667,12.6650345688929,6.4914518144355,19.3647935749055,TRUE,2.79123289529654,12.87334176047,0.92725
2024-11-03,"GHSR",3.15941666666667,5.80237790253246,-0.4123811840141,11.8381110589026,TRUE,1.64169420244295,12.2504922429167,0.136
2024-11-03,"LEAM",9.56370833333333,7.35313018182449,0.984718100338153,14.3581903071243,TRUE,1.36134239205529,13.3734722067862,0.8265
2024-11-03,"NPT3",13.811,9.70131462013722,3.52126624161457,16.0567205426508,TRUE,2.86274015490882,12.5354543010363,0.939
2024-11-03,"REA1",14.9125416666667,9.16703197087497,3.18104719357127,15.6460041791135,TRUE,4.31541482677307,12.4649569855422,0.967
2024-11-03,"SOUT",12.553125,9.41456206519442,3.14049441532858,15.5684142417783,TRUE,2.05735969811586,12.4279198264498,0.8975
2024-11-03,"WREX",16.7139166666667,9.40380740817863,3.33686194730538,15.739166870955,FALSE,5.71106257085634,51.392296752118,0.9825
2024-11-03,"LEAR",9.5245,7.20463498217558,1.45349473457283,13.6656132969687,TRUE,1.40827132088268,12.2121185623959,0.83575
2024-11-03,"PLYM",11.2490416666667,9.65916138772919,3.30653564710197,16.0156963005342,TRUE,1.0071197777814,12.7091606534323,0.76925
2024-11-03,"SHDG",12.5777083333333,10.2790049238919,4.1601047092984,16.5695537530921,TRUE,1.32939713657424,12.4094490437937,0.82675
2024-11-03,"SHE",9.97945833333333,8.24572839304728,2.25804706307076,14.5311015908385,TRUE,1.02626511324251,12.2730545277677,0.77475
2024-11-03,"BEL2",9.89191666666667,8.34056491547876,2.12515930002656,14.5358415327323,TRUE,0.952042150319687,12.4106822327057,0.75925
2024-11-03,"GLKP",3.01604166666667,5.44749998727868,-0.85999774325881,11.9036942885854,TRUE,1.51028851700294,12.7636920318442,0.157
2024-11-03,"LECU",9.47629166666667,7.00597523758696,0.400250736024187,13.6078541387658,TRUE,1.50464720336253,13.2076034027416,0.851
2024-11-03,"SUN2",11.9074583333333,6.14884777852442,0.28611992414102,12.9464470586809,TRUE,4.32088170995386,12.6603271345399,0.9645
2024-11-03,"TRAN",14.7022916666667,11.5152860031358,5.01384192273465,17.8752430569366,TRUE,2.10325846379289,12.8614011342019,0.896
2024-11-03,"STOK",12.6013333333333,9.06035964894415,3.3021069269258,15.3172494066936,TRUE,2.33466750755697,12.0151424797677,0.91425
2024-11-03,"BEX",14.5873333333333,8.25806223811721,1.83231845708259,15.1123747106872,TRUE,4.78159812018227,13.2800562536046,0.96925
2024-11-03,"SEND",13.5151666666667,7.00367941080418,0.734006374564984,13.8329104791311,TRUE,5.05158214690143,13.0989041045661,0.972
2024-11-03,"HUL2",8.69108333333333,6.51572778432582,0.162182938691016,12.5430605393843,TRUE,1.33795550099353,12.3808776006933,0.834
2024-11-03,"PEMB",9.40354166666667,8.6241993326783,2.52381048407671,14.797415380819,TRUE,0.660835443004739,12.2736048967423,0.64575
2024-11-03,"WFEN",12.2680833333333,7.01796331172822,0.914633924660252,13.2968879601567,TRUE,3.86042660854939,12.3822540354965,0.966
2024-11-03,"OSY",9.21591666666667,6.46090249415931,-0.166300636687087,13.0171558009856,TRUE,1.73895372378065,13.1834564376726,0.8645
2024-11-03,"ACTH",0.996458333333333,5.84101634853074,-0.201707210252976,12.0044860168942,TRUE,3.4997339963165,12.2061932271471,0.04425
2024-11-03,"COPP",13.8797916666667,10.6858729220063,4.47730896594167,16.8704319194469,TRUE,2.06433952523704,12.3931229535052,0.89975
2024-11-04,"EB",15.368625,8.39175592240783,2.14464067558968,14.5182919171238,FALSE,5.45794696563051,46.3869745565819,0.98325
2024-11-04,"IMGM",16.4201666666667,8.0362775851082,1.83469164880568,14.3456692036968,FALSE,6.83726270582316,95.4908760736869,0.98775
2024-11-04,"PRES",22.6365833333333,10.4368723460015,3.59490178556699,16.5452699996606,FALSE,10.6754233243361,256.602901561002,0.9955
2024-11-04,"BIRR",21.716875,9.44753572738043,2.82067779818842,15.5329260772868,FALSE,10.7347928735096,260.070205187625,0.996
2024-11-04,"BLC2",22.3831666666667,11.2745319858533,5.05515395927766,17.6500097319501,FALSE,9.53273423812825,201.921133161336,0.9955
2024-11-04,"BOTR",23.4897083333333,12.1039305704577,5.96136699081661,18.2037309415994,FALSE,9.92003427229369,223.68145962014,0.996
2024-11-04,"GHSR",7.81945833333333,5.73255262513963,-0.303982394364572,11.7596108250777,TRUE,1.24086726236311,12.0635932194423,0.81425
2024-11-04,"LEAM",21.0319166666667,8.59428444495099,2.52470262020331,14.8806745227018,FALSE,10.8780033356455,258.405657661095,0.99675
2024-11-04,"NPT3",15.4334583333333,10.6042258706237,4.1339911242168,16.5472225647083,TRUE,3.42399832222207,12.4132314404915,0.95575
2024-11-04,"REA1",18.7372916666667,11.0347119188451,5.12999274794582,17.4383554434305,FALSE,6.20486135489644,64.265811624933,0.98375
2024-11-04,"SOUT",14.4605833333333,10.0239399631696,4.01604985716152,16.5627680607714,TRUE,3.13700369881732,12.5467182036099,0.9415
2024-11-04,"WREX",23.8837916666667,11.8410990985631,5.90192846637594,18.6358132236989,FALSE,10.4059715247786,222.653022476034,0.9935
2024-11-04,"LEAR",20.2782083333333,8.56887126003613,2.49795715361496,15.1908779509197,FALSE,10.0899094849894,216.186136093849,0.995
2024-11-04,"PLYM",15.907125,9.49003677976536,3.1628537931082,15.7126198638603,FALSE,4.95056542032027,20.3299715163383,0.97575
2024-11-04,"SHDG",24.2915416666667,10.1085633953813,3.40632671364165,15.9841216907803,FALSE,12.705998302426,344.874594012593,0.9975
2024-11-04,"SHE",20.8353333333333,8.84618799415745,2.27434590058911,14.971466213988,FALSE,10.4618421216043,247.25180508721,0.99675
2024-11-04,"BEL2",12.3467916666667,8.81848305224518,2.54552633651808,14.9355009387942,TRUE,2.3577239832938,12.3899746022761,0.914
2024-11-04,"GLKP",7.876375,5.65026369729069,-0.547748890214983,11.8464985801993,TRUE,1.34496596499911,12.3942474704143,0.82825
2024-11-04,"LECU",17.3330416666667,8.52960220829777,2.52925913078701,14.6813280896196,FALSE,7.35392264123394,118.220612040718,0.99175
2024-11-04,"SUN2",14.9824166666667,9.54062972417322,2.88007139340578,15.8513121190463,TRUE,3.95798856097409,12.9712407256405,0.96275
2024-11-04,"TRAN",22.6367083333333,11.1262691380399,4.96736036645095,17.3536590803783,FALSE,9.96074015246565,223.708268832128,0.99525
2024-11-04,"STOK",23.3069166666667,10.0299129204363,3.77923444039257,16.2538899025608,FALSE,11.6904236753349,294.595726026405,0.998
2024-11-04,"BEX",18.620375,10.817850043687,4.43493099116995,17.1430705459393,FALSE,6.29191908975876,71.8003177171983,0.98575
2024-11-04,"SEND",17.3546666666667,10.2703730855963,3.90627777639966,16.5804024592095,FALSE,5.62798419166044,43.6446929810965,0.9825
2024-11-04,"HUL2",19.0989166666667,8.16657807851172,1.71265468819718,14.9999632965374,FALSE,9.25765311911474,177.245443413513,0.9935
2024-11-04,"PEMB",11.951625,8.62172150248244,2.57156508736295,14.8963900339052,TRUE,2.21128170756687,12.3248249465423,0.911
2024-11-04,"WFEN",19.000625,9.73178566477377,3.65095552299985,15.9493374915513,FALSE,7.77178347247416,134.349882306498,0.992
2024-11-04,"OSY",14.5214583333333,8.37696456108052,2.12785837129582,14.4398507245843,FALSE,4.74879788721337,15.5762967032488,0.9755
2024-11-04,"ACTH",8.0975,4.80914753180983,-1.59468461635457,11.690834963268,TRUE,2.11663600128241,13.2855195796225,0.8945
2024-11-04,"COPP",22.8349166666667,10.7069415361774,4.59368774598794,16.977921526099,FALSE,10.5733521582937,246.664039402817,0.99675
2024-11-05,"EB",26.1292916666667,13.3371979373711,7.56494111830688,19.9264383529188,FALSE,11.1393146252501,260.475629784528,0.9955
2024-11-05,"IMGM",27.3389583333333,13.7679488951419,7.73267942040362,20.0853844933823,FALSE,11.9957182363113,302.495658671017,0.996
2024-11-05,"PRES",25.3795,16.6142240732276,10.198362003829,22.9220010769944,FALSE,7.17791062691664,111.023595993388,0.988
2024-11-05,"BIRR",21.177375,16.1471318750436,9.99818884581329,22.156433171706,TRUE,3.61841885078764,12.1582443258927,0.95775
2024-11-05,"BLC2",31.7719166666667,16.5645013428554,10.099233885289,22.4853522966709,FALSE,13.7034095134802,383.848693211212,0.9985
2024-11-05,"BOTR",30.0670416666667,17.0858197865818,10.7513968926125,23.348382449006,FALSE,11.3835313377762,281.343354262821,0.9955
2024-11-05,"GHSR",24.6916666666667,9.89454385339661,3.69491338096883,16.6811321502074,FALSE,13.1191940661048,333.407599427609,0.997
2024-11-05,"LEAM",20.58775,15.8003436343098,9.74551279852346,21.5947127445366,TRUE,3.5293088399915,11.8491999460131,0.96075
2024-11-05,"NPT3",26.6136666666667,13.513081483015,7.39845411159663,19.8440819073152,FALSE,11.5086784606571,283.22901816978,0.99625
2024-11-05,"REA1",28.5968333333333,14.9744004178683,8.70599922144855,20.9928273164035,FALSE,12.0520499910953,316.447068772147,0.99775
2024-11-05,"SOUT",24.38,13.0539124885638,6.53175059469009,19.3362369802599,FALSE,9.76738832312983,214.555007175172,0.996
2024-11-05,"WREX",25.5524166666667,17.2533913380459,10.8732296463571,23.2873986556099,FALSE,6.83544141019182,103.014889451526,0.988
2024-11-05,"LEAR",19.5647916666667,15.4735268720177,9.46003003992011,21.982601898782,TRUE,2.83019786427928,12.5225718588619,0.9345
2024-11-05,"PLYM",19.502875,13.6385119424039,7.76170180131051,19.9558191512389,TRUE,4.42040684614445,12.1941173499284,0.97025
2024-11-05,"SHDG",27.338875,17.3016823311163,10.6929823098568,23.673254939717,FALSE,8.49836419456388,159.605075041179,0.9915
2024-11-05,"SHE",27.1010833333333,15.7282705824907,9.71687157875004,22.300704531361,FALSE,9.80297149000097,204.598985031504,0.9945
2024-11-05,"BEL2",19.4645416666667,12.0584834767618,5.28066661735473,18.2661410465922,FALSE,5.8957109084576,60.9214992322178,0.9855
2024-11-05,"GLKP",26.883875,9.91470005250912,3.8231230472838,16.2464436785054,FALSE,15.3281903653253,437.920573491006,0.99875
2024-11-05,"LECU",26.27075,14.1997138940642,7.8584857289784,19.8960429281078,FALSE,10.5627141956189,267.025840074816,0.99625
2024-11-05,"SUN2",31.4890416666667,13.2593875434678,7.11665767805608,19.3960255532953,FALSE,16.6163796341062,496.000012410094,0.9985
2024-11-05,"TRAN",25.372625,16.6524634171064,10.1673020461275,22.8471978423995,FALSE,7.18026242741006,113.696982100293,0.98775
2024-11-05,"STOK",25.5396666666667,16.8770510294301,10.8557035989049,23.3334471352301,FALSE,7.04232749397877,100.726524793788,0.9905
2024-11-05,"BEX",33.337375,14.9138391486997,8.74706158430966,21.617006882129,FALSE,16.7544824239804,481.684670012661,0.99825
2024-11-05,"SEND",27.4057916666667,14.333905701349,8.01453884607088,20.6842751870042,FALSE,11.5232318085067,281.530395527432,0.996
2024-11-05,"HUL2",36.3661666666667,14.9383059818685,8.52256200304878,20.9812271835292,FALSE,19.8332457594098,627.85624450598,0.9995
2024-11-05,"PEMB",14.9715833333333,11.8726733818851,5.2509457361967,18.0952840358876,TRUE,1.98949031000499,12.8443382996909,0.888
2024-11-05,"WFEN",22.9314583333333,15.0064158682017,8.81393824253644,21.3531854986638,FALSE,6.37305790101074,75.6701606429089,0.9855
2024-11-05,"OSY",21.8455833333333,12.9770509069505,6.76708124143269,19.1498103637434,FALSE,7.35851042126362,120.213647905907,0.989
2024-11-05,"ACTH",13.7589166666667,9.94779748836743,3.89418351981598,15.9156481499898,TRUE,2.61864610661484,12.0214646301738,0.93075
2024-11-05,"COPP",22.1433333333333,16.7126650164195,10.0019564877464,23.5102678660521,TRUE,4.023525573359,13.5083113783057,0.9605
2024-11-06,"EB",15.4620416666667,19.7232119005569,13.4314480477071,26.0811889537938,TRUE,2.9948965873924,12.6497409060867,0.0585
2024-11-06,"IMGM",19.7505,20.2782975830071,14.2615138778849,26.4081756338311,TRUE,0.612373585407336,12.1466617559462,0.38375
2024-11-06,"PRES",18.7245416666667,19.62396633248,13.6243100356686,25.6587409813892,TRUE,0.69065240660583,12.0344309457206,0.354
2024-11-06,"BIRR",16.4328333333333,17.7802029483538,11.4631723210393,24.2605821200766,TRUE,0.890855472374283,12.7974097990373,0.26725
2024-11-06,"BLC2",22.3664583333333,22.3776800729019,15.8138177521769,28.3279676353128,TRUE,0.563053599893619,12.5141498831359,0.49075
2024-11-06,"BOTR",16.83175,21.6753732659226,15.1334651260778,28.0985165730574,TRUE,3.49474351935827,12.9650514469795,0.0485
2024-11-06,"GHSR",12.4734583333333,18.8687927621052,12.2970269253806,25.1694272507548,TRUE,4.88430862541259,12.8724003253742,0.0265
2024-11-06,"LEAM",11.697125,17.5043093577437,10.8394950649522,23.7438103014161,TRUE,4.30701557428896,12.904315236464,0.0335
2024-11-06,"NPT3",18.6204166666667,19.9344677988567,13.6176930269063,26.0658281654425,TRUE,0.847235468159781,12.4481351385362,0.28225
2024-11-06,"REA1",11.026,20.8933311612149,14.7672900115698,27.0452009949228,FALSE,8.38607648610182,161.929511446143,0.007
2024-11-06,"SOUT",10.8737083333333,18.9394421191745,12.7504312860332,25.2126396627049,FALSE,6.53968481171898,87.5311264846697,0.014
2024-11-06,"WREX",15.89825,19.7372206758126,13.2261121774865,26.1097582377966,TRUE,2.62425830946837,12.8836460603101,0.07225
2024-11-06,"LEAR",11.0064166666667,17.0390889833169,10.8091277634979,23.4792961406639,TRUE,4.64018216626259,12.670168377166,0.027
2024-11-06,"PLYM",12.1639583333333,16.8772218028099,10.9515647709151,22.978938456782,TRUE,3.47020008555748,12.0273736858669,0.041
2024-11-06,"SHDG",18.468,20.5215815739963,14.6829759398878,27.0311931554214,TRUE,1.30007214518713,12.3482172155336,0.18175
2024-11-06,"SHE",21.575375,20.3120163723374,13.9822592751553,26.8778850116052,TRUE,0.845182400590448,12.8956257364499,0.71875
2024-11-06,"BEL2",9.07629166666667,16.750604617348,10.5527219039453,23.2624015713513,FALSE,6.16617623193898,71.7668891585531,0.0145
2024-11-06,"GLKP",12.780125,19.8175941807949,13.9135041514751,26.1601533119471,FALSE,5.52794692211237,57.5818152194779,0.01875
2024-11-06,"LECU",11.9153333333333,19.8450464772497,13.8479228665127,26.1487170086176,FALSE,6.48250879181433,89.6043754692802,0.01225
2024-11-06,"SUN2",23.6547916666667,22.0267050108082,15.6837027098162,27.9714169123511,TRUE,1.00742065596448,12.2877142025349,0.75725
2024-11-06,"TRAN",16.5941666666667,19.6210001713594,13.3770510423727,25.859232717846,TRUE,1.93079195164338,12.4821816754732,0.1145
2024-11-06,"STOK",24.0715,19.7138802657579,13.5103289350157,26.2182037259773,TRUE,3.04154644956323,12.7078747909617,0.945
2024-11-06,"BEX",28.7540416666667,22.9376483544918,16.424886162891,29.0179863649596,TRUE,4.38419075053992,12.5931002020686,0.97025
2024-11-06,"SEND",16.2912916666667,20.3360570968314,14.2354407227261,26.8186647804654,TRUE,2.7468967321625,12.5832240577393,0.0625
2024-11-06,"HUL2",30.1299166666667,24.2608901045973,17.7967340678619,30.4668951932758,TRUE,4.4786427006321,12.6701611254139,0.9705
2024-11-06,"PEMB",14.1108333333333,14.797414805666,8.19552029891116,21.0084894262648,TRUE,0.6342206901289,12.8129691273536,0.3885
2024-11-06,"WFEN",15.4825833333333,18.454008621469,12.0938878099336,24.6586397227264,TRUE,1.92414094827704,12.5647519127928,0.12075
2024-11-06,"OSY",20.96025,17.8464466267604,11.6742469394004,23.9350648021222,TRUE,2.03011399045474,12.2608178627218,0.89925
2024-11-06,"ACTH",5.44516666666667,14.154399639415,8.38417788629408,20.5872496234077,FALSE,7.26484979510433,129.76352052221,0.009
2024-11-06,"COPP",19.3779583333333,18.2320613886913,11.8205480188511,24.1966071854085,TRUE,0.784353442735995,12.3760591665574,0.69575
2024-11-07,"EB",13.7314583333333,11.3642379292885,5.13366864827436,17.6076917743108,TRUE,1.45557920709807,12.4740231260365,0.83875
2024-11-07,"IMGM",14.9430833333333,13.2542608226194,7.08631489859192,19.1861012558318,TRUE,1.02805316191523,12.0997863572399,0.77375
2024-11-07,"PRES",9.63445833333333,12.750472285986,7.02397856728112,18.9943279368233,TRUE,1.98679754995356,11.9703493695422,0.11225
2024-11-07,"BIRR",14.774,11.6305497988167,5.15612438486082,17.5931822004222,TRUE,2.02323533845792,12.4370578155614,0.89675
2024-11-07,"BLC2",10.5219583333333,14.5213960159879,7.79729964811332,20.8039856150359,TRUE,2.65432666769538,13.0066859669226,0.07775
2024-11-07,"BOTR",15.2162916666667,12.0776806858735,5.740423516889,18.5010098692845,TRUE,2.0262578912836,12.7605863523955,0.897
2024-11-07,"GHSR",5.93854166666667,10.028719136342,4.12065232590318,16.2493926594176,TRUE,2.83085315440006,12.1287403335144,0.063
2024-11-07,"LEAM",14.6267083333333,9.56648000295582,3.74793952887686,16.1770701013967,TRUE,3.61234950320229,12.4291305725198,0.95625
2024-11-07,"NPT3",12.7240833333333,12.7436404729277,6.60998449682281,19.2124351500016,TRUE,0.53383931309726,12.6024506531788,0.48975
2024-11-07,"REA1",16.0997083333333,9.52412838278052,3.72643847530887,15.6687533653776,FALSE,5.04753677368229,29.1805136082959,0.97825
2024-11-07,"SOUT",17.1738333333333,9.32798704896939,3.4259556105567,15.3909141795552,FALSE,6.42134022432309,83.2817247201241,0.989
2024-11-07,"WREX",8.74808333333333,11.5348491597313,5.46059185654347,18.1378933173917,TRUE,1.8464768952546,12.6773014608482,0.111
2024-11-07,"LEAR",14.4320833333333,9.23646978495551,2.91705607604996,15.4808898593968,TRUE,3.76700999426174,12.5638337833469,0.96025
2024-11-07,"PLYM",17.6425416666667,9.73461804625048,3.24008474294523,15.9912423335124,FALSE,6.38786245686235,78.8031309167388,0.9865
2024-11-07,"SHDG",13.1594583333333,12.7002135603531,6.27779221800585,18.7359763499577,TRUE,0.568388786420428,12.4581841319519,0.5785
2024-11-07,"SHE",12.26125,14.0352602972989,7.28564623280931,20.2734613001153,TRUE,1.08690694742125,12.987815067306,0.233
2024-11-07,"BEL2",9.940125,8.3995498036601,2.22429829768656,14.7918273401019,TRUE,0.959206210279913,12.5675290424154,0.74975
2024-11-07,"GLKP",5.52966666666667,10.2289658140761,3.44981687286361,16.0496791900653,TRUE,3.39376710031661,12.5998623172017,0.0475
2024-11-07,"LECU",13.502375,9.83641973043614,3.72492879989768,15.9754784144572,TRUE,2.48913570927867,12.2505496145596,0.9235
2024-11-07,"SUN2",15.98575,15.0692164898692,8.78022330359047,21.1359869089629,TRUE,0.690400086692871,12.3557636053725,0.6635
2024-11-07,"TRAN",10.407,11.8299299815364,5.51876761426305,17.9768943231643,TRUE,0.892459718954787,12.4581267089012,0.273
2024-11-07,"STOK",12.9500833333333,15.0653288967792,9.01378198715204,21.1202737273124,TRUE,1.2952640577873,12.1064917401603,0.17725
2024-11-07,"BEX",20.3864285714286,17.3292468136771,10.8978315802798,23.5122531595532,TRUE,1.91764990393552,12.6144215792734,0.88675
2024-11-07,"SEND",23.6685833333333,11.7619361350446,5.06705767661413,17.4312595572559,FALSE,10.4218378401782,261.857152923737,0.9965
2024-11-07,"HUL2",15.3213333333333,18.0172558673339,11.9859050065539,24.4747555451012,TRUE,1.67118902687244,12.4888505385473,0.12875
2024-11-07,"PEMB",15.5425,10.4356038449227,4.17024256117736,16.4647904952665,TRUE,3.71772961761967,12.2945479340892,0.9635
2024-11-07,"WFEN",21.7415,11.2742605611342,5.38371717531176,17.5115700449174,FALSE,8.83233295745946,181.325051072909,0.9925
2024-11-07,"OSY",21.2687916666667,13.6070660020502,7.28353094401607,19.8096401740262,FALSE,6.17964037595541,70.8921689356291,0.986
2024-11-07,"ACTH",4.61579166666667,6.65451822121747,0.372259951969446,12.9184151756047,TRUE,1.22094754508417,12.5461552236353,0.19725
2024-11-07,"COPP",12.4872083333333,12.9327142701321,6.76325505142524,18.9751677360069,TRUE,0.573156172082415,12.2119126845816,0.42
2024-11-08,"EB",15.2437083333333,10.5506774636743,4.15997589156358,16.5736438653216,TRUE,3.39760594655466,12.4136679737581,0.95875
2024-11-08,"IMGM",19.3504583333333,11.2066687407287,5.00457947085623,17.0023072117614,FALSE,6.71449058613254,105.923772603781,0.9895
2024-11-08,"PRES",23.6959583333333,8.88160891280395,2.67895395084598,15.4394904453817,FALSE,13.2259806614854,343.0192520126,0.99825
2024-11-08,"BIRR",24.8979166666667,11.0310683909633,4.95511737205208,17.474576469231,FALSE,12.2205919534292,309.453066994605,0.9965
2024-11-08,"BLC2",23.3638333333333,9.37759110561822,3.13587283583398,15.6165798667654,FALSE,12.3958431207363,322.370845693647,0.997
2024-11-08,"BOTR",25.4373333333333,11.2344713214976,4.85375703317519,17.224370547034,FALSE,12.591499341032,340.889124965832,0.997
2024-11-08,"GHSR",11.571375,7.09172588233477,0.200893422655066,13.3637595282446,TRUE,3.10223966674914,13.1628661055895,0.943
2024-11-08,"LEAM",23.25775,10.8210476083046,4.85412438816985,17.0794617290057,FALSE,10.8765277309722,259.356868180607,0.996
2024-11-08,"NPT3",17.9432916666667,10.2131194896941,4.28833923595978,16.4698325177985,FALSE,6.12931174391712,71.119859236568,0.98675
2024-11-08,"REA1",24.7927083333333,11.4366431706267,5.31660313417186,18.1041234218069,FALSE,11.6818180640177,280.330916748692,0.99625
2024-11-08,"SOUT",18.7402916666667,11.8959614545735,5.41248647489674,18.3227916429162,FALSE,5.35674808394023,29.6103061180389,0.9785
2024-11-08,"WREX",23.6213333333333,8.41132532900095,2.4396572433253,14.2964751810862,FALSE,13.6773923368392,384.851144027643,0.99875
2024-11-08,"LEAR",22.996375,10.7156177169932,4.50541446872857,16.7873728150035,FALSE,10.7522217583801,260.642045746136,0.9955
2024-11-08,"PLYM",12.1050416666667,12.1383293829899,5.99469540886526,18.2046919928847,TRUE,0.537376869004452,12.2099965840194,0.48775
2024-11-08,"SHDG",25.3577916666667,10.3964915756423,4.24898849962153,16.6652879998501,FALSE,13.4069359915634,360.116446172893,0.99775
2024-11-08,"SHE",22.5935,10.1045174882516,4.04414311384981,16.0668145136244,FALSE,10.901928369458,273.090090854797,0.99675
2024-11-08,"BEL2",16.99,8.71541126774275,2.76323845998454,14.9505393795893,FALSE,6.76616278728979,93.7657257360313,0.98775
2024-11-08,"GLKP",11.3552083333333,6.92457007014459,0.338410915161006,12.9243078243209,TRUE,3.10296590713432,12.5858969091599,0.94575
2024-11-08,"LECU",22.2957083333333,10.3420767572922,4.33287290908464,16.5487995121435,FALSE,10.4074374227088,242.092279450651,0.99525
2024-11-08,"SUN2",28.7922916666667,11.7777940380998,5.89857934738685,17.5141239945619,FALSE,15.5294104043761,462.742251531368,0.9985
2024-11-08,"TRAN",23.3855,9.14949557087772,2.80316474830177,15.6046382047639,FALSE,12.5787484483271,324.035945265906,0.99725
2024-11-08,"STOK",25.7744583333333,10.4792562362518,4.40179604535667,16.5640067981902,FALSE,13.6851707474313,380.580272158557,0.999
2024-11-08,"BEX",23.0268333333333,13.8365313077115,7.61819275668184,19.8894307967991,FALSE,7.64776650984138,137.767339501486,0.9925
2024-11-08,"SEND",18.114375,14.8691855549954,8.40962558887455,21.5578512331913,TRUE,2.08592800577161,13.1482256443167,0.89675
2024-11-08,"HUL2",22.4342083333333,11.6909227132203,5.74250047244711,17.8048650123503,FALSE,9.22294330148707,197.236097379223,0.995
2024-11-08,"PEMB",10.9611666666667,11.2912855211174,4.9625930543035,17.4091939733361,TRUE,0.5667024886574,12.4466009190326,0.43975
2024-11-08,"WFEN",21.5685,14.0116797165576,7.48294458216827,20.3286185914415,FALSE,6.0213081170771,62.4409303516147,0.985
2024-11-08,"OSY",19.5227142857143,13.976793654189,7.82805222594372,20.0886192407465,TRUE,4.13105101625745,12.2605670148028,0.967
2024-11-08,"ACTH",12.7997916666667,6.30303445476686,-0.997906538288008,12.6679277013625,FALSE,5.01527869205578,18.9403928518203,0.97625
2024-11-08,"COPP",25.5023333333333,10.1342057567024,3.9210121851601,16.278091027394,FALSE,13.7218642723121,381.326771079804,0.99825
2024-11-09,"EB",15.24075,13.9808092732035,7.90333188679979,20.5281218886519,TRUE,0.840633644285991,12.6247900018521,0.7045
2024-11-09,"IMGM",18.7058333333333,15.7923940385824,9.55386042276671,21.6303955317971,TRUE,1.89033255441717,12.0765351090304,0.87975
2024-11-09,"PRES",27.0332916666667,17.5055656691802,11.0973159003006,23.9145463864413,FALSE,8.00862116634135,137.567041695155,0.991
2024-11-09,"BIRR",29.5559583333333,18.1836896040261,11.8640319062518,24.1245780768577,FALSE,9.93887511139471,229.515756429632,0.996
2024-11-09,"BLC2",30.9297916666667,17.389520860925,11.4801195058906,23.9671514195806,FALSE,11.9165496452564,290.992641797133,0.997
2024-11-09,"BOTR",29.036125,18.4303916977166,12.3393131898987,24.5989388587821,FALSE,9.07876585266265,189.7470713176,0.992
2024-11-09,"GHSR",17.3723333333333,12.1534531676442,5.69769956838806,18.2250104827812,TRUE,3.86766452495081,12.5273109143931,0.96475
2024-11-09,"LEAM",25.139625,17.4705785299583,11.0760304793327,23.5727542239482,FALSE,6.2060330002029,75.1715547866887,0.98225
2024-11-09,"NPT3",34.0322083333333,15.1158991554511,8.8333995662212,21.1130837965138,FALSE,17.3036315357099,529.044665703074,0.99875
2024-11-09,"REA1",23.754,18.1792195235593,11.8655496557154,24.5113654228844,TRUE,4.16736221034966,12.645815767169,0.967
2024-11-09,"SOUT",22.082375,15.5977567664314,9.7117433092046,21.8481573245708,FALSE,5.00587832622388,21.5051210325359,0.9765
2024-11-09,"WREX",32.616125,17.4459277671742,11.0799519062108,23.6263266585665,FALSE,13.4813543176148,372.138308409695,0.997
2024-11-09,"LEAR",23.7864166666667,17.3516473257225,10.765478404141,23.2910332759443,FALSE,5.05648463068629,32.3408905006992,0.98
2024-11-09,"PLYM",19.6796666666667,12.745793235988,6.6806921590632,19.3003133827624,FALSE,5.41023714934807,27.7937525798696,0.97725
2024-11-09,"SHDG",21.81325,18.3324485627125,12.1276707809241,24.7298335831266,TRUE,2.33650420173942,12.6021628022025,0.908
2024-11-09,"SHE",22.0332916666667,17.1104990405708,10.9091847330339,23.5014237880159,TRUE,3.58782950200872,12.5922390549821,0.9575
2024-11-09,"BEL2",31.5784583333333,14.6180159353884,8.53006075101578,19.9978875460224,FALSE,15.5156970877191,474.690658287441,0.99925
2024-11-09,"GLKP",16.7836666666667,12.0474292313127,5.76606307517956,18.0362129750218,TRUE,3.46547118496149,12.2701498998422,0.95725
2024-11-09,"LECU",23.5977916666667,17.0202176158946,10.9025729635672,23.3535574572646,FALSE,5.10482243883208,22.2203528697805,0.97725
2024-11-09,"SUN2",8.870875,19.9035314573858,13.6227977070329,26.1593923867543,FALSE,9.44726453265154,202.613502961037,0.0065
2024-11-09,"TRAN",34.047,17.3953273474046,10.8343608978066,23.6643514618035,FALSE,15.053120696431,428.135932091858,0.9975
2024-11-09,"STOK",32.3615416666667,18.5059778839581,12.2505169344693,25.0868848302421,FALSE,12.2167494871772,303.822641352758,0.99825
2024-11-09,"BEX",25.4089166666667,17.5488661927931,11.0321850939108,24.1002600996056,FALSE,6.30870334238545,65.4143376881382,0.985
2024-11-09,"SEND",23.419875,15.5281242303491,9.63303538034231,21.8860696860135,FALSE,6.36574913481202,73.6052468651331,0.98675
2024-11-09,"HUL2",12.553125,17.1362777729036,10.6894471094743,23.6944093583961,TRUE,3.23991625121842,13.0049622489218,0.0555
2024-11-09,"PEMB",22.29375,12.1867185556414,6.24033029421972,18.5423039074371,FALSE,8.52540753284882,162.359817315731,0.992
2024-11-09,"WFEN",24.3780416666667,16.9607488401725,11.0830017670794,23.6992047211218,FALSE,5.84783705902156,39.7696807758391,0.97975
2024-11-09,"OSY",20.3322916666667,16.0623495734427,10.0929057872683,22.5725897452673,TRUE,2.92514293626292,12.479683957999,0.93425
2024-11-09,"ACTH",10.5179166666667,12.6432448003415,6.43746935743488,19.2501393875826,TRUE,1.33812666029934,12.8126700301478,0.173
2024-11-09,"COPP",35.794125,18.37411049483,11.9577572751288,24.7621771096081,FALSE,15.7085595957831,454.082335450156,0.99725
2024-11-10,"EB",15.398,14.1339848110018,8.06387495139969,20.2959520484474,TRUE,0.822655445542765,12.2320770970477,0.70875
2024-11-10,"IMGM",23.997875,15.7578613531202,9.53299260511315,22.2013173277008,FALSE,6.68570950934391,84.530631614555,0.98725
2024-11-10,"PRES",19.8682916666667,19.4896819038324,13.045835801805,25.9625508908214,TRUE,0.566069387975091,12.9167150890164,0.56775
2024-11-10,"BIRR",18.2155416666667,20.6166380648994,14.2806355928107,26.8565362761916,TRUE,1.48005797670514,12.5759006833809,0.1555
2024-11-10,"BLC2",20.6525833333333,21.1627174916808,14.8216124586198,27.2791039955939,TRUE,0.605421640050606,12.4574915369741,0.39925
2024-11-10,"BOTR",20.9709583333333,20.408742616665,13.8098827798765,26.36426157178,TRUE,0.587073301118745,12.5543787919035,0.602
2024-11-10,"GHSR",12.4430833333333,14.9413174097607,9.06480169079115,21.0407803785667,TRUE,1.56718116120797,11.9759786877756,0.14075
2024-11-10,"LEAM",18.8100833333333,18.6580650857256,12.5544963166691,24.7220482319856,TRUE,0.545195673626968,12.1675519153166,0.52675
2024-11-10,"NPT3",25.4452916666667,22.3354130113691,16.3890124160497,28.7300037464616,TRUE,1.94553808658512,12.3409913304119,0.8865
2024-11-10,"REA1",19.7151666666667,18.1069186638627,12.0280223548174,24.2197363380111,TRUE,0.974179164878187,12.1917139831937,0.76325
2024-11-10,"SOUT",14.247375,17.1976782153659,11.377475180487,23.4422767222531,TRUE,1.90266742542075,12.064801541766,0.1105
2024-11-10,"WREX",12.4254166666667,21.8991794951042,15.8830002399566,28.4268982909174,FALSE,7.94237129028976,150.847240982558,0.00725
2024-11-10,"LEAR",18.1318333333333,18.0653945155205,12.1454040831026,24.9768988827742,TRUE,0.555824115729541,12.8314947996716,0.5075
2024-11-10,"PLYM",12.3496666666667,15.9545905479827,9.84185581435271,22.238798272619,TRUE,2.45806631904228,12.3969424582663,0.0785
2024-11-10,"SHDG",18.3650416666667,17.2859754317409,11.3318356946148,23.6658240156072,TRUE,0.748834126598253,12.3339883209923,0.68825
2024-11-10,"SHE",20.1101666666667,17.2955844351663,10.8712727363636,23.8942462069683,TRUE,1.76225289116046,13.0229734706047,0.8715
2024-11-10,"BEL2",11.7797916666667,21.2459158876182,15.3948027621406,28.0608353294695,FALSE,7.95371680301502,157.266476386284,0.007
2024-11-10,"GLKP",11.8790416666667,14.680329113469,8.09381861698677,21.0205021754538,TRUE,1.81727994647352,12.926683558467,0.12175
2024-11-10,"LECU",20.751875,17.9622488140733,11.4177555128253,24.1122224904966,TRUE,1.79982737496216,12.6944669776712,0.8805
2024-11-10,"SUN2",8.608625,11.800989424829,5.32452080523012,17.9409185281707,TRUE,2.05312868313404,12.6163977229406,0.11075
2024-11-10,"TRAN",19.1057916666667,22.5100326421165,15.5431535834461,28.9225837252719,TRUE,2.26937196967212,13.3794301418258,0.093
2024-11-10,"STOK",22.4058333333333,21.8557559777912,15.5793394384815,28.4448569774272,TRUE,0.598567453639024,12.8655175389457,0.5975
2024-11-10,"BEX",21.33275,18.7672619723322,12.4993674176666,25.0140161030409,TRUE,1.61595515371467,12.5146486853743,0.8625
2024-11-10,"SEND",22.712375,17.7561347628415,11.5950457978975,24.075946097089,TRUE,3.5864139660803,12.4809002991915,0.95675
2024-11-10,"HUL2",27.8952083333333,13.1951937696002,6.681777915743,19.506712660194,FALSE,13.0718713928847,348.364761670023,0.998
2024-11-10,"PEMB",8.47491666666667,17.0485246289925,10.6211632097356,23.2591030849662,FALSE,6.93982775518487,98.4878015979859,0.012
2024-11-10,"WFEN",21.2245416666667,18.276840196744,12.3398156686807,24.0496884093653,TRUE,1.86448161346347,11.7098727406846,0.888
2024-11-10,"OSY",21.2598333333333,16.4658220732477,9.95491981344943,22.2582959090514,TRUE,3.43170366778239,12.303376095602,0.955
2024-11-10,"ACTH",6.67266666666667,12.0181571870452,5.7953590357206,18.2237419820719,TRUE,3.93935679919601,12.4283829463513,0.035
2024-11-10,"COPP",18.8041666666667,23.3302325908446,16.8866309910408,29.6654239678593,TRUE,3.2216781140158,12.7787929768185,0.0575
2024-11-11,"EB",8.797125,11.5761027341965,5.26128446792427,17.849100688655,TRUE,1.70400541025904,12.5878162207307,0.1385
2024-11-11,"IMGM",6.53408333333333,15.3983928350316,8.85157312296694,21.1946413339934,FALSE,7.25566793727199,105.042659796371,0.0095
2024-11-11,"PRES",10.6270416666667,13.8718161875333,7.40485912517383,19.852263785265,TRUE,2.05638301636696,12.4474046600912,0.1005
2024-11-11,"BIRR",10.5995416666667,13.2358028355278,6.83162009976335,19.4514675306872,TRUE,1.65690508853994,12.6198474309238,0.14175
2024-11-11,"BLC2",9.193125,14.3310816847531,7.67613687285193,20.7666693077532,TRUE,3.73270765089871,13.0905324349013,0.0435
2024-11-11,"BOTR",9.02133333333333,14.4100838127203,7.92447618589133,20.8248966217976,TRUE,3.94389003304817,12.9004204359063,0.0375
2024-11-11,"GHSR",9.50679166666667,10.3654594537133,4.01315487147116,16.8131693808508,TRUE,0.689437121048384,12.8000145093796,0.342
2024-11-11,"LEAM",9.02625,13.3561292854534,7.79149972566506,19.8581344557181,TRUE,3.17012490219679,12.0666347300531,0.0495
2024-11-11,"NPT3",9.37116666666667,16.4974511199902,10.4220039136362,22.9302688970359,FALSE,5.70481090940074,54.5417548621805,0.017
2024-11-11,"REA1",8.68525,13.7042961443103,7.36489725837343,19.9908663098104,TRUE,3.55674234237849,12.625969051437,0.04625
2024-11-11,"SOUT",7.34379166666667,11.2905168829097,4.90673806164899,17.3935046700628,TRUE,2.65691176978828,12.4867666084138,0.07175
2024-11-11,"WREX",8.388375,10.8290435687487,4.8236114891103,16.9938949870358,TRUE,1.49099498859968,12.1702834979255,0.15125
2024-11-11,"LEAR",8.49654166666667,13.0212924229917,6.64222755435153,19.1582347123125,TRUE,3.23599552883657,12.5160071579609,0.0505
2024-11-11,"PLYM",10.5209583333333,10.3964274142312,4.19297459330401,17.1587825645748,TRUE,0.551758401403865,12.9658079712708,0.5085
2024-11-11,"SHDG",9.24245833333333,13.0610447352815,6.53282419656891,19.6150786207766,TRUE,2.57459532845984,13.0822544242077,0.07725
2024-11-11,"SHE",7.50304166666667,13.821747041305,7.13067498694022,20.2827341256703,TRUE,4.81444502221636,13.1520591387301,0.028
2024-11-11,"BEL2",12.9354166666667,10.5180548513949,4.28505349725947,16.5615380577567,TRUE,1.46211017626395,12.2764845604973,0.841
2024-11-11,"GLKP",9.1825,10.1035945251634,3.53176137943854,16.5771906458866,TRUE,0.704559993435822,13.0454292664481,0.33675
2024-11-11,"LECU",9.45366666666667,14.1473292195127,7.93172780193575,20.3815519065225,TRUE,3.36122640159908,12.4498241045868,0.05025
2024-11-11,"SUN2",7.27308333333333,8.44616231149069,2.42869951702393,14.8956730253713,TRUE,0.809226499937797,12.4669735083474,0.30325
2024-11-11,"TRAN",9.88504166666667,13.7592211954925,7.63797001561205,19.8852956027571,TRUE,2.59940460313416,12.2473255871451,0.074
2024-11-11,"STOK",11.419,15.1327503557458,9.13053743360619,21.4956537429537,TRUE,2.54775649993983,12.3651163093475,0.07525
2024-11-11,"BEX",9.16675,14.4542548489167,8.28231638986409,20.6529587407704,TRUE,3.90413061048035,12.3706423509064,0.036
2024-11-11,"SEND",8.25870833333333,14.9887726221272,8.16669862046609,21.5361319092943,TRUE,5.26267455876978,13.3694332888282,0.026
2024-11-11,"HUL2",7.70541666666667,16.8918625189531,10.5407207689073,23.1973766139614,FALSE,7.66561607032269,126.068819934679,0.00875
2024-11-11,"PEMB",6.39445833333333,8.80332781556826,2.70664900361848,15.0074877538108,TRUE,1.4878132604822,12.3008387501923,0.152
2024-11-11,"WFEN",7.96983333333333,14.3756420393287,7.77145096954471,20.8125140267655,TRUE,4.92327815676965,13.0410630572208,0.02675
2024-11-11,"OSY",8.16529166666667,14.2658259199765,7.53091417164496,20.0931693966432,TRUE,4.59322133214572,12.5622552249982,0.03025
2024-11-11,"ACTH",5.86770833333333,7.66073459937855,1.21909809013484,14.1880904375368,TRUE,1.13901928903053,12.9689923474019,0.21575
2024-11-11,"COPP",10.425625,13.6829252318495,7.44941097423751,20.3066816543217,TRUE,2.14242065387577,12.8572706800842,0.097
2024-11-12,"EB",4.79175,6.5101774634336,0.338077289828652,12.7346970089536,TRUE,1.05150113396928,12.396619719125,0.231
2024-11-12,"IMGM",10.6800833333333,5.79837458193105,-0.554477164023755,12.1194074734903,TRUE,3.53020484098915,12.6738846375141,0.95375
2024-11-12,"PRES",13.447375,7.4388938328235,1.12351069338214,13.8340549302719,TRUE,4.59276636879186,12.7105442368897,0.97075
2024-11-12,"BIRR",10.4540833333333,7.37592391440801,0.883439160661505,13.2787868106701,TRUE,2.00264328632521,12.3953476500086,0.8955
2024-11-12,"BLC2",10.1709166666667,6.84368062199216,0.70686449218668,13.012754199631,TRUE,2.15840690423979,12.3058897074444,0.9115
2024-11-12,"BOTR",8.86408333333333,6.77930760417684,0.37399795956365,12.8637459899848,TRUE,1.28191716879781,12.4897480304212,0.815
2024-11-12,"GHSR",10.3361666666667,6.7254136548075,0.371357267267974,12.8883427076459,TRUE,2.43237587104565,12.516985440378,0.91825
2024-11-12,"LEAM",8.22533333333333,6.71463464115916,0.787724316626755,13.309801567572,TRUE,0.922783854330251,12.5220772509452,0.74025
2024-11-12,"NPT3",7.97070833333333,7.06874750135403,0.418262054635624,13.3359183125008,TRUE,0.688193465922929,12.9176562578651,0.651
2024-11-12,"REA1",6.686375,6.59529933658033,0.591327236939663,12.9703923422298,TRUE,0.536502985623324,12.3790651052901,0.51725
2024-11-12,"SOUT",6.80033333333333,5.84676402602801,-0.113438483983428,12.4202365617984,TRUE,0.708086091163237,12.5336750457818,0.6655
2024-11-12,"WREX",9.22570833333333,6.24170745599741,0.027311104979998,12.7479471206742,TRUE,1.90304012801401,12.7206360156942,0.887
2024-11-12,"LEAR",7.464625,6.46483263752532,-0.192076805760549,12.9300457684801,TRUE,0.730442779993269,13.1221225742406,0.67075
2024-11-12,"PLYM",6.68345833333333,7.16064966401978,0.966512127254846,13.3215888922293,TRUE,0.598556335423103,12.3550767649745,0.397
2024-11-12,"SHDG",10.7017083333333,6.79428030051229,0.373144118594044,13.625972693498,TRUE,2.68652919141776,13.2528285749039,0.92475
2024-11-12,"SHE",10.6752083333333,6.09679125915438,0.030996820642363,12.6717386022246,TRUE,3.19195267022754,12.6407417815822,0.94425
2024-11-12,"BEL2",19.4615833333333,8.18608850704694,2.21422653964657,14.6732648201995,FALSE,9.65874288222919,203.991778805904,0.99375
2024-11-12,"GLKP",10.282125,6.56788281045408,0.799221498711127,12.7358825442987,TRUE,2.48943988608978,11.9366610455875,0.92425
2024-11-12,"LECU",8.718625,6.95930487861017,0.542209990757556,12.8557406025689,TRUE,1.06259593342713,12.3135306118113,0.7845
2024-11-12,"SUN2",10.5346666666667,5.64191269377977,-0.149089495259012,11.6076854375983,TRUE,3.58014607953764,11.7567749328573,0.9595
2024-11-12,"TRAN",13.420875,7.09477671696789,0.379484624957927,13.2711612556694,FALSE,4.8973785075692,18.8802264039359,0.976
2024-11-12,"STOK",12.6139583333333,7.85946322989227,1.6142054182936,14.1218271896415,TRUE,3.37122129825041,12.5076217713479,0.9535
2024-11-12,"BEX",6.423,6.85331184170433,0.913939931909285,13.3935637379785,TRUE,0.586621842145555,12.4796238060692,0.409
2024-11-12,"SEND",5.52579166666667,6.50368150000166,0.0910539596330686,12.7106002311988,TRUE,0.69997011529757,12.6195462715657,0.334
2024-11-12,"HUL2",10.789125,6.42486925340934,0.343491096879729,12.4915382059505,TRUE,3.11371160034379,12.1480471090708,0.943
2024-11-12,"PEMB",5.95129166666667,5.25821029047324,-0.9994280487673,11.2767424050415,TRUE,0.632644040860899,12.2761704538088,0.62375
2024-11-12,"WFEN",5.95420833333333,6.33289453151059,0.073629370791471,13.1169126987626,TRUE,0.580827398439059,13.0432833279711,0.43675
2024-11-12,"OSY",4.9354347826087,6.41842418192902,0.297133732335586,12.8772983636279,TRUE,0.951772433607396,12.5801646312923,0.2405
2024-11-12,"ACTH",3.02879166666667,4.97494120289578,-0.779044224470113,11.6505129164102,TRUE,1.212479159361,12.4295571408803,0.1865
2024-11-12,"COPP",13.1034166666667,7.31898685845168,1.19247666505795,13.2868939136129,TRUE,4.37978950860436,12.0944172485549,0.972
2024-11-13,"EB",9.50079166666667,6.02596524748725,-0.626437624603556,12.4816786089375,TRUE,2.29308430462404,13.108116233541,0.91075
2024-11-13,"IMGM",12.341875,8.49979160590988,2.13918245796455,14.8542338375001,TRUE,2.56540798191638,12.7150513795356,0.92675
2024-11-13,"PRES",16.556625,9.8217932702088,3.74451186107885,15.8632114669647,FALSE,5.26107944822001,39.8552409272981,0.9795
2024-11-13,"BIRR",15.9975,8.52783025253051,2.15505276632166,14.8592762919137,FALSE,5.89946536823275,58.2331718490445,0.984
2024-11-13,"BLC2",11.4219583333333,8.36202605738693,2.18193915899758,14.4920590310495,TRUE,1.9697100866171,12.3101198720519,0.89425
2024-11-13,"BOTR",11.8720833333333,7.79215885717472,1.73224437887756,13.9800833743854,TRUE,2.85676779388264,12.2478389955078,0.9395
2024-11-13,"GHSR",3.69591666666667,8.44311072709645,2.38387722578004,14.1956971421208,TRUE,3.44461652971548,11.8118199163408,0.0465
2024-11-13,"LEAM",15.121,7.51636850720639,1.49560929829904,14.0813257955369,FALSE,6.02563444111731,54.1726846757633,0.98325
2024-11-13,"NPT3",12.012625,7.41703164287686,0.790776729397333,13.8031374376532,TRUE,3.27282324480236,13.0123607082558,0.94875
2024-11-13,"REA1",9.79720833333333,6.84099188979081,0.948288592870629,13.3233267998571,TRUE,1.91013887591487,12.3750382069865,0.889
2024-11-13,"SOUT",8.10241666666667,6.84875513813562,0.504800678780636,13.1479578488061,TRUE,0.804252715852935,12.6431571700254,0.7055
2024-11-13,"WREX",8.184,7.92881616675252,1.88570809487037,14.6642566359647,TRUE,0.566127101818249,12.7785485410944,0.53825
2024-11-13,"LEAR",13.8237083333333,7.17136538038906,0.945282538805739,13.851352080352,TRUE,5.17122992913645,12.9060695415462,0.9745
2024-11-13,"PLYM",11.0202083333333,6.89647730616282,1.12217239806594,13.6720952001747,TRUE,2.82916723260693,12.5499228021087,0.9355
2024-11-13,"SHDG",8.03466666666667,8.59285498920055,1.98752833102679,15.1624395850014,TRUE,0.611973429118691,13.1749112539746,0.39675
2024-11-13,"SHE",10.9189166666667,8.52763803391837,2.38410068081752,14.6138689511327,TRUE,1.45458646254079,12.2297682703151,0.83775
2024-11-13,"BEL2",8.79729166666667,12.4913097480462,6.07321748723589,18.5709140144131,TRUE,2.44717482361941,12.4976965271772,0.083
2024-11-13,"GLKP",2.935375,8.40974002367929,1.8248964318526,14.469065566027,TRUE,4.04972679900782,12.6441691341744,0.03675
2024-11-13,"LECU",15.326375,7.74268461626636,1.66923283043151,13.4753496176281,FALSE,6.20913822037203,85.8471320820713,0.986
2024-11-13,"SUN2",5.6575,8.4598150469963,2.08925979169171,14.7798292289207,TRUE,1.78947618106313,12.690569437229,0.125
2024-11-13,"TRAN",8.30775,9.78740846491938,3.64849619658166,16.4682197514119,TRUE,0.959085920563858,12.8197235548303,0.25175
2024-11-13,"STOK",14.9323333333333,9.48623524565559,3.646474223291,16.1152883729719,TRUE,3.95266526178827,12.4688141496809,0.96125
2024-11-13,"BEX",9.88995833333333,6.74209705830935,0.87805623081958,13.0661995852957,TRUE,2.06782068301528,12.1881433544761,0.89775
2024-11-13,"SEND",9.49295833333333,6.32643039044671,-0.187128169438819,12.3823523321565,TRUE,2.0679264645664,12.5694805015953,0.903
2024-11-13,"HUL2",15.5100833333333,8.58310626738678,2.07271384944601,15.0041328482897,FALSE,5.45389925719791,33.1694384005876,0.978
2024-11-13,"PEMB",6.918375,6.45262023802632,0.296379597444229,12.6629115888933,TRUE,0.595982851378971,12.3665319914491,0.602
2024-11-13,"WFEN",9.9175,6.50257825014918,0.339459853964968,12.9362750452029,TRUE,2.21805271793971,12.596815191238,0.9045
2024-11-13,"OSY",8.10145833333333,6.06850636280338,0.15046864656036,13.1225263001438,TRUE,1.22607544735045,12.9720576535834,0.80325
2024-11-13,"ACTH",1.68433333333333,5.17380666002175,-1.03426034672562,11.2352503698278,TRUE,2.33114079516933,12.2695107165534,0.0865
2024-11-13,"COPP",15.4412916666667,9.66697582017198,3.24289282365193,15.8822363539347,TRUE,4.42305918094353,12.6393435302828,0.9695
2024-11-14,"EB",14.483125,8.34108691232903,2.25455419607778,14.2874321224634,FALSE,4.72595517324879,19.8605930278494,0.97675
2024-11-14,"IMGM",9.44191666666667,9.75046548905046,3.46992211053611,16.374257045638,TRUE,0.558301599401008,12.9043349351018,0.4435
2024-11-14,"PRES",7.91966666666667,11.6567954264093,5.08985963701625,17.9462186592727,TRUE,2.51674079328,12.8563590222564,0.0755
2024-11-14,"BIRR",12.705375,11.3227227333772,5.0071375093564,17.6976689662198,TRUE,0.904272609002463,12.6905314568634,0.743
2024-11-14,"BLC2",11.0495,9.33731876460799,2.68821793820092,15.2865568817529,TRUE,1.09312325178112,12.5983389435519,0.7845
2024-11-14,"BOTR",9.90179166666667,9.49137756951668,3.3763235836966,15.5091268589945,TRUE,0.573912724341234,12.1328032752979,0.59075
2024-11-14,"GHSR",5.29983333333333,6.00474874257941,-0.247462502900282,12.472926917704,TRUE,0.631960777230586,12.7203894206043,0.375
2024-11-14,"LEAM",9.218875,10.8751763972478,4.83635254903012,17.5231618511143,TRUE,1.02384448083931,12.6868093020842,0.229
2024-11-14,"NPT3",10.188875,9.52447606968945,3.26838768732236,15.9416240198203,TRUE,0.622979133669815,12.6732363324979,0.61625
2024-11-14,"REA1",10.959125,8.52770665482156,2.12109170954256,15.0424452699244,TRUE,1.51837397529667,12.9213535603818,0.84875
2024-11-14,"SOUT",12.9256666666667,7.79907314272318,1.7952773445052,13.9997796013269,TRUE,3.65343488858476,12.2045022568217,0.95875
2024-11-14,"WREX",10.0560416666667,7.9092906474018,1.41811000714217,14.1322922728695,TRUE,1.34733126146552,12.7141822657273,0.832
2024-11-14,"LEAR",8.18491666666667,10.2912266363625,3.78063413241688,16.4114228323983,TRUE,1.25139389648259,12.6307886999814,0.1905
2024-11-14,"PLYM",8.12504166666667,9.05595696365634,3.05347159920516,15.7068333224729,TRUE,0.692957248187345,12.6533617232677,0.342
2024-11-14,"SHDG",10.56025,7.89040422260481,1.60408812957549,14.5187031077714,TRUE,1.62450987185977,12.9146149781959,0.8515
2024-11-14,"SHE",10.5503333333333,9.13559159351946,2.66520069669348,15.6509563809268,TRUE,0.880949005199753,12.9857556842333,0.72725
2024-11-14,"BEL2",4.354375,8.49064631787512,2.20167880188317,14.8490100630532,TRUE,2.88732975749385,12.64733126117,0.05975
2024-11-14,"GLKP",4.22558333333333,5.67452142722905,-0.542110502493766,11.9982890529417,TRUE,0.905896045405325,12.5403995554354,0.25975
2024-11-14,"LECU",9.4675,10.9791477826536,4.36699979393753,17.2766377774403,TRUE,0.941953366636035,12.9096379835028,0.25275
2024-11-14,"SUN2",9.16279166666667,6.85829594341412,0.919949709116932,13.1831891953149,TRUE,1.3638101890545,12.263239486198,0.83125
2024-11-14,"TRAN",13.1152083333333,8.09243211679124,1.84010638123516,14.6095209847757,TRUE,3.67586364159561,12.7694146035405,0.95525
2024-11-14,"STOK",11.697125,10.9293329102264,4.83327122950183,17.4463782555713,TRUE,0.647311278970144,12.6131070260695,0.6335
2024-11-14,"BEX",14.11175,8.55963354414838,2.56526819918637,14.4457507077774,TRUE,4.20905673768046,11.8804825085911,0.97075
2024-11-14,"SEND",12.6514583333333,8.36039358411631,1.93771378981321,14.3542258661675,TRUE,3.01920683681203,12.4165120763543,0.9475
2024-11-14,"HUL2",10.9660416666667,11.1225137623656,4.73292229823834,18.0373102613447,TRUE,0.555826138809074,13.3043879631064,0.479
2024-11-14,"PEMB",5.51495833333333,7.26131723512364,0.969140759631885,13.6925037226725,TRUE,1.07033470808162,12.7233629630407,0.2265
2024-11-14,"WFEN",11.693375,8.55704035396924,2.24311245630361,14.6126109754786,TRUE,2.02977362948344,12.369498519175,0.891
2024-11-14,"OSY",10.342,7.74101138401651,1.48223163233083,13.7665334453217,TRUE,1.63995360462215,12.2843018129908,0.86
2024-11-14,"ACTH",2.19920833333333,4.90985177233189,-1.08632664127099,10.8942075436724,TRUE,1.67293868284507,11.9805341849434,0.1285
2024-11-14,"COPP",13.0121666666667,11.1643349089053,4.69973705644522,17.6289252785864,TRUE,1.11358852078163,12.9291882221412,0.789
2024-11-15,"EB",10.0484583333333,10.2446193530108,3.50429980945319,16.7714044768435,TRUE,0.560375928091577,13.2671046673903,0.4695
2024-11-15,"IMGM",11.9762916666667,8.15462251746314,1.58606605577294,13.8856013911164,TRUE,2.62213765723708,12.2995353353434,0.928
2024-11-15,"PRES",9.77791666666667,7.62729133247233,1.39694900685921,14.0278352619891,TRUE,1.32155772970603,12.6308862551299,0.8285
2024-11-15,"BIRR",15.15725,9.67745114413155,3.62843033635584,15.7925350388297,TRUE,4.10188991365917,12.1641047024738,0.967
2024-11-15,"BLC2",7.55604166666667,8.82066792205902,2.45047909133,14.8659508333052,TRUE,0.769868590966009,12.4154717419752,0.29625
2024-11-15,"BOTR",13.1565,8.33876799502758,2.36576764873776,14.7917253419664,TRUE,3.52455458642715,12.4259576932286,0.9595
2024-11-15,"GHSR",1.963375,6.097963466308,-0.0447302436786258,12.415304634537,TRUE,2.884631235331,12.4600348782157,0.06275
2024-11-15,"LEAM",13.6115,8.14417603116487,2.00751013001258,14.3880624487678,TRUE,4.08569840660175,12.3805523187552,0.9655
2024-11-15,"NPT3",13.9505833333333,8.46713346887693,2.56536040771195,14.7500111313736,TRUE,4.04893485322288,12.1846507236617,0.96625
2024-11-15,"REA1",14.9606666666667,8.731401310066,2.1648391777646,14.9548664736652,FALSE,4.75474475386734,13.0220350159597,0.975
2024-11-15,"SOUT",11.91725,9.52856508564303,3.32689924868616,15.8168300330426,TRUE,1.46325099621562,12.4899307843564,0.84125
2024-11-15,"WREX",11.7187083333333,8.29139850449924,1.92062716042833,14.3935231397408,TRUE,2.24255298929068,12.4728959793125,0.915
2024-11-15,"LEAR",12.71725,7.65740036527783,1.48584853505577,14.0843958858083,TRUE,3.69795025736643,12.5985473507525,0.95625
2024-11-15,"PLYM",12.54825,7.54487233764976,1.18900395506818,14.4256383398543,TRUE,3.57757016977651,13.2366343847861,0.95325
2024-11-15,"SHDG",11.2579583333333,8.50460215398346,1.94120133520646,14.9914142668358,TRUE,1.75079671377762,13.0502129316293,0.87225
2024-11-15,"SHE",10.7647083333333,8.58947607107735,2.06512786708649,14.7539111020904,TRUE,1.32048292774173,12.6887832350039,0.82925
2024-11-15,"BEL2",5.32229166666667,5.84721574624594,-0.498568267798873,12.3115346596702,TRUE,0.58688722981914,12.810102927469,0.407
2024-11-15,"GLKP",1.537125,5.61037367241983,-0.373713001706007,12.1016440366154,TRUE,2.83498934945926,12.4753570383214,0.06025
2024-11-15,"LECU",12.5806666666667,8.25793149287665,2.08934369535838,14.4165873474482,TRUE,3.09690951573833,12.3272436520898,0.94675
2024-11-15,"SUN2",2.71825,7.82741205737617,1.671016712368,14.1306227688028,TRUE,3.74636187962303,12.4596060564348,0.03825
2024-11-15,"TRAN",6.68920833333333,9.61679504346353,3.09264436532195,15.9293517943917,TRUE,1.8290524674614,12.8367074290698,0.122
2024-11-15,"STOK",14.0546666666667,9.20895702157772,3.12197084382791,15.5063877395817,TRUE,3.57128957029963,12.3844168957538,0.95425
2024-11-15,"BEX",14.1392083333333,10.0962139183416,3.77866963968546,16.2278763227184,TRUE,2.8040211007061,12.449206683033,0.9335
2024-11-15,"SEND",10.9217916666667,9.45309051603827,3.42584189565674,15.5267903535429,TRUE,0.89182662938704,12.1009484578862,0.744
2024-11-15,"HUL2",16.1902083333333,8.91098576166434,2.07741152470422,15.1875428378672,FALSE,5.78980359662437,53.2167511318087,0.98325
2024-11-15,"PEMB",8.63995833333333,6.29051090373811,0.0970656980636416,12.0671634351801,TRUE,1.44943948024722,11.9700977371165,0.848
2024-11-15,"WFEN",10.89325,9.05231844974446,2.45959837825214,15.400072385917,TRUE,1.12766972827206,12.9404740076648,0.7895
2024-11-15,"OSY",9.25125,8.41238202089742,2.03124105564553,14.3815710608718,TRUE,0.676408732148464,12.3503300052262,0.65925
2024-11-15,"ACTH",0.8225,4.69630006051184,-1.44932355825397,11.0244386407169,TRUE,2.6611818402109,12.4737621989709,0.068
2024-11-15,"COPP",11.229375,9.79279274980906,2.86137287662581,16.0331340277318,TRUE,0.933000036992064,13.171761151106,0.748
2024-11-16,"EB",8.97608333333333,8.73580705022492,2.27142560796122,14.9640576448393,TRUE,0.561182654961812,12.692632036878,0.5445
2024-11-16,"IMGM",5.97679166666667,9.41280423225503,3.17457638539388,15.7693960771576,TRUE,2.20770473021854,12.5948196917637,0.09575
2024-11-16,"PRES",5.14441666666667,8.41604239822807,1.88698628588888,14.5558810996373,TRUE,2.18675696764986,12.6688948137484,0.0935
2024-11-16,"BIRR",7.55108333333333,10.8878698991115,4.6101868295289,17.4246838121627,TRUE,2.16886941983809,12.8144969826338,0.09775
2024-11-16,"BLC2",5.72029166666667,7.5529337062831,1.43883572668707,14.0420806474832,TRUE,1.11672310360998,12.6032449207962,0.20925
2024-11-16,"BOTR",5.551375,9.93687420350934,3.77689723732409,15.905052736519,TRUE,3.11334539288911,12.1281554991949,0.055
2024-11-16,"GHSR",6.30116666666667,4.95914754008607,-0.957078732820163,11.3463232040755,TRUE,0.863512716481046,12.3034019368956,0.734
2024-11-16,"LEAM",9.59025,10.11232554198,3.83343421429921,16.2986721049095,TRUE,0.586284393775826,12.4652378906102,0.40325
2024-11-16,"NPT3",10.960125,10.2887954268214,4.06903634781106,16.7898463080069,TRUE,0.622113527315476,12.7208099601958,0.6095
2024-11-16,"REA1",11.569375,10.7489650903024,4.64623129802014,16.7370829667197,TRUE,0.655461087477009,12.0908516686996,0.63975
2024-11-16,"SOUT",10.3665833333333,9.49498771744773,3.31223170684967,15.9890780833762,TRUE,0.688663510931679,12.6768463765265,0.66
2024-11-16,"WREX",3.429625,9.32051112673319,3.58571718533239,15.5696090062678,FALSE,4.51883316173394,18.2275792342309,0.02375
2024-11-16,"LEAR",9.032125,9.69404454817053,3.92763527898633,15.8428520697485,TRUE,0.620327379429566,11.9152167907622,0.38525
2024-11-16,"PLYM",10.3244166666667,9.61918507428337,3.41904944491325,16.108467775481,TRUE,0.639471817733516,12.6894183305678,0.62175
2024-11-16,"SHDG",4.33470833333333,9.13705153417824,2.98289066369816,15.8165468258391,TRUE,3.54940135938856,12.8336561621409,0.04125
2024-11-16,"SHE",3.83558333333333,8.923659187779,2.77468015160917,14.6517839739035,TRUE,3.72438755220658,11.8771038222943,0.03825
2024-11-16,"BEL2",7.3105,6.38098579991533,0.162568675080617,12.8710998282834,TRUE,0.695908017670721,12.7085311532027,0.6545
2024-11-16,"GLKP",5.22108333333333,4.74179876011053,-1.60898508678821,10.7043271866848,TRUE,0.593879800085895,12.313312273473,0.5915
2024-11-16,"LECU",6.997875,9.67468727280013,3.03139973049343,16.3940463855132,TRUE,1.71546582307645,13.3626466550198,0.13275
2024-11-16,"SUN2",4.04083333333333,5.40466808961556,-1.18356615551503,11.6411708893919,TRUE,0.863739542741476,12.824737044907,0.27375
2024-11-16,"TRAN",4.41825,7.24231372727822,1.12245824761562,13.3798322582609,TRUE,1.77171068906568,12.2573740106452,0.1255
2024-11-16,"STOK",5.19566666666667,10.3803828402048,3.70934231734428,16.5399112068601,TRUE,3.80833432663282,12.8305688895159,0.04175
2024-11-16,"BEX",12.9914166666667,10.4915460516286,4.10079573692904,16.8050510140389,TRUE,1.57562011229935,12.7042552771099,0.8555
2024-11-16,"SEND",12.8046666666667,9.05646975038706,2.45359407999283,15.3966657967878,TRUE,2.49250382220086,12.9430717167949,0.9205
2024-11-16,"HUL2",6.53795833333333,11.2803453910995,4.87616351610304,17.3705040372499,TRUE,3.42018143002142,12.4943405211469,0.05
2024-11-16,"PEMB",3.867,7.85010588167045,1.38737328158539,14.0207920214314,TRUE,2.71982718508754,12.633418739846,0.064
2024-11-16,"WFEN",9.10283333333333,9.01452336833911,3.08414157235831,15.782082418468,TRUE,0.555976559749207,12.6979408461097,0.51675
2024-11-16,"OSY",12.1158333333333,8.26339965633776,1.81139093485078,14.6041820337568,TRUE,2.60010088888608,12.7927910989061,0.927
2024-11-16,"ACTH",3.79325,4.37043883268963,-1.79120831328793,10.5965451826885,TRUE,0.592997567869246,12.3877534959765,0.39675
2024-11-16,"COPP",4.99504166666667,9.20049709246643,2.34817960219226,15.3670984842074,TRUE,2.91171372501148,13.0189188820152,0.067
2024-11-17,"EB",3.2725,7.0039330780161,0.80103218770392,13.6350025538614,TRUE,2.5794738753962,12.8339703661575,0.07525
2024-11-17,"IMGM",3.530875,5.76782131416208,-0.745723295150875,11.7321933786493,TRUE,1.36926169470447,12.4779166738001,0.1695
2024-11-17,"PRES",4.04295833333333,5.34027609144829,-1.1897237273334,11.6242311201167,TRUE,0.848959583692146,12.8139548474501,0.27575
2024-11-17,"BIRR",4.03491666666667,6.54625086974932,0.271178595599326,12.7254564670053,TRUE,1.53350865986588,12.4542778714059,0.14425
2024-11-17,"BLC2",3.220375,5.52037358235066,-0.814716485541304,11.5990996051469,TRUE,1.4107284040441,12.4138160906882,0.169
2024-11-17,"BOTR",3.779625,5.62052236677707,-0.516300026858721,11.8336816489125,TRUE,1.10208638079724,12.3499816757712,0.218
2024-11-17,"GHSR",5.0305,5.59843315927029,-0.420117286499051,12.2019792593708,TRUE,0.632394678376464,12.6220965458698,0.379
2024-11-17,"LEAM",4.00458333333333,7.3793960875942,1.09147630366443,13.5548602946243,TRUE,2.2348612379969,12.4633839909599,0.09
2024-11-17,"NPT3",4.329875,7.98166883916635,1.72684687804776,14.831468071383,TRUE,2.4579255797254,13.1046211933353,0.08025
2024-11-17,"REA1",4.07241666666667,8.27609076743986,1.88329972069259,14.2226668930278,TRUE,2.88261435331963,12.3393671723352,0.0665
2024-11-17,"SOUT",3.75008333333333,7.66240225814312,1.05665384495099,13.6513936626618,TRUE,2.64945667646568,12.5947398177108,0.07225
2024-11-17,"WREX",3.68420833333333,4.65947358924594,-1.44197559356167,11.0010626187931,TRUE,0.738783632277862,12.4430382123548,0.32475
2024-11-17,"LEAR",4.61979166666667,7.11064098682776,0.965471526011726,13.3148661378283,TRUE,1.51247712927063,12.3493946118166,0.153
2024-11-17,"PLYM",5.012875,7.66369157985704,1.19466992179996,13.6863577943785,TRUE,1.61931800282935,12.4916878725785,0.14175
2024-11-17,"SHDG",2.47933333333333,5.03623018965975,-1.22177497471076,11.6114055213048,TRUE,1.62252935838968,12.8331804960155,0.14475
2024-11-17,"SHE",2.949125,4.80535901888917,-1.43816916701209,11.0565249083342,TRUE,1.15721731873279,12.4946940753463,0.2025
2024-11-17,"BEL2",3.89041666666667,6.13829969956423,-0.388883144308222,12.0843275916365,TRUE,1.37145572138619,12.4732107359448,0.16825
2024-11-17,"GLKP",4.54804166666667,5.11865697007561,-0.776667027238518,11.4175334122299,TRUE,0.582267645892878,12.1942004394685,0.39425
2024-11-17,"LECU",3.85129166666667,6.22761548884049,0.120945524783687,12.3488377990993,TRUE,1.50172674784037,12.2278922743156,0.156
2024-11-17,"SUN2",3.6665,4.64529560052873,-2.01384017483016,11.050140780601,TRUE,0.731842987204719,13.0639809554311,0.33075
2024-11-17,"TRAN",4.96166666666667,4.9310912674712,-1.42605163618707,11.1419806933375,TRUE,0.552104842299455,12.5680323295246,0.5145
2024-11-17,"STOK",5.24575,5.4946192004123,-0.633151111703824,12.1053046282161,TRUE,0.56713819655248,12.73845573992,0.4565
2024-11-17,"BEX",4.316125,8.86502503865654,2.51307133261919,15.214005377197,TRUE,3.18978285374254,12.7009340445778,0.053
2024-11-17,"SEND",4.15,8.68489155293925,2.43483742693466,14.8838829667439,TRUE,3.19545377487847,12.4490455398092,0.05275
2024-11-17,"HUL2",3.69783333333333,6.14050798198839,-0.477607176866421,12.3474207130691,TRUE,1.49612287064431,12.8250278899355,0.16175
2024-11-17,"PEMB",3.36283333333333,4.75325084891978,-1.53175322348056,10.8720906734871,TRUE,0.887547657217247,12.4038438969677,0.26625
2024-11-17,"WFEN",3.67345833333333,7.08480374623746,0.510218094571238,13.3260877166692,TRUE,2.18826533563772,12.815869622098,0.1005
2024-11-17,"OSY",3.64875,8.33567324189922,1.88979152307526,14.4954361901061,TRUE,3.34973638934214,12.6056446670308,0.05375
2024-11-17,"ACTH",2.272,4.47973726046688,-1.56488422124973,10.5478345589366,TRUE,1.38356683051806,12.1127187801863,0.16425
2024-11-17,"COPP",5.05991666666667,5.3206130343516,-0.517080493718075,11.1770985004836,TRUE,0.554533909500044,11.6941789942017,0.44175
2024-11-18,"EB",2.56595833333333,3.79172185025859,-2.55836218720537,10.3629350394752,TRUE,0.822715921229325,12.9212972266806,0.292
2024-11-18,"IMGM",6.671625,3.81062667234231,-2.73247019678414,10.3024701806653,TRUE,1.82006599468038,13.0349403774494,0.87075
2024-11-18,"PRES",8.60947826086957,4.00611816249796,-2.75852750570099,10.6342944463427,TRUE,3.21532121153508,13.3928219520437,0.9465
2024-11-18,"BIRR",7.87145833333333,4.07703902757368,-2.31846615682735,10.5470272601795,TRUE,2.58980195774406,12.8654934170069,0.92175
2024-11-18,"BLC2",5.84908695652174,3.66856060823156,-2.69312465274141,10.1788137536594,TRUE,1.31945470407587,12.8719384064008,0.8185
2024-11-18,"BOTR",6.32179166666667,3.90493709872087,-2.45329345780184,9.86113454096711,TRUE,1.48039387524949,12.314427998769,0.84775
2024-11-18,"GHSR",7.52266666666667,4.46849723393367,-2.18597031863391,10.7722570884593,TRUE,1.98472052953478,12.9582274070932,0.8895
2024-11-18,"LEAM",7.59833333333333,4.12696964898737,-2.25821850418033,10.2016498510903,TRUE,2.27873127989864,12.4598683552707,0.9075
2024-11-18,"NPT3",3.32254166666667,4.30984242183652,-1.91471901591853,10.6068774516895,TRUE,0.722017075494824,12.521596467608,0.3195
2024-11-18,"REA1",3.90133333333333,4.21745262074216,-2.02804188970516,10.3043310064948,TRUE,0.568829167647412,12.3323728961999,0.43725
2024-11-18,"SOUT",2.68079166666667,4.04102273970668,-2.058272125185,10.403634632101,TRUE,0.892414994145443,12.461906757286,0.2625
2024-11-18,"WREX",5.201625,3.79812920131943,-2.94757590214351,9.98895605493604,TRUE,0.87245562657969,12.9365319570796,0.72625
2024-11-18,"LEAR",7.31133333333333,4.37548913361043,-1.96106950463177,10.8283733178902,TRUE,1.87355245026715,12.789442822522,0.88175
2024-11-18,"PLYM",3.98783333333333,4.58524989770474,-1.84352518550966,10.824621632457,TRUE,0.615417542394151,12.6681468179667,0.38875
2024-11-18,"SHDG",5.76941666666667,3.30559674013403,-3.05720111450145,9.71602841829591,TRUE,1.49084986556343,12.7732295327974,0.8495
2024-11-18,"SHE",5.49133333333333,3.49311950175784,-2.70298167665037,9.39708196987224,TRUE,1.21316784772926,12.1000636465226,0.8105
2024-11-18,"BEL2",4.60108333333333,4.00717758612396,-1.91885283731451,10.132410776067,TRUE,0.59982763435623,12.0512636133815,0.61575
2024-11-18,"GLKP",7.50208333333333,4.22668592853737,-1.94884055677553,10.2646192304756,TRUE,2.1184425054507,12.2134597872511,0.90175
2024-11-18,"LECU",6.17433333333333,3.98061157728252,-2.5837888017974,10.1925225965462,TRUE,1.36969757089175,12.7763113983436,0.83075
2024-11-18,"SUN2",7.446,3.80937281228537,-2.7690732661984,10.0042298025925,TRUE,2.44685443896264,12.7733030687909,0.9195
2024-11-18,"TRAN",6.15279166666667,4.38055625110292,-1.83341952468784,11.0014160915366,TRUE,1.10149894510813,12.8348356162245,0.78575
2024-11-18,"STOK",8.19970833333333,4.52731279781679,-2.17079819143361,11.1137439834947,TRUE,2.47381095735158,13.2845421749283,0.91675
2024-11-18,"BEX",5.574,4.36669367179855,-1.25337872970292,10.8223590156809,TRUE,0.767104000362534,12.0757377453838,0.69225
2024-11-18,"SEND",4.613875,4.28915424765434,-1.90243267787338,10.6633403213508,TRUE,0.566384269222888,12.5657729992242,0.553
2024-11-18,"HUL2",7.93054166666667,3.90010006978113,-2.67160642107554,10.1679184018949,TRUE,2.82042360619017,12.8395248229705,0.93375
2024-11-18,"PEMB",1.64604166666667,3.67281416564035,-2.39688060178275,10.1639268676019,TRUE,1.28582123178221,12.5608074693846,0.179
2024-11-18,"WFEN",7.48625,3.96885541212527,-2.17730608157774,10.3372680156011,TRUE,2.27853129476688,12.5145740971789,0.90825
2024-11-18,"OSY",5.40391666666667,4.05131919594388,-2.18693446225644,10.1185874154359,TRUE,0.837051559615587,12.3055218776923,0.726
2024-11-18,"ACTH",2.50691666666667,3.19929041928304,-2.83931299932194,9.36146808538795,TRUE,0.624913254963901,12.2007810847099,0.38575
2024-11-18,"COPP",8.35308333333333,4.44083039757481,-1.69085264653506,10.9961520620307,TRUE,2.61051356385222,12.6870047085658,0.92175
2024-11-19,"EB",3.117125,4.48254455167036,-1.71746428791492,10.5521145672834,TRUE,0.857180998154395,12.2695788551983,0.27675
2024-11-19,"IMGM",3.587875,6.26419444336341,-0.14596879245664,12.4089162308198,TRUE,1.67003992202668,12.5548850232765,0.13825
2024-11-19,"PRES",6.31095833333333,7.11718365606803,0.931215800696988,13.4038882808941,TRUE,0.667174171068984,12.4726724801971,0.35525
2024-11-19,"BIRR",6.997875,6.79810776659299,0.290629874308269,13.0680933645903,TRUE,0.555727655178086,12.777463490282,0.53475
2024-11-19,"BLC2",2.9815,5.89925682515428,-0.170727691472701,12.447318178362,TRUE,1.85687961823895,12.6180458698347,0.11375
2024-11-19,"BOTR",5.91008333333333,6.12075452656405,0.18965384887715,12.3125727971332,TRUE,0.559868522760921,12.122918948256,0.4685
2024-11-19,"GHSR",6.30116666666667,6.67820397008707,0.339551851406476,12.9152682625538,TRUE,0.560847842834093,12.5757164111473,0.43625
2024-11-19,"LEAM",6.15866666666667,6.67917910440969,0.418691721141258,13.2194009470546,TRUE,0.597528676194782,12.8007092259133,0.4185
2024-11-19,"NPT3",3.03466666666667,4.8420768985853,-1.47860820905554,11.5706960977041,TRUE,1.09300402558165,13.0493043067597,0.215
2024-11-19,"REA1",5.17429166666667,5.08415845994805,-1.19134257382578,11.2582363789309,TRUE,0.541806848048826,12.4495789527566,0.521
2024-11-19,"SOUT",4.372,4.54691603014181,-1.77382069357311,11.3270525143971,TRUE,0.56597331482806,13.1008732079702,0.46675
2024-11-19,"WREX",5.738125,5.63388891289228,-0.616853500955516,12.0473594544546,TRUE,0.544037980606783,12.6642129554101,0.52525
2024-11-19,"LEAR",5.46395833333333,6.57421137940561,0.562787220776532,12.4446166417136,TRUE,0.755092906494283,11.8818294209371,0.30375
2024-11-19,"PLYM",4.87820833333333,5.15059822967036,-1.35722768663902,11.4560322846336,TRUE,0.550705155587822,12.8132599712726,0.4545
2024-11-19,"SHDG",6.49666666666667,5.84193188436857,-0.679422871773549,12.0226346997159,TRUE,0.60930010912616,12.7020575714894,0.606
2024-11-19,"SHE",6.46033333333333,5.73632107107238,-0.197408025130694,12.0921567531447,TRUE,0.608081801031622,12.2895647782754,0.61975
2024-11-19,"BEL2",6.116375,5.38082703174693,-1.41416787637436,11.3898866906937,TRUE,0.6418152319225,12.8040545670681,0.6255
2024-11-19,"GLKP",5.03841666666667,6.65439813997665,0.308591184727594,13.2826745811539,TRUE,1.00369271841074,12.9740833964263,0.235
2024-11-19,"LECU",5.918875,6.05926734818064,-0.223912066791197,12.1516707982209,TRUE,0.541998961300542,12.3755828650121,0.47925
2024-11-19,"SUN2",5.06091666666667,6.60291971375107,0.184000337863104,12.7755424138245,TRUE,0.970307851822603,12.5915420759614,0.239
2024-11-19,"TRAN",4.24241666666667,6.08428518813868,-0.222186591565595,11.7049969430753,TRUE,1.10022192872408,11.9271835346409,0.21275
2024-11-19,"STOK",6.97720833333333,6.97734225329631,0.715878617398697,13.4151647269071,TRUE,0.545331993786144,12.6992861095084,0.499
2024-11-19,"BEX",3.96220833333333,5.81429008535042,-0.490599357486862,12.1109087270243,TRUE,1.13227145093295,12.6015080845111,0.20675
2024-11-19,"SEND",2.908875,5.39437732004746,-1.11780529724039,11.3104426117941,TRUE,1.53670997804965,12.4282479090345,0.14825
2024-11-19,"HUL2",4.42116666666667,6.8132120604587,0.169311952189577,12.8715929570072,TRUE,1.48045462501344,12.7022810048176,0.1505
2024-11-19,"PEMB",1.85013043478261,4.08792957482985,-2.22099148367489,10.6744071928196,TRUE,1.37188427213932,12.8953986764945,0.178
2024-11-19,"WFEN",3.26566666666667,6.62052295686674,0.587318706390297,13.1092609735001,TRUE,2.24685701122579,12.5219422671098,0.09225
2024-11-19,"OSY",2.236625,5.72018356385472,-0.596403660639558,12.0581400144399,TRUE,2.38749672367437,12.6545436750795,0.08
2024-11-19,"ACTH",2.20716666666667,4.42611087392028,-1.75872897735559,10.565341200524,TRUE,1.33375574121525,12.3240701778796,0.17325
2024-11-19,"COPP",5.573875,7.03785633261333,0.784858064151362,13.3106394865581,TRUE,0.932751814734981,12.5257814224068,0.26
2024-11-20,"EB",3.682125,4.04046079964002,-2.7256708179004,10.1647197910152,TRUE,0.581034540357619,12.8903906089156,0.439
2024-11-20,"IMGM",3.93370833333333,4.37074091243265,-1.61664008620482,10.23982509874,TRUE,0.571718810145426,11.8564651849448,0.413
2024-11-20,"PRES",7.54625,5.60702579424536,-0.692857611974417,12.2857376969368,TRUE,1.20771874968006,12.9785953089112,0.81
2024-11-20,"BIRR",4.84570833333333,5.8809626278104,-0.657222089119172,12.1407417305278,TRUE,0.717531155366734,12.797963819647,0.326
2024-11-20,"BLC2",1.92216666666667,4.0833583957912,-1.92438377221177,10.6843824535612,TRUE,1.30435527405353,12.6087662257729,0.174
2024-11-20,"BOTR",4.913625,5.3631293476996,-0.875359288374245,11.986232438378,TRUE,0.568305963681625,12.8615917267523,0.4285
2024-11-20,"GHSR",3.74216666666667,5.56920023193661,-0.492832880165611,11.9086036357308,TRUE,1.13809118524877,12.4014365158965,0.2045
2024-11-20,"LEAM",4.73566666666667,5.50997871969504,-0.445407624262412,11.6811456672336,TRUE,0.649262366529336,12.126553291496,0.36225
2024-11-20,"NPT3",5.158875,4.02822600688236,-2.39180740932828,10.4921765790079,TRUE,0.802840623056288,12.8839839883362,0.704
2024-11-20,"REA1",3.8895,4.97044343656775,-1.26730449827769,11.5516016949902,TRUE,0.77605279801995,12.8189061932679,0.30275
2024-11-20,"SOUT",4.83295833333333,4.58612111365383,-1.35794743454126,10.8092276413941,TRUE,0.542595682975538,12.1671750759354,0.54675
2024-11-20,"WREX",2.83916666666667,5.25421612063206,-0.95401968801148,11.8706585012506,TRUE,1.48342132176089,12.8246781892621,0.15925
2024-11-20,"LEAR",4.74,5.20099043550055,-1.16040115415822,11.9021291037412,TRUE,0.591862253361945,13.0625302578994,0.40975
2024-11-20,"PLYM",6.81008333333333,4.84520824319646,-1.58665320548647,10.7333400627463,TRUE,1.24090986646924,12.3199932682327,0.81575
2024-11-20,"SHDG",3.15254166666667,5.59946047176119,-0.540625879942817,11.7258534648844,TRUE,1.51883991137392,12.2664793448272,0.151
2024-11-20,"SHE",3.5515,5.57516822532808,-0.66357602696681,11.7059898822408,TRUE,1.24895092371111,12.3695659092076,0.19225
2024-11-20,"BEL2",5.26829166666667,5.39905755515251,-1.35011516190753,11.7466003443025,TRUE,0.542416866279508,13.09671550621,0.472
2024-11-20,"GLKP",2.72204166666667,5.02305134571379,-1.18222108727639,11.2941178223721,TRUE,1.405229675518,12.4763389096485,0.164
2024-11-20,"LECU",5.00291666666667,5.36236914693844,-0.912561038199753,11.4734850531762,TRUE,0.548587337698908,12.386046091376,0.4355
2024-11-20,"SUN2",2.8145,5.03103777959202,-1.08906215713053,12.2072564903194,TRUE,1.33041995665929,13.2963186474499,0.18125
2024-11-20,"TRAN",2.850875,4.63746712501612,-1.8846309111209,10.933208346635,TRUE,1.07747750122624,12.8178392577559,0.21725
2024-11-20,"STOK",4.94204166666667,5.88218141826646,-0.220660754719891,12.3437619284693,TRUE,0.724266639077795,12.5644226831892,0.31975
2024-11-20,"BEX",4.8625,4.49852448965492,-1.56427878545312,10.948710313163,TRUE,0.574537335677775,12.5129890986161,0.57525
2024-11-20,"SEND",4.44770833333333,4.0138012509973,-2.32559136426877,10.2474542000514,TRUE,0.575489636340115,12.5730455643202,0.57975
2024-11-20,"HUL2",5.215125,4.76964159685141,-1.75276096505699,11.1108631882223,TRUE,0.575266623742342,12.8636241532793,0.58825
2024-11-20,"PEMB",2.37225,3.46467804833013,-2.54327244093004,10.1029092531374,TRUE,0.783452961467033,12.6461816940675,0.304
2024-11-20,"WFEN",3.76958333333333,4.25672742797521,-2.23351243439126,10.7267768597433,TRUE,0.590163961207123,12.9602892941345,0.41375
2024-11-20,"OSY",2.84879166666667,3.74780856733694,-1.93365525096772,10.2550702646701,TRUE,0.68498590190376,12.1887255156379,0.341
2024-11-20,"ACTH",1.6795,3.64553037828985,-3.01710617918281,10.0447928450574,TRUE,1.1854059232657,13.0618990242402,0.2005
2024-11-20,"COPP",4.50475,5.28067741939613,-0.554976409978607,11.6174569466702,TRUE,0.652560584859301,12.1724333566488,0.37075
2024-11-21,"EB",4.71891666666667,4.23729176440655,-2.24023036651819,10.6148089484436,TRUE,0.595986621271158,12.8550393149618,0.59475
2024-11-21,"IMGM",5.34691666666667,4.36052851052261,-2.18458526031382,10.7171642000173,TRUE,0.703089170078976,12.9017494603311,0.671
2024-11-21,"PRES",5.969125,6.00533567914148,-0.348549450052514,12.1816695322649,TRUE,0.551113998115666,12.5302189823174,0.49725
2024-11-21,"BIRR",12.3162916666667,4.85992578346667,-1.35995881209227,11.2620162191437,FALSE,5.89635824508203,54.7929929321561,0.98475
2024-11-21,"BLC2",5.45108333333333,3.47279089268908,-3.12092518441228,9.67220353163314,TRUE,1.18289070718074,12.7931287160454,0.79225
2024-11-21,"BOTR",6.41308333333333,4.85564020909894,-1.36674748127812,10.5035004601675,TRUE,0.97208049992333,11.8702479414456,0.76475
2024-11-21,"GHSR",2.71325,4.36165509893006,-2.03453370077794,10.3383601329084,TRUE,1.025796500494,12.3728938336864,0.22525
2024-11-21,"LEAM",8.26654166666667,4.78644576833125,-1.45007490861801,11.5927110975865,TRUE,2.24414384368377,13.0427860062045,0.903
2024-11-21,"NPT3",6.19404166666667,4.87270420796808,-1.08554123620021,11.0522106161566,TRUE,0.856393424650913,12.1377518523568,0.7215
2024-11-21,"REA1",5.91495833333333,4.39046967051668,-1.70169790525317,10.3352309852893,TRUE,0.972168890517089,12.0369288905425,0.7625
2024-11-21,"SOUT",5.86666666666667,4.77324667310096,-1.13346085324586,10.8371990468744,TRUE,0.745320888607642,11.9706599001203,0.68525
2024-11-21,"WREX",3.649875,3.95415105197751,-2.3891121149293,10.2669029289759,TRUE,0.546610552596993,12.6560150439052,0.45225
2024-11-21,"LEAR",7.37133333333333,4.76684295599127,-1.50987113507674,10.8700518134964,TRUE,1.60184589626168,12.3799229485732,0.85925
2024-11-21,"PLYM",4.57654166666667,5.64301981257385,-0.869855206397258,11.7987638685837,TRUE,0.737177245528759,12.6686190749809,0.323
2024-11-21,"SHDG",4.29445833333333,4.11297824160997,-2.42796183425759,10.2907389407296,TRUE,0.546309671883735,12.7187007749872,0.5365
2024-11-21,"SHE",5.31445833333333,4.28420656318878,-1.47608074548529,10.6516600832113,TRUE,0.730609372426593,12.1277408286966,0.68025
2024-11-21,"BEL2",5.49245833333333,5.01523439429341,-1.12987626146519,11.2523683257133,TRUE,0.587136511187494,12.3822445871785,0.58
2024-11-21,"GLKP",2.04591666666667,3.8819232357977,-2.28238472897125,10.1330903757643,TRUE,1.09399432468076,12.4154751047356,0.21575
2024-11-21,"LECU",7.708375,4.89448630342426,-1.33510117369466,11.5518395637632,TRUE,1.7674906675202,12.8869407374579,0.87975
2024-11-21,"SUN2",2.078375,3.92256109377641,-2.38913730339929,10.5809718552793,TRUE,1.12687275401642,12.9701091586786,0.2145
2024-11-21,"TRAN",4.71208333333333,3.91297374977317,-2.43102735514575,10.622841224122,TRUE,0.672660646007583,13.0538685792678,0.62525
2024-11-21,"STOK",6.660875,4.9009032873453,-1.06423962122821,11.2046722348413,TRUE,1.0863618946013,12.2689118560696,0.78425
2024-11-21,"BEX",7.40170833333333,4.77334129858432,-1.43243718278011,10.9123943777336,TRUE,1.6369670202344,12.3448315605137,0.866
2024-11-21,"SEND",7.66716666666667,4.56158913660329,-1.53822090755115,10.9264954937378,TRUE,2.02872956922727,12.4647164012889,0.8925
2024-11-21,"HUL2",6.64029166666667,4.93986390983661,-1.28800740186285,11.4520099429868,TRUE,1.07613532162671,12.7400173448497,0.7775
2024-11-21,"PEMB",2.55008333333333,3.63225563449975,-2.25956058013496,9.65870559535622,TRUE,0.746345263156765,11.9182661754912,0.304
2024-11-21,"WFEN",6.02,4.27966580487255,-1.9700023924772,10.4477411696302,TRUE,1.06764490146034,12.4177435621074,0.78075
2024-11-21,"OSY",5.52970833333333,3.85007069810922,-2.28150011241934,10.4679863723907,TRUE,0.994335112525245,12.74948648481,0.757
2024-11-21,"ACTH",1.10158333333333,3.34402180933059,-2.85065929874258,9.49543251120966,TRUE,1.39583928343703,12.3460918099522,0.1685
2024-11-21,"COPP",4.99504166666667,4.66861184104619,-1.15909610472251,11.0512328631347,TRUE,0.563945976178468,12.2103289678572,0.54975
2024-11-22,"EB",3.676375,5.28810002398736,-1.26406798737534,11.6052456121888,TRUE,0.993007968429579,12.8693135995642,0.232
2024-11-22,"IMGM",4.50570833333333,5.56717526421626,-0.69635771316436,12.3500554051794,TRUE,0.736336273350586,13.0464131183438,0.3185
2024-11-22,"PRES",5.89333333333333,5.94764244747605,-0.107821074383289,12.0510198473986,TRUE,0.532270661218119,12.1588409217819,0.4945
2024-11-22,"BIRR",4.59220833333333,8.60616247985093,1.94228155368813,14.9826574393957,TRUE,2.72563105267747,13.0403758857076,0.07075
2024-11-22,"BLC2",4.46245833333333,5.54999485675615,-0.292715791377874,11.9335228624522,TRUE,0.771912886474666,12.2262386538301,0.29675
2024-11-22,"BOTR",4.2395,6.0580543498859,0.0111678865513303,12.4759958923078,TRUE,1.16105069014358,12.4648280057565,0.202
2024-11-22,"GHSR",3.89254166666667,4.42350070362519,-1.7528346857435,10.6033197136402,TRUE,0.595447522377646,12.3561543993837,0.4015
2024-11-22,"LEAM",4.39270833333333,6.85325407336906,0.703589964557785,12.9419230671929,TRUE,1.51714383159169,12.2383331026351,0.14675
2024-11-22,"NPT3",10.1985416666667,5.97100871897934,-0.679623893576643,12.70312096144,TRUE,2.94906437931972,13.3827448550167,0.94075
2024-11-22,"REA1",5.406,5.81120477157967,-0.769752784583491,12.0535294958372,TRUE,0.580669257291417,12.8232822804207,0.425
2024-11-22,"SOUT",7.35545833333333,5.8195067847901,-0.374891528942333,12.2425908841716,TRUE,0.965137394848806,12.6174824131139,0.75725
2024-11-22,"WREX",4.065625,4.80021258463532,-1.68506858764497,11.0694564692616,TRUE,0.649092241182935,12.7545250569066,0.368
2024-11-22,"LEAR",4.68554166666667,6.4666547542963,0.528758806559822,12.252828816477,TRUE,1.05982646584994,11.7240700099171,0.21425
2024-11-22,"PLYM",7.18554166666667,5.32328497054166,-1.38241136552271,11.4731911812576,TRUE,1.14184412078453,12.8556025467803,0.805
2024-11-22,"SHDG",4.303375,5.08836198983109,-1.40127229484048,11.3363564547153,TRUE,0.66077951133075,12.7376287495558,0.35575
2024-11-22,"SHE",4.23745833333333,5.5413383193168,-0.933841417736081,11.9079170627978,TRUE,0.865479473487386,12.8417584805338,0.274
2024-11-22,"BEL2",7.104,5.67130444404533,-0.296060847391891,11.8918145439434,TRUE,0.908830579091304,12.1878753913353,0.735
2024-11-22,"GLKP",3.05620833333333,4.10367615505431,-2.50880777195302,10.1558674643747,TRUE,0.736598873022528,12.6646752363277,0.32725
2024-11-22,"LECU",4.31804166666667,6.62038526742906,-0.0626080288134807,12.9777888423255,TRUE,1.3978731011682,13.040396871139,0.15875
2024-11-22,"SUN2",5.67525,4.12055634621286,-2.26693947148764,10.5564220280733,TRUE,0.95404731384512,12.8233614995609,0.746
2024-11-22,"TRAN",4.880125,5.25945239402387,-1.18888134570043,11.1709237935028,TRUE,0.559433270069896,12.3598051392032,0.44525
2024-11-22,"STOK",4.29633333333333,6.16597967148948,-0.612281373671104,12.1230454619131,TRUE,1.14829056085475,12.7353268355842,0.20875
2024-11-22,"BEX",5.68791666666667,6.48356358602282,-0.261701958705486,12.7179751733554,TRUE,0.637218677467613,12.9796771320609,0.37275
2024-11-22,"SEND",4.852625,6.58542051351761,0.768793132503709,12.4191465372813,TRUE,1.06609709744302,11.6503534047776,0.22025
2024-11-22,"HUL2",5.3685,6.16552914991856,-0.0378540369775312,12.1671842277854,TRUE,0.660259496271135,12.2050382647629,0.357
2024-11-22,"PEMB",3.95429166666667,4.31066523518191,-2.24216581614171,10.7229506118016,TRUE,0.567974782006653,12.9651164279433,0.43475
2024-11-22,"WFEN",3.42670833333333,5.85287629068232,-0.194557763789472,12.1311157287829,TRUE,1.47843538265537,12.3256734925723,0.149
2024-11-22,"OSY",3.58381818181818,5.61260498162002,-0.452004845335208,11.5164370631229,TRUE,1.23749684135165,11.9684419084581,0.1935
2024-11-22,"ACTH",1.38570833333333,3.66349365018841,-2.64242731797132,10.0466833602159,TRUE,1.35348584081412,12.6891106781873,0.17375
2024-11-22,"COPP",4.31808333333333,5.43281602189303,-1.21647429643741,11.5442737852935,TRUE,0.759928371339281,12.7607480817309,0.30075
2024-11-23,"EB",7.41758333333333,4.42251283627749,-1.30511135608575,10.4521573239052,TRUE,1.89760152655113,11.757268679991,0.88825
2024-11-23,"IMGM",3.779125,4.8002006064417,-0.700135791962533,11.545636742338,TRUE,0.720205831699228,12.2457725343006,0.3135
2024-11-23,"PRES",3.53583333333333,5.41889338457361,-1.53234704821733,11.6012558011453,TRUE,1.16872643714731,13.1336028493626,0.20175
2024-11-23,"BIRR",3.84833333333333,5.05300628438768,-1.18227238055417,11.3271531536012,TRUE,0.804859475907253,12.5094255341554,0.29225
2024-11-23,"BLC2",4.57058333333333,4.78473644903172,-1.65488460213806,10.8963328925744,TRUE,0.542905960331391,12.5512174947124,0.46525
2024-11-23,"BOTR",3.33525,4.7181549841201,-1.50493707608564,11.517462179461,TRUE,0.917076933990861,13.0223992555466,0.2615
2024-11-23,"GHSR",3.69208333333333,4.45389844610164,-1.91857899866146,11.4432164717055,TRUE,0.668752981329495,13.361795470367,0.35575
2024-11-23,"LEAM",3.277375,4.8416356590808,-1.41157111343573,10.8190985062978,TRUE,0.981797075791458,12.2306696197335,0.23975
2024-11-23,"NPT3",6.45829166666667,7.28571174119258,1.33066445954264,13.3459525609634,TRUE,0.657144968735462,12.0152881014207,0.3645
2024-11-23,"REA1",4.93125,5.20668920352805,-1.0010035793137,11.3785523085046,TRUE,0.571531509907606,12.3795558878183,0.43725
2024-11-23,"SOUT",7.70825,6.04736953457509,-0.905528136978414,12.3682957192629,TRUE,1.05324700466563,13.2738238562413,0.781
2024-11-23,"WREX",3.18195833333333,4.55762403617715,-1.26523584706606,11.1048092599085,TRUE,0.879337178791154,12.3700451069746,0.2595
2024-11-23,"LEAR",3.35595833333333,4.9404680437176,-1.14728847205615,10.7271256892039,TRUE,0.972336803811843,11.8744141612601,0.2435
2024-11-23,"PLYM",19.1442916666667,5.93408456194668,-0.153631354196534,12.842961099099,FALSE,11.5596471366809,265.049815156005,0.996
2024-11-23,"SHDG",3.75104166666667,4.68025826879051,-1.78909906710844,10.914775569552,TRUE,0.689168707968355,12.7038746366605,0.33525
2024-11-23,"SHE",4.110625,4.68331227405894,-1.81588715401635,10.7142586153485,TRUE,0.60780549101351,12.5301457693648,0.40525
2024-11-23,"BEL2",6.46525,5.92717108549587,-0.283135493084345,12.5905310196804,TRUE,0.602905420506485,12.8736665127648,0.60075
2024-11-23,"GLKP",3.58983333333333,4.07197077812302,-2.09954808794493,10.23884111095,TRUE,0.587805754358795,12.3383891988949,0.39475
2024-11-23,"LECU",2.72308333333333,4.79212533489454,-1.48046445912205,11.2183990363044,TRUE,1.25041147260371,12.6988634954265,0.183
2024-11-23,"SUN2",5.00491666666667,5.20440970031841,-0.974957007389639,11.3021417727197,TRUE,0.550909154247146,12.2770987801094,0.4715
2024-11-23,"TRAN",3.258625,4.9423260027491,-1.1454020529914,11.2948707034273,TRUE,1.03135727536594,12.4402727564187,0.2315
2024-11-23,"STOK",3.67533333333333,4.75036692927839,-1.80311600214119,10.918497262725,TRUE,0.746964499420774,12.7216132648662,0.31575
2024-11-23,"BEX",5.61316666666667,5.37443665858679,-0.966667454864322,11.2931210274413,TRUE,0.560207766410511,12.2597884823056,0.55275
2024-11-23,"SEND",5.10125,5.02179345601896,-1.98695662318025,11.0459424705534,TRUE,0.573780583220333,13.0328990937336,0.51325
2024-11-23,"HUL2",5.04029166666667,5.21291057486077,-0.839395953466333,11.5384316997379,TRUE,0.556389980681374,12.3778276532043,0.45625
2024-11-23,"PEMB",8.36179166666667,4.47553086275631,-1.99378063228674,10.8917647609476,TRUE,2.68020736355728,12.8855453932344,0.92625
2024-11-23,"WFEN",3.98966666666667,4.35487501981071,-1.68309653919101,10.9359331446485,TRUE,0.560244504332864,12.6190296838395,0.42275
2024-11-23,"OSY",6.15283333333333,4.40759114949106,-1.88200943347084,10.6926107466838,TRUE,1.06138699977175,12.5746201801546,0.78025
2024-11-23,"ACTH",1.90458333333333,3.32111743642808,-2.74267890128403,9.45365218911355,TRUE,0.894402030355349,12.1963310903976,0.267
2024-11-23,"COPP",2.99233333333333,4.70826875874422,-1.73084582930193,10.9588190184432,TRUE,1.04270848723561,12.6896648477451,0.2235
2024-11-24,"EB",9.05958333333333,6.16738326147159,0.252338754677142,12.7625702281593,TRUE,1.80311144993023,12.5102314734821,0.8745
2024-11-24,"IMGM",3.15354166666667,4.62119232349703,-1.45764927314752,10.674795920464,TRUE,0.943978527376208,12.1324451936115,0.2465
2024-11-24,"PRES",4.36525,4.55898370684452,-1.78221482722266,10.6529125130275,TRUE,0.548610283192364,12.4351273402502,0.47025
2024-11-24,"BIRR",4.06941666666667,4.65376446490459,-1.39723651597065,10.9835094668928,TRUE,0.611691849546784,12.3807459828635,0.38625
2024-11-24,"BLC2",6.98516666666667,4.9617682712326,-1.26460129439668,11.0909501720797,TRUE,1.26036733723806,12.3555514664764,0.8105
2024-11-24,"BOTR",3.08966666666667,4.42120766797457,-1.79098487039761,10.706341369965,TRUE,0.869316543983997,12.4973262403626,0.27175
2024-11-24,"GHSR",5.49820833333333,4.56463579376194,-1.59599146669934,10.7474227532295,TRUE,0.716100617826346,12.3434142199288,0.6795
2024-11-24,"LEAM",4.8575,4.40094143341936,-1.98536592625122,11.2553694990853,TRUE,0.582693538633099,13.2407354253365,0.5815
2024-11-24,"NPT3",6.70104166666667,5.954579011399,-0.466417518062292,12.2657072662489,TRUE,0.650627885179909,12.7321247843112,0.6425
2024-11-24,"REA1",10.8353333333333,5.14674435478074,-1.24789245717339,11.2864386152262,TRUE,4.33122812518352,12.5343310723996,0.971
2024-11-24,"SOUT",12.8920416666667,6.40668016967515,0.228151398084532,12.8168882631799,FALSE,5.07316923221303,15.5948730045669,0.975
2024-11-24,"WREX",4.134375,4.34961028280084,-1.49354054702078,10.5025683247747,TRUE,0.544250089197032,11.9961088717955,0.46225
2024-11-24,"LEAR",4.67083333333333,4.44394178632295,-1.83080141252375,10.7089643662515,TRUE,0.556736046072531,12.5397657787752,0.545
2024-11-24,"PLYM",18.1633333333333,11.341839492047,5.07837639301919,17.6353028255399,FALSE,5.3238845465494,33.6781467442568,0.97925
2024-11-24,"SHDG",1.872,4.60280569166461,-2.0837660686314,10.6497024940653,TRUE,1.67197024692735,12.7334685626967,0.1315
2024-11-24,"SHE",2.013625,4.75610938918911,-1.60604997671929,11.2326786875906,TRUE,1.69267870812827,12.8387286643099,0.1355
2024-11-24,"BEL2",5.54545833333333,5.86192654623183,-0.49983678725915,11.5443797299477,TRUE,0.570061914274401,12.0442165172068,0.45425
2024-11-24,"GLKP",5.2025,4.49461067911464,-1.83012609326944,11.0805860249513,TRUE,0.619651381383054,12.9107121182208,0.6255
2024-11-24,"LECU",4.08520833333333,4.15917731158431,-2.20520382843529,10.2741689942037,TRUE,0.549160660383841,12.479372822639,0.4855
2024-11-24,"SUN2",3.82870833333333,5.1868916815771,-1.59567134190714,11.5439742532917,TRUE,0.862960527318658,13.1396455951989,0.2665
2024-11-24,"TRAN",4.34066666666667,4.40790839183525,-1.56535489334089,10.445431720541,TRUE,0.523387644905976,12.0107866138819,0.49525
2024-11-24,"STOK",2.33983333333333,4.56988174298341,-1.6649370605378,11.1057143700218,TRUE,1.39108830536983,12.7706514305596,0.16825
2024-11-24,"BEX",10.0550833333333,5.45004945620385,-0.380015055300674,11.8755584903263,TRUE,3.22801122311107,12.255573545627,0.944
2024-11-24,"SEND",9.54895833333333,5.20307904463734,-0.923157739833284,11.4188004820004,TRUE,3.02413713262663,12.3419582218337,0.93825
2024-11-24,"HUL2",3.33929166666667,5.19269155299461,-1.32715933520519,11.3833074273405,TRUE,1.11184180981479,12.7104667625457,0.20775
2024-11-24,"PEMB",8.76279166666667,6.58387567328662,0.473603160353595,12.4383678313164,TRUE,1.32923828100805,11.9647646709628,0.82675
2024-11-24,"WFEN",8.99175,4.67879303833509,-1.79444217206033,11.3941415372366,TRUE,3.00416281388264,13.1885837092969,0.937
2024-11-24,"OSY",11.5222916666667,5.61814552314466,-0.704226153632364,11.9682947151027,TRUE,4.49836464784702,12.6725208687351,0.9705
2024-11-24,"ACTH",3.82179166666667,3.71493801516,-2.85998455343046,10.2729454996812,TRUE,0.548324663773957,13.1329300531117,0.518
2024-11-24,"COPP",2.79870833333333,4.27549558342634,-2.25274366231786,10.5069450189694,TRUE,0.93181102767848,12.7596886812872,0.249
2024-11-25,"EB",5.30954166666667,7.39753521313017,1.41530554295497,13.6963249075291,TRUE,1.26793754796101,12.2810193645741,0.18475
2024-11-25,"IMGM",4.09691666666667,4.73363158654306,-1.38010575485828,11.04424238045,TRUE,0.621553055270611,12.4243481353083,0.37775
2024-11-25,"PRES",5.72633333333333,5.24957338067378,-0.922421820477215,11.4510444841254,TRUE,0.597804088992899,12.3734663046026,0.587
2024-11-25,"BIRR",5.288875,5.13143230157388,-1.20906717662027,11.07556399122,TRUE,0.533813637457415,12.2846311678402,0.52775
2024-11-25,"BLC2",7.41458333333333,6.41337315208851,0.0867411244272284,12.9552408273894,TRUE,0.713942421372759,12.8684997029621,0.67525
2024-11-25,"BOTR",4.315125,4.69231628647635,-1.51143267399408,10.9636931358273,TRUE,0.557789220008257,12.4751258098214,0.421
2024-11-25,"GHSR",4.2285,5.74384552145187,-0.638286863010605,11.973683885993,TRUE,0.918668863817645,12.6119707490036,0.255
2024-11-25,"LEAM",4.8625,5.45423771380653,-0.63753402448432,11.3062454626922,TRUE,0.589721453784592,11.9437794871765,0.4125
2024-11-25,"NPT3",5.98275,6.34898296523529,0.277011071740695,12.8284754124341,TRUE,0.55838182589263,12.5514643406934,0.43275
2024-11-25,"REA1",5.95329166666667,8.08780815079696,2.04414487800822,14.3908027081815,TRUE,1.27700166708295,12.3466578301733,0.182
2024-11-25,"SOUT",6.68141666666667,9.06215630671172,2.44835726659,15.0154932541859,TRUE,1.43324740273276,12.5671359875959,0.16025
2024-11-25,"WREX",4.63145833333333,5.13889555092838,-1.06435167753515,11.1979781834665,TRUE,0.575210019854205,12.2623298610017,0.413
2024-11-25,"LEAR",4.60595833333333,5.3760262001971,-0.943038318663896,11.5800043992152,TRUE,0.673872343720038,12.5230427178791,0.34725
2024-11-25,"PLYM",8.88270833333333,11.6928845567673,5.20590758547866,18.1476726719884,TRUE,1.79844605634004,12.9417650865097,0.12525
2024-11-25,"SHDG",4.15191666666667,4.17913279161027,-2.16242337953332,10.3630762204213,TRUE,0.547287664876398,12.5254995999546,0.50575
2024-11-25,"SHE",4.49591666666667,4.25143075126971,-2.59669042596855,10.5339023112816,TRUE,0.563011989377964,13.1305927372502,0.55475
2024-11-25,"BEL2",4.81920833333333,5.84998183876587,-0.238918437754317,12.076218082181,TRUE,0.760062943862347,12.3151365199353,0.312
2024-11-25,"GLKP",3.87391666666667,5.61293768831677,-1.07551663474217,11.6368312039237,TRUE,1.09861981617443,12.7123478386659,0.21675
2024-11-25,"LECU",4.47129166666667,5.10347062451591,-1.11788027979519,11.5244793080274,TRUE,0.614523214381332,12.6423595878226,0.392
2024-11-25,"SUN2",4.83891666666667,5.06319773297271,-1.00988713195668,11.6115072348265,TRUE,0.549688753043148,12.6213943667831,0.47225
2024-11-25,"TRAN",3.93766666666667,5.23038422518051,-1.00306537746884,11.9739723817668,TRUE,0.871023843164805,12.9770377592357,0.27825
2024-11-25,"STOK",4.33183333333333,4.37889820462234,-1.98419287312934,10.5570455744473,TRUE,0.552704054746368,12.5412384475766,0.482
2024-11-25,"BEX",5.93941666666667,7.77181671185405,0.879141582706855,13.8112128350854,TRUE,1.12013423200679,12.9320712523785,0.2135
2024-11-25,"SEND",4.892875,7.53734449139329,1.22583784096494,14.0754460442232,TRUE,1.6555595318712,12.8496082032582,0.125
2024-11-25,"HUL2",5.40195833333333,4.85286145685262,-1.54063707426722,11.5599916360549,TRUE,0.611977032369733,13.1006287103221,0.5965
2024-11-25,"PEMB",5.14341666666667,7.298507502324,1.32700755614184,13.815554113257,TRUE,1.32306108410724,12.4885465571152,0.17225
2024-11-25,"WFEN",4.43404166666667,7.26226718467058,1.30549872044754,13.1887865277264,TRUE,1.72491914559305,11.8832878072789,0.1265
2024-11-25,"OSY",5.33116666666667,8.42233825228819,2.02670535775425,15.0459132186088,TRUE,2.03331415689456,13.0192078608546,0.1045
2024-11-25,"ACTH",2.45966666666667,4.96437218507135,-0.952668856641182,11.4032315693133,TRUE,1.59577960714188,12.3559004259545,0.13875
2024-11-25,"COPP",4.59904166666667,4.55602098125178,-1.7317514710567,10.6267963105328,TRUE,0.542780392392434,12.3585477815895,0.5055
2024-11-26,"EB",6.14983333333333,5.22361746274099,-0.504553373823342,11.4331888678388,TRUE,0.689505311255046,11.9377422416622,0.67025
2024-11-26,"IMGM",5.304625,4.51719143631362,-1.73599677540782,10.3385601026978,TRUE,0.669519541039034,12.0745568781057,0.6505
2024-11-26,"PRES",10.5945833333333,5.2585617254962,-0.766950451018978,11.3369201855935,TRUE,3.95587455060523,12.1038706366125,0.96525
2024-11-26,"BIRR",11.2687083333333,5.06043332524229,-1.59393385003877,11.5041380041073,TRUE,4.76051795604357,13.0980718541461,0.9735
2024-11-26,"BLC2",6.58808333333333,6.06887877411726,-0.0631233598423768,12.0909809482952,TRUE,0.587950496506255,12.1541043081376,0.59875
2024-11-26,"BOTR",8.75204166666667,4.60948372926494,-1.39311179495839,10.7994907877941,TRUE,2.85781213144709,12.1926025827525,0.94
2024-11-26,"GHSR",6.51833333333333,4.64651426720773,-1.66848228049718,10.9891342210741,TRUE,1.13308237133795,12.6576165015712,0.7865
2024-11-26,"LEAM",5.46391666666667,4.90059900399951,-1.70576281596221,11.3312419614637,TRUE,0.601336300625486,13.0370047774259,0.5975
2024-11-26,"NPT3",6.40041666666667,5.44153866847905,-0.921924177312924,11.5180239357376,TRUE,0.725366332101244,12.4399481130506,0.67225
2024-11-26,"REA1",7.15520833333333,5.55661180967818,-1.13382448713057,11.7948307486461,TRUE,1.00856981161072,12.9286552357767,0.76675
2024-11-26,"SOUT",6.9655,5.93474145061046,-0.517734803886257,11.8593238547803,TRUE,0.718726056467744,12.3770586586666,0.6645
2024-11-26,"WREX",6.56445833333333,4.77843491542655,-0.859279428880478,11.1068354476972,TRUE,1.09330147060678,11.9661148765777,0.78275
2024-11-26,"LEAR",5.05116666666667,4.78400182547254,-1.78164501959488,11.095777200544,TRUE,0.564109151640044,12.8774222201389,0.55775
2024-11-26,"PLYM",5.99058333333333,7.04865369382035,0.945845283227752,12.9144546197814,TRUE,0.739982212605524,11.9686093365536,0.32
2024-11-26,"SHDG",6.76983333333333,4.50133661358417,-2.26184576381051,11.3067722580465,TRUE,1.37225385055258,13.568618021857,0.83175
2024-11-26,"SHE",7.84,4.654323783414,-1.57705879557429,10.9898215422497,TRUE,2.07066987494552,12.566880337824,0.89775
2024-11-26,"BEL2",11.8642083333333,4.90316301794487,-1.06933995201786,11.4669651379086,FALSE,5.47235558389629,28.4260329069151,0.9795
2024-11-26,"GLKP",5.504125,4.48419203378053,-1.68831240534868,10.573729835245,TRUE,0.717364126422251,12.2620422405937,0.6725
2024-11-26,"LECU",6.16154166666667,4.70772248988078,-1.57038554560805,11.1210886940031,TRUE,0.952353816281104,12.6914742396112,0.74275
2024-11-26,"SUN2",5.562,4.8586089036445,-1.38017443683085,11.1507478268573,TRUE,0.637945634726017,12.5309222636881,0.6325
2024-11-26,"TRAN",6.88379166666667,4.4850912695454,-2.1230017175161,10.5306547725482,TRUE,1.51283698412889,12.6536564900643,0.85625
2024-11-26,"STOK",5.74395833333333,4.59352293781209,-1.9238966108376,10.995800866878,TRUE,0.781676279168194,12.9196974777156,0.702
2024-11-26,"BEX",7.90104166666667,5.52649866629082,-0.538151876970308,11.6918811809479,TRUE,1.46396471064483,12.2300330579182,0.836
2024-11-26,"SEND",6.286375,5.0587435031778,-1.28175628248929,11.018559260756,TRUE,0.835434746903921,12.3003155432453,0.72275
2024-11-26,"HUL2",6.87208333333333,5.08671611006292,-0.798744684545366,11.5973720476555,TRUE,1.07252096095229,12.3961167322008,0.7815
2024-11-26,"PEMB",2.90875,5.14267642993562,-0.955439474160652,11.6133657317424,TRUE,1.37982534866666,12.5688052059031,0.1715
2024-11-26,"WFEN",5.32820833333333,4.84330139924903,-1.68507770788243,11.3099367152268,TRUE,0.590922319898521,12.9950144231092,0.59675
2024-11-26,"OSY",4.83491666666667,5.30908679655565,-0.856163226851335,11.4709106186405,TRUE,0.582188538037194,12.3270738454918,0.421
2024-11-26,"ACTH",1.41808333333333,3.83055040180337,-2.47111909049322,10.6861116386889,TRUE,1.5684126539924,13.1572307291821,0.148
2024-11-26,"COPP",6.14495833333333,4.72314266095066,-1.70083609262832,10.7916153782232,TRUE,0.909070634609804,12.4924514708515,0.74125
2024-11-27,"EB",4.45566666666667,6.190206884284,-0.241035697315731,12.4751752858163,TRUE,1.05088449055974,12.7162109831321,0.22175
2024-11-27,"IMGM",5.18275,5.78758912459979,-0.600439746385934,11.7782789975461,TRUE,0.611256933043047,12.3787187439321,0.3835
2024-11-27,"PRES",15.4864583333333,8.12323899194224,2.01135539316627,14.3775194236885,FALSE,5.86057387490638,56.7237204163134,0.98275
2024-11-27,"BIRR",9.210875,8.40094074057225,1.96581362979773,14.3807328671169,TRUE,0.696958315807951,12.4149192373192,0.65875
2024-11-27,"BLC2",7.79575,6.444603546301,-0.0770748084023631,13.0629159164851,TRUE,0.920036045557628,13.1399907248874,0.74275
2024-11-27,"BOTR",10.3450833333333,7.28363097880045,1.13633620098988,13.6763162688173,TRUE,1.96602055610883,12.5399800678275,0.89125
2024-11-27,"GHSR",5.9375,6.31598306429092,0.0809101535734931,12.4313423881401,TRUE,0.563194495408259,12.3504322345666,0.4245
2024-11-27,"LEAM",9.30625,5.88006942325278,-0.180459827481454,12.0266473267338,TRUE,2.29694155886773,12.2071071542152,0.9145
2024-11-27,"NPT3",6.48691666666667,6.31927001996249,0.208023071316019,12.4947060466362,TRUE,0.544795743621591,12.2866829753202,0.51825
2024-11-27,"REA1",5.57795833333333,6.64443216180061,0.173813601731477,12.5950074425562,TRUE,0.742289909896637,12.4211938408248,0.31975
2024-11-27,"SOUT",5.40891666666667,6.58498527297957,0.0419676222511704,13.0465476132585,TRUE,0.777197119257744,13.0045799910074,0.2985
2024-11-27,"WREX",9.259125,6.34836548325313,-0.0996730350077754,12.3670226781447,TRUE,1.86307375158636,12.4666957131524,0.8785
2024-11-27,"LEAR",8.81379166666667,5.69382969751938,-0.928766133318265,11.6288142545614,TRUE,2.05051092906595,12.5575803878796,0.90225
2024-11-27,"PLYM",5.11895833333333,6.23186405185189,-0.125613689586505,12.6377727696994,TRUE,0.803582162434804,12.763386459286,0.296
2024-11-27,"SHDG",9.66295833333333,6.42226463881388,0.125890818302265,12.9893984254833,TRUE,2.05887773781609,12.863507607181,0.895
2024-11-27,"SHE",10.4314583333333,6.89521427927878,0.517689663764202,13.6661895398085,TRUE,2.38084144974068,13.1484998760443,0.9145
2024-11-27,"BEL2",24.42025,8.64368057771241,2.00231123233882,15.362355727204,FALSE,14.0723658683996,375.675815406704,0.9985
2024-11-27,"GLKP",5.54045833333333,5.86688047623464,-0.166900150623788,12.523139737005,TRUE,0.566874252139538,12.6900398876288,0.43075
2024-11-27,"LECU",8.85229166666667,6.16935293802988,0.0773784238451867,12.7303972906235,TRUE,1.64939305215179,12.6530188667783,0.8605
2024-11-27,"SUN2",5.87858333333333,5.92171277350841,-0.200096693096192,12.0009905840252,TRUE,0.526830742519079,12.2010872771214,0.499
2024-11-27,"TRAN",8.842375,6.4648721579313,0.0681858669240592,13.2327091968791,TRUE,1.48032957634376,13.164523329955,0.844
2024-11-27,"STOK",10.6938333333333,5.98464447533896,-0.483439242622343,12.7135059496095,TRUE,3.27826734165695,13.1969451922319,0.94925
2024-11-27,"BEX",6.45054166666667,6.96620598299855,0.54526262734553,13.3446602234484,TRUE,0.586063964430232,12.7993975961028,0.413
2024-11-27,"SEND",5.05016666666667,6.23631338070495,0.0577362452084108,13.0396184409748,TRUE,0.816001788565853,12.9818821957664,0.28675
2024-11-27,"HUL2",8.65279166666667,6.50507830794689,0.251471233961351,13.2007137456163,TRUE,1.3496886261122,12.9492425116549,0.8185
2024-11-27,"PEMB",3.387375,4.78491178434002,-2.12056982106613,11.3362262311327,TRUE,0.89816846440318,13.4567960521988,0.26725
2024-11-27,"WFEN",5.29191666666667,5.80819842079905,-0.830672095374698,11.9521908774911,TRUE,0.60551924703128,12.7828629728658,0.408
2024-11-27,"OSY",4.355375,5.62282655169735,-0.888708226276704,11.6253046285937,TRUE,0.831483440168726,12.5140128548704,0.28575
2024-11-27,"ACTH",1.82004166666667,4.05797824130663,-2.31314968203712,10.1185577463603,TRUE,1.35773722832936,12.4317074283974,0.177
2024-11-27,"COPP",9.84670833333333,6.16613788620181,-0.322975067188063,12.653765997606,TRUE,2.48341251991222,12.9767410647941,0.91925
2024-11-28,"EB",10.18275,5.73030277826776,-0.259581676838486,12.283773045559,TRUE,3.09974661632469,12.5433547223974,0.94175
2024-11-28,"IMGM",7.44895833333333,6.01827834995812,-0.146351352730304,12.5166811194346,TRUE,0.920987278352821,12.6630324721649,0.74025
2024-11-28,"PRES",8.507375,10.6330412235791,4.70382445090423,17.1117816874925,TRUE,1.28211980144259,12.4079572365883,0.17875
2024-11-28,"BIRR",17.06675,7.94280484859495,1.79611531222212,14.8002172738222,FALSE,7.50786299263807,103.665411008711,0.989
2024-11-28,"BLC2",8.578,7.18677816959357,0.566602470972559,13.8691201507557,TRUE,0.873340551556267,13.3025176797831,0.7325
2024-11-28,"BOTR",14.1294166666667,8.35499177788086,2.18637347753759,14.5638862226132,TRUE,4.27956514864982,12.3775127450756,0.9705
2024-11-28,"GHSR",6.12433333333333,6.38185126711332,0.134401237069888,12.8334842337904,TRUE,0.552500985490612,12.6990829967205,0.45675
2024-11-28,"LEAM",16.1920833333333,7.80456944221895,1.5160015537415,14.4346294436344,FALSE,6.7653613880625,83.2167834778505,0.98625
2024-11-28,"NPT3",9.640375,6.61555623397796,0.28741329641842,12.9294358458495,TRUE,1.93968003505849,12.6420225494311,0.88925
2024-11-28,"REA1",17.1177916666667,6.24621503717157,-0.0162487413493719,12.6629076933228,FALSE,9.32190000253639,190.874515368427,0.9955
2024-11-28,"SOUT",9.35729166666667,6.16732415435207,0.00810473036032812,12.962778083197,TRUE,2.05855745409552,12.9546733528367,0.89375
2024-11-28,"WREX",7.51875,7.81823122063623,1.32654996855959,13.9070321263367,TRUE,0.558460524051632,12.5804821577772,0.443
2024-11-28,"LEAR",15.4992083333333,7.57906671229213,1.16724018341264,13.8381178427683,FALSE,6.42127122813761,79.114497281957,0.9865
2024-11-28,"PLYM",8.01891666666667,6.01192446498428,-0.241539502939466,12.110305124735,TRUE,1.24500566816706,12.3518446276744,0.815
2024-11-28,"SHDG",9.54016666666667,7.99903724948059,1.65087445586252,14.6331369490048,TRUE,0.918363475396133,12.9822624931423,0.7365
2024-11-28,"SHE",9.16479166666667,8.36411305601597,2.12994355819379,14.6630678171216,TRUE,0.677075070713435,12.5331242589278,0.6495
2024-11-28,"BEL2",11.244125,14.5317185233575,8.42585736793579,21.0272943037853,TRUE,2.10516609422969,12.6014369358495,0.10475
2024-11-28,"GLKP",6.27066666666667,6.17897660222603,-0.17119874345944,12.6396089262556,TRUE,0.532748744213199,12.810807669715,0.52175
2024-11-28,"LECU",14.1775,7.63002277164296,1.06122450695045,14.2663811270175,TRUE,5.11267095453795,13.2051566200671,0.974
2024-11-28,"SUN2",7.20333333333333,6.32683687008537,-0.268096194449846,13.1177873815079,TRUE,0.69230350252607,13.3858835759578,0.643
2024-11-28,"TRAN",11.9262083333333,7.64806493174688,1.55592628306178,14.2036009405754,TRUE,3.01146852808466,12.6476746575136,0.935
2024-11-28,"STOK",12.2150833333333,8.41266716214277,2.09265077766856,15.2248126241676,TRUE,2.50601145932987,13.1321618464991,0.9195
2024-11-28,"BEX",18.4553333333333,6.64622943007964,0.457867632277143,12.9205542945683,FALSE,10.2512558017537,233.85384821289,0.99525
2024-11-28,"SEND",11.0839583333333,5.99134972739615,-0.0690285648168531,12.3266756086501,TRUE,3.73278773750722,12.3957041734669,0.95925
2024-11-28,"HUL2",9.16091666666667,7.56580231093744,1.77567910960057,14.2259673904991,TRUE,0.960729585047025,12.4502882808986,0.7615
2024-11-28,"PEMB",5.06579166666667,5.16860848724751,-1.32694215704386,11.3670889130768,TRUE,0.550982021336258,12.6940310701206,0.48325
2024-11-28,"WFEN",11.073125,6.06616775699574,-0.56954527191772,12.4012302521311,TRUE,3.67377867991772,12.9707755240488,0.95625
2024-11-28,"OSY",10.4304583333333,5.64632969990072,-0.383164568856145,12.3044927891839,TRUE,3.41675902853918,12.6876573580401,0.94975
2024-11-28,"ACTH",1.95566666666667,4.44543526324189,-1.96237537452298,11.1097073489495,TRUE,1.56819526620729,13.0720827234724,0.14425
2024-11-28,"COPP",14.5460416666667,8.0591017811502,1.53223186895177,14.2329313306592,FALSE,5.10336098504317,25.2251129020083,0.979
2024-11-29,"EB",4.48308333333333,8.9008112465594,2.75959930909019,15.2876744074899,TRUE,3.11799588610106,12.5280750983997,0.0525
2024-11-29,"IMGM",5.50725,7.74227886163016,1.53807150871421,13.9858339264032,TRUE,1.40001976804435,12.447762417689,0.168
2024-11-29,"PRES",6.18025,8.51802702300153,2.12107186950911,15.1984113038474,TRUE,1.41419278711926,13.0773394343383,0.16125
2024-11-29,"BIRR",7.75154166666667,12.0217174293243,5.90697418831349,18.3042826054057,TRUE,2.96446031291797,12.3973084170922,0.0615
2024-11-29,"BLC2",7.02054166666667,8.31080205885764,1.98822939026426,14.635752443512,TRUE,0.814813603829284,12.6475230532477,0.29
2024-11-29,"BOTR",9.082125,10.7878393510982,4.11318532163071,17.2083613893122,TRUE,1.01902769723234,13.0951760676815,0.23425
2024-11-29,"GHSR",5.52391666666667,7.19336685797401,0.749231281564994,13.3624031304832,TRUE,1.02930647003946,12.6131718489182,0.24525
2024-11-29,"LEAM",5.28008333333333,11.646806465858,5.51794797048465,17.9750161438781,FALSE,4.96602353545828,21.9716536594463,0.02225
2024-11-29,"NPT3",6.36008333333333,8.729293276921,2.49414780945807,14.7754888562039,TRUE,1.52014228043258,12.2813410467458,0.15175
2024-11-29,"REA1",7.88633333333333,11.9314668740033,5.41765885680701,18.2848473176595,TRUE,2.77161098484898,12.8671884608525,0.07
2024-11-29,"SOUT",5.348875,8.57367710005514,2.58086586384018,14.4752378133318,TRUE,2.12100769763586,11.8943719494916,0.093
2024-11-29,"WREX",6.85541666666667,7.89843804514164,1.43853093738646,13.7718664052132,TRUE,0.732154211754879,12.3333354678267,0.3195
2024-11-29,"LEAR",4.83104166666667,11.332259059128,4.81042948005493,17.881484462599,TRUE,5.0091585496676,13.071054982544,0.0255
2024-11-29,"PLYM",11.0249583333333,7.98653101587942,1.4619012061716,14.0508287998974,TRUE,1.94932476448574,12.5889275937258,0.88525
2024-11-29,"SHDG",8.34916666666667,8.78418072984159,2.52587934993334,15.0510836005882,TRUE,0.597502449944786,12.5252042506549,0.41725
2024-11-29,"SHE",10.0806666666667,8.64577323483554,2.31249439221951,15.1234926736639,TRUE,0.908111443462862,12.8109982814444,0.742
2024-11-29,"BEL2",8.47183333333333,9.97647444478618,3.82233911312218,16.1119754705927,TRUE,0.923484716769324,12.2896363574706,0.25775
2024-11-29,"GLKP",5.60629166666667,7.24431003829168,0.866105405308982,13.2923202655375,TRUE,0.983493907650288,12.4262148602285,0.2335
2024-11-29,"LECU",6.13416666666667,10.762466341826,4.85692503673237,16.7545313316275,TRUE,3.30710527806538,11.8976062948952,0.0465
2024-11-29,"SUN2",10.8815416666667,7.65767756829511,1.76002594089629,14.01477303536,TRUE,2.03893399043064,12.2547470944637,0.89225
2024-11-29,"TRAN",7.126625,9.78959357152759,3.02804026930439,16.0173523374534,TRUE,1.68676063907028,12.989312068149,0.13475
2024-11-29,"STOK",8.04241666666667,9.97162091820344,4.01765678201422,15.9272528395422,TRUE,1.20974980598534,11.909596057528,0.1875
2024-11-29,"BEX",7.95995833333333,12.5362630626346,6.05332844654817,19.2589376566594,TRUE,3.2600479711268,13.2056092101112,0.05075
2024-11-29,"SEND",5.45208333333333,9.30851372715421,3.24709357350578,15.6255922012425,TRUE,2.66986283787427,12.3784986277367,0.06675
2024-11-29,"HUL2",6.486875,8.58911706598944,2.46471799960016,14.9278589988061,TRUE,1.27913099857236,12.463140999206,0.1725
2024-11-29,"PEMB",5.70270833333333,6.65724351073184,0.62390506651889,12.7294026454933,TRUE,0.711289744982714,12.1054975789745,0.33375
2024-11-29,"WFEN",6.02408333333333,9.31130666502164,3.08115565484488,15.2189343442621,TRUE,2.18514391428387,12.1377786894172,0.094
2024-11-29,"OSY",5.369625,9.00472193508519,3.00284557348972,15.1922937502106,TRUE,2.40236260294315,12.1894481767209,0.07925
2024-11-29,"ACTH",3.20258333333333,5.2652087288918,-1.04204443148269,11.6391300980207,TRUE,1.28392071794196,12.6811745295034,0.176
2024-11-29,"COPP",8.28529166666667,10.9524171024551,5.03338895132093,17.2121482751821,TRUE,1.68694310053734,12.1787593238612,0.12975
2024-11-30,"EB",7.90779166666667,4.87336735203535,-1.63148506296571,11.143929227654,TRUE,1.96446286005067,12.7754142906197,0.8855
2024-11-30,"IMGM",8.44545833333333,5.23130410992352,-1.22771115229474,11.8210042049918,TRUE,2.0630117554591,13.0487153572866,0.89725
2024-11-30,"PRES",5.81270833333333,5.55476035143049,-0.673772547461536,11.6005567853963,TRUE,0.550564046357156,12.2743293328578,0.55025
2024-11-30,"BIRR",8.45920833333333,6.49815154437094,0.0242046559494645,12.5819820395288,TRUE,1.22110606330413,12.5577773835794,0.81025
2024-11-30,"BLC2",5.71825,5.91995258228766,-0.32814903303697,12.1221449786936,TRUE,0.54648802565405,12.4502940117306,0.444
2024-11-30,"BOTR",8.18995833333333,6.98216954068524,0.580008462061562,13.0292751770675,TRUE,0.815111208213555,12.449266715006,0.7135
2024-11-30,"GHSR",3.408,5.19755735486486,-0.975783621353617,11.6611254662971,TRUE,1.09973871063854,12.6369090876508,0.212
2024-11-30,"LEAM",7.194375,5.40343481238606,-1.51958421558148,11.5117818986335,TRUE,1.10658496304892,13.031366114215,0.774
2024-11-30,"NPT3",9.12341666666667,5.66747231135042,-1.1567222815359,11.8016193744407,TRUE,2.29746001961739,12.9583416559766,0.91475
2024-11-30,"REA1",8.82075,6.55795983720748,0.244545209784071,13.0481037774444,TRUE,1.38972386182517,12.8035585676603,0.835
2024-11-30,"SOUT",9.809375,5.22187594268579,-0.477856790507767,11.6961425065712,TRUE,3.18811298530872,12.1739992970789,0.946
2024-11-30,"WREX",4.43591666666667,5.81587443655524,-0.401016254910161,12.4414608283195,TRUE,0.890787023271115,12.8424770832296,0.25875
2024-11-30,"LEAR",6.63529166666667,5.18802901542102,-1.40287988941585,11.2697420777473,TRUE,0.890620191999396,12.6726219671632,0.731
2024-11-30,"PLYM",16.791625,7.63259282710079,1.67547311786847,13.8095495099161,FALSE,7.64753523656391,131.417095995405,0.9915
2024-11-30,"SHDG",7.71429166666667,6.52366593887564,0.474908626002276,12.7986150493189,TRUE,0.785659550517984,12.3237064233166,0.70625
2024-11-30,"SHE",9.87633333333333,7.26007667153591,1.04667184004309,13.9696863081496,TRUE,1.61788169170083,12.9230144681065,0.85675
2024-11-30,"BEL2",7.15904166666667,6.62933115733859,0.119436544748099,12.8016114196922,TRUE,0.621888341637638,12.6821748749441,0.612
2024-11-30,"GLKP",3.511125,5.23766711274304,-1.0728959693665,11.5004375838037,TRUE,1.05638774776011,12.5733335531702,0.2185
2024-11-30,"LECU",7.56483333333333,5.71012712110951,-0.23584682977698,12.0520097071179,TRUE,1.12700010376937,12.2878565368949,0.79025
2024-11-30,"SUN2",7.95020833333333,7.54542498615481,1.46046142700895,13.3955907899881,TRUE,0.571603909218547,11.9351293629792,0.5775
2024-11-30,"TRAN",5.25845833333333,6.06928080603415,-0.435589142405395,12.4215281755711,TRUE,0.665758050555177,12.8571173179765,0.353
2024-11-30,"STOK",8.41595833333333,6.47383585808029,0.347623591799919,12.9766282938233,TRUE,1.15682013260354,12.6290047020234,0.79075
2024-11-30,"BEX",11.1162916666667,6.63111220227026,0.179314858171411,13.626308103069,TRUE,3.08776514573594,13.4469932448976,0.93875
2024-11-30,"SEND",12.3005833333333,5.31983705018427,-1.11394176995868,11.4720687571434,FALSE,5.53463247077277,45.7265935746976,0.9815
2024-11-30,"HUL2",10.7617083333333,5.7074257557675,-0.452786877055848,12.4904579118126,TRUE,3.61339608310883,12.9432447888685,0.951
2024-11-30,"PEMB",7.961,5.24207436181107,-1.33052717893856,12.07371693527,TRUE,1.72042025676987,13.4042441142086,0.86925
2024-11-30,"WFEN",10.9219166666667,5.566608260212,-1.39828800813607,11.9349049466363,TRUE,3.95043359030445,13.3331929547724,0.9615
2024-11-30,"OSY",10.6446666666667,5.26401375295439,-0.97597384341749,11.6145018633835,TRUE,3.95123841983229,12.590475706801,0.96175
2024-11-30,"ACTH",1.31095833333333,4.06587102364659,-2.57703455885372,9.86056976371794,TRUE,1.73180976029958,12.4376043225717,0.12725
2024-11-30,"COPP",6.41804166666667,6.65081334355273,0.325551297642215,13.0798917008055,TRUE,0.556936115789765,12.7543404031633,0.459
2024-12-01,"EB",7.67304166666667,7.14576808798599,0.731849891983109,13.6457863303349,TRUE,0.592408949785973,12.9139364383518,0.59975
2024-12-01,"IMGM",6.55470833333333,7.40970109877804,1.17395948366342,13.1755425451725,TRUE,0.686620668010589,12.0015830615091,0.3455
2024-12-01,"PRES",4.07233333333333,6.29314725873092,-0.019876588671726,12.5312067135377,TRUE,1.34672650408643,12.5510833022095,0.181
2024-12-01,"BIRR",4.69445833333333,7.48501670650506,1.10582084613715,13.6558743157626,TRUE,1.72548121230326,12.5500534696254,0.133
2024-12-01,"BLC2",4.30525,6.2783160146281,0.264874690678938,12.8542457254459,TRUE,1.17851408802464,12.589371034767,0.19775
2024-12-01,"BOTR",8.68133333333333,7.40983072265787,1.36953842077849,13.9538520272016,TRUE,0.835751710574425,12.5843136064231,0.7175
2024-12-01,"GHSR",4.565625,5.23401589196291,-0.993965692990662,11.5055801828525,TRUE,0.629587862358218,12.4995458758432,0.37275
2024-12-01,"LEAM",4.31408333333333,6.86220634994409,0.935168218220436,12.9712721169248,TRUE,1.58960239963959,12.0361038987044,0.1355
2024-12-01,"NPT3",5.51895833333333,7.7289443651676,1.39765920717141,13.7715619434957,TRUE,1.33258661626338,12.3739027363242,0.183
2024-12-01,"REA1",5.55825,7.64537070839124,1.18101187752938,13.9220604833944,TRUE,1.30553801253556,12.741048605865,0.1865
2024-12-01,"SOUT",6.63520833333333,7.99402239358948,2.11280999547509,14.0378439452599,TRUE,0.864371451193295,11.9250339497848,0.27475
2024-12-01,"WREX",3.81591666666667,5.71923898397918,-0.258301675085624,11.7059215101904,TRUE,1.16823055308979,11.964223185276,0.19625
2024-12-01,"LEAR",4.17645833333333,6.60679952835089,0.545070825308688,13.2904749255645,TRUE,1.5524842977236,12.7454041002558,0.149
2024-12-01,"PLYM",9.572625,11.1858390288936,4.39219551724547,17.5752475862769,TRUE,1.00664702508985,13.1830520690314,0.244
2024-12-01,"SHDG",3.95054166666667,7.18168377216403,1.35140564449265,14.0044864705654,TRUE,2.19466092103623,12.6530808260728,0.08825
2024-12-01,"SHE",7.02941666666667,8.16921781068593,1.81038444426247,14.6212507862632,TRUE,0.783546424297308,12.8108663420007,0.31
2024-12-01,"BEL2",5.12575,6.94560561601285,0.842043195153053,12.9545469288124,TRUE,1.11709101708192,12.1125037336594,0.21225
2024-12-01,"GLKP",4.05658333333333,5.28111264527748,-0.976083333888362,11.5569837294,TRUE,0.799896478260343,12.5330670632884,0.29325
2024-12-01,"LECU",4.46154166666667,7.04864713273357,0.691452587709816,13.2131520522223,TRUE,1.58534705486985,12.5216994645125,0.144
2024-12-01,"SUN2",4.60591666666667,7.36188142542081,0.745678357626665,13.531344780299,TRUE,1.74131403556578,12.7856664226723,0.13
2024-12-01,"TRAN",3.67625,6.08296358318287,0.172632039135237,12.5208351593326,TRUE,1.48954993869543,12.3482031201974,0.14975
2024-12-01,"STOK",3.80808333333333,7.47532407821686,1.21662912804602,13.8623582997456,TRUE,2.46539986847659,12.6457291716996,0.07575
2024-12-01,"BEX",7.69266666666667,8.63932899276224,2.30605027571493,14.8568133206947,TRUE,0.704416688513345,12.5507630449798,0.32925
2024-12-01,"SEND",8.87779166666667,9.07342387310585,2.6713313345422,15.4892422361206,TRUE,0.555304798649281,12.8179109015784,0.44775
2024-12-01,"HUL2",7.821375,8.44061173626097,1.76007311444182,14.4605745761593,TRUE,0.636017923325713,12.7005014617175,0.3815
2024-12-01,"PEMB",3.7195,7.20645533773757,0.607185386781214,13.5328369284335,TRUE,2.29548200888592,12.9256515416523,0.09525
2024-12-01,"WFEN",7.86566666666667,8.495516502883,2.32721995598789,14.7843431663367,TRUE,0.634038396376333,12.4571232103488,0.379
2024-12-01,"OSY",10.819625,8.35551286987696,1.79824988566499,14.6908590202078,TRUE,1.50839824405024,12.8926091345428,0.84375
2024-12-01,"ACTH",1.359125,4.25632915940766,-2.53482836035916,10.1621256069136,TRUE,1.82275160777936,12.6969539672728,0.129
2024-12-01,"COPP",3.431625,6.6197245312718,-0.0529182313278768,13.0618443020435,TRUE,2.03469072740463,13.1147625333714,0.11275
2024-12-02,"EB",2.54329166666667,6.14121293251165,-0.37860087514728,12.7165477125095,TRUE,2.3813378605764,13.0951485876568,0.08375
2024-12-02,"IMGM",3.62320833333333,5.67470920134268,-1.22220535011177,11.4500420662352,TRUE,1.25582288608701,12.6722474163469,0.189
2024-12-02,"PRES",4.20304166666667,4.52093054690508,-1.89957213474971,10.4037698065417,TRUE,0.558872708356649,12.3033419412914,0.44875
2024-12-02,"BIRR",3.74016666666667,4.8714994440561,-1.41556184735842,11.1212950700916,TRUE,0.77336302121125,12.53685691745,0.29775
2024-12-02,"BLC2",4.03791666666667,4.61863150141701,-1.34970365148193,10.678048033852,TRUE,0.61128386307572,12.0277516853339,0.3965
2024-12-02,"BOTR",3.50433333333333,6.58552095451325,0.330641336259623,12.5722545816078,TRUE,1.8857992632486,12.2416132453481,0.11825
2024-12-02,"GHSR",2.96870833333333,4.65969999094872,-1.35375109292115,11.2764264085449,TRUE,1.05857875349687,12.630177501466,0.2185
2024-12-02,"LEAM",2.58058333333333,4.66807751856311,-1.4416147134879,11.1151363938712,TRUE,1.3412229561456,12.5567511073591,0.175
2024-12-02,"NPT3",2.23083333333333,5.24821846877683,-1.09391422776946,11.2483785703625,TRUE,1.93703429446105,12.3422927981319,0.1125
2024-12-02,"REA1",2.98345833333333,5.25583657853039,-1.47110948876583,12.0162427307523,TRUE,1.42119295726514,13.4873522195181,0.16475
2024-12-02,"SOUT",2.793875,5.75164689568521,-0.679328647251483,12.2034483731603,TRUE,1.85709183431324,12.8827770204118,0.11725
2024-12-02,"WREX",2.19429166666667,4.36759821768422,-1.82623797134552,10.2602446679329,TRUE,1.31008106515301,12.0864826392784,0.17525
2024-12-02,"LEAR",2.436125,4.59134062832104,-1.60924895909819,10.9919912233272,TRUE,1.29981370379223,12.6012401824254,0.17575
2024-12-02,"PLYM",5.8195,7.23645698298208,1.19829611690297,13.3061507777426,TRUE,0.904074772430129,12.1078546608396,0.268
2024-12-02,"SHDG",3.85908333333333,4.52709785730263,-1.90285940720189,10.3992659842356,TRUE,0.624496342014749,12.3021253914375,0.37675
2024-12-02,"SHE",3.17804166666667,5.92401615252808,-0.31682739083287,12.3552923866544,TRUE,1.72180385542294,12.6721197774873,0.13
2024-12-02,"BEL2",4.54991666666667,5.01762826018768,-1.6201490472814,11.4743830187703,TRUE,0.597526885282981,13.0945320660517,0.42025
2024-12-02,"GLKP",2.623875,4.4429799315258,-2.15097176977969,10.6121308983791,TRUE,1.13924865851874,12.7631026681588,0.216
2024-12-02,"LECU",3.126,4.74323166760294,-1.36814371445207,10.5225894609252,TRUE,1.03269024832694,11.8907331753772,0.224
2024-12-02,"SUN2",3.81195833333333,4.81751490946587,-1.69004949863599,11.3886119556266,TRUE,0.752627743881718,13.0786614542626,0.3065
2024-12-02,"TRAN",3.816875,4.33268812028313,-1.36089723992143,10.8191925191143,TRUE,0.592610855737449,12.1800897590357,0.405
2024-12-02,"STOK",3.40904166666667,4.48724526097451,-1.60178297139768,10.9063730133051,TRUE,0.777375001022939,12.5081559847027,0.308
2024-12-02,"BEX",3.07791666666667,6.24887217549926,0.372938742375529,12.6059493726084,TRUE,2.0642338890431,12.2330106302329,0.1005
2024-12-02,"SEND",2.84308333333333,6.79745933707157,-0.114348082264125,13.2447270183911,TRUE,2.63382221496864,13.3590751006552,0.078
2024-12-02,"HUL2",4.34945833333333,6.29351376367015,-0.0932559960007683,12.662193243799,TRUE,1.17540423735113,12.7554492397998,0.20175
2024-12-02,"PEMB",3.6655,4.43491326255673,-1.66465716099891,10.6713830427127,TRUE,0.640766946932732,12.3360402037116,0.36575
2024-12-02,"WFEN",2.39775,6.31760028647483,0.0836068078243121,12.3889685053027,TRUE,2.65515819768352,12.3053616974784,0.073
2024-12-02,"OSY",2.74183333333333,7.58515072659771,0.939108684777202,14.1268703319838,TRUE,3.49121400855131,13.1877616472066,0.0475
2024-12-02,"ACTH",1.45254166666667,3.20965650977098,-3.01956801221622,8.84427728329975,TRUE,1.05554693754955,11.863845295516,0.231
2024-12-02,"COPP",2.56095833333333,4.26285427338847,-1.41134858414336,10.4856501579924,TRUE,1.07922357330924,11.8969987421358,0.212
2024-12-03,"EB",10.7675833333333,3.44291076477212,-3.24239987143893,9.70070219158164,FALSE,5.87976200036428,55.6183477330872,0.98325
2024-12-03,"IMGM",6.90458333333333,3.87486878407744,-2.09676421422435,10.3768984949827,TRUE,1.87813148309066,12.4736627092071,0.8805
2024-12-03,"PRES",6.40041666666667,4.04862371187843,-2.26048268739473,10.398236896865,TRUE,1.45011575523201,12.6587195842598,0.838
2024-12-03,"BIRR",14.3180416666667,3.86789115226719,-2.19906624477758,10.20062332387,FALSE,8.91176573350218,177.096423280516,0.9955
2024-12-03,"BLC2",5.97,3.98448902990971,-2.28949900771128,10.3796265928955,TRUE,1.20003444195669,12.6691256006067,0.80175
2024-12-03,"BOTR",9.9755,3.88925259448463,-2.4360902630648,9.95806087774443,FALSE,4.64925639506693,13.0917160310322,0.97525
2024-12-03,"GHSR",3.74404166666667,3.53063583657786,-2.77776543981058,10.0660964024947,TRUE,0.558420058690402,12.8438618423053,0.53425
2024-12-03,"LEAM",9.31016666666667,3.35518876085449,-3.16565782697453,10.0315408213082,TRUE,4.48399252591008,13.1971986482827,0.9675
2024-12-03,"NPT3",8.1545,3.24134058610432,-2.71460427702176,9.38012294908954,TRUE,3.57070741254208,12.0947272261113,0.95775
2024-12-03,"REA1",7.39291666666667,3.56769192043849,-2.53413865333294,9.76526730696717,TRUE,2.54226276527621,12.2994059603001,0.92075
2024-12-03,"SOUT",8.60070833333333,3.5190821701701,-2.82869914254647,9.26962665658317,TRUE,3.80022797759602,12.0983257991296,0.96775
2024-12-03,"WREX",5.962,3.17291001834834,-2.9097045598738,9.39732995190774,TRUE,1.76144051603154,12.3070345117815,0.872
2024-12-03,"LEAR",9.495875,3.28852796817562,-3.15881898158164,9.37762200370213,FALSE,4.75709019994307,17.2665608371985,0.97575
2024-12-03,"PLYM",11.97825,4.91696466747831,-1.77896565235358,11.5418343360112,FALSE,5.61637907510356,30.7774265479179,0.9795
2024-12-03,"SHDG",8.06695833333333,3.89626763032001,-2.74918874089543,9.99061119272199,TRUE,2.93168111157014,12.7397999336174,0.93875
2024-12-03,"SHE",9.04975,3.69722934428688,-2.86161157673166,9.70465253326847,TRUE,3.97673830538538,12.5662641100001,0.9625
2024-12-03,"BEL2",11.06825,4.23103820169186,-1.8298248371601,10.2194647479161,FALSE,5.39027938492038,46.0006996684327,0.98325
2024-12-03,"GLKP",3.37566666666667,3.36593107749547,-2.80784187238208,9.65707746474221,TRUE,0.553057815318468,12.4649193371243,0.50325
2024-12-03,"LECU",9.08020833333333,3.59536898669756,-2.77105116542353,9.93817144173024,TRUE,4.01052878933424,12.7092226071538,0.96375
2024-12-03,"SUN2",6.75229166666667,3.89616841406256,-2.47236230045873,9.68940700769256,TRUE,1.79358626165259,12.1617693081513,0.878
2024-12-03,"TRAN",7.425375,3.86955457044237,-2.11956238029753,9.79760746396738,TRUE,2.39428942700566,11.9171698442649,0.92025
2024-12-03,"STOK",11.1528333333333,3.69744431300802,-2.96147029749934,10.4364766827256,FALSE,5.90492011041527,42.0522130045314,0.98325
2024-12-03,"BEX",10.7469583333333,3.6744773664143,-2.24759439117011,9.78069304785333,FALSE,5.61102657761385,50.6788988582224,0.98025
2024-12-03,"SEND",8.70970833333333,3.60966309945193,-2.47001196877102,10.0457897959593,TRUE,3.69853468829007,12.5158017647303,0.955
2024-12-03,"HUL2",7.75941666666667,4.22776664541159,-1.76850282784243,10.4279006974182,TRUE,2.28521875256744,12.1964035252606,0.907
2024-12-03,"PEMB",3.148625,3.8054969615767,-2.49884329535033,9.90923329763337,TRUE,0.606153176659265,12.4080765929837,0.3845
2024-12-03,"WFEN",6.41316666666667,3.38599065811899,-3.24602421372464,9.71286665302894,TRUE,1.98080878959353,12.9588908667536,0.89
2024-12-03,"OSY",7.034125,3.62594869315073,-2.68082579985674,10.5751998429775,TRUE,2.22650532659989,13.2560256428343,0.90075
2024-12-03,"ACTH",2.32316666666667,2.77652694922639,-3.7922087852224,8.92026986746748,TRUE,0.575601822639742,12.7124786526899,0.41425
2024-12-03,"COPP",9.66795833333333,3.31943213184247,-2.94480661998081,9.5150125102232,FALSE,4.86012323477303,18.5776520546094,0.9765
2024-12-04,"EB",7.09808333333333,8.89365547333839,2.30012671486924,14.5280389205658,TRUE,1.08757555902801,12.2279122056965,0.2175
2024-12-04,"IMGM",11.6440416666667,7.2582077483923,0.734201429455361,13.1850040574182,TRUE,3.11080759247054,12.4508026279629,0.946
2024-12-04,"PRES",6.958625,7.05832971764688,0.399259720072057,13.3729924761546,TRUE,0.552635032367649,12.9737327560825,0.492
2024-12-04,"BIRR",9.89491666666667,10.4644642539344,4.0964533375426,16.7646190397989,TRUE,0.605615767335169,12.6681657022563,0.4005
2024-12-04,"BLC2",7.40770833333333,6.86728379990862,0.515479691445664,12.8528642144157,TRUE,0.60073399114762,12.3373845229701,0.59075
2024-12-04,"BOTR",9.813375,8.58118030483348,2.81948537957193,15.2547130698451,TRUE,0.774602228994376,12.4352276902732,0.70325
2024-12-04,"GHSR",4.34458333333333,5.87261029181395,-0.453328314333259,11.8859680990862,TRUE,0.978919873199736,12.3392964134194,0.238
2024-12-04,"LEAM",8.37658333333333,8.26519890814968,1.72137119829513,14.761878019286,TRUE,0.545235599872063,13.0405068209908,0.5295
2024-12-04,"NPT3",8.84925,7.75513521123252,1.39207077838287,13.4890906301207,TRUE,0.762333469311984,12.0970198517378,0.68925
2024-12-04,"REA1",8.01508333333333,7.44939357692261,1.0336993905872,13.8849930447947,TRUE,0.584437017649561,12.8512936542074,0.598
2024-12-04,"SOUT",10.6781666666667,7.96530358906448,2.031270223806,14.3435436560511,TRUE,1.69577334613886,12.3122734322451,0.877
2024-12-04,"WREX",5.24870833333333,6.80683762359946,0.681372931181344,12.8133990846278,TRUE,0.99538984958792,12.1320261534464,0.24425
2024-12-04,"LEAR",7.92858333333333,8.34096008986154,1.95067096503571,14.3585485909244,TRUE,0.584991471046976,12.4078776258887,0.42275
2024-12-04,"PLYM",6.08891666666667,9.51794206880916,2.73001817623224,15.9870957726232,TRUE,2.28143100880288,13.2570775963909,0.092
2024-12-04,"SHDG",8.71170833333333,7.76764936513759,1.75857326349012,14.2621783742523,TRUE,0.707108601727876,12.5036051107622,0.662
2024-12-04,"SHE",9.56670833333333,8.1711665921747,1.7744643613964,14.6089989572617,TRUE,0.901239216745033,12.8345345958653,0.7385
2024-12-04,"BEL2",5.98270833333333,9.08557337603342,2.60335409695644,15.442191663269,TRUE,2.0338192578315,12.8388375663125,0.106
2024-12-04,"GLKP",4.40154166666667,5.70281145569671,-0.454636776887541,11.9659548837014,TRUE,0.848059566937767,12.420591660589,0.28125
2024-12-04,"LECU",9.421375,8.18271599115702,2.34584321600619,14.8135521781416,TRUE,0.817402588545541,12.4677089621354,0.708
2024-12-04,"SUN2",8.18495833333333,7.19825183305134,0.353166072491282,13.4680781203554,TRUE,0.730110318395214,13.1149120478641,0.67425
2024-12-04,"TRAN",5.21325,7.48917827653308,1.46762055012105,13.694107503077,TRUE,1.40087457761736,12.2264869529559,0.17
2024-12-04,"STOK",8.84345833333333,9.08684695024685,2.43887703483336,15.3217095807436,TRUE,0.574596506348135,12.8828325459103,0.44225
2024-12-04,"BEX",9.44975,8.9012717291867,2.51574803318152,14.7165331922609,TRUE,0.614207349064128,12.2007851590794,0.5995
2024-12-04,"SEND",8.83070833333333,8.01391311564702,1.75343119277179,14.1566569138543,TRUE,0.681466873490699,12.4032257210825,0.66225
2024-12-04,"HUL2",13.28225,7.64994871632406,1.42931334623623,13.669310797685,TRUE,4.2474848572659,12.2399974514488,0.97175
2024-12-04,"PEMB",2.239625,5.63692734434296,-0.538186783357898,11.8581561476645,TRUE,2.2631616038361,12.3963429310224,0.09
2024-12-04,"WFEN",9.52445833333333,7.00803257738871,0.587544177273781,13.2273755850346,TRUE,1.55197401877541,12.6398314077608,0.84725
2024-12-04,"OSY",7.99641666666667,7.28692515244307,1.04634557685559,13.5913844168978,TRUE,0.619757484673542,12.5450388400422,0.615
2024-12-04,"ACTH",2.54320833333333,5.21191934681509,-1.358073426368,11.3662064468591,TRUE,1.64168310836838,12.7242798732271,0.1415
2024-12-04,"COPP",5.46683333333333,8.41915956740555,2.04562283599528,14.7617741203712,TRUE,1.86376340179177,12.7161512843759,0.111
2024-12-05,"EB",3.66945833333333,6.72396938268195,0.526659696280589,13.3788535149237,TRUE,1.96281709943177,12.8521938186431,0.111
2024-12-05,"IMGM",2.96983333333333,8.56842691444194,2.40157485533907,14.899321318,TRUE,4.23535290112198,12.4977464626609,0.03075
2024-12-05,"PRES",5.49529166666667,6.5287249908607,0.227186307521556,12.9991749433671,TRUE,0.768413515013336,12.7719886358456,0.314
2024-12-05,"BIRR",2.42441666666667,8.04196339166685,1.83358276401853,14.4725435387383,TRUE,4.25030958139056,12.6389607747198,0.03075
2024-12-05,"BLC2",6.615625,6.70942558922892,0.680970653973524,13.3553275554874,TRUE,0.548253457301544,12.6743569015139,0.47375
2024-12-05,"BOTR",2.00575,7.87250041962152,1.51507914671405,14.1415236704507,TRUE,4.47833876364624,12.6264445237366,0.031
2024-12-05,"GHSR",5.79025,5.31733555917006,-1.3204526823009,11.6939748032506,TRUE,0.609593491648246,13.0144274855515,0.5975
2024-12-05,"LEAM",1.58716666666667,7.23123438157512,0.68162576403573,14.0963163479679,TRUE,4.26400075717348,13.4146905839322,0.0335
2024-12-05,"NPT3",2.84191666666667,7.39970413375952,1.28109249390374,13.8404333074413,TRUE,3.20663996006047,12.5593408135375,0.05
2024-12-05,"REA1",1.91816666666667,7.01579901713163,0.723955311992215,13.37862679453,TRUE,3.69510652109241,12.6546714825377,0.0365
2024-12-05,"SOUT",3.660625,8.20359601131742,1.65935255675967,14.2093568569215,TRUE,3.21799471945826,12.5500043001619,0.051
2024-12-05,"WREX",2.789875,5.77648240417664,-0.312452118851984,11.85514374673,TRUE,1.89958910345099,12.167595865582,0.11075
2024-12-05,"LEAR",1.45245833333333,7.04343736169514,1.0274199715403,13.2559418735727,TRUE,4.20535250970786,12.2285219020324,0.0315
2024-12-05,"PLYM",7.294625,6.32542983045252,0.531182383382696,12.1462438128648,TRUE,0.702821044669176,11.6150614294821,0.6775
2024-12-05,"SHDG",2.72595833333333,7.33757954265512,1.17397954624418,13.2730317516552,TRUE,3.26803276386756,12.099052205411,0.0525
2024-12-05,"SHE",3.56233333333333,7.73732272873725,1.61215205524642,14.264260452758,TRUE,2.84442337871022,12.6521083975116,0.0645
2024-12-05,"BEL2",7.1335,6.25141751689881,0.290021810269844,12.2902168819873,TRUE,0.667603995438032,12.0001950717174,0.65025
2024-12-05,"GLKP",5.49529166666667,5.33055455708297,-0.265084133650301,11.6578865540192,TRUE,0.53674886758734,11.9229706876695,0.5255
2024-12-05,"LECU",1.93504166666667,7.67547972587105,0.986297955596741,13.7522414109603,TRUE,4.30952007759005,12.7659434553635,0.03475
2024-12-05,"SUN2",4.38779166666667,7.06938263400724,0.951822485548475,14.0545901972127,TRUE,1.69745575900042,13.1027677116642,0.12675
2024-12-05,"TRAN",4.69045833333333,5.80640013140401,-0.301229120924859,12.1486274138532,TRUE,0.74968911391943,12.4498565347781,0.319
2024-12-05,"STOK",2.95991666666667,7.48988661061166,1.52883028395937,13.4116711918613,TRUE,3.19432972285205,11.8828409079019,0.048
2024-12-05,"BEX",2.12654166666667,7.73926041556792,1.516708392021,13.9100147821875,TRUE,4.15977216679858,12.3933063901665,0.03375
2024-12-05,"SEND",2.51866666666667,7.40885666934397,0.493183120645992,13.7723302742455,TRUE,3.43989017104424,13.2791471535995,0.0525
2024-12-05,"HUL2",4.16083333333333,9.30256351360511,3.08153287409522,15.8802782855158,TRUE,3.75435566861031,12.7987454114206,0.04375
2024-12-05,"PEMB",4.16779166666667,4.3895803440571,-2.06337804666585,10.7389343963852,TRUE,0.542040594447546,12.802312443051,0.46125
2024-12-05,"WFEN",1.597875,7.63756849451396,1.1365139837742,13.4528460448139,TRUE,4.54076607661969,12.3163320610397,0.028
2024-12-05,"OSY",3.731375,6.99664397876775,0.752049695771322,13.5363860045404,TRUE,2.19418110891322,12.7843363087691,0.09575
2024-12-05,"ACTH",2.961875,4.49521288039352,-1.57725339447889,10.663031237974,TRUE,0.95736137499636,12.2402846324529,0.23825
2024-12-05,"COPP",2.71229166666667,5.98527180747379,-0.289012265789982,12.1143027647433,TRUE,2.11489080533742,12.4033150305333,0.1015
2024-12-06,"EB",4.84766666666667,3.70682658385473,-2.6522134271144,9.89015877799899,TRUE,0.774840848315873,12.5423722051134,0.7015
2024-12-06,"IMGM",5.74583333333333,3.54511071873263,-3.04895542228744,9.79591100325077,TRUE,1.34531605385757,12.8448664255382,0.828
2024-12-06,"PRES",6.878,4.49128231862722,-1.71229757839457,11.0070382909215,TRUE,1.46492613251141,12.7193358693161,0.84775
2024-12-06,"BIRR",7.35254166666667,3.25541976326623,-2.91090847788175,9.44757179653038,TRUE,2.82254185360618,12.3584802744121,0.94
2024-12-06,"BLC2",7.16595833333333,4.9891524790329,-1.31602877524076,11.625570232501,TRUE,1.34058894476737,12.9415990077417,0.82125
2024-12-06,"BOTR",6.71491666666667,3.07203361696478,-3.03111444474887,9.02049147147296,TRUE,2.47995423555506,12.0516059162218,0.9285
2024-12-06,"GHSR",4.39179166666667,4.53790012470146,-1.41161127212505,10.5331401538704,TRUE,0.542362599969922,11.9447514259954,0.4825
2024-12-06,"LEAM",6.02983333333333,2.84678997482504,-3.24353017966071,9.11802889437396,TRUE,2.0364581517947,12.3615590740347,0.9025
2024-12-06,"NPT3",6.73154166666667,3.40345763453206,-2.77349313842435,9.12352564492207,TRUE,2.17754388617029,11.8970187833464,0.91025
2024-12-06,"REA1",5.31829166666667,2.97860849412982,-3.48587568945226,9.2415506389041,TRUE,1.41262187376521,12.7274263283564,0.839
2024-12-06,"SOUT",6.457375,3.81367810908794,-2.97313790262719,10.3118587610036,TRUE,1.6333314440496,13.2849966636308,0.86125
2024-12-06,"WREX",6.274625,3.26967547873817,-2.95353402989364,10.3330767687041,TRUE,1.93721064538485,13.2866107985977,0.88875
2024-12-06,"LEAR",5.51395833333333,2.77474690390792,-3.62506382497397,9.72996112453549,TRUE,1.72283256350266,13.3550249495095,0.86725
2024-12-06,"PLYM",9.36620833333333,5.24171646418092,-1.22303448878865,11.3408609335297,TRUE,2.85937610752367,12.5638954223184,0.938
2024-12-06,"SHDG",6.75416666666667,3.34911152199293,-2.86313088851749,9.2909250796409,TRUE,2.26107962810691,12.1540559681584,0.91525
2024-12-06,"SHE",6.305125,3.73685834325135,-2.36212491861856,9.90528094791784,TRUE,1.56315864695981,12.2674058665364,0.852
2024-12-06,"BEL2",6.19695833333333,5.16882676279068,-1.0255085125538,11.712278807455,TRUE,0.765146927826884,12.7377873200088,0.683
2024-12-06,"GLKP",4.15391666666667,4.41223774326345,-1.58495728849697,10.334199549607,TRUE,0.54757475598068,11.919156838104,0.4455
2024-12-06,"LECU",7.02054166666667,3.02936985224066,-3.08662738193645,9.56634815532963,TRUE,2.65044834695589,12.6529755372661,0.927
2024-12-06,"SUN2",5.80891666666667,4.05074669518109,-2.24779364652562,10.1920336315489,TRUE,1.08012007036644,12.4398272780745,0.78075
2024-12-06,"TRAN",8.13083333333333,4.08963833527266,-2.12467960171604,10.2958042448413,TRUE,2.77463719281909,12.4204838465573,0.9335
2024-12-06,"STOK",7.45583333333333,3.45425503367026,-3.20030779226005,9.96815420939708,TRUE,2.67788238960408,13.1684620016571,0.9235
2024-12-06,"BEX",6.03,3.11297568015376,-2.95489568476105,9.08031844433279,TRUE,1.93147789104851,12.0352141290938,0.89175
2024-12-06,"SEND",6.125125,3.26323929326245,-2.72174090751132,9.6909373178187,TRUE,1.8081952287174,12.41267822533,0.87825
2024-12-06,"HUL2",6.797375,4.11026737649957,-2.11485838788367,10.5869493785677,TRUE,1.70627087544104,12.7018077664513,0.87175
2024-12-06,"PEMB",6.35904166666667,3.77192371157776,-2.48474955614358,10.1494858603618,TRUE,1.63095435465757,12.6342354165054,0.8615
2024-12-06,"WFEN",6.32866666666667,2.88689913285017,-3.95852537804996,8.57799195934874,TRUE,2.3173814869797,12.5365173373987,0.9175
2024-12-06,"OSY",6.20879166666667,3.76134409549622,-2.92472084721252,10.259962394216,TRUE,1.50495408665106,13.1846832414285,0.84625
2024-12-06,"ACTH",3.189875,3.26034767497211,-2.80608292065953,9.60815347331588,TRUE,0.543162903953044,12.4142363939754,0.48275
2024-12-06,"COPP",6.68733333333333,3.24290187655857,-2.49428739181573,9.80594855314029,TRUE,2.2463003516142,12.300235944956,0.908
2024-12-07,"EB",3.94558333333333,5.70142715747299,-0.62573554993504,12.2875217423849,TRUE,1.1191612241793,12.91325729232,0.20925
2024-12-07,"IMGM",2.70833333333333,6.06781162717803,-0.358252638254587,12.2139839001004,TRUE,2.18538206850204,12.572236538355,0.09925
2024-12-07,"PRES",1.90166666666667,6.63497874729834,0.466835184933079,12.9052199929542,TRUE,3.40879922434617,12.4383848080211,0.047
2024-12-07,"BIRR",2.43316666666667,6.7450555748268,0.630704844357466,12.9274089784268,TRUE,3.04421082652113,12.2967041340694,0.05375
2024-12-07,"BLC2",4.311125,6.79400955023184,0.505298190923084,13.0342439278708,TRUE,1.52790450767243,12.5289457369477,0.14925
2024-12-07,"BOTR",1.56054166666667,6.45665741842418,0.178879917014883,12.575745083582,TRUE,3.51604397636681,12.3968651665671,0.046
2024-12-07,"GHSR",0.951333333333333,5.57004541644431,-0.96375651229405,11.384458686699,TRUE,3.26343472770083,12.3482151989931,0.05325
2024-12-07,"LEAM",2.749625,6.14775966460892,-0.209088118732825,12.1595283395302,TRUE,2.25831014651598,12.368616458263,0.08675
2024-12-07,"NPT3",3.671375,6.48968706819603,0.291323019142091,13.4328210464016,TRUE,1.83639552485071,13.1414980272595,0.11725
2024-12-07,"REA1",2.332,5.85060293861842,-0.434325130477185,11.5480546291057,TRUE,2.32334593750322,11.9823797595829,0.0895
2024-12-07,"SOUT",3.905375,6.39655398330778,-0.00808446601260459,12.4712737948923,TRUE,1.59923795252555,12.4793582609049,0.13925
2024-12-07,"WREX",4.43004166666667,6.290688686306,0.479661519014746,12.4256758846946,TRUE,1.16611068774056,11.9460143656799,0.202
2024-12-07,"LEAR",2.17675,5.92073567478795,-0.245395036341904,11.9138038998531,TRUE,2.47500260412288,12.159198936195,0.08125
2024-12-07,"PLYM",11.2126666666667,7.76551484204355,1.4392240973046,13.8515962879534,TRUE,2.24629154003467,12.4123721906488,0.91
2024-12-07,"SHDG",1.30404166666667,6.49587664617127,0.566227541346443,12.9284711642478,TRUE,3.78812236113953,12.3622436229013,0.03525
2024-12-07,"SHE",1.2235,6.32774303439442,0.110058383624504,12.3674298796674,TRUE,3.70484000899732,12.2573714960429,0.04575
2024-12-07,"BEL2",5.62004166666667,6.3914065646092,-0.282234738997899,13.2068447381536,TRUE,0.671130734441644,13.4890794771515,0.36
2024-12-07,"GLKP",0.638708333333333,5.45816479347486,-0.942940319969909,11.6129660803704,TRUE,3.45196185651542,12.5559064003403,0.04775
2024-12-07,"LECU",1.71191666666667,6.58650279875568,0.297754010961281,12.6481959812933,TRUE,3.5281700243346,12.350441970332,0.0435
2024-12-07,"SUN2",3.753,6.13889579420461,0.228665629752495,12.6912905932644,TRUE,1.47834790798943,12.4626249635119,0.152
2024-12-07,"TRAN",6.97129166666667,7.15132831232623,0.262282805152564,13.5829793615281,TRUE,0.564517315465148,13.3206965563755,0.468
2024-12-07,"STOK",2.84395833333333,6.80623133147288,0.588872008757992,12.7638722133002,TRUE,2.70109293720415,12.1750002045422,0.066
2024-12-07,"BEX",2.04004166666667,6.16450482845866,-0.262407827930389,12.2374879955209,TRUE,2.81102468929564,12.4998958234513,0.06775
2024-12-07,"SEND",2.039125,6.21772054640223,-0.179510675071529,12.3567230250583,TRUE,2.85543169204848,12.5362337001298,0.0615
2024-12-07,"HUL2",3.01204166666667,6.55889766867605,0.262753180230049,13.1061790804961,TRUE,2.38509968210393,12.8434259002661,0.0835
2024-12-07,"PEMB",7.50960869565217,6.36975116304418,0.207378955927112,12.4471607058128,TRUE,0.749574339136034,12.2397817498857,0.68725
2024-12-07,"WFEN",1.35908333333333,6.27718777261277,-0.088698488259535,12.8228827109802,TRUE,3.54772188882341,12.9115811992397,0.04675
2024-12-07,"OSY",2.59925,6.29135209940727,0.0765524979135814,12.7975105365708,TRUE,2.47530054535679,12.7209580386572,0.082
2024-12-07,"ACTH",0.452958333333333,4.96338227963689,-1.3207199290712,10.9153443724584,TRUE,3.17164944896143,12.2360643015296,0.05925
2024-12-07,"COPP",3.00520833333333,6.46658193787957,0.677099644575007,12.9565346332049,TRUE,2.32718886264335,12.2794349886299,0.0855
2024-12-08,"EB",1.52020833333333,3.82704562407852,-2.87575931580174,10.5636124888872,TRUE,1.40880690716644,13.4393718046889,0.1735
2024-12-08,"IMGM",6.934875,3.32031323655305,-2.94541770563545,10.0039009506498,TRUE,2.45199660679868,12.9493186562853,0.92175
2024-12-08,"PRES",2.46366666666667,3.00682783178865,-3.29645002286177,9.41578974562395,TRUE,0.603961381006038,12.7122397684857,0.394
2024-12-08,"BIRR",2.38795833333333,3.25110680874534,-3.11933315372542,9.60058830698376,TRUE,0.694686940450004,12.7199214607092,0.34825
2024-12-08,"BLC2",2.25625,4.05662400569988,-2.17326588412347,10.3130095505644,TRUE,1.11320813561806,12.4862754346879,0.21575
2024-12-08,"BOTR",2.550125,2.85441935233517,-3.35485746669155,9.17160955793855,TRUE,0.549344812608885,12.5264670246301,0.446
2024-12-08,"GHSR",1.3975,2.5194266723247,-3.83168668840312,9.20180730461738,TRUE,0.778876033184963,13.0334939930205,0.3025
2024-12-08,"LEAM",2.51479166666667,3.34693039713951,-3.56298784100229,9.5140453289976,TRUE,0.684866291934728,13.0770331699999,0.358
2024-12-08,"NPT3",2.200375,3.76682097743787,-2.61175469136392,9.9500523892623,TRUE,0.985456079171985,12.5618070806262,0.23725
2024-12-08,"REA1",2.08916666666667,3.14451969085906,-2.99711392063687,9.38971483054455,TRUE,0.756479062280367,12.3868287511814,0.3085
2024-12-08,"SOUT",1.71783333333333,3.85943479082858,-2.32830197677101,10.4875915163308,TRUE,1.33783976021345,12.8158934931019,0.166
2024-12-08,"WREX",3.74120833333333,4.08044353886698,-2.29264838500726,10.2224170331679,TRUE,0.5755139963559,12.5150654181751,0.4425
2024-12-08,"LEAR",2.20804166666667,3.08349957274987,-3.37187531940182,9.17244317645672,TRUE,0.672358575426431,12.5443184958585,0.357
2024-12-08,"PLYM",5.14358333333333,7.10612936521118,0.816741270067172,13.5617767112155,TRUE,1.22651326492379,12.7450354411484,0.1855
2024-12-08,"SHDG",3.694,2.74482371131783,-3.40846829959648,8.87259208536688,TRUE,0.695041615505478,12.2810603849634,0.6565
2024-12-08,"SHE",3.79725,2.69614863831992,-3.63898042391453,9.56857857140478,TRUE,0.750091438617909,13.2075589953193,0.68325
2024-12-08,"BEL2",3.804125,4.59212705467038,-1.76067859806568,10.4138775609182,TRUE,0.647448377923068,12.1745561589839,0.36425
2024-12-08,"GLKP",1.09075,2.37701833656109,-3.81851592391041,8.83038670941028,TRUE,0.810688601936798,12.6489026333207,0.2945
2024-12-08,"LECU",3.04245833333333,2.929261387297,-3.48614287650032,8.90859645707761,TRUE,0.546126209651685,12.3947393335779,0.5215
2024-12-08,"SUN2",9.4635,3.77356308615289,-2.6517225876182,10.3013728288306,TRUE,4.23812679654548,12.9530954164488,0.96575
2024-12-08,"TRAN",3.83258333333333,5.23565194776862,-0.574679935478719,11.2394876503668,TRUE,0.875918279234684,11.8141675858455,0.26825
2024-12-08,"STOK",2.60708333333333,3.43176326240216,-3.18952108102406,9.82604810411413,TRUE,0.69379543857604,13.0155691851382,0.3465
2024-12-08,"BEX",3.06604166666667,3.04039295631702,-3.2909502463086,9.1695619767347,TRUE,0.552915384972336,12.4605122230433,0.50875
2024-12-08,"SEND",3.508375,3.04293745753905,-3.16565820157908,10.0041094232583,TRUE,0.5802293658457,13.1697676248374,0.5835
2024-12-08,"HUL2",5.61725,3.48402160862386,-2.92396409132085,10.1850606183148,TRUE,1.268551689926,13.1090247096356,0.80875
2024-12-08,"PEMB",4.624625,5.41343723665984,-0.727679974376964,11.9119993515736,TRUE,0.675067275354595,12.6396793259506,0.3515
2024-12-08,"WFEN",4.59420833333333,2.75544885388401,-3.26025400294416,8.79913802118894,TRUE,1.12182342959915,12.0593920241331,0.7905
2024-12-08,"OSY",3.42275,3.28749980874323,-3.03149158186979,9.27447126887851,TRUE,0.547263845381523,12.3059628507483,0.5345
2024-12-08,"ACTH",1.46233333333333,2.26697319603676,-4.06938381710788,8.02046779988349,TRUE,0.664685106066491,12.0898516169914,0.355
2024-12-08,"COPP",2.60720833333333,3.47766797499363,-2.62568584693062,9.58678747942868,TRUE,0.682092902995735,12.2124733263593,0.33725
2024-12-09,"EB",3.7805,3.29145900572827,-3.00926480191362,9.8738667856652,TRUE,0.589228645549607,12.8831315875788,0.584
2024-12-09,"IMGM",5.947375,5.59236891153216,-0.584423693741823,11.9495055440947,TRUE,0.581532989729509,12.5339292378365,0.561
2024-12-09,"PRES",3.79620833333333,3.63585488885246,-2.59576649640285,9.61665818097131,TRUE,0.537279898551237,12.2124246773742,0.53025
2024-12-09,"BIRR",5.59658333333333,3.61957834340701,-2.89446076482817,10.0348997997624,TRUE,1.20330757430837,12.9293605645906,0.80775
2024-12-09,"BLC2",3.01895833333333,3.62073132142701,-2.776417189955,9.9077206319273,TRUE,0.631050344380532,12.6841378218823,0.3865
2024-12-09,"BOTR",5.10520833333333,3.66266034672236,-2.34094259991179,10.1503373027854,TRUE,0.886626791083629,12.4912799026972,0.74175
2024-12-09,"GHSR",4.01241666666667,3.14589028336057,-3.58775109512418,9.07622409285568,TRUE,0.713017779754819,12.6639751879799,0.6715
2024-12-09,"LEAM",4.94595833333333,3.68415316875846,-2.87167030668711,9.8153734363439,TRUE,0.818704346643286,12.687043743031,0.7055
2024-12-09,"NPT3",3.93870833333333,3.57681716141547,-2.47781102645579,9.54829524145329,TRUE,0.568293057171701,12.0261062679091,0.56775
2024-12-09,"REA1",4.20495833333333,3.4873719870119,-3.01796413500084,9.84737063694326,TRUE,0.649249713438012,12.8653347719441,0.6335
2024-12-09,"SOUT",3.72533333333333,3.37559080761009,-2.60395851638029,9.60891324191332,TRUE,0.579861103182717,12.2128717582936,0.564
2024-12-09,"WREX",4.81520833333333,4.26591470019179,-1.5960718432753,10.551451503801,TRUE,0.579765493640508,12.1475233470763,0.5785
2024-12-09,"LEAR",4.51354166666667,3.53392733244935,-2.63327962837841,9.89092491238926,TRUE,0.717418476491772,12.5242045407677,0.6735
2024-12-09,"PLYM",3.70779166666667,5.08141036923403,-1.49203058024587,11.1428338475076,TRUE,0.88217845496069,12.6348644277535,0.274
2024-12-09,"SHDG",5.52191666666667,4.14888959691014,-1.88333663753887,10.1775707409949,TRUE,0.86013585890725,12.0609073785338,0.7285
2024-12-09,"SHE",4.663875,4.19100426970259,-2.1481905150902,10.2132088140447,TRUE,0.612730423716032,12.3613993291349,0.58725
2024-12-09,"BEL2",5.623125,4.32988021723971,-1.48618598980522,10.6352537268551,TRUE,0.815898275524488,12.1214397166603,0.71775
2024-12-09,"GLKP",3.918125,3.00370929661513,-3.37090281036215,9.46284929578202,TRUE,0.71588803870714,12.8337521061442,0.66725
2024-12-09,"LECU",5.11104166666667,3.88002945062203,-2.27924573582927,10.4432306714847,TRUE,0.83202590495124,12.7224764073139,0.7095
2024-12-09,"SUN2",5.832375,6.71703689342596,0.485960307674707,12.8593855188526,TRUE,0.685495348887597,12.3734252111779,0.3545
2024-12-09,"TRAN",4.44191666666667,4.38394416934544,-1.72629826581115,10.8356264419277,TRUE,0.545233110768716,12.5619247077389,0.5035
2024-12-09,"STOK",4.19425,3.72693953855977,-2.51670115041143,10.0487339715146,TRUE,0.584667808197957,12.565435121926,0.59
2024-12-09,"BEX",5.550375,3.9003605387672,-2.13448197564874,10.2988169972215,TRUE,1.02244916923384,12.4332989728703,0.773
2024-12-09,"SEND",5.28108333333333,4.09142181905143,-2.41437704453591,10.2980840283504,TRUE,0.825226200237948,12.7124610728863,0.714
2024-12-09,"HUL2",7.09220833333333,5.03253833074407,-1.26936200217676,11.2951398615476,TRUE,1.27514357383909,12.5645018637244,0.81
2024-12-09,"PEMB",2.667125,4.74274952270677,-1.55777702421718,11.2280481341357,TRUE,1.24561779087777,12.7858251583529,0.184
2024-12-09,"WFEN",5.09441666666667,4.53948433460969,-1.88195504951431,10.8770228874349,TRUE,0.617121787770926,12.7589779369492,0.59675
2024-12-09,"OSY",5.24770833333333,4.07174609354237,-1.87945711291956,10.2195228855319,TRUE,0.768948292544065,12.0989799984515,0.69275
2024-12-09,"ACTH",3.63804166666667,3.15849274926772,-2.97557022891078,9.77035515517061,TRUE,0.59382952675262,12.7459253840814,0.58125
2024-12-09,"COPP",4.173625,3.73197809998536,-1.9457743798974,9.75444077877229,TRUE,0.566734929123755,11.7002151586697,0.57275
2024-12-10,"EB",3.87866666666667,4.6360031695621,-1.38949447314872,10.7362205436878,TRUE,0.645539645185575,12.1257150168366,0.36975
2024-12-10,"IMGM",4.50570833333333,5.7394792958747,-0.580184510329026,11.9397819876603,TRUE,0.805360436780264,12.5199664979893,0.287
2024-12-10,"PRES",3.93766666666667,4.67195341662908,-2.00078849961239,10.7743203197355,TRUE,0.646499170356415,12.7751088193479,0.3655
2024-12-10,"BIRR",5.54833333333333,5.44738169875966,-0.643788082221341,11.4551397247612,TRUE,0.531522954492571,12.0989278069826,0.517
2024-12-10,"BLC2",4.02420833333333,4.32976691130479,-1.64027285859747,10.7197388608493,TRUE,0.555877923828876,12.3600117194467,0.45575
2024-12-10,"BOTR",4.68754166666667,5.24011880024561,-0.92029610518735,11.0964673361039,TRUE,0.575950362951722,12.0167634412912,0.40075
2024-12-10,"GHSR",12.0469583333333,4.73239885625029,-1.24396958830594,10.8650210046313,FALSE,5.82388532028501,59.3864837410155,0.9845
2024-12-10,"LEAM",4.56475,5.17022999413245,-1.06237570745489,11.540829778095,TRUE,0.621059942068315,12.6032054855499,0.3875
2024-12-10,"NPT3",4.20304166666667,4.72537506374333,-1.49489101943694,11.0804831017144,TRUE,0.609691594477693,12.5753741211513,0.39675
2024-12-10,"REA1",3.55929166666667,4.8369583639549,-1.24845882696053,10.8326325334877,TRUE,0.839747000394171,12.0810913604482,0.28
2024-12-10,"SOUT",3.51029166666667,4.61827995317002,-1.65153161927811,11.0090368747869,TRUE,0.743789478881373,12.660568494065,0.32025
2024-12-10,"WREX",5.33616666666667,5.15165651573954,-0.984669442372271,11.6536639298542,TRUE,0.555512911843622,12.6383333722265,0.5395
2024-12-10,"LEAR",4.13520833333333,4.97394215623525,-1.41433931274998,10.8889018978656,TRUE,0.657717762508995,12.3032412106156,0.347
2024-12-10,"PLYM",4.436875,4.71659869365564,-1.60843603829181,11.0446616399134,TRUE,0.553262363242456,12.6530976782052,0.4645
2024-12-10,"SHDG",7.43320833333333,5.45549779377413,-0.70422299210979,12.0947600421866,TRUE,1.19949183365782,12.7989830342964,0.79975
2024-12-10,"SHE",5.16020833333333,5.08801232310298,-1.08044698963086,11.1518283447963,TRUE,0.554655799019174,12.2322753344271,0.5215
2024-12-10,"BEL2",7.99441666666667,5.5026243482519,-0.338985290846478,12.0749527463053,TRUE,1.55706277260117,12.4139380371518,0.8515
2024-12-10,"GLKP",13.110375,4.68218225386469,-1.04870145583884,11.0036433738283,FALSE,6.892267835425,96.3216098765336,0.98575
2024-12-10,"LECU",4.677625,5.25785783251873,-1.26212894354764,11.0552129869204,TRUE,0.588889038889397,12.317341930468,0.406
2024-12-10,"SUN2",3.78058333333333,5.76796374685648,-0.870718332774169,12.1006500068093,TRUE,1.17542184433519,12.9713683395834,0.206
2024-12-10,"TRAN",4.595125,4.99321773627767,-1.78442925490071,11.1420792769812,TRUE,0.573624065251711,12.9265085318819,0.4225
2024-12-10,"STOK",4.60295833333333,4.84834216793838,-1.80939615039878,10.7752746683972,TRUE,0.561492960134061,12.584670818796,0.45375
2024-12-10,"BEX",4.01345833333333,5.44838044598813,-0.421468765934088,11.4071635714993,TRUE,0.875991473943646,11.8286323374333,0.259
2024-12-10,"SEND",4.36029166666667,5.34571887265179,-0.963991641579853,11.6717506643667,TRUE,0.724007527921941,12.6357423059465,0.32925
2024-12-10,"HUL2",6.01520833333333,6.19332104718863,0.0509367315548215,12.6009545743125,TRUE,0.549480844374548,12.5500178427576,0.46275
2024-12-10,"PEMB",3.42970833333333,4.25098484793277,-1.89701400952188,10.7615157693565,TRUE,0.694751025284526,12.6585297788784,0.33925
2024-12-10,"WFEN",4.27275,5.29864347709427,-0.929750105835373,11.522958822141,TRUE,0.7228757029711,12.4527089279763,0.33
2024-12-10,"OSY",3.87579166666667,5.32865391018481,-0.984192389853432,11.3030165391241,TRUE,0.934935915124163,12.2872089289775,0.2495
2024-12-10,"ACTH",4.87720833333333,4.57267161667041,-1.54600290636807,10.5857104299026,TRUE,0.575592311859787,12.1317133362707,0.55525
2024-12-10,"COPP",4.75933333333333,4.83943595657523,-1.33533957536964,11.197954079037,TRUE,0.537039678769123,12.5332936544066,0.4855
2024-12-11,"EB",9.84466666666667,4.73482770683648,-1.66190156854611,10.949185693328,TRUE,3.74979494168766,12.6110872618741,0.959
2024-12-11,"IMGM",4.40641666666667,5.07269445107129,-1.18291640783727,11.1726100193866,TRUE,0.606739383820363,12.3555264272239,0.39425
2024-12-11,"PRES",5.97095833333333,4.76080149851734,-1.45730745622484,11.1759997111968,TRUE,0.800720845038885,12.6333071674216,0.713
2024-12-11,"BIRR",5.05120833333333,5.51226858672416,-0.5483338462418,11.5663512820138,TRUE,0.585000121047656,12.1146851282556,0.409
2024-12-11,"BLC2",6.78754166666667,4.77416145807136,-1.54419239505158,10.96327707586,TRUE,1.22077647297457,12.5074694709115,0.804
2024-12-11,"BOTR",5.06883333333333,5.12521405443182,-1.3001143284601,11.5778729654473,TRUE,0.552240158119082,12.8779872939074,0.47675
2024-12-11,"GHSR",10.01675,8.27072856323655,2.12479058477774,14.6265398671852,TRUE,1.10742103793311,12.5017492824074,0.7935
2024-12-11,"LEAM",3.921,5.0672448687932,-1.42579770589326,11.4504498783546,TRUE,0.783684109643887,12.8762475842479,0.30825
2024-12-11,"NPT3",5.39408695652174,4.87984942905603,-1.11175131822346,11.2879199099137,TRUE,0.589132438564226,12.3996712281371,0.59225
2024-12-11,"REA1",4.45266666666667,4.6099773983878,-1.9571997452195,10.6704066427969,TRUE,0.545761933467955,12.6276063880164,0.486
2024-12-11,"SOUT",5.01483333333333,4.57398304845965,-1.54636972113448,10.6098541524111,TRUE,0.573830755522754,12.1562238735456,0.581
2024-12-11,"WREX",9.71108333333333,5.39645794277062,-1.40075653679089,11.6699775768343,TRUE,3.03019422179576,13.0707341136252,0.94125
2024-12-11,"LEAR",3.755,4.86831443264623,-1.01955028169138,11.2967268746431,TRUE,0.778570668720667,12.3162771563344,0.30325
2024-12-11,"PLYM",6.77779166666667,4.97372818609758,-1.62262688512967,11.2055935373357,TRUE,1.11940161629994,12.8282204224654,0.79375
2024-12-11,"SHDG",6.40720833333333,6.32423337762472,-0.348536109805632,12.928677627939,TRUE,0.544502961528009,13.2772137377447,0.51375
2024-12-11,"SHE",6.1695,5.31576528290812,-0.829547209091007,11.7746220409185,TRUE,0.683819011923149,12.6041692500095,0.6595
2024-12-11,"BEL2",8.20466666666667,6.56980598089278,0.594846771317085,12.8643203650373,TRUE,0.99262421203473,12.2694735937202,0.75975
2024-12-11,"GLKP",10.07975,8.72721370440351,2.59169546408865,14.987652120154,TRUE,0.854339835415004,12.3959566560653,0.72525
2024-12-11,"LECU",3.98775,5.12111033823128,-0.970259945605077,11.3283914213855,TRUE,0.786923732352511,12.2986513669906,0.306
2024-12-11,"SUN2",6.89866666666667,4.75588292076745,-1.29425700991166,11.2940059836671,TRUE,1.33071894973838,12.5882629935787,0.82375
2024-12-11,"TRAN",6.93204166666667,5.06478604075525,-1.1713008861546,11.1056741848562,TRUE,1.13844884322506,12.2769750710108,0.789
2024-12-11,"STOK",7.46666666666667,5.06051419589026,-1.69112731728063,10.9023445832756,TRUE,1.54825927631607,12.5934719005562,0.853
2024-12-11,"BEX",4.84670833333333,4.84776858600032,-1.45059552895761,11.1370081149459,TRUE,0.546339940175977,12.5876036439035,0.52075
2024-12-11,"SEND",4.75920833333333,4.98927750771426,-1.25224582724569,11.1170907395468,TRUE,0.555493201600283,12.3693365667925,0.44225
2024-12-11,"HUL2",5.82941666666667,5.76019306167554,-0.198311594596916,11.7050235339475,TRUE,0.535954831333845,11.9033351285444,0.514
2024-12-11,"PEMB",6.20183333333333,4.5064594116494,-1.66726545218042,10.7686134419743,TRUE,1.05653415845024,12.4358788941547,0.77775
2024-12-11,"WFEN",4.08408333333333,4.94568894671472,-1.61836576531516,10.983733096049,TRUE,0.664339065163467,12.6020988613642,0.351
2024-12-11,"OSY",3.77458333333333,4.77894004914665,-1.51039202917046,10.864897672115,TRUE,0.749073651991156,12.3752897012854,0.3125
2024-12-11,"ACTH",3.013,5.1617976826602,-1.10660295500604,11.4125602863291,TRUE,1.26672431382333,12.5191632413352,0.18475
2024-12-11,"COPP",15.81375,5.12743120716191,-1.18110668261021,11.3433702659099,FALSE,9.09863049412447,191.339666312122,0.99575
2024-12-12,"EB",14.631625,7.64807803413764,1.35906970595005,14.2010546724301,FALSE,5.42878813061007,30.0647980692759,0.97875
2024-12-12,"IMGM",2.31129166666667,5.3181172784937,-1.21192530432902,11.0208483279208,TRUE,1.93450871732282,12.2327736322498,0.10925
2024-12-12,"PRES",8.59079166666667,5.97644568792916,-0.350948366125617,12.266703125003,TRUE,1.63078075873728,12.6176514911286,0.85625
2024-12-12,"BIRR",7.562,5.62889926483234,-0.405081398214398,11.661127070574,TRUE,1.16174724482962,12.0662084687884,0.79775
2024-12-12,"BLC2",9.83295833333333,6.33188784825155,-0.0762507543870149,12.3004403158876,TRUE,2.33628115658619,12.3766910702746,0.913
2024-12-12,"BOTR",7.02933333333333,5.6099045320623,-0.368670073643041,11.9107109912338,TRUE,0.910838352089335,12.2793810648769,0.74325
2024-12-12,"GHSR",11.373,7.97491694400928,2.04461960362237,14.5426485988532,TRUE,2.21675483694597,12.4980289952309,0.90275
2024-12-12,"LEAM",5.913875,5.11024060113185,-1.24256357094689,11.6113909549487,TRUE,0.666214513913423,12.8539545258956,0.6405
2024-12-12,"NPT3",6.06329166666667,5.73543841884815,-0.351156240904262,11.6876720352481,TRUE,0.572914020433385,12.0388282761524,0.57925
2024-12-12,"REA1",5.42545833333333,5.30884180980523,-1.33257267477825,11.5352247762182,TRUE,0.542974736677308,12.8677974509964,0.524
2024-12-12,"SOUT",6.170375,5.55018517567257,-0.694168991238913,11.8872325580279,TRUE,0.628725768601752,12.5814015492668,0.61525
2024-12-12,"WREX",14.0989583333333,7.63542379478012,1.40405174028538,13.4344627852933,FALSE,5.07251304470584,38.6102329666089,0.9815
2024-12-12,"LEAR",5.39891666666667,5.02524999998563,-1.2469873072534,11.184019727613,TRUE,0.560932112109966,12.4310070348664,0.56275
2024-12-12,"PLYM",12.286875,6.34043216710441,0.0201773629546781,12.5987282397556,TRUE,4.5015725474655,12.5785508768009,0.9705
2024-12-12,"SHDG",10.2849583333333,6.2729614869927,0.357738516714622,12.902978365012,TRUE,2.72384102824657,12.5452398482974,0.9335
2024-12-12,"SHE",9.67570833333333,6.10000762874755,-0.260475780891491,12.3190472423732,TRUE,2.38537259857576,12.5795230232647,0.9225
2024-12-12,"BEL2",17.8666666666667,7.06681813029253,0.709537823172395,13.6356346428164,FALSE,9.15473483847907,182.167377773656,0.99275
2024-12-12,"GLKP",12.2887916666667,8.03500551660119,1.58118205898862,14.8445335694793,TRUE,2.98600408403283,13.2633515104906,0.933
2024-12-12,"LECU",5.21529166666667,5.1425660377151,-1.23129788439665,11.7042731884239,TRUE,0.546037896960871,12.9355710728205,0.50925
2024-12-12,"SUN2",12.4853333333333,6.37236331683945,-0.904231328254299,13.1728633400295,TRUE,4.66044564366983,14.0770946682838,0.96775
2024-12-12,"TRAN",16.4534166666667,6.411960555686,0.0461085688308654,12.9291172706319,FALSE,8.46475387875322,153.854984543193,0.99225
2024-12-12,"STOK",8.02683333333333,6.64316265325734,0.77806509941752,13.2207789103454,TRUE,0.853948205341289,12.4427138109278,0.71475
2024-12-12,"BEX",7.637625,5.49310845236559,-0.481451603026391,11.2409034838942,TRUE,1.32225727426482,11.7223550869206,0.82125
2024-12-12,"SEND",7.82825,5.46602944672374,-0.901390308630068,11.6889648020714,TRUE,1.45153459867613,12.5903551107014,0.83525
2024-12-12,"HUL2",3.98091666666667,5.9795201512173,-0.204788946245953,12.2633328332412,TRUE,1.2596619228813,12.4681217794871,0.1915
2024-12-12,"PEMB",7.63366666666667,6.06048252049641,-0.33085294870922,12.1377588166026,TRUE,0.977078894099337,12.4686117653119,0.762
2024-12-12,"WFEN",4.41633333333333,5.17166689128529,-0.920244127206846,11.6439814188921,TRUE,0.654894468538222,12.5642255460989,0.3585
2024-12-12,"OSY",3.59179166666667,5.02569098198464,-1.48847150324701,11.3409332328132,TRUE,0.927067196937185,12.8294047360602,0.25425
2024-12-12,"ACTH",5.93945833333333,4.72763999716955,-1.56172976572223,11.1029432689841,TRUE,0.809667432429791,12.6646730347063,0.70225
2024-12-12,"COPP",11.0357916666667,10.2539670185098,4.34990036039873,16.8303570219341,TRUE,0.649877101268628,12.4804566615354,0.6395
2024-12-13,"EB",20.7390416666667,10.5486030889169,4.64636266818175,16.3789587695274,FALSE,8.6932267237173,186.135911986919,0.9955
2024-12-13,"IMGM",7.12954166666667,5.05806685364025,-1.0943419450905,11.112962510716,TRUE,1.22565529031468,12.2073044558065,0.81075
2024-12-13,"PRES",7.22879166666667,7.81919692038652,1.62299070377952,14.0777193799513,TRUE,0.613101232672364,12.4547286761718,0.3875
2024-12-13,"BIRR",9.04679166666667,7.3463238436469,1.14556429189889,13.5438854495583,TRUE,1.01018756973648,12.3983211576594,0.76425
2024-12-13,"BLC2",7.1945,8.38105968818027,2.35614716010323,14.8115720841755,TRUE,0.782736680973295,12.4554249240723,0.292
2024-12-13,"BOTR",10.8825,7.1167547213843,1.03017191814171,13.6161530425122,TRUE,2.53518173563536,12.5859811243705,0.92225
2024-12-13,"GHSR",9.891875,9.14618462290763,3.25831628430765,15.9976695439609,TRUE,0.623984300243922,12.7393532596532,0.625
2024-12-13,"LEAM",8.63508333333333,6.5993908145936,0.452370374513246,12.4325046067835,TRUE,1.21182885664163,11.9801342322702,0.80475
2024-12-13,"NPT3",7.46758333333333,6.70947543341414,0.647374338857335,12.5994511564336,TRUE,0.665639612358105,11.9520768175762,0.6395
2024-12-13,"REA1",12.9325,6.40482791310942,0.174170075317479,12.648001207226,FALSE,5.06615886587105,23.8537828428683,0.97675
2024-12-13,"SOUT",12.562,6.74401233441885,0.616238074752498,13.1875938951569,TRUE,4.36675808137688,12.5713558204044,0.968
2024-12-13,"WREX",10.6771666666667,10.3143598137458,4.22178240751028,16.5828609818415,TRUE,0.56227761818555,12.3610785743312,0.551
2024-12-13,"LEAR",8.804125,6.37179553993413,-0.370066845806491,12.8076186096772,TRUE,1.53082342416477,13.1776854554837,0.844
2024-12-13,"PLYM",10.6780833333333,9.44085926275386,3.25651942895,15.6090606149915,TRUE,0.837255111819846,12.3525411860415,0.71125
2024-12-13,"SHDG",8.68120833333333,8.5645684735069,2.49848064864788,14.7806907034967,TRUE,0.541530352227583,12.2822100548489,0.51775
2024-12-13,"SHE",9.95875,8.29402220587404,1.9635769450503,14.7333313705633,TRUE,1.00429182942167,12.769754425513,0.76575
2024-12-13,"BEL2",17.2564166666667,11.8954572199328,5.6712346873442,18.4931004715905,TRUE,3.93369345733625,12.8218657842463,0.96025
2024-12-13,"GLKP",8.67333333333333,9.54375742559661,3.01228782100272,15.8339233379879,TRUE,0.679077701253893,12.8216355169852,0.34225
2024-12-13,"LECU",6.82979166666667,6.29966363836525,-0.0815534248293364,12.4218434322543,TRUE,0.600866900957703,12.5033968570837,0.603
2024-12-13,"SUN2",6.28545833333333,9.53033047664856,3.16845051806931,15.7791548504505,TRUE,2.08484052872805,12.6107043323812,0.102
2024-12-13,"TRAN",12.3182916666667,11.2455886642591,4.77749449488554,17.5127153790476,TRUE,0.754778191064389,12.735220884162,0.6935
2024-12-13,"STOK",9.83304166666667,7.62180020466468,1.62738482816044,13.6834986411574,TRUE,1.33282736092307,12.056113812997,0.825
2024-12-13,"BEX",24.31225,7.37267261475259,0.730894057297608,13.5340424949159,FALSE,15.3235874855475,443.931448640981,0.998
2024-12-13,"SEND",26.7572083333333,7.45231851077222,1.1700491893978,14.0602380136815,FALSE,17.6390816170823,520.769001610354,0.999
2024-12-13,"HUL2",9.52929166666667,5.82333873901392,-0.204980580042563,12.3635171760705,TRUE,2.43919573411012,12.568497756113,0.91725
2024-12-13,"PEMB",4.833,7.41285223243082,0.771940800030351,13.4317524723074,TRUE,1.58569957330679,12.6598116722771,0.14475
2024-12-13,"WFEN",10.742,5.95748857554356,-0.357050192567604,12.3415766743042,TRUE,3.47175517533085,12.6986268668718,0.9545
2024-12-13,"OSY",19.93225,5.59171629680178,-1.27555353315932,11.3503274432585,FALSE,12.8731328669611,355.902783246077,0.9975
2024-12-13,"ACTH",2.91270833333333,6.58237480661978,0.23976112162425,13.1275285805651,TRUE,2.49910665833286,12.8877674589409,0.07725
2024-12-13,"COPP",8.275375,9.17970628957577,3.04312888654857,15.1115569067151,TRUE,0.678102888564307,12.0684280201666,0.34675
2024-12-14,"EB",5.95716666666667,13.7979397176379,7.52879521422803,20.3013602227244,FALSE,6.32230013611425,75.6377069109506,0.01325
2024-12-14,"IMGM",5.98179166666667,7.53773977038561,1.27108421721813,13.5930293545534,TRUE,0.971184553927112,12.3219451373352,0.25025
2024-12-14,"PRES",4.21979166666667,7.77472807477518,1.71164786220583,14.3125567709316,TRUE,2.36095658118414,12.6009089087258,0.0885
2024-12-14,"BIRR",5.31545833333333,8.52830870358123,2.10251954134732,14.6271655606972,TRUE,2.02072531262082,12.5246460193499,0.106
2024-12-14,"BLC2",4.35233333333333,7.79831181293646,1.38824147850899,13.8848068947977,TRUE,2.3103470118518,12.4965654162887,0.0875
2024-12-14,"BOTR",5.53470833333333,9.30487561607452,2.38818052631423,15.7604250727872,TRUE,2.59169498057517,13.3722445464729,0.0765
2024-12-14,"GHSR",3.59683333333333,9.01119344642055,2.60196668820983,15.4423386062686,TRUE,4.02234991355439,12.8403719180587,0.03725
2024-12-14,"LEAM",6.08691666666667,8.29950234929301,2.2699794244615,14.466281956672,TRUE,1.35266126184747,12.1963025322105,0.16725
2024-12-14,"NPT3",3.873875,7.79975685213591,1.63080664837359,13.9627823275321,TRUE,2.70289866433995,12.3319756791585,0.07225
2024-12-14,"REA1",7.32508333333333,10.1409041131552,3.31120088836882,16.3944552776041,TRUE,1.79230592931041,13.0832543892353,0.1245
2024-12-14,"SOUT",6.139,10.0038736278208,3.83595513388604,16.4013712571505,TRUE,2.67808696733093,12.5654161232645,0.06775
2024-12-14,"WREX",2.61595833333333,9.43470715626138,2.90224836175262,15.4836528852699,FALSE,5.23887475827796,24.0330056602887,0.02225
2024-12-14,"LEAR",5.622125,8.35661057187867,2.06421276008619,14.6992836772186,TRUE,1.7196159634066,12.6350709171324,0.13225
2024-12-14,"PLYM",6.688375,9.37908802872329,3.45662214467179,15.6259072594985,TRUE,1.77620352944056,12.1692851148267,0.11625
2024-12-14,"SHDG",3.700875,8.45454747209704,2.2181208235428,14.1972568876864,TRUE,3.40827333145517,11.9791360641436,0.04525
2024-12-14,"SHE",3.47983333333333,8.98761700058448,2.99834826763553,15.1704625663663,TRUE,4.10155759015701,12.1721142987308,0.0305
2024-12-14,"BEL2",6.49275,12.393434619534,6.17753474358526,18.6319117198771,TRUE,4.44263593278464,12.4543769762919,0.02775
2024-12-14,"GLKP",2.809625,8.51308795136136,2.07713778736511,14.8477294152669,TRUE,4.31790042774962,12.7705916279018,0.03125
2024-12-14,"LECU",7.39395833333333,7.49801514054472,1.09641706280034,14.0212226832011,TRUE,0.556341004210728,12.9248056204008,0.47475
2024-12-14,"SUN2",2.70345833333333,7.48759272322687,1.13934425434619,13.898315193529,TRUE,3.43542411469676,12.7589709391828,0.05025
2024-12-14,"TRAN",3.52883333333333,10.2164601830923,4.50548755752648,16.2120126307526,FALSE,5.24245719746415,50.772694040952,0.01675
2024-12-14,"STOK",4.796625,8.88234050733823,2.81048876213198,15.1814717757411,TRUE,2.88592821468189,12.3709830136091,0.0645
2024-12-14,"BEX",10.4129166666667,15.1253802041491,8.88193442744118,20.9186012814007,TRUE,3.32486214613735,12.0366668539596,0.04975
2024-12-14,"SEND",10.3715416666667,16.1875037391929,9.90670696739335,21.8644428377526,TRUE,4.37850435604218,11.9577358703592,0.031
2024-12-14,"HUL2",6.57633333333333,8.62605199712399,2.63145014320579,14.7377164795324,TRUE,1.26460363109256,12.1062663363267,0.18675
2024-12-14,"PEMB",2.99433333333333,6.71015066678149,0.309551988201654,12.7338886412276,TRUE,2.48845340680853,12.4243366530259,0.082
2024-12-14,"WFEN",7.6455,9.1634060309866,2.90744372576637,15.1787417218866,TRUE,0.952782573571831,12.2712979961202,0.241
2024-12-14,"OSY",9.778125,13.1081393752835,6.90746665286818,19.0594955027955,TRUE,2.16289717733942,12.1520288499273,0.09675
2024-12-14,"ACTH",1.39745833333333,5.82820627184018,-0.461176559910247,12.0439838299889,TRUE,3.10723586071231,12.5051603898992,0.0605
2024-12-14,"COPP",4.5225,8.30243575368985,2.01550998534998,14.2526930796254,TRUE,2.49561869158574,12.2371830942755,0.08025
2024-12-15,"EB",3.20179166666667,5.25174580094407,-0.865958632722395,11.0826586481358,TRUE,1.22290172748784,11.9486172808582,0.19475
2024-12-15,"IMGM",2.40470833333333,4.84168694515383,-1.18288355453309,11.1462266401709,TRUE,1.49049389426395,12.329110194704,0.157
2024-12-15,"PRES",5.107125,4.08356452338727,-1.64923721990136,10.5415660547249,TRUE,0.730518742978049,12.1908032746262,0.684
2024-12-15,"BIRR",1.33654166666667,4.61309455388565,-1.58042507223193,10.9580923311234,TRUE,2.14506334646564,12.5385174033553,0.0985
2024-12-15,"BLC2",6.52525,4.13976298348962,-2.45287602808754,10.4098853635988,TRUE,1.47579257717754,12.8627613916864,0.84775
2024-12-15,"BOTR",1.337375,4.76455678205652,-1.03212806733049,11.1061510377194,TRUE,2.22544177711235,12.1382791050499,0.092
2024-12-15,"GHSR",1.82975,3.89676549509292,-2.24247147673938,10.2029176323754,TRUE,1.27829834691084,12.4453891091148,0.1855
2024-12-15,"LEAM",1.696125,4.93364064232724,-1.78578103696795,11.0578030908601,TRUE,2.09149128642037,12.8435841278281,0.1025
2024-12-15,"NPT3",1.97904166666667,3.94150878883959,-2.70746596131982,9.99257351835262,TRUE,1.16882940792137,12.7000394796724,0.20475
2024-12-15,"REA1",1.91333333333333,5.60137493641892,-0.834860458260476,11.6156907823708,TRUE,2.43548071353272,12.4505512406312,0.0805
2024-12-15,"SOUT",2.24554166666667,5.07752970423435,-0.917122563445863,11.4194198439474,TRUE,1.82666394750192,12.3365424073932,0.12075
2024-12-15,"WREX",1.088,3.49729885168568,-3.15841181734059,10.1118250616104,TRUE,1.44859983522134,13.270236878951,0.16325
2024-12-15,"LEAR",1.70308333333333,4.73807436099022,-1.92293704301798,11.4510336870606,TRUE,1.96181053635314,13.3739707300786,0.11775
2024-12-15,"PLYM",2.95891666666667,5.25662606833604,-1.28151585795144,10.9350334641516,TRUE,1.39384288424626,12.216549322103,0.164
2024-12-15,"SHDG",2.30645833333333,3.90428773998799,-2.56524943495298,10.3442748164935,TRUE,1.02313748880702,12.9095242514465,0.2315
2024-12-15,"SHE",1.536875,3.84828830797574,-2.59515354866664,10.0573661173093,TRUE,1.41139163873133,12.6525196659759,0.17275
2024-12-15,"BEL2",2.083375,5.37546483304539,-0.686432528419477,12.0873418331769,TRUE,2.19971118803678,12.7737743615964,0.08675
2024-12-15,"GLKP",1.47991666666667,3.51902105130564,-2.87121609674225,9.81353715724522,TRUE,1.20641241247705,12.6847532539875,0.19725
2024-12-15,"LECU",1.56845833333333,5.44248223142173,-0.453823295101063,11.9439597223207,TRUE,2.64388026335751,12.3977830174218,0.06875
2024-12-15,"SUN2",0.7145,3.39934265702462,-2.79019650911979,9.61145243987399,TRUE,1.64748326325149,12.4016489489938,0.13325
2024-12-15,"TRAN",2.93525,3.94239465319902,-2.69318741968744,10.1671644300358,TRUE,0.695024160408813,12.8603518497232,0.329
2024-12-15,"STOK",1.74333333333333,4.41326122278831,-1.62250471217233,10.355629937046,TRUE,1.66184369927078,11.9781346492183,0.1285
2024-12-15,"BEX",2.60629166666667,7.28710111976117,1.05929365562504,13.1046131170402,TRUE,3.34602011039811,12.0453194614151,0.0525
2024-12-15,"SEND",2.985375,7.34480553526668,1.45900256377589,13.4935813543108,TRUE,3.08556793133249,12.0345787905349,0.05175
2024-12-15,"HUL2",2.153125,5.17271220403255,-1.27018252294258,11.290286782659,TRUE,1.93157702440748,12.5604693056016,0.10825
2024-12-15,"PEMB",2.869625,3.4801033191575,-2.69098550411037,10.0534825381312,TRUE,0.605829490257935,12.7444680422416,0.3875
2024-12-15,"WFEN",1.69129166666667,5.6720833580629,-0.933975026572553,11.3729023278892,TRUE,2.6806783390438,12.3068773544618,0.07125
2024-12-15,"OSY",3.680375,6.87747421391062,0.495931615073448,13.12539948801,TRUE,2.08862565733157,12.6294678729366,0.10625
2024-12-15,"ACTH",0.536541666666667,2.73088741662506,-3.61292301980549,8.71094093407677,TRUE,1.29178272550101,12.3238639538823,0.191
2024-12-15,"COPP",2.343625,4.24668761977429,-2.2042140118378,10.7863580722791,TRUE,1.21123928127432,12.9905720841169,0.187
2024-12-16,"EB",1.86320833333333,3.37147746967672,-2.93221725555453,9.78882647202992,TRUE,0.944843496855762,12.7210437275845,0.24225
2024-12-16,"IMGM",2.46658333333333,3.02789576527544,-3.17263384215377,9.25071925339543,TRUE,0.611319191777081,12.4233530955492,0.39775
2024-12-16,"PRES",5.92079166666667,4.14088268534208,-2.62040146507106,11.1393279945795,TRUE,1.10306429308777,13.7597294596505,0.786
2024-12-16,"BIRR",3.47095833333333,2.54584616218188,-3.2239265656656,9.03661054546326,TRUE,0.689810311057117,12.2605371111289,0.67675
2024-12-16,"BLC2",7.46958333333333,4.75761499597916,-1.49237964931688,11.1773750705873,TRUE,1.70999589540263,12.6697547199042,0.8655
2024-12-16,"BOTR",2.99225,2.55298362254422,-4.1924636638373,9.00484608578639,TRUE,0.595689853600333,13.1973097496237,0.569
2024-12-16,"GHSR",4.38091666666667,2.70578781804325,-3.56678770700547,8.63768776799612,TRUE,1.03217953519082,12.2044754750016,0.764
2024-12-16,"LEAM",2.54820833333333,2.72503480073759,-3.57573759399016,9.01720956003303,TRUE,0.549153276947924,12.5929471540232,0.46175
2024-12-16,"NPT3",3.48470833333333,2.77884627722082,-3.54465297149195,9.15407636278004,TRUE,0.629988366400101,12.698729334272,0.63675
2024-12-16,"REA1",2.11083333333333,2.85714380985797,-3.21813101692346,8.91509733679436,TRUE,0.616958942651083,12.1332283537178,0.37425
2024-12-16,"SOUT",3.27841666666667,2.96399480862366,-3.49637398579444,9.14446697580272,TRUE,0.571471256758869,12.6408409615972,0.55975
2024-12-16,"WREX",2.78295833333333,2.35502829378908,-4.19189455071981,8.62070135971003,TRUE,0.595065178904498,12.8125959104298,0.58375
2024-12-16,"LEAR",2.27791666666667,2.71367318337078,-3.80799962496407,8.9216525130326,TRUE,0.582441988847104,12.7296521379967,0.42275
2024-12-16,"PLYM",3.54466666666667,3.28915769860275,-3.37344706979954,9.31739074261253,TRUE,0.557378508139974,12.6908378124121,0.553
2024-12-16,"SHDG",2.773125,2.91494369656464,-3.32614443392422,9.44412455677349,TRUE,0.551234221729924,12.7702689906977,0.471
2024-12-16,"SHE",3.39029166666667,2.57564804317255,-3.59651006175982,8.96247681680159,TRUE,0.677968183352434,12.5589868785614,0.64625
2024-12-16,"BEL2",5.737125,2.90487333819073,-3.1901542553188,9.29844327326036,TRUE,1.78313353883408,12.4885975285792,0.8755
2024-12-16,"GLKP",4.16275,2.5303243510195,-3.95641985942816,9.24718780311244,TRUE,1.04292376517066,13.2036076625406,0.7715
2024-12-16,"LECU",2.55708333333333,2.71028561409564,-3.20741075998996,9.50032267245892,TRUE,0.549607200917389,12.7077334324489,0.473
2024-12-16,"SUN2",2.123625,2.19637972954266,-3.8596755877959,8.63467172996871,TRUE,0.530148814211219,12.4943473177646,0.486
2024-12-16,"TRAN",2.71529166666667,3.18126584114101,-3.19803541294226,9.35314494395347,TRUE,0.582276271658804,12.5511803568957,0.41675
2024-12-16,"STOK",2.82816666666667,2.70554346948475,-3.71628124666939,9.03423933518897,TRUE,0.556626566181716,12.7505205818584,0.53575
2024-12-16,"BEX",2.165875,3.25195546448625,-2.43284006703844,10.0811927434667,TRUE,0.768653305183192,12.5140328105051,0.30075
2024-12-16,"SEND",1.9635,3.41444186541136,-2.9661582052977,9.70600130573049,TRUE,0.890419355963153,12.6721595110282,0.2595
2024-12-16,"HUL2",3.35491666666667,2.93758932156002,-3.39533114289888,8.86107084876289,TRUE,0.566540209855256,12.2564019916618,0.578
2024-12-16,"PEMB",3.78929166666667,3.13639313413528,-2.9978589545138,9.32197022834584,TRUE,0.626980740300131,12.3198291828596,0.617
2024-12-16,"WFEN",1.74233333333333,2.77112572044101,-3.38739830048827,9.29321094451933,TRUE,0.734527643665551,12.6806092450076,0.312
2024-12-16,"OSY",2.43225,3.6963407053818,-2.42254444825905,9.86561289972987,TRUE,0.816306988250406,12.2881573479889,0.28
2024-12-16,"ACTH",2.14133333333333,2.07912999943455,-4.30457426981418,8.66274750803414,TRUE,0.548925882302509,12.9673217778483,0.50725
2024-12-16,"COPP",3.15733333333333,2.95639790930853,-3.81134615998375,9.17114412832908,TRUE,0.563322061889184,12.9824902883128,0.5345
2024-12-17,"EB",3.75020833333333,3.50490679226666,-2.81335200044623,9.5206368587477,TRUE,0.55403034952367,12.3339888591939,0.55275
2024-12-17,"IMGM",4.905625,3.74092755221488,-2.66625571459621,10.2012730274321,TRUE,0.815972044178577,12.8675287420283,0.70825
2024-12-17,"PRES",4.61966666666667,5.31669529415826,-1.03446274960136,12.0824457778944,TRUE,0.629710944387543,13.1169085274958,0.3715
2024-12-17,"BIRR",6.38466666666667,4.14180204779172,-2.05312876860227,10.4671382878943,TRUE,1.33030647612182,12.5202670564965,0.82725
2024-12-17,"BLC2",4.74354166666667,6.02961604197662,-0.410658491357996,12.2349412092938,TRUE,0.837366312465928,12.6455997006517,0.2785
2024-12-17,"BOTR",5.584625,3.93502405859244,-2.35193014360605,10.2042140113347,TRUE,1.02707165488621,12.5561441549408,0.76325
2024-12-17,"GHSR",3.757875,4.55015343175051,-1.84225923919791,11.028727805231,TRUE,0.675714693244776,12.8709870444289,0.35475
2024-12-17,"LEAM",4.87029166666667,3.75428611821592,-2.59667932046756,10.03642208239,TRUE,0.759640202405508,12.6331014028575,0.687
2024-12-17,"NPT3",7.43425,4.16760306189468,-2.09597513297215,10.1304304469934,TRUE,2.12379556518687,12.2264055799656,0.89575
2024-12-17,"REA1",5.07966666666667,3.57205286534904,-3.2670726495141,9.79539027624089,TRUE,0.96504640913398,13.062462925755,0.75175
2024-12-17,"SOUT",5.28491666666667,4.0867223577044,-2.6520566008954,10.0745535923251,TRUE,0.835142506071698,12.7266101932205,0.7175
2024-12-17,"WREX",4.039875,3.83690061234061,-2.46183896064067,10.1546821063308,TRUE,0.541039174796431,12.6165210669714,0.5215
2024-12-17,"LEAR",4.43291666666667,3.63773422660969,-2.62812790958925,9.737391180754,TRUE,0.635164525860455,12.3655190903432,0.64325
2024-12-17,"PLYM",9.34941666666667,4.22379518287035,-2.41666891718709,10.0096766689008,TRUE,3.84336612710023,12.4263455860879,0.96725
2024-12-17,"SHDG",5.891375,3.8703175677304,-2.9359446423517,10.7352785194013,TRUE,1.2316308673197,13.671223161753,0.811
2024-12-17,"SHE",7.01341666666667,4.11314645823871,-1.90047207752397,10.451466119716,TRUE,1.85057516799797,12.35193819724,0.88825
2024-12-17,"BEL2",6.4535,5.14388044487106,-0.933236090720038,10.8849934579254,TRUE,0.854490463307753,11.8182295486455,0.72825
2024-12-17,"GLKP",3.603625,4.44509058446575,-1.84551269913645,11.1647719451822,TRUE,0.69002382766257,13.0102846443187,0.34975
2024-12-17,"LECU",5.59354166666667,3.75417371787818,-2.61575592355267,9.97568944614888,TRUE,1.15817011892773,12.5914453697016,0.7995
2024-12-17,"SUN2",6.55270833333333,3.54052056888693,-2.65528724011349,9.74817471817493,TRUE,1.97210311692113,12.4034619582884,0.892
2024-12-17,"TRAN",3.93379166666667,3.86477056818489,-2.37035913542888,10.1043732108458,TRUE,0.546904213331816,12.4747323462747,0.50875
2024-12-17,"STOK",5.74683333333333,3.87668844546968,-2.41581101560522,10.0906775435398,TRUE,1.15403211602388,12.506488559145,0.7935
2024-12-17,"BEX",5.44420833333333,3.61725179863527,-2.71940012911278,9.91544366005057,TRUE,1.07787008772086,12.6348437891633,0.77775
2024-12-17,"SEND",5.2015,3.54154328543297,-2.54754613216827,9.78424784508907,TRUE,1.04419112317803,12.3317939772573,0.7695
2024-12-17,"HUL2",6.29233333333333,4.11691385268078,-2.19489499360971,10.2675998177493,TRUE,1.38289984742555,12.462494811359,0.84125
2024-12-17,"PEMB",4.67083333333333,4.32671389219566,-1.74255240419523,10.5082949571088,TRUE,0.570681500646708,12.250847361304,0.566
2024-12-17,"WFEN",5.623,3.40599576551283,-2.81744214463,9.76699708288382,TRUE,1.37096457125287,12.5844392275138,0.82425
2024-12-17,"OSY",5.0265,3.76552884242521,-2.30596506379301,9.95551202031982,TRUE,0.813253008261768,12.2614770841128,0.716
2024-12-17,"ACTH",2.18858333333333,3.5426695845241,-2.40968075059296,9.51481321919536,TRUE,0.855739630833478,11.9244939697883,0.27125
2024-12-17,"COPP",4.97645833333333,4.03744586785421,-2.09586740412745,10.2788270410571,TRUE,0.736420869519457,12.3746944451845,0.66525
2024-12-18,"EB",6.77091666666667,4.87976700724417,-1.5209129339747,11.2758920882555,TRUE,1.18173480480202,12.7968050222302,0.8025
2024-12-18,"IMGM",2.83904166666667,5.3975627607717,-0.555327043706765,12.2164118332371,TRUE,1.61348553002592,12.7717388769438,0.13875
2024-12-18,"PRES",4.56766666666667,5.38080422463152,-1.09985293073748,11.5938011839901,TRUE,0.663235089965055,12.6936541147276,0.35375
2024-12-18,"BIRR",3.39733333333333,6.06756141123702,-0.239690448046263,12.472007857359,TRUE,1.65900730474773,12.7116983054053,0.139
2024-12-18,"BLC2",5.65154166666667,5.48219493457744,-0.385795891781597,11.6182939612355,TRUE,0.542125023364292,12.004089853017,0.5285
2024-12-18,"BOTR",3.05041666666667,5.70714265300181,-0.518872237617826,12.2834693401717,TRUE,1.67804699436296,12.8023415777895,0.13375
2024-12-18,"GHSR",3.090625,4.96090645038544,-1.42397984986598,11.4669784996661,TRUE,1.14200156299676,12.8909583495321,0.2115
2024-12-18,"LEAM",3.27833333333333,5.38482182415384,-1.05667464450144,11.9023505712823,TRUE,1.26799597537578,12.9590252157837,0.18475
2024-12-18,"NPT3",6.11045833333333,6.521410286506,0.195114242206856,12.9982328256891,TRUE,0.58324246971369,12.8031185834823,0.4275
2024-12-18,"REA1",4.24620833333333,5.46175245058396,-0.968794789649529,11.8925425061768,TRUE,0.812840384856885,12.8613372958264,0.28125
2024-12-18,"SOUT",7.34966666666667,5.58651354358441,-0.253159742861102,12.1235046182404,TRUE,1.07195150833424,12.3766643611015,0.777
2024-12-18,"WREX",2.35258333333333,5.03333538321478,-1.15028983181382,11.3828564425083,TRUE,1.7139240518589,12.5331462743221,0.12725
2024-12-18,"LEAR",2.91558333333333,5.1875189683579,-1.52299319573489,11.7446400094604,TRUE,1.38579950146144,13.2676332051953,0.166
2024-12-18,"PLYM",13.6055416666667,7.35062271690142,1.0842248789796,13.2193482550109,FALSE,4.81544595641428,27.5828598422642,0.979
2024-12-18,"SHDG",2.84495833333333,5.83288618055231,-0.941965666463862,12.0441563379282,TRUE,1.85122904136823,12.9861220043921,0.11775
2024-12-18,"SHE",3.22429166666667,6.33669014021018,-0.200682167623886,13.0389205855864,TRUE,1.99256748878064,13.2396027532102,0.111
2024-12-18,"BEL2",3.789375,6.16734942037046,0.0468468432813078,12.3623818040069,TRUE,1.49845503780147,12.3155349607256,0.1505
2024-12-18,"GLKP",2.55025,4.88752591744383,-1.16225575135704,11.3021956202974,TRUE,1.4428181556895,12.4644513716545,0.15925
2024-12-18,"LECU",2.90295833333333,5.69754281096876,-0.543352094299821,12.0555553169089,TRUE,1.78183134670341,12.5989074112087,0.1275
2024-12-18,"SUN2",2.16779166666667,6.09850724916748,-0.247901235140354,12.4360543799916,TRUE,2.610528259025,12.6839556151319,0.0745
2024-12-18,"TRAN",3.52983333333333,4.98541528317882,-0.991059108966528,11.3154510686493,TRUE,0.903834496136432,12.3065101776158,0.2605
2024-12-18,"STOK",2.728875,5.77214510072655,-0.701423124559079,12.2885468268493,TRUE,1.96401129688322,12.9899699514083,0.11375
2024-12-18,"BEX",4.76033333333333,5.620937230953,-0.0956881340667436,11.4157694288969,TRUE,0.666892985712648,11.5114575629637,0.34075
2024-12-18,"SEND",4.93904166666667,5.50983052687876,-0.627277936763112,11.5792888625132,TRUE,0.612402340911726,12.2065667992763,0.39425
2024-12-18,"HUL2",3.91895833333333,6.02408599315305,-0.39364050678208,12.2016881835301,TRUE,1.2971920017505,12.5953286903122,0.18075
2024-12-18,"PEMB",6.49670833333333,5.33701947078824,-1.18216255893563,11.195058144963,TRUE,0.774223133091243,12.3772207038986,0.70075
2024-12-18,"WFEN",3.79720833333333,5.68508336171446,-0.466452192090276,11.9236016135291,TRUE,1.16731887360775,12.3900538056194,0.20275
2024-12-18,"OSY",5.75383333333333,5.44871989024368,-1.23625492650803,12.1106213939681,TRUE,0.55814356574257,13.3468763204761,0.553
2024-12-18,"ACTH",1.32570833333333,4.21373670272432,-1.89942994016171,10.0341612313879,TRUE,1.88885287108394,11.9335911715496,0.117
2024-12-18,"COPP",2.39783333333333,5.44951548774754,-0.875338673162512,11.4299720692916,TRUE,1.94731388323841,12.3053107424542,0.1085
2024-12-19,"EB",2.75554166666667,5.54333760836376,-0.656234008969488,11.7096805819525,TRUE,1.74451826159359,12.365914590922,0.1275
2024-12-19,"IMGM",2.03220833333333,3.88046948820145,-2.24001285362391,9.77483533166504,TRUE,1.0952329826452,12.014848185289,0.2155
2024-12-19,"PRES",3.79620833333333,4.61840225889366,-1.8135793846991,10.9536697944027,TRUE,0.687633734210599,12.7672491791018,0.35025
2024-12-19,"BIRR",3.62620833333333,4.16737367309047,-1.79347795010308,10.602350392016,TRUE,0.61030867588518,12.395828342119,0.395
2024-12-19,"BLC2",4.06841666666667,5.09046944412634,-1.31072717547792,10.8429817785806,TRUE,0.716521517923806,12.1537089540586,0.33225
2024-12-19,"BOTR",3.33629166666667,3.99277351264713,-2.37054820075044,10.2084438646075,TRUE,0.614762574107625,12.578992065358,0.37625
2024-12-19,"GHSR",3.73920833333333,3.95367515259303,-2.47135653095694,10.4821531064864,TRUE,0.543613621429337,12.9535096374434,0.46625
2024-12-19,"LEAM",3.109375,4.06915286916462,-2.15052298295367,10.0746120028998,TRUE,0.72845449776981,12.2251349858534,0.326
2024-12-19,"NPT3",3.06308333333333,5.37189831317833,-1.26196355786579,11.3524272615862,TRUE,1.37759822267012,12.614390819452,0.1685
2024-12-19,"REA1",2.78004166666667,4.49375060704603,-2.02817170028362,10.7004686858455,TRUE,1.01043696484301,12.7286403861291,0.24
2024-12-19,"SOUT",2.88033333333333,5.84080063634217,-0.0933351301398216,11.9440111506328,TRUE,1.91188749848141,12.0373462807726,0.11175
2024-12-19,"WREX",3.59079166666667,3.64355564147689,-2.79508916272976,10.0500598080653,TRUE,0.551349069876401,12.8451489707951,0.49725
2024-12-19,"LEAR",2.58158333333333,3.89892340504516,-1.85050447424814,10.3500268211177,TRUE,0.884258313520466,12.2005312953658,0.25875
2024-12-19,"PLYM",6.51141666666667,8.66900334378305,2.40082219166784,14.9957628261203,TRUE,1.3630057787074,12.5949406344524,0.178
2024-12-19,"SHDG",2.62670833333333,3.91349701974371,-3.03383949934019,9.9882502904485,TRUE,0.829658240397704,13.0220897897887,0.2815
2024-12-19,"SHE",2.555,4.11205496457249,-2.01984154744203,10.226071144396,TRUE,0.949280947203947,12.245912691838,0.24125
2024-12-19,"BEL2",5.34404166666667,4.33886488202759,-1.86937977955792,10.1774758230575,TRUE,0.708684374311447,12.0468556026154,0.675
2024-12-19,"GLKP",2.92045833333333,3.71546300113142,-2.5558120846255,9.88832507322138,TRUE,0.679435552943249,12.4441371578469,0.348
2024-12-19,"LECU",3.43854166666667,3.92934660588672,-2.5934371033778,10.3022357374927,TRUE,0.580132777835608,12.8956728408705,0.40825
2024-12-19,"SUN2",2.81641666666667,3.64140168534449,-2.56723918125457,9.81886471612264,TRUE,0.684062414450077,12.3861038973772,0.341
2024-12-19,"TRAN",4.919375,4.14885269452093,-2.29708063906993,9.98086368719243,TRUE,0.649048153359984,12.2779443262624,0.65525
2024-12-19,"STOK",4.78679166666667,3.85888052270577,-2.39942064392429,10.2426471619419,TRUE,0.6947949247041,12.6420678058662,0.67475
2024-12-19,"BEX",3.231125,4.72712319985339,-1.31832383421226,10.9639277286248,TRUE,0.927654050969433,12.282251562837,0.2575
2024-12-19,"SEND",3.01883333333333,4.79682325139688,-1.45949635882692,11.2895643402837,TRUE,1.05874264760811,12.7490606991106,0.21975
2024-12-19,"HUL2",2.67195833333333,4.38986337055784,-1.81800322572932,11.1688860561655,TRUE,1.06028177801813,12.9868892818949,0.22325
2024-12-19,"PEMB",4.77879166666667,5.45333697193561,-0.808676198136507,12.3749687215253,TRUE,0.632406692001474,13.1836449196618,0.37375
2024-12-19,"WFEN",2.52170833333333,4.31657648966075,-1.67965335319376,10.8932488989749,TRUE,1.10146016718083,12.5729022521687,0.21475
2024-12-19,"OSY",2.48429166666667,5.14340662760107,-1.40066411087329,11.5662049001748,TRUE,1.68296107555566,12.9668690110481,0.1335
2024-12-19,"ACTH",1.53883333333333,3.14271475014382,-2.55184638973293,9.72513050342414,TRUE,0.990032527161,12.2769768931571,0.24425
2024-12-19,"COPP",3.6655,3.69205547644806,-2.4132874597638,10.0231453600118,TRUE,0.539499176732571,12.4364328197756,0.50025
2024-12-20,"EB",3.74625,3.77017665553609,-2.34536850827636,10.3923285732393,TRUE,0.556807601891271,12.7376970815157,0.4935
2024-12-20,"IMGM",4.780875,3.33615186884603,-3.2753517445126,9.27305853755336,TRUE,0.904258087464264,12.548410282066,0.74625
2024-12-20,"PRES",5.088375,4.15164158090304,-2.46284813031443,10.4771616846069,TRUE,0.694899959670571,12.9400098149214,0.6685
2024-12-20,"BIRR",5.75966666666667,4.04202360868987,-2.26068902335567,10.5397037069342,TRUE,1.02776646493142,12.8003927302898,0.77775
2024-12-20,"BLC2",6.70891666666667,4.30274132606686,-1.8303737661639,10.7645514413488,TRUE,1.50144005452657,12.5949252075127,0.844
2024-12-20,"BOTR",4.39866666666667,3.90605465924754,-2.06866569608385,10.0968901704423,TRUE,0.587579232821026,12.1655558665262,0.589
2024-12-20,"GHSR",5.15429166666667,4.08135905175002,-2.39088771213357,10.0847141269075,TRUE,0.763365254772955,12.475601839041,0.697
2024-12-20,"LEAM",4.78770833333333,3.81507119146153,-2.40621120717862,10.5499111372631,TRUE,0.710243390317235,12.9561223444417,0.67275
2024-12-20,"NPT3",5.751875,3.88261968732769,-2.56735784334792,10.3186933767956,TRUE,1.15000782654218,12.8860512201435,0.799
2024-12-20,"REA1",4.02920833333333,3.70271694589005,-2.79706314161962,10.022721435984,TRUE,0.57540121260959,12.8197845776036,0.56175
2024-12-20,"SOUT",4.71804166666667,3.8419774350032,-2.59625881984774,9.94527706044671,TRUE,0.699849272211895,12.5415358802944,0.658
2024-12-20,"WREX",3.54958333333333,3.99442816099988,-2.71146382878258,10.3230860888368,TRUE,0.564425338638477,13.0345499176194,0.433
2024-12-20,"LEAR",4.28366666666667,3.5758499327268,-2.6824368817529,9.74904254733551,TRUE,0.655898952554535,12.4314794290884,0.64025
2024-12-20,"PLYM",8.62820833333333,5.60400034859965,-0.353591354597452,11.5063637026808,TRUE,1.91824145671386,11.8599550572783,0.8845
2024-12-20,"SHDG",4.51858333333333,3.5931609371896,-2.34284586689687,9.63366212125381,TRUE,0.687626361127702,11.9765079881507,0.6675
2024-12-20,"SHE",5.23383333333333,3.5739086294459,-2.5805569857877,10.1073183628917,TRUE,1.01654917212328,12.6878753486794,0.77075
2024-12-20,"BEL2",6.50454166666667,4.7962526800229,-1.06995156591399,10.6884770968263,TRUE,1.04877700986509,11.7584286627403,0.78425
2024-12-20,"GLKP",4.37104166666667,3.71095198478387,-2.37938186156582,9.94873307451182,TRUE,0.630106085441453,12.3281149360776,0.61675
2024-12-20,"LECU",4.19125,3.94566879998393,-2.32637456267031,10.2769555818717,TRUE,0.560114961815417,12.603330144542,0.5425
2024-12-20,"SUN2",3.26945833333333,3.65418305031681,-2.8781338546824,9.67426375634781,TRUE,0.570135211005627,12.5523976110302,0.4375
2024-12-20,"TRAN",6.08391666666667,4.6047721747279,-2.08993876816893,10.5968208630149,TRUE,0.9610770413737,12.6867596311838,0.7505
2024-12-20,"STOK",4.663875,4.52273646145486,-1.27660874524352,11.3351886666614,TRUE,0.555439977547742,12.6117974119049,0.51925
2024-12-20,"BEX",4.768125,3.91347922924138,-1.95658060099052,9.97099712376912,TRUE,0.67046268704578,11.9275777247596,0.652
2024-12-20,"SEND",4.41625,3.82729268659958,-2.45963912246363,10.3419989973318,TRUE,0.614114283370829,12.8016381197954,0.613
2024-12-20,"HUL2",5.53654166666667,3.6459085969864,-2.90440082044151,9.80432199791869,TRUE,1.17880341573116,12.7087228183602,0.7955
2024-12-20,"PEMB",5.07770833333333,4.63575171886115,-1.72965879859651,10.9763187801991,TRUE,0.582633204097398,12.7059775787956,0.58175
2024-12-20,"WFEN",4.30141666666667,3.57723651124012,-2.46446702404682,10.1369409767332,TRUE,0.645974017876256,12.60140800078,0.62775
2024-12-20,"OSY",4.14708333333333,3.62155557827534,-2.51503796887052,9.8739855414901,TRUE,0.592604475035368,12.3890235103606,0.59225
2024-12-20,"ACTH",2.35741666666667,3.07623189695702,-3.48649183221411,9.166431633149,TRUE,0.638537756387428,12.6529234653631,0.38125
2024-12-20,"COPP",3.976125,4.02810120225665,-2.48259048951254,10.5210096065222,TRUE,0.526393898014444,13.0036000960347,0.482
2024-12-21,"EB",6.814125,4.7164607101802,-1.9880404027734,10.8834300936846,TRUE,1.28228676989719,12.871470496458,0.81475
2024-12-21,"IMGM",4.97558333333333,5.14106280636266,-1.28258649356683,11.4555429210735,TRUE,0.548922285967036,12.7381294146403,0.4745
2024-12-21,"PRES",7.286875,5.32843270856893,-1.55058178957893,11.9022463640434,TRUE,1.18869879443498,13.4528281536223,0.79425
2024-12-21,"BIRR",4.88016666666667,5.61317812045294,-0.642183693598877,11.8669211410872,TRUE,0.665950541024927,12.509104834686,0.3565
2024-12-21,"BLC2",9.98333333333333,6.03692713567738,-0.575236592834322,12.1141881427217,TRUE,2.739927243833,12.689424735556,0.936
2024-12-21,"BOTR",5.04520833333333,5.01625924160552,-1.19974642213341,11.3270307929856,TRUE,0.541105762412787,12.526777215119,0.506
2024-12-21,"GHSR",7.052,5.35514696508652,-0.709481436425165,11.542833507132,TRUE,1.02747826882843,12.2523149435572,0.7655
2024-12-21,"LEAM",5.53066666666667,5.17731221380369,-1.2414239544056,11.2646114534231,TRUE,0.572939638773303,12.5060354078287,0.55625
2024-12-21,"NPT3",7.31733333333333,5.59240476859868,-0.755358523521468,12.4354273455562,TRUE,1.06727167540547,13.1907858690776,0.7715
2024-12-21,"REA1",6.07995833333333,4.83945708825956,-1.36929001213913,11.3982128732866,TRUE,0.829993164266545,12.7675028854257,0.70525
2024-12-21,"SOUT",6.64908333333333,5.14013582186494,-0.916483996636134,11.3177141030671,TRUE,0.924809440492826,12.2341980997032,0.7485
2024-12-21,"WREX",4.682625,4.65731924457699,-1.54915284847873,11.2085146731538,TRUE,0.547599943298134,12.7576675216325,0.50825
2024-12-21,"LEAR",5.08270833333333,4.94324927286004,-1.19759204752236,11.5765057181368,TRUE,0.527066934532296,12.7740977656592,0.52025
2024-12-21,"PLYM",9.59020833333333,6.94158617946364,0.701976383554499,13.6108301202087,TRUE,1.67090598593648,12.9088537366542,0.86525
2024-12-21,"SHDG",5.38216666666667,5.04612903551863,-0.992828938949552,11.5530163868127,TRUE,0.580360996152431,12.5458453257622,0.5705
2024-12-21,"SHE",5.32616666666667,5.35290300061732,-0.879669900183073,12.2415475811148,TRUE,0.549457447452266,13.1212174812979,0.49125
2024-12-21,"BEL2",6.6795,5.98806851655374,-0.337581307912361,12.6670407301928,TRUE,0.643198580605083,13.0046220381051,0.6315
2024-12-21,"GLKP",6.29708333333333,4.99147089816511,-1.94428372588096,10.9850727057623,TRUE,0.875344143213173,12.9293564316432,0.73
2024-12-21,"LECU",4.85754166666667,4.92981523631764,-0.975779856077243,11.0595653688349,TRUE,0.532075402280524,12.0353452249121,0.47875
2024-12-21,"SUN2",4.920375,4.51236673634517,-1.53543232703177,11.3088481574209,TRUE,0.581668270324318,12.8442804844527,0.5775
2024-12-21,"TRAN",7.13054166666667,5.79322968103492,-0.32308284104455,12.0800512607267,TRUE,0.817825656576391,12.4031341017712,0.71025
2024-12-21,"STOK",5.250625,5.17566807539409,-1.60296700768145,11.5980915300611,TRUE,0.559567267362628,13.2010585377425,0.50275
2024-12-21,"BEX",6.25391666666667,5.17261567897752,-0.81735695612177,11.4455793529479,TRUE,0.764070368744435,12.2629363090697,0.69525
2024-12-21,"SEND",6.37979166666667,5.01404203194778,-1.52017238652717,10.9173674375151,TRUE,0.851917974335855,12.4375398240423,0.73775
2024-12-21,"HUL2",5.9955,5.48728952341886,-0.733920368588499,11.7996364471947,TRUE,0.588069436973356,12.5335568157832,0.593
2024-12-21,"PEMB",8.60666666666667,5.35419829149651,-0.73625550753324,11.7710213733318,TRUE,2.11675477409749,12.507276880865,0.90125
2024-12-21,"WFEN",4.594125,4.94906648135894,-1.39544090546702,11.6439552034802,TRUE,0.592930673201925,13.0393961089472,0.4225
2024-12-21,"OSY",6.18116666666667,4.88123729319881,-1.54827214997247,11.2507034978238,TRUE,0.861673195361051,12.7989756477963,0.72
2024-12-21,"ACTH",3.77845833333333,4.07886874006109,-2.06254329588062,10.3608289794101,TRUE,0.555396907008934,12.4233722752907,0.43675
2024-12-21,"COPP",5.15533333333333,4.84389618761271,-1.32507884120123,11.2594595133933,TRUE,0.555774754455865,12.5845383545945,0.55775
2024-12-22,"EB",4.54604166666667,6.3076831882695,-0.101749872003903,12.1100001225368,TRUE,1.07236302608455,12.2117499945407,0.211
2024-12-22,"IMGM",4.54208333333333,5.54540880443909,-0.356527683904529,12.0136371045652,TRUE,0.737483335712032,12.3701647884698,0.32225
2024-12-22,"PRES",8.356,6.55340069176592,0.38758286373235,12.8359490523006,TRUE,1.11439784088973,12.4483661885683,0.78875
2024-12-22,"BIRR",6.95070833333333,5.53444486966667,-0.823002921702503,11.4329086936717,TRUE,0.893687390780214,12.2559116153742,0.73325
2024-12-22,"BLC2",9.78195833333333,7.76837473838414,1.84277723545564,13.674429033213,TRUE,1.24562513947657,11.8316517977573,0.80725
2024-12-22,"BOTR",7.21104166666667,5.56367223255301,-0.493398655190122,12.4162148696289,TRUE,0.999438790808799,12.909613524819,0.759
2024-12-22,"GHSR",7.56783333333333,6.45397144992673,0.510280852050756,12.7335450414659,TRUE,0.728803649030724,12.2232641894151,0.679
2024-12-22,"LEAM",6.66079166666667,5.78541806475935,-0.585350341075415,12.1768047315729,TRUE,0.688954572383881,12.7621550726484,0.65375
2024-12-22,"NPT3",6.364,6.58706891904743,0.763309696873868,12.731478168332,TRUE,0.555903961745239,11.9681684714582,0.459
2024-12-22,"REA1",5.47370833333333,5.99926731531842,-0.371944137285809,12.1172154383577,TRUE,0.582673692031127,12.4891595756435,0.40975
2024-12-22,"SOUT",5.66725,6.26642461504469,-0.191424237216185,12.5462744715342,TRUE,0.603951992951679,12.7376987087504,0.4
2024-12-22,"WREX",7.202375,5.3807880385689,-1.04561919318123,11.8676279065864,TRUE,1.10445601093808,12.9132470997676,0.77525
2024-12-22,"LEAR",6.12425,5.57631748888737,-1.21772372769532,11.7580261868913,TRUE,0.60282637472977,12.9757499145866,0.59425
2024-12-22,"PLYM",8.39033333333333,7.65787245743379,1.36577562865123,13.750783091137,TRUE,0.644878561174171,12.3850074624857,0.63925
2024-12-22,"SHDG",6.99770833333333,5.71294632852209,-0.379070363244334,11.9773963278453,TRUE,0.829251573768037,12.3564666910896,0.708
2024-12-22,"SHE",6.51933333333333,5.71086393619507,-0.729140559863069,11.904603682359,TRUE,0.681172296512815,12.6337442422221,0.64075
2024-12-22,"BEL2",7.50195833333333,6.3347890249213,0.527492083874975,12.1261490710587,TRUE,0.747918224504354,11.5986569871837,0.7145
2024-12-22,"GLKP",6.94183333333333,6.10363286274882,-0.0241457471450866,12.7576070089389,TRUE,0.665574393109443,12.781752756084,0.64575
2024-12-22,"LECU",6.41608333333333,5.47618788157119,-0.365915000858296,11.3631383714973,TRUE,0.706290348429142,11.7290533723556,0.673
2024-12-22,"SUN2",4.64029166666667,5.47483768162631,-0.734318855784167,11.5501118001806,TRUE,0.684374638533461,12.2844306559648,0.351
2024-12-22,"TRAN",10.61425,6.51663831050411,-0.0718960214254597,13.081361598246,TRUE,2.83141440142582,13.1532576196715,0.92675
2024-12-22,"STOK",8.45416666666667,5.66061110474072,-0.666663295632829,11.878223120535,TRUE,1.75539550896203,12.5448864161678,0.8745
2024-12-22,"BEX",6.08091666666667,6.09725934740328,-0.180521087416957,12.8222965052978,TRUE,0.555041368748644,13.0028175927148,0.50075
2024-12-22,"SEND",6.073125,6.14076064523739,-0.343632386729226,12.2940290138577,TRUE,0.550247571716698,12.6376614005869,0.49175
2024-12-22,"HUL2",5.39604166666667,6.0093757037635,0.00243830342275323,12.3627241136251,TRUE,0.610507458987255,12.3602858102023,0.3785
2024-12-22,"PEMB",6.83375,7.1232257862317,0.756273986270179,13.1599706454054,TRUE,0.565860881705669,12.4036966591352,0.462
2024-12-22,"WFEN",5.49041666666667,5.3657963917064,-0.99299743623774,11.8284353490399,TRUE,0.550401276372299,12.8214327852777,0.5245
2024-12-22,"OSY",5.407875,6.04663343784275,-0.256793268799422,12.7800317010187,TRUE,0.610879906437991,13.0368249698182,0.37975
2024-12-22,"ACTH",3.730375,4.95333247157333,-1.15612881597237,11.2475561909674,TRUE,0.781452691882147,12.4036850069397,0.2915
2024-12-22,"COPP",8.03566666666667,5.59818502441192,-0.637356421107905,11.8055213973799,TRUE,1.56395292418267,12.4428778184878,0.8605
2024-12-23,"EB",6.84941666666667,5.41403886510012,-0.630193521906546,11.4388225421284,TRUE,0.88351703598832,12.069016064035,0.7255
2024-12-23,"IMGM",7.05195833333333,5.35549583958977,-0.952614600991272,11.3652540404431,TRUE,1.02969275069211,12.3178686414344,0.7755
2024-12-23,"PRES",7.25541666666667,7.07456843756044,1.04510247521043,13.0155320147365,TRUE,0.537060104937605,11.9704295395261,0.54025
2024-12-23,"BIRR",7.86266666666667,6.39308112015256,0.0121715718315405,12.634973374813,TRUE,0.913018283336712,12.6228018029814,0.745
2024-12-23,"BLC2",6.76304166666667,7.77394058422539,1.19031975847537,13.7509256067904,TRUE,0.729583264612354,12.5606058483151,0.32625
2024-12-23,"BOTR",8.33333333333333,6.51064784040438,0.324432403847138,13.2715375873204,TRUE,1.10420508584276,12.9471051834733,0.778
2024-12-23,"GHSR",4.93816666666667,6.7268171001816,0.552930358056412,12.642696139613,TRUE,1.06730939701424,12.0897657815566,0.21325
2024-12-23,"LEAM",7.582625,6.28794432070306,0.172836758936818,12.4734889657937,TRUE,0.877743921301296,12.3006522068569,0.73325
2024-12-23,"NPT3",6.21466666666667,6.21495868695864,0.198737627945738,12.8525998431566,TRUE,0.545615708079396,12.6538622152109,0.49525
2024-12-23,"REA1",7.31629166666667,5.79209969039083,-0.558475376797941,12.4535273382441,TRUE,0.941836862055599,13.0120027150421,0.74925
2024-12-23,"SOUT",6.41516666666667,5.8933031930132,-0.707543747472463,12.0429815613746,TRUE,0.618469785006249,12.7505253088471,0.59075
2024-12-23,"WREX",5.00195833333333,6.49569563055781,0.113913917416007,12.6026189844469,TRUE,0.952995818259874,12.4887050670309,0.2515
2024-12-23,"LEAR",7.2495,6.04230906948378,-0.118261535178492,12.4662123143709,TRUE,0.817721231768134,12.5844738495494,0.7145
2024-12-23,"PLYM",8.25266666666667,7.1606012168539,0.746377076047046,13.296568085092,TRUE,0.739662612630677,12.550191009045,0.68375
2024-12-23,"SHDG",6.42975,6.42890311890714,0.111574014380493,12.832395363369,TRUE,0.53818040408359,12.7208213489885,0.50375
2024-12-23,"SHE",7.46566666666667,6.22051229858438,0.229663853278138,12.7124200834233,TRUE,0.800732617482592,12.4827562301451,0.7185
2024-12-23,"BEL2",5.27616666666667,6.68684413723568,-0.161774567518766,12.6874479405389,TRUE,0.870355066536782,12.8492225080577,0.2655
2024-12-23,"GLKP",4.61379166666667,6.43304682423654,0.705498197965606,12.4009276134713,TRUE,1.08255868764267,11.6954294155057,0.211
2024-12-23,"LECU",7.73291666666667,6.16142178249235,-0.0119259475806884,12.4020309852624,TRUE,0.982034982901405,12.4139569328431,0.76275
2024-12-23,"SUN2",5.87366666666667,5.39621559811214,-0.875649164214511,11.348713785442,TRUE,0.588459198100482,12.2243629496565,0.596
2024-12-23,"TRAN",6.538,8.0453081122857,1.94667828923934,14.4718064956415,TRUE,0.943545824817138,12.5251282064021,0.252
2024-12-23,"STOK",7.82045833333333,7.05403222402783,1.13877578670952,13.1610679466858,TRUE,0.639795250786071,12.0222921599763,0.6355
2024-12-23,"BEX",8.82079166666667,6.0597933101804,-0.352999335883149,12.5734479283804,TRUE,1.73208935532146,12.9264472642635,0.86475
2024-12-23,"SEND",7.79679166666667,6.0603183304659,-0.72471782923249,12.5297795684119,TRUE,1.05194677121531,13.2544973976444,0.77275
2024-12-23,"HUL2",8.57216666666667,5.75593663008872,-0.476306022679476,11.5995313472887,TRUE,1.80727609841205,12.0758373699682,0.88125
2024-12-23,"PEMB",4.541125,6.4577482831758,0.323028480431965,12.4127052407186,TRUE,1.10412313185176,12.0896767602867,0.212
2024-12-23,"WFEN",7.03816666666667,5.75338766251586,-0.605919628698187,11.9656326649704,TRUE,0.857227526507132,12.5715522936686,0.7205
2024-12-23,"OSY",6.72375,5.76678800244339,-0.34047727802953,12.1665201280349,TRUE,0.717458870604898,12.5069974060644,0.67125
2024-12-23,"ACTH",2.82733333333333,4.96782933840797,-1.31657144294821,10.6914566370357,TRUE,1.2449029352747,12.0080280799839,0.1875
2024-12-23,"COPP",6.47108333333333,6.87029303825277,0.771749636583347,13.1218932677819,TRUE,0.567370643798369,12.3501436311985,0.42925
2024-12-24,"EB",4.47333333333333,6.27544245007041,-0.0218532709826067,12.2789090356345,TRUE,1.10257041479697,12.3007623066171,0.2115
2024-12-24,"IMGM",5.78604166666667,6.36281883013559,-0.330427543927684,12.5057774507937,TRUE,0.596956199811751,12.8362049947214,0.3955
2024-12-24,"PRES",4.986375,6.56860938848925,0.235983653029459,12.5965804552726,TRUE,0.963351045262234,12.3605968022431,0.24675
2024-12-24,"BIRR",5.52483333333333,6.78750322294245,0.671198175458111,13.164892684732,TRUE,0.830936288501474,12.4936945092739,0.27875
2024-12-24,"BLC2",5.05220833333333,6.39998082191449,0.0952724792691094,12.8293283579908,TRUE,0.886685111656718,12.7340558787217,0.2605
2024-12-24,"BOTR",5.631875,6.99888036832661,0.637992678505725,13.4509219419442,TRUE,0.873315354931965,12.8129292634385,0.27225
2024-12-24,"GHSR",1.7305,5.54318510850268,-0.947534515476115,11.0969725097854,TRUE,2.54302874898699,12.0445070252615,0.0745
2024-12-24,"LEAM",6.60479166666667,6.65756229392593,0.574494021349529,12.8608721752504,TRUE,0.548563121556217,12.2863781539009,0.497
2024-12-24,"NPT3",3.37558333333333,6.05742486961142,-0.499222091759338,12.2639354853479,TRUE,1.71567043791595,12.7631575771073,0.13225
2024-12-24,"REA1",5.593625,6.5058101936093,-0.358424594270461,12.9052857494299,TRUE,0.696217144494005,13.2637103437003,0.34175
2024-12-24,"SOUT",3.91708333333333,6.12250366205383,-0.137137959081859,12.492539669906,TRUE,1.35830308290726,12.6296776289879,0.17825
2024-12-24,"WREX",1.66570833333333,5.55944629140217,-0.590625827036962,12.097172868461,TRUE,2.67943440219729,12.6877986954979,0.07125
2024-12-24,"LEAR",6.42891666666667,6.49706549746065,0.631818705420846,12.4607247216693,TRUE,0.558244081488301,11.8289060162484,0.4895
2024-12-24,"PLYM",2.99625,7.00048634465549,1.16819042206012,13.4779080484585,TRUE,2.78905806373001,12.3097176263984,0.06225
2024-12-24,"SHDG",5.24475,6.16993085133526,-0.204560759074943,12.2069587060714,TRUE,0.709300716374798,12.4115194651464,0.33525
2024-12-24,"SHE",4.59808333333333,6.60266310570927,0.469987060735191,12.5525003642535,TRUE,1.2252364388415,12.0825133035183,0.18425
2024-12-24,"BEL2",2.97070833333333,5.68716601516173,-0.483635109623159,12.0363766081076,TRUE,1.69889949039832,12.5200117177308,0.1295
2024-12-24,"GLKP",1.65195833333333,5.38370300747249,-1.14192077152467,11.8164281550839,TRUE,2.37197481150994,12.9583489266085,0.09725
2024-12-24,"LECU",6.18225,6.71492441762268,0.335420146252344,13.049979549172,TRUE,0.598991206746619,12.7145594029196,0.40725
2024-12-24,"SUN2",1.16258333333333,5.85682834123796,-0.942044244559697,11.9482593166694,TRUE,3.36946129746085,12.8903035612291,0.05075
2024-12-24,"TRAN",9.03,6.328489804611,0.17241303959274,12.7748182184743,TRUE,1.66629209523258,12.6024051788815,0.86175
2024-12-24,"STOK",3.013,6.81574398174609,0.691099392962499,13.0162830872851,TRUE,2.5172754203676,12.3251836943226,0.07275
2024-12-24,"BEX",8.34520833333333,7.17452971871333,0.771747528434135,13.3274796283823,TRUE,0.79402788156347,12.5557320999481,0.7015
2024-12-24,"SEND",8.63316666666667,6.73191712096186,0.664909759690553,12.8501835296929,TRUE,1.18036917521832,12.1852737700023,0.806
2024-12-24,"HUL2",6.7315,7.04595195012052,0.7469947464262,13.5275658716039,TRUE,0.562486601956154,12.7805711251777,0.445
2024-12-24,"PEMB",2.46175,5.34896966929846,-0.387917262805826,11.6527363881283,TRUE,1.83088555209927,12.0406536509341,0.11175
2024-12-24,"WFEN",5.94741666666667,6.38617566543859,0.311599516208119,12.7865814327697,TRUE,0.560692342126554,12.4749819165616,0.428
2024-12-24,"OSY",8.2105,6.24779498806152,-0.166699286150148,11.7990737771897,TRUE,1.16347017623431,11.9657730633399,0.80725
2024-12-24,"ACTH",0.515041666666667,4.51267386044316,-1.66645291226242,10.8420447945872,TRUE,2.69937811982522,12.5084977068497,0.07175
2024-12-24,"COPP",4.43104166666667,6.21987237660398,-0.668739923861662,12.1206447906258,TRUE,1.08820772672013,12.7893847144875,0.213
2024-12-25,"EB",5.11504166666667,4.62016040505144,-1.89060710132935,11.0972849039489,TRUE,0.5823865614554,12.9878920052783,0.594
2024-12-25,"IMGM",6.13208333333333,5.19351617091572,-1.25046623253324,11.1014907040653,TRUE,0.696107969226916,12.3519569365985,0.67
2024-12-25,"PRES",4.053625,4.85434655414943,-1.82759141359301,11.2157052522338,TRUE,0.688144370792935,13.0432966658268,0.351
2024-12-25,"BIRR",3.77854166666667,5.10573383732927,-1.37973868963471,11.5953432416717,TRUE,0.852997536969752,12.9750819313064,0.28425
2024-12-25,"BLC2",2.93929166666667,4.86756649574661,-1.34329583147187,10.794974734123,TRUE,1.19441187651762,12.1382705655949,0.204
2024-12-25,"BOTR",6.6755,5.16652547928834,-1.23366369493944,11.5768474349513,TRUE,0.953244840256599,12.8105111298907,0.748
2024-12-25,"GHSR",1.341375,3.37616581123191,-2.81375424649193,9.7498693922559,TRUE,1.24204851973415,12.5636236387478,0.1905
2024-12-25,"LEAM",4.31408333333333,5.56362313382355,-0.135627552014111,12.0026151421614,TRUE,0.843956526649722,12.1382426941755,0.2835
2024-12-25,"NPT3",1.95758333333333,4.1263069980499,-1.94881910744378,10.2700124338989,TRUE,1.30758051523171,12.2188315413427,0.1765
2024-12-25,"REA1",2.818375,5.1185625414118,-1.12304912308185,11.0532059027442,TRUE,1.40984787248071,12.1762550258261,0.168
2024-12-25,"SOUT",1.82191666666667,4.36643483390016,-2.27074013621581,10.8696720773946,TRUE,1.52356906885563,13.1404122136104,0.158
2024-12-25,"WREX",3.35691666666667,3.35014750286589,-2.31210716374441,9.70403651300172,TRUE,0.546687116891812,12.0161436767461,0.49425
2024-12-25,"LEAR",5.34091666666667,5.4773469291733,-0.883949820057876,11.581605769336,TRUE,0.56269286110816,12.4655555893939,0.4615
2024-12-25,"PLYM",2.00083333333333,4.02543228020766,-2.47153617497604,10.5362743772634,TRUE,1.26226051671648,13.0078105522394,0.1805
2024-12-25,"SHDG",7.17570833333333,4.94044248529299,-1.11061660819949,11.2890591770189,TRUE,1.33251827397531,12.3996757852183,0.824
2024-12-25,"SHE",6.301125,4.69310238459163,-1.90025901808262,11.1480376368615,TRUE,0.995884397942784,13.0482966549441,0.76675
2024-12-25,"BEL2",2.10291666666667,3.92238860099444,-2.26614158155909,10.7751276340154,TRUE,1.14295041743636,13.0412692155745,0.20925
2024-12-25,"GLKP",1.27058333333333,3.33220844229104,-2.95561005618747,9.9405864132704,TRUE,1.23080964685027,12.8961964694579,0.1865
2024-12-25,"LECU",5.21625,5.38572940675574,-0.52612921099191,11.6240272633843,TRUE,0.562022132100842,12.1501564743762,0.45025
2024-12-25,"SUN2",3.47679166666667,3.15974191768039,-3.28799120513813,9.58781075391838,TRUE,0.560850989765034,12.8758019590565,0.5655
2024-12-25,"TRAN",12.0372083333333,6.57903054127882,0.391333541081019,12.9814769230524,TRUE,4.08458455930274,12.5901433819714,0.96625
2024-12-25,"STOK",4.040875,4.01930791481547,-2.3641067205464,10.1954509711442,TRUE,0.55837440412782,12.5595576916906,0.501
2024-12-25,"BEX",7.51583333333333,6.35376370876005,0.179091901518724,12.9082673462876,TRUE,0.77558064769306,12.7291754447689,0.68825
2024-12-25,"SEND",10.860875,6.44650886680971,0.419100045901817,12.9527226368752,TRUE,3.07496250411731,12.5336225909734,0.94275
2024-12-25,"HUL2",8.76866666666667,5.64895031476235,-1.40763795802523,11.4469598122052,TRUE,1.97569424825909,12.8545977702304,0.895
2024-12-25,"PEMB",1.12033333333333,3.67979512884003,-2.50505119192346,9.92576162335394,TRUE,1.65073346102169,12.4308128152774,0.1335
2024-12-25,"WFEN",4.950875,5.26280443249846,-1.35533369897964,11.492304056776,TRUE,0.553968855293076,12.8476377557556,0.4495
2024-12-25,"OSY",9.438875,6.23074545193494,-0.455384094689805,12.3719974755566,TRUE,2.08352367296072,12.8273815702464,0.89425
2024-12-25,"ACTH",0.64075,2.78583327725433,-3.53637897110145,9.2379380694648,TRUE,1.27213271509774,12.7743170405663,0.1845
2024-12-25,"COPP",5.22408333333333,4.59019520824422,-1.8275992425281,11.1077496550652,TRUE,0.614288288307752,12.9353488975933,0.6085
2024-12-26,"EB",4.18141666666667,5.11174263002809,-0.984485376430174,11.1862617492349,TRUE,0.689187625791075,12.1707471256651,0.34175
2024-12-26,"IMGM",7.70345833333333,5.59168679419409,-0.708567517098531,11.515718911645,TRUE,1.29982449705271,12.2242864287435,0.816
2024-12-26,"PRES",10.9070833333333,4.66906589868514,-1.68558839199199,10.9424929478582,TRUE,4.76175704460798,12.6280813398502,0.97425
2024-12-26,"BIRR",4.35725,4.56687372076355,-1.45491545715159,11.1729024072488,TRUE,0.548836783698902,12.6278178644004,0.4635
2024-12-26,"BLC2",11.3935833333333,4.1897048672973,-2.53324094560373,10.0838697364127,FALSE,5.79825790960141,65.0056545588394,0.98525
2024-12-26,"BOTR",5.05608333333333,5.82167917891688,-0.227221960649986,11.991932666725,TRUE,0.632872695301645,12.219154627375,0.37725
2024-12-26,"GHSR",2.01458333333333,3.39671836053843,-3.04385979124746,9.77111974134488,TRUE,0.882942445252351,12.8149795325923,0.26825
2024-12-26,"LEAM",3.619375,4.83161335612605,-1.45135306148967,11.0031227823957,TRUE,0.819907627126923,12.4544758438854,0.294
2024-12-26,"NPT3",4.25525,3.71377543805305,-2.45980416095531,9.98953960975984,TRUE,0.600919981309272,12.4493437707152,0.608
2024-12-26,"REA1",4.21475,4.15420470071976,-2.67465449408034,10.3747238533385,TRUE,0.535589186914882,13.0493783474188,0.502
2024-12-26,"SOUT",4.17645833333333,3.67190579357942,-2.50864396835563,9.93252949544026,TRUE,0.590370526839143,12.4411734637959,0.58775
2024-12-26,"WREX",4.714125,4.26543688495538,-1.96260202928414,10.5241404959795,TRUE,0.56758268998458,12.4867425252637,0.58175
2024-12-26,"LEAR",3.45225,5.26977245912702,-1.19582576711998,12.186159296943,TRUE,1.10729832172464,13.381985064063,0.21125
2024-12-26,"PLYM",2.84008333333333,3.72073364180977,-2.76447636390656,9.86403567615903,TRUE,0.686849208678914,12.6285120400656,0.34375
2024-12-26,"SHDG",12.8549166666667,6.02580419635639,-0.168788258444969,12.6353661306712,FALSE,5.33520175682848,21.5861758289361,0.977
2024-12-26,"SHE",10.8255,5.62799123673613,-0.0347167780574217,12.335192101866,TRUE,3.7286588476877,12.3699088799234,0.95575
2024-12-26,"BEL2",5.96404166666667,3.76404447066967,-2.65540141890261,9.76917031173856,TRUE,1.37676564886287,12.4245717306412,0.831
2024-12-26,"GLKP",1.95270833333333,3.36370822139318,-2.54686601445282,9.88438749878288,TRUE,0.918539296528186,12.4312535132357,0.25875
2024-12-26,"LECU",4.2295,5.20829104211191,-1.34473100609525,11.2069360034238,TRUE,0.695182801354118,12.5516670095191,0.32875
2024-12-26,"SUN2",6.55266666666667,4.30167071995672,-1.95301743735609,10.3853894633688,TRUE,1.31344063951185,12.3384069007249,0.81825
2024-12-26,"TRAN",17.4923333333333,8.2429996310614,1.98218169832122,14.5506345307338,FALSE,7.65802407733353,130.236404936394,0.98875
2024-12-26,"STOK",6.41629166666667,4.60255687223987,-1.83516131683012,10.910503976721,TRUE,1.1066233143616,12.7456652935511,0.78925
2024-12-26,"BEX",5.9945,6.26858082580456,0.475730977812565,12.1105537803623,TRUE,0.554397378336751,11.6348228025497,0.4445
2024-12-26,"SEND",6.818,7.72255241834516,0.999776659895366,14.1574068560031,TRUE,0.703896226884054,13.1576301961077,0.34175
2024-12-26,"HUL2",12.88825,6.75992644197244,0.527316496961049,12.6385928515987,FALSE,4.71603092898311,22.0975622906908,0.978
2024-12-26,"PEMB",0.688833333333333,3.32383195724389,-2.60353590162206,9.66768602391502,TRUE,1.59759959892029,12.2712219255371,0.13975
2024-12-26,"WFEN",6.84954166666667,5.08638890301848,-1.21892743423526,11.4053069946061,TRUE,1.06135469334045,12.6242344288413,0.7845
2024-12-26,"OSY",6.37295833333333,7.09517774780565,0.356265077231556,13.439864281586,TRUE,0.643333582102048,13.0835992043545,0.36975
2024-12-26,"ACTH",0.563166666666667,3.0564735451459,-2.96652468918486,9.62498065661907,TRUE,1.55639320124531,12.5915053458039,0.142
2024-12-26,"COPP",4.62375,5.15754170821315,-1.47310009284013,11.6668040334326,TRUE,0.587930633951049,13.1399041262727,0.418
2024-12-27,"EB",6.70495833333333,5.23061665168297,-1.08200702838262,11.4462474094868,TRUE,0.943102337685131,12.5282544378694,0.7445
2024-12-27,"IMGM",2.88733333333333,6.78359031936366,0.819321559651964,12.7947260165851,TRUE,2.68344858526227,11.9754044569332,0.066
2024-12-27,"PRES",7.38891666666667,8.10331870894839,1.75898076620184,14.0040265340927,TRUE,0.623463438168927,12.2450457678909,0.3735
2024-12-27,"BIRR",4.856625,5.26526339814935,-1.01423658415462,11.439499693765,TRUE,0.572287521900715,12.4537362779196,0.42975
2024-12-27,"BLC2",6.12133333333333,8.27904220792824,2.23507548887588,14.473860512722,TRUE,1.33635334725553,12.2387850238461,0.17625
2024-12-27,"BOTR",4.49495833333333,5.6567127450981,-0.710128831132396,11.8058116646378,TRUE,0.808132513639705,12.5159404957702,0.2895
2024-12-27,"GHSR",3.83745833333333,4.17788512738232,-1.72655482850259,10.0693733223439,TRUE,0.55999742538744,11.7959281508465,0.4335
2024-12-27,"LEAM",5.39320833333333,4.96305336916557,-1.06879211905877,11.2086746276145,TRUE,0.57914718181836,12.2774667466732,0.5765
2024-12-27,"NPT3",7.10704166666667,5.1649095504996,-1.12719276435166,11.7441598703091,TRUE,1.14908617337263,12.8713526346607,0.79125
2024-12-27,"REA1",4.488,5.17402219968416,-1.32206835786215,11.7338100698854,TRUE,0.63731623962326,13.0558784277476,0.37925
2024-12-27,"SOUT",7.28575,5.12667753377905,-1.50184409794983,11.3272705056123,TRUE,1.29290248984273,12.8291146035621,0.82925
2024-12-27,"WREX",10.2870416666667,5.40640142764034,-0.97594914785406,12.2604675800259,TRUE,3.46224222267764,13.2364167278799,0.95075
2024-12-27,"LEAR",5.00104166666667,4.92259623665897,-1.01652855112571,11.3195469224499,TRUE,0.54337074538424,12.3360754735756,0.51925
2024-12-27,"PLYM",6.68245833333333,4.5548893237285,-1.45885674643265,10.8717986881105,TRUE,1.32129438875812,12.3306554345431,0.8175
2024-12-27,"SHDG",17.6828333333333,9.04129968510635,2.80843819636933,15.3772070362989,FALSE,7.11804833048686,104.793820721306,0.99
2024-12-27,"SHE",8.80108333333333,8.13754914434592,1.72439405995865,14.4924707245875,TRUE,0.651203416723915,12.7680766646289,0.63775
2024-12-27,"BEL2",6.15470833333333,5.90760633931199,-0.426104504746914,12.4085081274939,TRUE,0.552846417437007,12.8346126322408,0.547
2024-12-27,"GLKP",3.696,4.1489665888652,-1.58459623161373,10.455514805758,TRUE,0.588400170833244,12.0401110373718,0.412
2024-12-27,"LECU",3.190875,5.25451737998797,-1.02166158160901,11.0882683259963,TRUE,1.25681925513588,12.1099299076053,0.1795
2024-12-27,"SUN2",11.252,6.20436372240739,0.0255134602680683,12.2838620547915,TRUE,3.73249339500265,12.2583485945234,0.9605
2024-12-27,"TRAN",35.8885,11.1949593474754,4.67800854325435,17.3267993709227,FALSE,23.0957757624946,755.116815990761,1
2024-12-27,"STOK",6.841625,6.16288617148116,0.185366156570073,12.1717089966173,TRUE,0.62656492278138,11.9863428400472,0.635
2024-12-27,"BEX",7.673,6.08808856312952,0.0935511601482162,12.4491958658519,TRUE,0.981020500268666,12.3556447057037,0.762
2024-12-27,"SEND",4.52441666666667,6.54724552030352,0.227903259461272,12.3483115946407,TRUE,1.21429466045367,12.1204083351794,0.194
2024-12-27,"HUL2",9.76725,9.1049413444776,2.79847021982597,15.5804280214552,TRUE,0.620168538095554,12.7819578016293,0.6145
2024-12-27,"PEMB",2.54820833333333,3.59832344175253,-2.38667217807414,9.3830602379518,TRUE,0.746347710270054,11.7697324160259,0.3175
2024-12-27,"WFEN",11.022,6.3781816800479,0.0545335311434693,13.0485939439586,TRUE,3.30669088151502,12.9940604128151,0.94525
2024-12-27,"OSY",2.35820833333333,6.31102902157369,-0.153620031381184,12.4082334668094,TRUE,2.68187967117004,12.5618534981906,0.0725
2024-12-27,"ACTH",0.669208333333333,3.52921009968397,-2.92648143437972,9.71737205747785,TRUE,1.79538463844706,12.6438534918576,0.123
2024-12-27,"COPP",5.78820833333333,5.42507696462789,-0.981552543751974,11.5907264102272,TRUE,0.581515258619688,12.5722789539792,0.56525
2024-12-28,"EB",11.0111666666667,6.50467297432111,0.342714563810215,13.2653424289162,TRUE,3.15577876264322,12.9226278651059,0.93875
2024-12-28,"IMGM",6.99095833333333,4.96431839784866,-1.08106505129902,11.3411984987555,TRUE,1.20932853621745,12.4222635500545,0.80375
2024-12-28,"PRES",7.73108333333333,7.00804932192057,0.78328646262905,13.0194706410554,TRUE,0.652129955056767,12.2361841784263,0.62925
2024-12-28,"BIRR",4.90566666666667,5.71162158155197,-0.449508782933061,12.3188669165852,TRUE,0.6737170705818,12.7683756995183,0.35
2024-12-28,"BLC2",7.52558333333333,6.47548738108341,0.317479767685228,13.2571874160129,TRUE,0.730814226843884,12.9397076483277,0.6815
2024-12-28,"BOTR",6.48195833333333,5.57698260021771,-0.964765176590037,11.916600207974,TRUE,0.685650431851736,12.8813653845641,0.65025
2024-12-28,"GHSR",4.65508333333333,5.19892133143286,-0.841441749769095,11.4157692644676,TRUE,0.60514279523034,12.2572110142367,0.39825
2024-12-28,"LEAM",6.40345833333333,5.9206183457986,0.0918753826803351,12.1153047021391,TRUE,0.591843691584012,12.0234293194587,0.5985
2024-12-28,"NPT3",8.38058333333333,6.68065677998058,0.205881871754531,12.8292208087212,TRUE,1.04724531663545,12.6233389369667,0.7735
2024-12-28,"REA1",4.609,5.54796927373692,-0.867747100706018,11.9884290290579,TRUE,0.699282114261584,12.8561761297639,0.33925
2024-12-28,"SOUT",9.08425,6.75542382450897,0.437549678129152,13.0385007829478,TRUE,1.45334478083386,12.6009511048187,0.8425
2024-12-28,"WREX",8.31270833333333,8.06861314648452,2.14520616411689,13.9797666473804,TRUE,0.537904072326859,11.8345604832635,0.5305
2024-12-28,"LEAR",5.95225,5.74603474381416,-0.383615173146655,11.7901805069124,TRUE,0.55740535842885,12.1737956800591,0.53975
2024-12-28,"PLYM",10.8963333333333,6.45348958804676,-0.138617777161203,12.3210526124621,TRUE,3.1616809759411,12.4596703896233,0.95075
2024-12-28,"SHDG",12.5572083333333,11.5152703716821,5.43691273620167,18.0763325365878,TRUE,0.747703416555895,12.6394198003861,0.688
2024-12-28,"SHE",11.1517083333333,7.6155885774993,1.26831600556922,14.2241598087388,TRUE,2.32559521068483,12.9558438031696,0.90375
2024-12-28,"BEL2",7.175875,6.32206747841352,-0.210113533953686,12.461631616697,TRUE,0.660796027135142,12.6717451506506,0.63525
2024-12-28,"GLKP",4.43791666666667,5.13589813417118,-1.21139064558495,11.0359454614575,TRUE,0.619875403233502,12.2473361070425,0.3875
2024-12-28,"LECU",6.658875,4.98806248611986,-1.11722207464052,11.0016518923506,TRUE,1.0153051929819,12.1188739669911,0.763
2024-12-28,"SUN2",4.497875,8.54231168349694,2.24276088240643,14.6269667797458,TRUE,2.74663139784944,12.3842058973394,0.066
2024-12-28,"TRAN",13.7991666666667,19.5235367472048,13.1816298783323,25.4406430164533,TRUE,4.25978012784915,12.259013138121,0.034
2024-12-28,"STOK",7.046,6.63279794313008,-0.312029400938389,13.0820689467026,TRUE,0.579561327108452,13.3940983476409,0.57725
2024-12-28,"BEX",8.8955,6.9789165544471,0.734292096763431,13.2812784215661,TRUE,1.17486701420693,12.5469863248027,0.80075
2024-12-28,"SEND",7.02545833333333,5.64417308644488,-0.402881949727789,12.0638879754594,TRUE,0.863976664750288,12.4667699251872,0.72275
2024-12-28,"HUL2",10.0392916666667,8.09673984827413,1.84335002660032,13.8519060617934,TRUE,1.15820230490493,12.0085560351931,0.80325
2024-12-28,"PEMB",5.57395833333333,4.60097902853694,-1.83692972133709,10.7076190023608,TRUE,0.731945062411743,12.5445487236979,0.67925
2024-12-28,"WFEN",5.427625,8.45212784485875,1.86914244537081,14.846817705135,TRUE,1.90349920881684,12.9776752597642,0.11825
2024-12-28,"OSY",4.09591666666667,4.69460604042741,-1.37434885795961,10.6296290119434,TRUE,0.593685272335103,12.003977869903,0.383
2024-12-28,"ACTH",1.15370833333333,3.78535955390006,-2.83187891358484,10.1779646227636,TRUE,1.62879684570873,13.0098435363484,0.145
2024-12-28,"COPP",6.676625,6.12230703516656,-0.0955148098235247,11.9708116272534,TRUE,0.631623685508008,12.0663264370769,0.614
2024-12-29,"EB",5.13658333333333,8.24179000048208,2.06723215090986,14.3466686111494,TRUE,1.96243240811579,12.2794364602395,0.10725
2024-12-29,"IMGM",5.38129166666667,6.38703486366939,-0.222398611065289,12.3427266095704,TRUE,0.733146833263752,12.5651252206357,0.325
2024-12-29,"PRES",3.90825,6.84592453913933,1.01583592036957,13.2459462458643,TRUE,1.86717521807691,12.2301103254947,0.1145
2024-12-29,"BIRR",3.2135,5.54705599982817,-0.615293725703979,11.7935916248207,TRUE,1.40534480850092,12.4088853505246,0.171
2024-12-29,"BLC2",5.24283333333333,6.71796424462455,0.435584855259654,12.8368365857477,TRUE,0.955254874902128,12.4012517304881,0.24525
2024-12-29,"BOTR",3.91120833333333,6.21683991743821,-0.401627176034538,12.3716997344573,TRUE,1.38279046044552,12.7733269104918,0.163
2024-12-29,"GHSR",4.26595833333333,5.40729859807107,-0.575371467295158,11.7025392369744,TRUE,0.751405747087,12.2779107042696,0.3
2024-12-29,"LEAM",3.53570833333333,6.21069433999552,-0.16516166976018,12.2172005803689,TRUE,1.65898398766806,12.3823622501291,0.13875
2024-12-29,"NPT3",7.83120833333333,7.11779759072421,0.422390976245689,12.9265793041095,TRUE,0.66644709677338,12.5041883278638,0.64675
2024-12-29,"REA1",3.72358333333333,5.40749997759084,-0.717580555573704,12.2001011915479,TRUE,1.03933025120729,12.9176817471216,0.22575
2024-12-29,"SOUT",3.7785,7.4273083950019,1.11581989347314,13.8969029727769,TRUE,2.43565991127422,12.7810830793038,0.07825
2024-12-29,"WREX",2.49316666666667,7.18677552181484,1.04604610815533,13.4655483680265,TRUE,3.32039398021889,12.4195022598711,0.052
2024-12-29,"LEAR",3.49258333333333,6.0036480329202,-0.323621616770671,12.2323442054624,TRUE,1.60054921513936,12.5559658222331,0.1405
2024-12-29,"PLYM",4.1205,8.19148606074487,2.1816663472577,14.632016656729,TRUE,2.84527873035554,12.4503503094713,0.065
2024-12-29,"SHDG",3.25770833333333,9.2490337876899,2.96823015897938,15.2651888938997,TRUE,4.53688291167477,12.2969587349203,0.028
2024-12-29,"SHE",3.018,8.36729994261666,2.14543997336501,14.9927111997627,TRUE,3.9720872573178,12.8472712263977,0.0345
2024-12-29,"BEL2",5.18779166666667,6.56792065498786,0.598315680703039,12.4276999465635,TRUE,0.883296403349878,11.8293842658605,0.27
2024-12-29,"GLKP",3.90441666666667,5.3091090436923,-0.307851696974063,11.2988906831096,TRUE,0.91782734906683,11.6067423800837,0.25125
2024-12-29,"LECU",4.12345833333333,6.25295673205786,0.0111576910239169,12.5564797127743,TRUE,1.31108134145316,12.5453220217504,0.183
2024-12-29,"SUN2",2.155125,5.56858238017941,-0.174115858112869,12.0850725272837,TRUE,2.2501404076739,12.2591883853966,0.0835
2024-12-29,"TRAN",3.070875,10.3483380032016,4.24513916987545,16.8960138248996,FALSE,5.79730872061716,59.6214414500422,0.0155
2024-12-29,"STOK",2.81745833333333,6.53304815255072,0.330938377959985,13.1776080746407,TRUE,2.53612512935662,12.8466696966807,0.07375
2024-12-29,"BEX",6.39158333333333,7.3577383796345,1.06621981047479,13.9064264389215,TRUE,0.722022499094,12.8402066284467,0.3295
2024-12-29,"SEND",6.61370833333333,6.45254451956879,0.205712574930078,12.3369861296286,TRUE,0.549718899209379,12.1312735546986,0.544
2024-12-29,"HUL2",5.204375,7.91659802764184,1.84919475964495,14.0384733092474,TRUE,1.65200727725351,12.1892785496025,0.1325
2024-12-29,"PEMB",3.0445,5.76440265190184,-0.370346991630321,11.729142621127,TRUE,1.67430093842868,12.0994896127573,0.13525
2024-12-29,"WFEN",4.78679166666667,5.96312801611184,-0.153373316190923,12.4456646362435,TRUE,0.787181658130848,12.5990379524345,0.29725
2024-12-29,"OSY",5.407,5.12000996998355,-0.81485987877556,11.3264750211596,TRUE,0.556559693384538,12.1413348999351,0.55825
2024-12-29,"ACTH",2.24754166666667,3.79675484098142,-2.60003298776669,9.88825039370828,TRUE,0.966359588296268,12.488283381475,0.238
2024-12-29,"COPP",2.6465,6.34091358052211,0.181797013821169,12.4394014857075,TRUE,2.48697317410415,12.2576044718864,0.076
2024-12-30,"EB",2.47741666666667,4.72204136673939,-1.44274903648744,10.9012790824248,TRUE,1.39417068348651,12.3440281189122,0.15675
2024-12-30,"IMGM",1.71779166666667,4.70348355675101,-1.39249141295897,10.590421839167,TRUE,1.91373989255419,11.9829132521259,0.10675
2024-12-30,"PRES",3.57320833333333,4.09000292269124,-2.22860219044137,10.4828009733039,TRUE,0.575826129464004,12.7114031637453,0.41325
2024-12-30,"BIRR",1.95758333333333,3.70252908709286,-2.56567483546965,9.86798952464907,TRUE,1.0614824955501,12.4336643601187,0.22225
2024-12-30,"BLC2",6.14195833333333,4.66019538203528,-1.52895401095255,10.8660174580307,TRUE,0.957124050186862,12.3949714689832,0.748
2024-12-30,"BOTR",1.78358333333333,4.05266797399586,-2.54924971532328,10.3215346310389,TRUE,1.35273507839182,12.8707843463622,0.1735
2024-12-30,"GHSR",3.31370833333333,4.14944889927892,-1.96332862313464,10.288348127753,TRUE,0.669201395147093,12.2516767508876,0.3395
2024-12-30,"LEAM",1.529125,3.88802400944406,-2.4587279544674,9.81104912274018,TRUE,1.45483282664487,12.2697770772076,0.1585
2024-12-30,"NPT3",1.973375,5.8048126051165,-0.432129785478796,12.0690576242646,TRUE,2.60414025440811,12.5011874097434,0.0735
2024-12-30,"REA1",1.75225,3.91371638915921,-2.34844423062875,10.0299408626635,TRUE,1.3645651479313,12.3783850932922,0.17
2024-12-30,"SOUT",2.15308333333333,4.07577954471389,-2.45379935205925,10.3039773332638,TRUE,1.15482523348517,12.7577766853231,0.2105
2024-12-30,"WREX",1.37091666666667,3.49666094745938,-2.74133672607529,9.39211810774966,TRUE,1.26450945788077,12.1334548338249,0.186
2024-12-30,"LEAR",1.50045833333333,3.85544609715394,-1.99742568177051,10.1607065324166,TRUE,1.40164255516443,12.1581322141871,0.16925
2024-12-30,"PLYM",2.91575,4.27953992527235,-1.83161920439908,10.5229182742291,TRUE,0.864085649367738,12.3545374786282,0.267
2024-12-30,"SHDG",1.727625,3.95815175060339,-2.28404019576044,10.1084079233096,TRUE,1.33020648271571,12.3924481190701,0.16625
2024-12-30,"SHE",1.57329166666667,3.81115005026241,-2.43599452555352,10.2180876251666,TRUE,1.39107005676269,12.6540821507201,0.1635
2024-12-30,"BEL2",3.7175,4.62560699481141,-1.86246327627569,11.4053273309642,TRUE,0.73653962256788,13.2677906072399,0.341
2024-12-30,"GLKP",3.04829166666667,3.9865485208978,-2.03236322146699,10.3890913685579,TRUE,0.71833941063297,12.4214545900249,0.3225
2024-12-30,"LECU",1.61758333333333,4.14982959862213,-2.29251526495987,10.4661701106991,TRUE,1.57130492162017,12.758685375659,0.14775
2024-12-30,"SUN2",3.52591666666667,3.23270156133154,-2.96160807725803,9.73520345482525,TRUE,0.568331050026066,12.6968115320833,0.5725
2024-12-30,"TRAN",2.836,3.9158304913749,-2.32723042009913,10.3896274208518,TRUE,0.759998732239143,12.716857840951,0.309
2024-12-30,"STOK",1.73845833333333,3.59759963681309,-2.40001727901632,9.76895478205026,TRUE,1.10985320796144,12.1689720610666,0.2135
2024-12-30,"BEX",2.62970833333333,5.19880645180838,-1.07354459018104,11.4507308820593,TRUE,1.58908389994046,12.5242754722403,0.14725
2024-12-30,"SEND",2.48133333333333,5.23695852421919,-0.788710491824495,11.3617878386546,TRUE,1.75446343992334,12.1504983304791,0.121
2024-12-30,"HUL2",3.56133333333333,4.72128500861137,-1.55010652374843,10.975412914411,TRUE,0.789416610685032,12.5255194381594,0.297
2024-12-30,"PEMB",1.65091666666667,3.65017870558075,-2.65469915872605,10.1622483531002,TRUE,1.20153158188884,12.8169475118263,0.19575
2024-12-30,"WFEN",2.04195833333333,4.39833161505,-1.62371573313145,10.7477172277129,TRUE,1.42179021338851,12.3714329608443,0.161
2024-12-30,"OSY",3.468,4.62509810529513,-1.87729188299643,10.9062729482415,TRUE,0.78044640960039,12.7835648312379,0.31075
2024-12-30,"ACTH",1.871125,3.16925099893001,-2.8993400453935,9.8716860993512,TRUE,0.847758833911685,12.7710261447447,0.2735
2024-12-30,"COPP",1.524125,3.51232688991057,-2.81327578092079,9.34961032794477,TRUE,1.18911578146373,12.1628861088656,0.203
2024-12-31,"EB",6.12125,3.28215488044153,-2.61934648280962,9.59470912706933,TRUE,1.79793037268569,12.2140556098789,0.88325
2024-12-31,"IMGM",1.7365,2.96155853023566,-3.04805019632763,9.00335226845945,TRUE,0.794826269459041,12.0514024647871,0.294
2024-12-31,"PRES",2.070625,3.7175706370933,-2.20182433572008,10.0279561308962,TRUE,1.01392745646373,12.2297804666163,0.23675
2024-12-31,"BIRR",2.62579166666667,2.99813861741164,-3.31849723944535,9.1140623511209,TRUE,0.560613087213668,12.4325595905663,0.43675
2024-12-31,"BLC2",6.28729166666667,4.86853467134607,-1.11083900161465,11.1619139618226,TRUE,0.880155245786751,12.2727529634372,0.7465
2024-12-31,"BOTR",2.15304166666667,2.94453754580622,-2.93746413265768,8.89301820999099,TRUE,0.673622578807881,11.8304823426487,0.3525
2024-12-31,"GHSR",4.2305,3.61652317102735,-2.0947815418344,9.83751918467003,TRUE,0.614328068204917,11.9323007265044,0.6185
2024-12-31,"LEAM",2.14720833333333,2.82300315775721,-2.96403959552415,9.30711613950889,TRUE,0.643662508723817,12.271155735033,0.3715
2024-12-31,"NPT3",3.13495833333333,3.14770330285918,-3.01483817255509,9.52385805933608,TRUE,0.542497676073969,12.5386962318912,0.49925
2024-12-31,"REA1",3.147625,2.92520156618665,-3.38156351799022,9.07918447014027,TRUE,0.553508248240974,12.4607479881305,0.541
2024-12-31,"SOUT",5.41179166666667,3.10006061516499,-3.04106809827729,9.36282288388531,TRUE,1.4481985795026,12.4038909821626,0.84075
2024-12-31,"WREX",1.56154166666667,2.72242952539869,-3.85726836852188,8.65098914031171,TRUE,0.774932052193023,12.5082575088336,0.30775
2024-12-31,"LEAR",2.17575,2.80928597274985,-3.76941657989572,8.68683561714985,TRUE,0.593626446079849,12.4562521970456,0.40325
2024-12-31,"PLYM",6.21954166666667,3.44010730801027,-2.6682072758107,9.7206037561297,TRUE,1.74592251766678,12.3888110319404,0.87
2024-12-31,"SHDG",1.2825,2.90016234540757,-3.21837258983628,9.09788200928123,TRUE,1.0011073964705,12.3162545991175,0.24125
2024-12-31,"SHE",1.360125,2.82607991603202,-3.24629763202053,9.18022165092667,TRUE,0.93712751793244,12.4265192829472,0.25175
2024-12-31,"BEL2",4.30916666666667,3.81945836402416,-2.18037648411485,10.0430411177064,TRUE,0.589506255688055,12.2234176018213,0.6025
2024-12-31,"GLKP",4.011375,3.49068622302034,-3.29956603998473,9.73437701970622,TRUE,0.619370827768375,13.033943059691,0.59125
2024-12-31,"LECU",2.097125,2.87938601251609,-3.45408213448462,9.40209600688463,TRUE,0.654944013888793,12.8561781413693,0.3675
2024-12-31,"SUN2",1.253,3.64294785375583,-2.57109553829118,10.4291925979311,TRUE,1.53408556117719,13.0002881362223,0.145
2024-12-31,"TRAN",1.73058333333333,3.37320900229661,-2.93563042783535,9.65740693643314,TRUE,0.996962197240488,12.5930373642685,0.24225
2024-12-31,"STOK",1.67945833333333,2.89123337434748,-3.29961223237892,9.36386579542428,TRUE,0.807519045782925,12.6634780278032,0.2895
2024-12-31,"BEX",4.37108333333333,3.38674000445699,-2.80008059507296,10.2933764563992,TRUE,0.734263604190095,13.0934570514721,0.66975
2024-12-31,"SEND",4.044875,3.32950779162807,-3.37189368294202,9.87926868112699,TRUE,0.647440492061927,13.251162364069,0.6315
2024-12-31,"HUL2",2.28291666666667,3.75250641748949,-2.68452979732469,10.0536568006401,TRUE,0.912000136865497,12.7381865979648,0.2625
2024-12-31,"PEMB",5.578875,2.86043336783366,-3.66908232047891,8.69744581229912,TRUE,1.76133605917561,12.366528132778,0.8775
2024-12-31,"WFEN",2.3005,3.08322252717144,-3.10467485731323,9.21635515239395,TRUE,0.675929492351141,12.3210300097072,0.3585
2024-12-31,"OSY",4.325875,3.71844962166614,-2.716476032195,10.2697849491191,TRUE,0.630520838210039,12.9862609813141,0.61425
2024-12-31,"ACTH",1.97425,2.93092859168837,-3.1306493744723,9.16881282260942,TRUE,0.733066830404817,12.2994621970817,0.31825
2024-12-31,"COPP",1.752125,2.79335592614452,-3.56904102255418,8.88593014941339,TRUE,0.703452688186831,12.4549711719676,0.3335
