"time","node","observed","forecast_mean","lower_95","upper_95"
181,"node1",2.99811565576309,3.16677897610581,1.71835235621685,4.66355032538385
181,"node2",3.53473760741061,3.7436834271744,2.26589692010788,5.19171107296644
181,"node3",3.12207245511791,3.62174534663439,2.1709271818429,5.04734644054903
181,"node4",3.1963618431005,3.70263115154937,2.26359175344934,5.16887297381685
181,"node5",3.02107293195229,3.20466643566459,1.75470563512564,4.66147965369062
181,"node6",3.71446795234579,3.05681473848272,1.56051531395374,4.51287080385491
181,"node7",1.99068571216041,3.02356585161705,1.5622800734264,4.43705768670356
181,"node8",2.01496493247775,2.94901808618017,1.45165585290698,4.44055194823872
181,"node9",3.53400962023409,3.25502119687396,1.80281369060309,4.72596328588641
181,"node10",2.36940942305667,3.07965647722094,1.55106646433051,4.61710439365829
181,"node11",2.93141077893908,2.97230252095739,1.47594229262484,4.44697133047175
181,"node12",3.14126146475757,3.10791597456185,1.65323539361344,4.59255972476947
181,"node13",3.67585105383239,3.2750899111109,1.7836766139437,4.6841888498353
181,"node14",3.54092041309341,3.06504452826462,1.65834123094928,4.54412930979118
181,"node15",3.3153829886351,3.16348479672123,1.73123272730834,4.64325243525302
181,"node16",3.63720796074048,3.1298361207956,1.6883310685958,4.54728962434989
181,"node17",2.62391590944993,3.05943997137684,1.54797286123744,4.54971365366087
181,"node18",3.24811639248716,3.07735169796312,1.56247764570628,4.5696562941451
181,"node19",2.78547488184075,2.69435774757794,1.22758106639083,4.12096339934488
181,"node20",0.836438687994582,2.71775300460282,1.24049140590027,4.14584226119392
181,"node21",1.46912511866807,2.92355424041325,1.44946331990823,4.39765353711082
181,"node22",2.06462257271779,2.83415854276057,1.32325553867031,4.3044043407982
181,"node23",2.69506207968888,2.50917663895696,1.01592699790765,3.97895960195016
181,"node24",3.75035985872618,2.71037974530537,1.24663021530081,4.2540296471771
181,"node25",3.94563837538147,3.34759486361716,1.87482684049935,4.8560055792116
181,"node26",0.830438030868351,2.97784482949748,1.56954523173282,4.43354069034533
181,"node27",3.32522113727856,3.23703062740935,1.75467227389876,4.73333956886852
181,"node28",3.05994131397701,3.04381114034184,1.59872751430258,4.53405831928778
181,"node29",3.93160716274607,3.05268215787335,1.52747382989113,4.57118265200124
181,"node30",2.98894126682126,2.67652541945577,1.2609042539172,4.18393797258003
182,"node1",2.09892594362172,3.25761579278397,1.78220617273991,4.7444544813944
182,"node2",2.55171854675751,3.10447692562898,1.62987751287562,4.57635864132843
182,"node3",3.36060948248257,3.32071998867402,1.90576636153493,4.78797931548976
182,"node4",3.31480528007256,3.04859913488223,1.60545516034719,4.56044043807995
182,"node5",3.79736794991245,3.29066141031239,1.83582429549358,4.676482169824
182,"node6",3.49204324000003,3.16514976675066,1.71845509328634,4.65890147234392
182,"node7",2.19808579063698,2.72860155213839,1.2743359464655,4.22356202324858
182,"node8",3.47326758907825,2.71473013503564,1.22534226145754,4.27111520712492
182,"node9",2.53309900940568,2.96236436624604,1.48906752084363,4.44326692734138
182,"node10",3.40175461811363,2.92238229897352,1.4225751073201,4.38017190150652
182,"node11",3.63690964702502,3.08293165380546,1.58007453414682,4.55512612620134
182,"node12",1.45325411032655,3.21472371512139,1.70684023356522,4.65820455906589
182,"node13",2.49513839724045,3.30459666619798,1.8851591245746,4.79574738302825
182,"node14",3.97852270824257,3.58797719696605,2.09503688695371,5.10337315154129
182,"node15",3.99521352210182,3.28002583445681,1.79750967996053,4.71392825070091
182,"node16",3.49931568981998,3.29127091749979,1.83000173566544,4.73749478634779
182,"node17",3.57327147394479,3.18283028104709,1.72719107878375,4.6846188203992
182,"node18",1.87594444538697,2.95580554090017,1.50385973896378,4.38356965867346
182,"node19",3.79817133440696,2.80589476282342,1.35242243161497,4.30612374378168
182,"node20",2.72523103647033,2.16163038512023,0.746050856689465,3.67996398919569
182,"node21",1.27690145843014,1.98662632324844,0.53613326245209,3.43049313147486
182,"node22",3.31712457669036,2.50677516366852,1.01399882027867,4.04760616212513
182,"node23",2.51518258007327,3.06265371359058,1.64603024161863,4.54016127958309
182,"node24",1.99032782021393,3.44260781513397,1.96849099716504,4.93430079934344
182,"node25",2.92289052096454,3.07267528470673,1.60399153172925,4.56209876048129
182,"node26",2.71026578246064,2.68797478512076,1.25876351471174,4.14766567223959
182,"node27",3.02643844091052,2.78309992694746,1.31906970428731,4.23160207252118
182,"node28",2.64822251973123,3.33314342908855,1.78232775659744,4.80630194475179
182,"node29",3.34458093329521,3.38248904048687,1.90353386942981,4.89129638386714
182,"node30",3.87548726112548,3.28250753643637,1.85623471058809,4.84953998849292
183,"node1",2.49533454308281,2.87901162592279,1.44035934953138,4.34531713373352
183,"node2",2.77604752831879,2.80956378771035,1.29845263156585,4.29502793663262
183,"node3",3.42567194278513,3.19680284374597,1.76366828076983,4.68954666503909
183,"node4",3.37775755223492,3.36780726689204,1.81447286210468,4.82360407617445
183,"node5",4.2245647500375,3.50775359363163,2.01012707813571,4.9785086503185
183,"node6",4.18897724488329,3.15612213365644,1.69606476932103,4.60753144595811
183,"node7",4.62187315064912,3.066371342005,1.60813434901774,4.56130198025802
183,"node8",4.384975897747,3.11277087784721,1.56425250963226,4.59097902657203
183,"node9",2.90748783804613,2.98217317888305,1.50337103490626,4.44597904619687
183,"node10",3.48036218517684,3.31971292309107,1.82270558634084,4.80405371708048
183,"node11",2.26015979418024,3.10352133119838,1.64403585579523,4.510673584188
183,"node12",2.62320369463338,2.60861694640509,1.19998372953177,4.05940106217159
183,"node13",3.05880109839448,2.79052535077105,1.29074729306516,4.2353949951982
183,"node14",3.9836457314968,3.47115931457117,1.98967242328655,4.94643308619508
183,"node15",4.03548234436938,3.66337629742623,2.16593517647302,5.13534695150047
183,"node16",3.75587831570884,3.4493400639867,2.00247488298478,4.91406366082637
183,"node17",3.585823018813,3.23616121179731,1.7446837588466,4.66495701133258
183,"node18",2.83802165200339,2.90374798706589,1.36184050689384,4.32485248281656
183,"node19",2.09357852217551,3.08568675725503,1.61336511516239,4.58060117503214
183,"node20",2.37031899406831,2.99168144780892,1.53491066323075,4.46578806659482
183,"node21",3.03290791721835,2.57633129416001,1.09241974499765,4.02601093573912
183,"node22",2.91343839534612,2.86348287001694,1.37833550971517,4.36383709395454
183,"node23",2.49847467014436,2.83946506407099,1.35661189899414,4.30276780476481
183,"node24",1.82736154919634,2.61790908428768,1.10803640341044,4.07157519135599
183,"node25",4.84706360660961,2.72473580055055,1.26674980477787,4.18982934589606
183,"node26",3.41203225079394,3.21976697319134,1.76059733165571,4.67822513228318
183,"node27",3.42691208657329,2.90121887521646,1.41657867593735,4.3068439521581
183,"node28",2.68151180791126,3.06645981817943,1.6459536006692,4.53543722604045
183,"node29",5.37272429544055,3.20512913635207,1.78857067339966,4.71527008297622
183,"node30",2.81983766593501,3.31484739876229,1.84246249949701,4.80849037317411
184,"node1",3.70857302352848,2.95200220078149,1.48044722648364,4.42987119996287
184,"node2",3.26616470179416,3.02731210937017,1.5813039127863,4.4673326972811
184,"node3",3.82612105766095,3.21758838570155,1.74411592553405,4.71214657728318
184,"node4",3.68074161560767,3.48825119756815,1.98905574021711,5.00729985629558
184,"node5",4.23021863709031,3.69854076504409,2.19629084466727,5.127027921957
184,"node6",3.99774243434512,3.89856809954758,2.45457486274984,5.33884489546334
184,"node7",5.04544368395333,4.14200947688495,2.66799549495443,5.63852128159624
184,"node8",4.19897131357632,3.71235270747102,2.22284202601041,5.16421266708449
184,"node9",4.37897190102738,3.43102736627627,1.98796141337736,4.85586620435696
184,"node10",3.32159179582977,3.08030170623404,1.56603904049669,4.48486102054872
184,"node11",2.63691353623976,2.77174042437934,1.27843679548729,4.23125954223508
184,"node12",2.5528866509868,2.99832473933057,1.49577136399375,4.44042043639782
184,"node13",2.70602832944279,3.236072422556,1.74959747209215,4.7426999603746
184,"node14",2.381954771422,3.51673548091872,2.08074116461949,5.02071412321096
184,"node15",3.6673541650136,3.6668085653904,2.16373072554735,5.15353553918986
184,"node16",3.515277715365,3.60324975307183,2.1040079948544,5.10161636388394
184,"node17",1.95843229549653,3.30795159865934,1.79772875631045,4.78753489192437
184,"node18",4.27432454550187,3.12639692300704,1.67341588076099,4.60091104580518
184,"node19",4.11694195641627,2.54915439391348,1.06547348213387,4.00971995409941
184,"node20",3.21870747057923,2.7376297743505,1.31787830916309,4.23770429292181
184,"node21",3.27642999314399,3.14029244697404,1.72635470831118,4.54426137104505
184,"node22",3.27625251902719,2.89008141271545,1.36119012157106,4.36030083124173
184,"node23",2.20504805729831,2.74278051246362,1.28702450791627,4.22933601453601
184,"node24",1.56533750675012,2.99794646602693,1.54261011106615,4.42049356087003
184,"node25",2.07884648170755,3.53986099280106,2.12793051381275,4.98644445574967
184,"node26",2.55424495404884,3.61952540346039,2.11246805740919,5.03916152422946
184,"node27",3.41414122641747,3.22316446150138,1.73851561423302,4.700818397113
184,"node28",3.17159999915819,3.48356216735023,2.04962353345021,4.925967949015
184,"node29",4.06914823232431,3.771439216656,2.25623784902478,5.15485067908756
184,"node30",2.85353265991277,3.23880739655058,1.71069548656365,4.70117346324332
185,"node1",1.72442585677364,3.37488276155807,1.90026350580529,4.8101377153974
185,"node2",3.33938417803916,3.4444836163607,1.99933693823288,4.80416762311924
185,"node3",3.14048376232806,3.48087492246498,1.99643615996078,4.89958722255725
185,"node4",4.58444914652383,3.6628430171666,2.23046867083487,5.19471563949321
185,"node5",3.04064620595162,3.70273926361926,2.20747252854877,5.24188622163373
185,"node6",4.45128982401427,3.9279617237751,2.45091113332302,5.42761268789074
185,"node7",3.03943329832966,4.04891545119975,2.54930430088738,5.50697044590846
185,"node8",5.71383270877373,3.96120227516876,2.48108230294991,5.46088555554209
185,"node9",4.77007288308197,3.85361801378875,2.4341904671771,5.31138643008028
185,"node10",4.36372541966754,3.2921310483693,1.79097570104837,4.77990194626773
185,"node11",3.93418676105426,3.01961844372737,1.5761378449862,4.53955164094565
185,"node12",2.78380383854197,2.84928805503871,1.42796341480826,4.35706789505764
185,"node13",3.2546708061028,2.8322512214698,1.39342400515182,4.30159438572803
185,"node14",3.24249379205514,2.89124396559101,1.4343680837427,4.42257440163978
185,"node15",3.47314046522782,3.25016920357028,1.76294785268628,4.77037398799193
185,"node16",2.99075582393116,3.17775597052345,1.67076852319939,4.71459018835201
185,"node17",1.99614869658183,3.00381821368021,1.57696319285813,4.4527419552458
185,"node18",3.59804444278634,3.52491450982946,2.08571972610066,5.00297320716265
185,"node19",4.45280001045893,3.75722545224445,2.240738195196,5.20697003658384
185,"node20",4.30042103456813,3.4187777842948,1.94407852332122,4.85549123476903
185,"node21",3.9925440875285,3.23632760805589,1.78398752696255,4.74628523855203
185,"node22",3.13398680522264,3.089409502124,1.59051335881308,4.57758293213903
185,"node23",2.80533320115372,2.64747361312388,1.14755955853673,4.09147507327409
185,"node24",1.77228511693053,2.48506586426343,1.03396521913488,3.90999272937272
185,"node25",2.26648850696349,2.29143268261551,0.7761063237827,3.73832383632748
185,"node26",1.9938284917482,2.89124329249734,1.41571147248057,4.33306743842421
185,"node27",3.47583820943352,3.14491167752968,1.64802310990851,4.63602724777363
185,"node28",2.87911243745729,3.49958724698487,2.03574260044632,4.96289217512258
185,"node29",2.44038672587878,3.21534016387737,1.76793305694323,4.65783773934584
185,"node30",4.13953756875915,3.40283603461908,1.94056238872408,4.85689124688074
186,"node1",2.83052763509038,2.85118482684003,1.40045084798524,4.29606965271546
186,"node2",3.57035722384465,3.03773093915792,1.4803558225986,4.49411819024397
186,"node3",4.70058668611752,3.40248456042833,1.93101926781925,4.87961742925799
186,"node4",3.21327042268856,3.63886517247175,2.23297619013724,5.08308063375047
186,"node5",4.23035576447831,3.53616692761531,2.13941616481168,4.9840189356361
186,"node6",2.90651039056964,3.58651933794951,2.09529109513164,5.09011173541529
186,"node7",4.08278055107516,3.66159084800052,2.20382154721388,5.08300437197637
186,"node8",3.14465828978325,4.26879231356474,2.83879638356438,5.71346290783769
186,"node9",3.29785454940711,4.25527562951197,2.75981433152065,5.69796599612977
186,"node10",3.45600962921244,3.97862818293256,2.52951359671606,5.39980639894736
186,"node11",3.68548091265217,3.61184780221597,2.07183888396201,5.06054047397542
186,"node12",2.7725369186537,3.23272889625321,1.77235754121531,4.64369478249678
186,"node13",4.9296881532731,3.17194516174028,1.63636728911528,4.62385664111386
186,"node14",2.53084873473503,3.35439593702526,1.80645155663868,4.86417720408776
186,"node15",2.76472595901374,3.21934047163374,1.72203353027847,4.70285053685148
186,"node16",3.21706283541097,2.94223330085857,1.48533927973453,4.40333427960887
186,"node17",3.53542496612906,3.00322815238246,1.53821887239485,4.49234505482258
186,"node18",2.94855649146764,3.24600546200337,1.79732927329381,4.73495967573212
186,"node19",1.94313404374338,3.81912329636828,2.33189072283479,5.26835078523545
186,"node20",2.95933846993813,3.93624874811376,2.50553606213676,5.36731046378862
186,"node21",3.75527935015362,3.63853805696151,2.18716429998806,5.09331707806696
186,"node22",3.34254530972486,3.22285105415664,1.72855147856597,4.69259599675238
186,"node23",2.51678627079548,2.88450979747848,1.41219450467634,4.40031323285168
186,"node24",0.415977496626989,2.61349315172217,1.1268315659903,4.09472291203619
186,"node25",2.71516766889691,2.51181928809646,1.02480191767236,3.9888534731491
186,"node26",3.41735764153631,2.74226255076751,1.2447270897053,4.17024539045952
186,"node27",2.49898920768469,3.01644223768563,1.51132396110512,4.51093314335134
186,"node28",3.57678491607907,3.06486608438291,1.66811511440457,4.54466554573221
186,"node29",3.42968898239617,2.97584827444144,1.46790917252364,4.43446854109704
186,"node30",4.70716204765898,3.23083163782466,1.72332486642179,4.69679679804402
187,"node1",2.96352803858547,3.56390278540828,2.10502032060732,5.03403508741686
187,"node2",2.9768353488589,3.46135644302422,1.98484701736336,4.9285384803573
187,"node3",2.54411739136981,3.81988932657526,2.36584937935806,5.36720469502765
187,"node4",3.28568210390647,3.49906728159631,2.09182081420828,4.99025933683615
187,"node5",3.51437698966421,3.59967777847831,2.08705921084828,5.10412931969844
187,"node6",4.58072527597284,3.30678240300871,1.82692200138808,4.87628112054758
187,"node7",3.44319252951412,3.57391280485917,2.06236092063673,5.08449817025325
187,"node8",3.37397989085223,3.1708132447996,1.70030867927756,4.69992829035443
187,"node9",3.33455710550311,3.24699023261272,1.76577504663992,4.75684665709147
187,"node10",4.13938562816033,3.35686248908367,1.93268373952766,4.78804707517821
187,"node11",4.43787928341907,3.3015294121832,1.80866085730719,4.83343045376884
187,"node12",5.4645470547771,3.49558989364002,1.97882717135827,5.00230854521456
187,"node13",2.82177463462537,3.58705487116543,2.0968244310737,5.07556195359924
187,"node14",3.11047289018507,3.21116695290878,1.7927318495929,4.68615323971449
187,"node15",1.552828026023,2.9353680378018,1.50410220709039,4.37275137723896
187,"node16",2.09951550791708,3.19446565336425,1.75925176441345,4.68755728777945
187,"node17",3.01688551510995,3.40023758548724,1.93070165793352,4.85070984529237
187,"node18",2.88123024537994,2.94701036607942,1.51596554379726,4.40479514017744
187,"node19",4.23060225394808,2.65310443975757,1.14655520156428,4.15083545470641
187,"node20",3.47704793745766,2.98259552973894,1.55287793085575,4.50631253360945
187,"node21",4.19258435065631,3.33968189322646,1.85671884086104,4.82531657917055
187,"node22",2.49966632885762,3.25783265934475,1.80421910662948,4.72893630901727
187,"node23",1.49959906019469,2.55066846704448,1.120036174175,3.98676576720987
187,"node24",1.71337891027689,2.19928797902135,0.766663159604981,3.69839973201229
187,"node25",2.28777403586614,2.64253159198084,1.22025947664453,4.14063238384599
187,"node26",2.78520652165202,3.18147687748783,1.6420205255224,4.59489955971418
187,"node27",3.5415645376004,3.01021820033619,1.60547472739341,4.50579729609293
187,"node28",3.33575564852395,3.27545921912901,1.84957171554314,4.73007880783977
187,"node29",4.44916397362246,3.68323713456176,2.19741015943515,5.14684186188046
187,"node30",3.59774334072855,3.53438266807769,2.06676230399119,5.00961498428752
188,"node1",4.25006423611312,3.25427989953916,1.79620811700151,4.64571992155868
188,"node2",4.23618366355184,2.99584885252993,1.50370138708531,4.46016253324179
188,"node3",4.11715598116773,2.85243554083533,1.47867284495032,4.31533747722371
188,"node4",2.87935648300407,3.26094799174351,1.79733744616434,4.7791956445503
188,"node5",4.13003048861088,3.4546613476399,1.91157928993032,4.87287372927807
188,"node6",3.57499782631252,3.84161775773993,2.39094292577887,5.31414321341373
188,"node7",2.45170110033584,3.4569452986577,1.99112348714221,4.91588332038595
188,"node8",3.21210727215417,3.3669388435945,1.87870068447812,4.82662059518614
188,"node9",3.78848094597492,3.43666831030286,2.02631837441046,4.93994119739186
188,"node10",2.72945392535163,3.74015789795102,2.3177976196556,5.11825217304007
188,"node11",4.17942674982152,4.09311537053754,2.57931682421848,5.58020260091059
188,"node12",3.62819413916218,4.20199109303858,2.71690288311444,5.70527386842433
188,"node13",3.60023332402947,3.25524776168717,1.84023618949908,4.70364798601252
188,"node14",2.80788588114972,2.95388660298515,1.48578630224143,4.40866476889296
188,"node15",0.897235931408615,2.49945931120596,1.10873490878073,3.92879638136008
188,"node16",3.45623870880733,2.55029337949383,1.08093026907466,4.00455212016218
188,"node17",3.45478103630802,2.8855595417321,1.46228159531798,4.37419864234021
188,"node18",3.11512904596668,3.24259638080998,1.75774647064048,4.73240636124209
188,"node19",3.67374474304042,3.64421431660291,2.14539265419458,5.09567679897305
188,"node20",3.49259891530756,3.63519015323665,2.14179911325494,5.1180340573685
188,"node21",2.91481475809806,3.41783892184737,1.97182542529605,4.85105579395723
188,"node22",3.13048030863686,2.85224512264063,1.35915864016348,4.40047894706772
188,"node23",3.36173025691102,2.28260069564056,0.831926498398987,3.76318176807848
188,"node24",1.9106459390394,2.51703543072349,0.992238719535506,4.04639325460404
188,"node25",1.92047854928887,2.57210972489792,1.07897108390785,4.04135030635502
188,"node26",2.42305367900716,2.92994493697199,1.45090944160358,4.40427512402971
188,"node27",4.31735221543571,3.36171018862984,1.86863312248745,4.85064309935456
188,"node28",2.77956700952446,3.46955398257835,2.02804447434723,4.93783941305453
188,"node29",2.63555385836605,3.74643528465875,2.27389044374093,5.21900629927619
188,"node30",2.72386708078078,3.3693051333624,1.92816268421968,4.85928441746803
189,"node1",3.16886216446692,3.6764259167551,2.22777479859085,5.17004111071026
189,"node2",3.94096227342535,3.8679479206219,2.40249824524462,5.3551031873611
189,"node3",3.842826853377,3.68665323572686,2.2651487831768,5.20505465244361
189,"node4",4.65474744604374,3.39167286873691,1.95080778598052,4.80393695612169
189,"node5",2.25583461766565,3.54355742256284,2.08360537209446,5.00851031265196
189,"node6",2.69641259874851,3.25876360723766,1.75347162168211,4.73743033271285
189,"node7",4.37357415815677,3.05597668322211,1.57395424163591,4.55310246391207
189,"node8",2.78751175008741,3.1875723617695,1.71478711115076,4.59333918876051
189,"node9",3.35356635232794,3.35363932838307,1.85124230983618,4.82106417910416
189,"node10",3.44521068354793,3.27114931242857,1.77386355490561,4.75862425824534
189,"node11",3.60097984784776,3.51257976817363,2.02093686250732,4.93218235658077
189,"node12",2.99402290388583,3.40056043967376,1.929702355787,4.93087740912506
189,"node13",4.75801885144913,3.45036885322577,1.94904540451323,4.94844416503978
189,"node14",2.56102801020797,2.72312228128386,1.25703491005829,4.18255939898794
189,"node15",1.69449064668101,2.54924835063525,1.04406363295024,4.03102409175388
189,"node16",3.41717101620613,3.00928408652817,1.51234003869887,4.5918720640036
189,"node17",3.45542656368541,3.29970024971516,1.86174904320428,4.73982355725225
189,"node18",2.45776570493406,3.35890033589507,1.8912938487269,4.90681518501426
189,"node19",4.26512580450977,3.30910158427502,1.81425648677828,4.79058284465102
189,"node20",1.97765398886532,3.376205275047,1.83736563047982,4.81004490712927
189,"node21",3.40359937300282,3.05455483296662,1.54947458340562,4.5272357040984
189,"node22",2.43399255212962,3.21317947137651,1.72823428262698,4.63307253204642
189,"node23",3.50490675231324,3.13396660707453,1.65660981405168,4.53890024859297
189,"node24",1.64285508917899,2.66497323447352,1.14040733534389,4.11909654842977
189,"node25",1.60398340972258,2.48315167207899,1.0432999422628,3.95879333769721
189,"node26",3.65687733098833,2.95302675830791,1.45471211454661,4.38490723633737
189,"node27",2.9102066358412,3.34661520641308,1.88967105725192,4.7988676210076
189,"node28",3.49122262309833,3.20135279933167,1.73061789655085,4.67147382933945
189,"node29",2.90435562774096,2.78599977057857,1.25386074503036,4.26934693106058
189,"node30",3.63841751798454,3.13120766200414,1.68596187506303,4.57718212843826
190,"node1",5.11461855350617,3.31784218250789,1.83618874379484,4.80966645283645
190,"node2",3.74419905233399,3.52208387010818,2.06475213601219,5.0004319585513
190,"node3",4.21122338449826,3.7211762793075,2.257567084947,5.17460188536984
190,"node4",3.39602843022519,3.72652639734789,2.23827097703634,5.20977806941637
190,"node5",3.38313658596829,2.9767507470801,1.59182052561914,4.4881583554794
190,"node6",2.02058668520911,3.05770884329746,1.59239517833953,4.47175466617702
190,"node7",4.22397341975159,3.52912287362515,2.06279232434751,4.95782381843358
190,"node8",3.68219302259521,3.28891047584025,1.81375650849001,4.72528644852064
190,"node9",3.51318601656781,3.1704037392091,1.69328000556315,4.69508598736147
190,"node10",2.50994425456272,3.47411617745677,1.98735181910804,4.94346666265983
190,"node11",3.92312855333637,3.26238158918566,1.82224136765347,4.7331004044874
190,"node12",3.97558192164625,3.46801331617954,1.96772787723494,4.94438131896205
190,"node13",3.64367450520955,3.55274992098649,2.0445977805531,5.05960690756668
190,"node14",2.39085123979217,2.99144140020225,1.50308334970182,4.3720810321464
190,"node15",2.81535536562729,2.85499359639478,1.43129171975016,4.41935902629665
190,"node16",3.52356975125426,2.99745823273409,1.54221816902346,4.51827707084048
190,"node17",2.53496624416329,3.19449667060635,1.72365214711223,4.58318608367039
190,"node18",3.1948833823422,3.21489974629741,1.77330358653275,4.68821600333681
190,"node19",3.05259728166358,3.20715284134489,1.73288390360006,4.65551191301263
190,"node20",3.4394685526469,2.99869613773593,1.50532879595009,4.45412832697681
190,"node21",2.99499053761357,2.9894743641856,1.46613436771183,4.45851237240011
190,"node22",3.73251517537018,3.04802995352425,1.56838776317629,4.48705559250325
190,"node23",1.97902867291364,2.88062368975232,1.41482366155597,4.26043416589584
190,"node24",2.17083639593675,2.57570713897124,1.08344811041762,3.96151829530671
190,"node25",2.2834143922895,2.56480895633207,1.13770445091765,4.05346475947527
190,"node26",3.63046463570602,3.12216922026791,1.61371392021049,4.55727346288101
190,"node27",3.7205315931855,3.10415765891769,1.62742775413091,4.53711664453362
190,"node28",2.54439694799866,3.26874180816114,1.85764967763782,4.7052658072336
190,"node29",1.89115810622931,3.2599844979848,1.72100380864755,4.73004055204584
190,"node30",4.15892184406854,3.36218775085265,1.83361972771028,4.90177813745775
191,"node1",4.56231182499893,4.12522559969453,2.59695253272871,5.58537754449793
191,"node2",4.23575810482001,3.82050079214544,2.26079529073764,5.35620220148397
191,"node3",5.02709278874432,3.67403673697142,2.18010200009606,5.10705392991343
191,"node4",2.40843739847435,3.33259005965121,1.89854630565922,4.8596528779355
191,"node5",3.53754831944716,3.22762324629576,1.74271750581699,4.72906579088433
191,"node6",1.53862507403824,3.07582245892277,1.55974303676851,4.57513040512386
191,"node7",2.84118719328167,3.30330586500565,1.84163299772897,4.7843064671257
191,"node8",4.57161026435642,3.66690530192862,2.18438553512426,5.15671446016888
191,"node9",4.05636139438221,3.26412585537578,1.81828508405148,4.73431115959695
191,"node10",4.31081442474169,3.15075537765756,1.74328001922001,4.60854658385646
191,"node11",2.56180986060198,3.43028599581801,1.95569203517712,4.9253099896349
191,"node12",3.70163129730329,3.73569093318884,2.2467279643762,5.2417798506665
191,"node13",2.40624051342469,3.18835373337926,1.72307000113118,4.67944922360457
191,"node14",2.37479225850144,3.01732161339748,1.58676901338568,4.47381521896459
191,"node15",3.71836193804355,3.13198983250474,1.66679440967994,4.57563902411857
191,"node16",3.00078872299453,3.09236986340477,1.63756611354194,4.50111108597747
191,"node17",3.39393166928641,3.0089019245132,1.53730967542409,4.47748488658842
191,"node18",3.04518400313112,3.18648656393442,1.72363666906245,4.68248130880808
191,"node19",3.24113324861456,3.04902874383759,1.49967223125415,4.51843170224944
191,"node20",3.12528264746731,3.3834486610551,1.93499290754444,4.80621264887424
191,"node21",2.66534641845442,3.19470667121221,1.67931985927958,4.655082948235
191,"node22",2.79977524832438,3.24091763970716,1.79029781321015,4.72194829506194
191,"node23",3.54128290478677,2.63553987632424,1.18799715876014,4.12378971817009
191,"node24",2.21466284899078,2.63014287030686,1.08449420224672,4.06322117962475
191,"node25",2.45953400563226,2.9268891606791,1.4652368573131,4.4307378308629
191,"node26",3.27775863882884,3.1932705117598,1.71357538590297,4.66891225863023
191,"node27",2.27317616831607,3.3967136858801,1.94621580687551,4.92852681686399
191,"node28",2.17581432431271,2.82673627214554,1.38483478087194,4.29805993014851
191,"node29",2.57555113242224,2.88234499030199,1.37101286801465,4.36042307066019
191,"node30",3.31097684861509,3.57808112710385,2.15477437871844,5.05304662652826
192,"node1",4.85330009258677,3.72000521503311,2.21992904692135,5.22776210707974
192,"node2",4.31200667161584,4.11162526682322,2.61663239064948,5.59614665514117
192,"node3",4.58850225693403,3.78431292624324,2.31672785957055,5.28544465221592
192,"node4",3.95245395863225,3.32472782296389,1.85283064870969,4.84334774328461
192,"node5",2.26020135092725,2.8794856459207,1.44826797297779,4.40080312352159
192,"node6",3.27132480760581,2.80780200570791,1.36212525106641,4.26954192378029
192,"node7",1.5432290120828,2.93586336820493,1.49920304347498,4.43207614699427
192,"node8",3.96746991558072,3.74164995601738,2.32786950713995,5.20162172579001
192,"node9",4.36157102964881,3.86487036252438,2.40796424323837,5.29790483122726
192,"node10",3.18507025049657,3.70736258067993,2.29146435429914,5.16268738451485
192,"node11",2.55670693801474,3.2044589117772,1.73952813374002,4.67127113854569
192,"node12",2.69323377794638,3.11035601797603,1.66573286290561,4.59863870732982
192,"node13",1.61975303728516,2.85979726143708,1.45142372318177,4.33433192971623
192,"node14",2.71506127621758,2.97314412928872,1.49063679761865,4.42998911411793
192,"node15",3.9116056895271,3.2375571662471,1.777376343997,4.73825059953607
192,"node16",3.40675684751639,3.20409979745671,1.69379381163815,4.7143254151018
192,"node17",3.71835042183339,3.28956470861981,1.83012466714532,4.67985077803609
192,"node18",3.65469991068356,3.17770481560941,1.68068279294813,4.63733920408011
192,"node19",3.04516237941674,3.21046520552818,1.68961141995417,4.7116397425891
192,"node20",2.63574919889675,3.07701743427315,1.6747966264487,4.61098821523214
192,"node21",2.83553022027923,3.00278587335594,1.51511777039885,4.49205897977336
192,"node22",2.81273747502901,2.96055221163525,1.48103417837538,4.45222100204533
192,"node23",2.95990776349,3.19577167741184,1.663030169918,4.70776206486273
192,"node24",1.600771997693,2.85467864438038,1.37054650175652,4.33230411756693
192,"node25",2.847270125784,2.88806105223757,1.37758435465325,4.36271974506784
192,"node26",3.06079560502327,2.91738210484418,1.49489585878704,4.41203839811886
192,"node27",3.80937661904214,2.70204189352215,1.22284088537147,4.19843811188984
192,"node28",1.37803322466661,2.66090915726345,1.19497813799165,4.1424538301768
192,"node29",1.69558712548233,2.98756055273049,1.57326195470677,4.5409649722734
192,"node30",2.77227051413924,3.30217745809026,1.8394403791196,4.76555877517909
193,"node1",2.98894019510202,3.77939664284293,2.32868882327155,5.23625339898698
193,"node2",3.40723647329298,4.07612723587194,2.6273221225081,5.48118253749373
193,"node3",2.87230272592284,3.81577321465878,2.36275141635299,5.24951230171715
193,"node4",3.32447931996447,3.67015023096217,2.16311083047571,5.18424211703744
193,"node5",2.74567911718596,2.93601924316494,1.43549707792516,4.39058229608967
193,"node6",2.79767761682624,2.96391055535822,1.51100665322039,4.43212749241779
193,"node7",3.93995495424136,2.83060514115719,1.36249513506894,4.31596237514847
193,"node8",3.54795748914504,3.27637006686807,1.81857762150982,4.66908020233882
193,"node9",4.25676682533396,3.71467977085816,2.20365402984269,5.18601893986862
193,"node10",2.45092375533615,3.19981320443985,1.73578069226131,4.673954841658
193,"node11",1.71628674921885,3.02371099555342,1.51167771350522,4.55248176874109
193,"node12",1.90278755396605,2.59759783055175,1.11662401282251,4.04637946003868
193,"node13",3.65017104258508,2.59587909903402,1.14038912483502,4.05643958111668
193,"node14",2.48263152709957,2.97967601952597,1.54403010248014,4.43506580684352
193,"node15",3.25761469610017,3.32491520024189,1.94065696343681,4.77069950991149
193,"node16",3.46077851243428,3.52143914608422,2.00988547645212,4.97310872086061
193,"node17",2.85678996543491,3.46380173656189,2.00129498325239,4.90258952985815
193,"node18",3.72066758675534,3.44346066801577,1.9670489053068,4.90945833182872
193,"node19",2.74252209936478,3.13481649752504,1.68964716147611,4.57293087742843
193,"node20",2.34276061131809,2.93629142845263,1.51638313635706,4.44135221228518
193,"node21",3.34126182008904,2.97353873958224,1.46017418145924,4.49591051909995
193,"node22",4.08026539764165,3.0188352432686,1.49496919446615,4.48733277215573
193,"node23",3.43248470418167,2.7395773854083,1.24375267859682,4.19410058690458
193,"node24",2.19153713272787,2.66963434757562,1.22523199539325,4.17089252265232
193,"node25",3.39986002671708,2.85489933818367,1.43432078469754,4.30151414088461
193,"node26",3.32367907857885,3.15333122145654,1.72197662926965,4.62004288394285
193,"node27",4.2472637938188,3.15004835955217,1.59549625179899,4.63724416176959
193,"node28",2.91088213794312,2.51641335067437,1.08746295404062,3.96007455779107
193,"node29",4.26497898289201,2.38302425682729,0.894792013086944,3.84087931118281
193,"node30",2.24148458374592,3.10992949476388,1.61601503828463,4.57508747642002
194,"node1",2.4000566042782,2.89367343622509,1.38517296154285,4.35003855937465
194,"node2",2.85734220675163,3.1848279588178,1.69649728709233,4.63800024984767
194,"node3",2.11254825052163,3.09089550532685,1.61976577045943,4.57608843052553
194,"node4",3.89691982448858,3.07304948297508,1.67271538158049,4.56882739037315
194,"node5",3.88972456910396,3.12910267909815,1.6737812422571,4.63864352954682
194,"node6",3.69940053997175,3.0445209489639,1.60415566055613,4.48619006503052
194,"node7",3.75329014784298,3.62260479170028,2.19490859899835,5.0929464011146
194,"node8",4.69493508691768,3.53677360797579,2.08730493613481,4.9325796030756
194,"node9",3.70206382646761,3.41320807452473,1.9174305289989,4.9162656443049
194,"node10",3.39463836269336,2.91549721362579,1.41311483973947,4.39453530516969
194,"node11",3.07902213615269,2.43633542361672,0.981093517124269,3.90245628512811
194,"node12",1.89417906559286,2.59931087862372,1.19670752584089,4.02784594584352
194,"node13",4.18538163307605,3.14671344099882,1.67125402542008,4.6487502957797
194,"node14",3.33294853766393,3.07910671190231,1.6087981470186,4.50361899084578
194,"node15",3.30100272274268,3.08607325363493,1.66369271311643,4.56322307823592
194,"node16",3.77082985164758,3.27120046428995,1.8192981239554,4.73315046814123
194,"node17",3.35803478475634,3.20163151475093,1.7516872559756,4.65248545867614
194,"node18",2.00784007522977,3.22436356366105,1.69443878538113,4.65852613944693
194,"node19",2.40950832620693,3.01978992893558,1.55041923876003,4.54498114807174
194,"node20",1.73788035005308,2.91661047313463,1.45931953501351,4.33647354235973
194,"node21",2.8614035593177,3.26862343100514,1.82667240709825,4.8260375600429
194,"node22",2.90474528770118,3.58069592831348,2.08601189583268,5.02765216288786
194,"node23",2.30707987473058,3.23180032931852,1.79351712744016,4.77154822427684
194,"node24",4.85518902597465,3.08007824414879,1.61275945638419,4.52717342046774
194,"node25",3.8226639248897,3.1154627821995,1.62170189514098,4.52873241055288
194,"node26",2.76450103425696,3.47794417006003,1.99058328961652,4.9349463110734
194,"node27",4.7477417728258,3.4172450072382,1.94244132800235,4.90070193893276
194,"node28",3.05245659420036,3.60079839264829,2.16368333257207,5.05023326391059
194,"node29",3.80292088043191,3.42896706139336,1.92399452463927,4.88750502922587
194,"node30",2.93111213364425,3.08155635095072,1.58540573766354,4.53617649032284
195,"node1",2.59979159525472,2.84852190000284,1.36211570260332,4.22698816541785
195,"node2",2.59975662631382,2.75944136176675,1.20825874096816,4.24696399326666
195,"node3",3.19349838620022,2.95430812229748,1.48700008109048,4.4445647102712
195,"node4",3.96207874831343,3.34341307212431,1.89108118180714,4.79931294182419
195,"node5",3.77745810558114,3.6679197356301,2.19532797989175,5.08828437121177
195,"node6",3.43370708138643,3.62519680955215,2.09016048165414,5.08162536417265
195,"node7",4.6020131951785,3.65199349068944,2.21920239268532,5.14662466945781
195,"node8",3.48277671838893,3.89879907560806,2.32200046326739,5.34203938400171
195,"node9",3.66605166609414,3.54660645774845,2.08791549156212,5.01537010308598
195,"node10",1.89384142100789,3.39482412483942,1.94302633327358,4.8389710709972
195,"node11",2.49974092650712,3.0661634487126,1.61217982832586,4.51372594683182
195,"node12",1.41122592569055,3.01242465323916,1.50493041097934,4.54749785837635
195,"node13",3.40727135444579,3.24565482610454,1.77019530271323,4.72819302728414
195,"node14",4.23348747294007,3.51448692210338,1.98518892221196,4.99567081329542
195,"node15",2.8129675451248,3.3429581046867,1.87747655646192,4.79461763128161
195,"node16",2.7472444685034,3.41150641131614,1.89149091975795,4.89992388780224
195,"node17",2.59542219718087,3.21904214936739,1.70640809085193,4.70448644306316
195,"node18",3.41417544003801,2.64888314086842,1.15661105087931,4.08976641098837
195,"node19",2.43565519762739,2.55360545714955,1.11019319115014,4.12816146343828
195,"node20",1.82908145625387,2.61822514167929,1.13286857136194,4.08764241454335
195,"node21",2.73983248843449,2.80468022133792,1.31604306414005,4.25169773321566
195,"node22",3.27837218284971,2.84832297019352,1.35477044915997,4.37637335789114
195,"node23",3.09674205321147,3.11763018203566,1.67622570287465,4.56501234982228
195,"node24",4.48818756186896,3.81718403756605,2.31992593003196,5.21973762351929
195,"node25",3.70126445079863,3.57255334620195,2.13792526224702,5.00812169482631
195,"node26",4.35774228188924,3.45063148315539,1.956924617623,4.91388221042556
195,"node27",3.52660525850966,3.5276181575896,2.02767208861152,5.01054009577586
195,"node28",3.58018864241585,3.60501454386546,2.10790107099874,5.04748991476579
195,"node29",2.93891130788909,3.21073740774701,1.77708859376514,4.64374174465893
195,"node30",4.03409019249416,3.20571200627917,1.72882290038089,4.69972378884083
196,"node1",3.6219373090882,3.10905551136632,1.62475333758203,4.55651985380846
196,"node2",2.61178125529521,2.89279275342715,1.44560761735185,4.32544319935804
196,"node3",4.6652499361138,3.34697575414323,1.92206155628537,4.78484054527305
196,"node4",2.35696058479519,3.48236036948442,2.04089090579598,4.90901491286792
196,"node5",4.23549045465618,3.53920847085223,2.10994416370715,4.95747558560128
196,"node6",3.4759462598215,3.60514427413072,2.15417246393085,5.09140443411729
196,"node7",4.45531686814608,3.76792438131486,2.3007059883968,5.19335162567756
196,"node8",3.82291215504777,3.50766345160997,2.10325407841058,4.93445513923054
196,"node9",2.23351459126242,3.20550761524228,1.66593242833576,4.68859812436642
196,"node10",2.6535100800626,2.74103932218572,1.27232614311287,4.22204381253169
196,"node11",2.71308192608666,2.45796051259926,1.03419585664442,3.93195910128285
196,"node12",3.48102761470617,2.69034463051713,1.17932275720099,4.11616725571584
196,"node13",2.98604635482696,3.03512147106771,1.57534702496845,4.53313151764442
196,"node14",3.50358069026554,3.54441005907237,2.11083935382487,5.02322271062142
196,"node15",2.28951784801232,3.19349062072129,1.73484202367432,4.63083744276263
196,"node16",3.29148918184306,2.86019581577156,1.33186552184043,4.2868972849832
196,"node17",3.4323913371824,2.94394881565535,1.42516762269147,4.41125186072568
196,"node18",3.41562984955173,3.15010824493262,1.64875185426796,4.60130131494352
196,"node19",3.55959016507796,2.76687420839214,1.2434594081181,4.30819164020049
196,"node20",3.70361101991053,2.66292471750589,1.2277244037273,4.11925478062005
196,"node21",3.90701003514506,2.83059986974757,1.3588234214861,4.29957308330167
196,"node22",3.56934665646932,3.13787502518408,1.69289637159546,4.63538287956082
196,"node23",3.42853494454198,3.52388244532609,2.10078597134254,4.95837925971785
196,"node24",3.26043855423849,3.54419721242499,2.09364112672102,5.02952793291555
196,"node25",3.40365546138957,3.7570953092832,2.22612765317781,5.20856085933117
196,"node26",4.24714474068102,3.83295024688651,2.36995361851725,5.2775486895813
196,"node27",3.14125576583725,3.41458708104673,1.98258238579673,4.91278253419204
196,"node28",2.96223384395057,3.42703903760873,1.98736235309666,4.94802274238954
196,"node29",3.15660426787346,3.25924058283726,1.77428425906633,4.80745804962683
196,"node30",2.67951637961271,3.3659147718875,1.85477078956767,4.78173589375143
197,"node1",3.06771235363218,3.233126576278,1.71229641451819,4.70532226557607
197,"node2",3.18556296626891,3.36434642787688,1.9220687868649,4.78500495971579
197,"node3",3.62629154759062,3.46728816370712,1.95979820386863,4.94212621528068
197,"node4",4.08280772373031,3.29286280620068,1.82807788611747,4.73189643509364
197,"node5",4.12291696839797,3.43917429702873,1.97043778456417,4.8812407932484
197,"node6",3.10966807244169,3.71567892953847,2.2000877831087,5.18607368768984
197,"node7",4.11562191244035,3.66131416615948,2.18757258324978,5.20702541605481
197,"node8",3.19690488713373,3.49579232187699,2.03805312688925,4.98474838706546
197,"node9",1.81702644908053,2.83666174182327,1.31373565459997,4.32446854473866
197,"node10",3.64892178796065,2.90888336969471,1.43501929545414,4.37759800609283
197,"node11",3.11059919961746,2.98175904728929,1.55558037300608,4.4297951160877
197,"node12",3.06971258179528,3.33884085352497,1.88387908334042,4.75427641256376
197,"node13",3.68262060104483,3.19775678632699,1.73971549966112,4.63752127687666
197,"node14",2.28689662206561,3.03193860153857,1.58206461225418,4.55742230475579
197,"node15",2.44701295442016,3.03182692062976,1.55358567279154,4.41239871570384
197,"node16",3.51442637943074,3.14488644064552,1.68554611509727,4.64283391209738
197,"node17",4.2407621011433,3.38775612032892,1.90738971259055,4.83559307292623
197,"node18",4.64243893719768,3.32099547083491,1.83779653998888,4.81754546287848
197,"node19",3.90308222648024,3.48360715410189,2.01722231436417,4.97115422348188
197,"node20",3.82962593405901,3.64015349263117,2.17426013543262,5.14651728118396
197,"node21",3.69125740223003,3.59115614069011,2.09793137087171,5.10886131594281
197,"node22",1.71125939551208,3.4637056466918,2.00717952845776,4.91553739352065
197,"node23",2.52474543381062,3.40916828900656,1.96048256070953,4.86239948690327
197,"node24",3.26745866156364,3.19989532554612,1.71700048240912,4.65453161080226
197,"node25",4.71323845850469,3.48906232675403,2.04486205528719,4.94120093647418
197,"node26",4.91314279821865,3.50156202597724,1.95673519953229,4.93695031328941
197,"node27",5.40295779435059,3.34302386343747,1.90210096184779,4.83321662606252
197,"node28",3.63511023162306,3.08702182971032,1.57715866418083,4.56014953404143
197,"node29",4.63753104437236,3.13615359973034,1.5997289889412,4.60324882820636
197,"node30",3.15004366688843,3.00386585615786,1.49031179813705,4.42685608888712
198,"node1",2.13372052242472,3.08894730395118,1.5825807210146,4.58709609925814
198,"node2",3.05288649435089,3.36662796480066,1.91105220096087,4.834717236514
198,"node3",3.72273095078387,3.32038131323539,1.87949142458552,4.76609717614944
198,"node4",3.2939276237789,3.87425610887558,2.4511742947217,5.3790584412918
198,"node5",4.4454837724688,3.53560817675749,2.04646221782278,5.0172637533679
198,"node6",4.32278591451778,3.52730561418211,2.11214157191323,5.05594088138159
198,"node7",4.0925944510317,3.41289984337262,1.91861099788294,4.84091333244758
198,"node8",2.56392405369586,3.08933537904729,1.63043830064769,4.61269449653452
198,"node9",3.29181499471348,2.92224862945497,1.43195243551803,4.41516744291869
198,"node10",2.55581954020535,3.12751913138908,1.59797813316454,4.5493297626979
198,"node11",3.13679094686767,3.27259840607021,1.79150373507122,4.68553040690571
198,"node12",3.11753430706036,3.18901938731088,1.68717016666444,4.6388254198394
198,"node13",3.08478646700434,3.23929858750156,1.80974728192804,4.71678260316927
198,"node14",3.32078350975349,2.80935342706035,1.26103361066743,4.30486953527488
198,"node15",4.04006369954767,2.96338499437857,1.5271706841807,4.42518730664807
198,"node16",4.11430308183732,3.33558831567856,1.8564072231996,4.79998847979063
198,"node17",4.93635463478974,3.82991197198196,2.41804566333963,5.28781858221646
198,"node18",3.2845666973327,3.96964282814918,2.54221752538446,5.42394301154709
198,"node19",4.55407619337533,3.77124379400117,2.34665652843589,5.2399914093846
198,"node20",3.52480828285437,3.60158348660209,2.10179081965317,5.0358145076891
198,"node21",3.65296273751735,3.19764413403294,1.69856151853411,4.7407525351182
198,"node22",2.77704366299432,2.69008695426671,1.21346775649812,4.1694921423855
198,"node23",2.8421058505724,2.75319240347138,1.29635880631723,4.30636682333914
198,"node24",3.74131566897838,3.38009464193896,1.87362891501564,4.76428713108123
198,"node25",3.39890092457697,4.01534550724864,2.55375394788303,5.43468838782513
198,"node26",4.17141096499752,4.29127840277238,2.83766627549864,5.75490460432573
198,"node27",5.99834725797756,4.31635289924672,2.8330361698146,5.71174561074404
198,"node28",2.96167080105262,3.96807353080759,2.53690913346424,5.41335629148047
198,"node29",5.0176381194132,3.72982654219757,2.24995342529325,5.17933183365826
198,"node30",3.2553033490277,3.46846941528711,2.00378026814906,4.93351269609463
199,"node1",2.06444352079976,2.85915253486964,1.41406360310322,4.33250889693781
199,"node2",3.03141144158012,3.08733051715565,1.58220251546142,4.50934430500539
199,"node3",2.73319442649444,3.36440807918802,1.88993312784705,4.82138454381262
199,"node4",3.09055930550904,3.49343977674572,2.01886790109109,4.97927672309066
199,"node5",4.01120232217583,3.76132487455115,2.33362177667334,5.23181618858733
199,"node6",2.58313074332812,3.99377340514682,2.51056760241925,5.42150661580652
199,"node7",4.29846271222455,3.50082960583964,2.07051943212361,4.88069820387709
199,"node8",3.30033615054507,3.15190451833965,1.63034427576137,4.65006870593652
199,"node9",3.14330659471952,3.17381385956849,1.72733105728277,4.66710906794783
199,"node10",4.15676570830666,2.92279094022435,1.41452119681158,4.35836024731362
199,"node11",4.61235565608419,3.09255255152239,1.54991234735008,4.55446883412803
199,"node12",2.91841794580611,3.18142359117821,1.70600177065895,4.64226662013503
199,"node13",2.744008023742,3.10775126295397,1.67507687915362,4.61361201812952
199,"node14",3.53466378874031,3.44604297133556,1.95984818938987,4.87696083001024
199,"node15",2.92995815849715,3.70837486417316,2.24810228690246,5.15413213173635
199,"node16",5.68267687900082,3.91388478116464,2.47339878445882,5.36743726718329
199,"node17",4.11483459706872,3.90512463165975,2.36568016569454,5.30748822505671
199,"node18",3.58832628605822,3.66696440106192,2.20474194548464,5.15641379063013
199,"node19",4.70451530287456,3.72355381520664,2.28061062865182,5.18608294766428
199,"node20",3.59881242665044,3.59375889692189,2.06706020735741,5.08012239252704
199,"node21",4.50246875146408,3.27672892484085,1.81002098020985,4.75601205170345
199,"node22",4.06669620339876,3.21955910560623,1.75360597887775,4.74434487778409
199,"node23",2.31357256588433,3.13433934365328,1.66425588568624,4.60909287822848
199,"node24",3.67500289212948,3.38475183995341,1.9408852517235,4.82694912027653
199,"node25",4.52919134810227,3.44228165662059,1.98074802010668,4.94349374859247
199,"node26",3.42154444289422,3.97733440869336,2.48393195207003,5.47469096503464
199,"node27",4.56489103286214,4.11720062655181,2.67335224426104,5.66168175533891
199,"node28",3.83048086559808,3.9569663469118,2.52631388853665,5.44702006490573
199,"node29",3.8774097258276,3.66256430014456,2.1422385409789,5.10249759383303
199,"node30",2.89760861174051,3.3980378185663,1.99275881290628,4.83590193385827
200,"node1",2.98738354551328,2.85813733626923,1.36563888449577,4.31968109489223
200,"node2",3.80170284919629,2.89482018692378,1.38888300530985,4.3616410434772
200,"node3",2.51295409860184,2.96680030999738,1.5356558597337,4.42563695289603
200,"node4",3.27254296668747,3.2785422579566,1.84413279954183,4.69538649098747
200,"node5",3.99891148305581,3.28595073531559,1.89383273118277,4.80463919515769
200,"node6",3.29103185099227,3.28509638751357,1.74388556649028,4.73008760776464
200,"node7",2.24825882640652,3.42443143621422,1.94961461568879,4.87999108583657
200,"node8",4.1171469751017,3.50341826460272,2.12518974366871,4.97934060408662
200,"node9",3.36683605129019,3.32105031089718,1.83943638637531,4.80829173849503
200,"node10",4.61758058316473,3.80779645526879,2.38803495911245,5.28960362938792
200,"node11",3.64474686616157,3.77152485106767,2.28746868629965,5.2109105497853
200,"node12",2.9454965318432,3.27947469154672,1.80952922566856,4.72446377680009
200,"node13",3.7776020470549,3.08457027746678,1.6457047584901,4.58761495265458
200,"node14",2.00994302868969,3.21639963289353,1.70504371545088,4.77145770869744
200,"node15",3.97291652651372,3.53930151649678,2.02935436420695,4.96580371515998
200,"node16",4.25022936911318,4.12829947828849,2.66065615820065,5.5332953185235
200,"node17",4.00661941697476,3.85495175942003,2.4084023965504,5.33585064881771
200,"node18",4.69051770934689,3.82013518831984,2.39140245605165,5.31485949313194
200,"node19",3.70679098222251,3.7260352138021,2.21344658798133,5.22081595424641
200,"node20",4.69403738317394,3.82668731147446,2.37853517701737,5.29181435404277
200,"node21",3.92420897864362,3.80378136751394,2.32441490519871,5.27004217109384
200,"node22",3.47707673843078,3.60724765716314,2.0797276520188,5.0655353484239
200,"node23",2.48599503778634,3.17743265286881,1.69612732548857,4.60330150844987
200,"node24",3.27562169182223,3.3884395481193,1.91491487350293,4.89948268257036
200,"node25",4.32121612557288,3.79094201374807,2.34266255734302,5.33680262214451
200,"node26",3.76353815028208,3.72732173748719,2.24135000764853,5.18261329950799
200,"node27",3.66903741567603,3.5701117907238,2.12643847524571,5.01167876009526
200,"node28",3.14743236247489,3.91291523960436,2.47516149361123,5.43328804125402
200,"node29",3.60485775777552,3.32030030189574,1.85116318600737,4.76656353579629
200,"node30",2.47237242651973,3.05764217136909,1.62291767022484,4.50972735289753
201,"node1",4.63015461802876,3.21216209939512,1.75889899307068,4.71326896836705
201,"node2",4.102687679015,3.23237165172129,1.76087690841211,4.69751985225808
201,"node3",3.35580056141089,3.13216937136296,1.66104725415473,4.53679631043924
201,"node4",4.2196617422585,3.27622893437607,1.79470804423952,4.75289730842573
201,"node5",3.40385674939,3.40798291868671,1.9528390158188,4.90078397285578
201,"node6",3.7659091173674,3.33173654681937,1.88015517228382,4.81081762255156
201,"node7",3.25877297358071,2.95129840929405,1.47150197731124,4.37093564533805
201,"node8",3.37080373483418,3.40929486778161,1.90606997005174,4.92650507193775
201,"node9",3.3994268758423,3.68567774153577,2.2521660683179,5.12501748231818
201,"node10",5.01099355852301,3.73303333462847,2.21733540433887,5.19450061064093
201,"node11",4.5135215661576,3.4421177464705,1.93867625935763,4.99109934355491
201,"node12",4.71850364889816,3.35096966284139,1.89950412941858,4.89691432351105
201,"node13",3.22654705903251,3.2111105607742,1.75047507894328,4.66212418171304
201,"node14",2.93168255893518,2.99149950556435,1.5440989354943,4.46335940932179
201,"node15",3.68391492321693,3.55346064686775,2.11844802382365,5.03360643477959
201,"node16",5.09959743495075,3.61115853706774,2.15669064675869,5.04782882767453
201,"node17",4.63412441530427,3.89570874648977,2.43966999357605,5.35458828864164
201,"node18",4.19256420551543,3.95432547148498,2.43737100544563,5.48394714953813
201,"node19",3.69841529309213,3.75412042973099,2.31580302464375,5.32155318203087
201,"node20",4.37463072694284,3.95269242110671,2.53398383047765,5.46195782834127
201,"node21",4.6725890729377,3.66039929441856,2.2399659630349,5.22248816938039
201,"node22",4.47681633973387,3.24085375966663,1.72695530356123,4.67828880243264
201,"node23",3.48043533661891,3.15720587269707,1.6399406173299,4.59815729296271
201,"node24",1.91209585484154,3.27553079090754,1.79025701942176,4.72481171159717
201,"node25",3.5702595959227,3.58696230398014,2.09104396653667,5.12151499953608
201,"node26",3.99121636703526,3.71842892322284,2.29145347279772,5.29334384950568
201,"node27",3.74132868643899,3.35346499116986,1.94656582831718,4.83384335435724
201,"node28",2.9752325950755,3.34319937003215,1.91692588773616,4.78684744227751
201,"node29",2.48072768770356,3.16853610623837,1.75906761298198,4.61840551282775
201,"node30",2.72930694688434,3.020143230294,1.56985079633425,4.44421273709835
202,"node1",3.51433109097821,3.76919040933538,2.22366256707576,5.19005070780381
202,"node2",3.15632639720308,3.68739295699845,2.17234350494231,5.130629025438
202,"node3",3.26077418065754,3.6603524239799,2.16937716553051,5.19574718057619
202,"node4",3.24173345723204,3.60405624203113,2.1866647451318,5.03732840932118
202,"node5",4.27962334022436,3.47193466274399,1.99634898176592,4.96124264397893
202,"node6",3.02355657243338,3.42976009483826,1.92180998907074,4.92836111093422
202,"node7",3.20060251813396,3.46929745194061,2.04115634885199,4.91384066589141
202,"node8",2.17639947546287,3.20593615285074,1.77101056120604,4.6522443950419
202,"node9",2.70114461525194,3.65689098256362,2.20352535913715,5.08614674440469
202,"node10",5.07098627118571,3.94512227608959,2.54229710373758,5.3865122509394
202,"node11",3.40917488345658,4.18192424308091,2.68253363177325,5.6387790941895
202,"node12",4.97098263891266,3.98413569014644,2.50793272144484,5.46480057907211
202,"node13",2.58694034758956,3.33106627065842,1.94228359817398,4.76468607828053
202,"node14",4.18337287019633,3.3568344392464,1.91225322441713,4.78417876058872
202,"node15",4.64348277680049,3.56457682671367,2.05648021287645,5.10357997374387
202,"node16",5.10308330001955,4.10222917939757,2.64353284598781,5.56875008856828
202,"node17",3.03522148792517,4.15878214080385,2.63398096145374,5.67186311143535
202,"node18",4.88763520586651,3.75922114538002,2.25907350795929,5.29020318634205
202,"node19",3.42564031301778,3.7739404755443,2.29732615264795,5.29870698291807
202,"node20",3.54189296610593,3.82245993736875,2.34802162239391,5.23410024869921
202,"node21",3.36883470068453,4.08408883697927,2.58442299897294,5.54458263714805
202,"node22",4.83000783310567,3.89385868448312,2.32844791693346,5.38361659284923
202,"node23",2.68475854493317,3.37924214070429,1.95243875492433,4.82950191858134
202,"node24",3.06153792742767,2.9026500065946,1.40494163245724,4.39477643688188
202,"node25",2.16138136652054,3.17258907483429,1.70266524930645,4.6466583011794
202,"node26",3.70358753368647,3.61880639942637,2.1350962924264,5.08576529130785
202,"node27",2.83241285398837,3.45688187938567,2.00333653072761,4.9115106333468
202,"node28",3.02681906084459,3.14214151921214,1.68217708746867,4.6576690416017
202,"node29",2.36753465678025,2.80488816430437,1.30879868324321,4.25213046516462
202,"node30",2.43149087700372,3.24672547204451,1.82677083462304,4.6932699373203
203,"node1",3.3412071415774,3.06879081269599,1.60857332711829,4.59580554481632
203,"node2",3.66173268026095,3.22669995909556,1.7853833572786,4.68787293374994
203,"node3",3.54584909962934,3.2770288822668,1.84103721597426,4.73969247297563
203,"node4",2.92984620068704,3.33216877695325,1.85404199761865,4.86624656062083
203,"node5",2.38729130718113,3.57539897266712,2.09237703004327,5.02288467874948
203,"node6",3.24541882535383,3.28881407509832,1.80995345520817,4.75384094416798
203,"node7",2.56025597293009,3.03552239752467,1.52404794998559,4.48088235123996
203,"node8",3.01660898553345,2.78925772988209,1.20358766855865,4.18018783865412
203,"node9",3.71572344099207,3.22950286566776,1.78037425637378,4.68892251788651
203,"node10",3.83391918662624,3.66268862469244,2.20941824746487,5.10464281979565
203,"node11",3.04219294446147,3.85666852359809,2.40728404608534,5.30807560215771
203,"node12",4.14143628538472,3.63250141431305,2.15790976869679,5.10051546924026
203,"node13",3.62236668104604,3.4963042898179,2.02470714355966,4.94988880862898
203,"node14",2.73237815266143,3.71147173548963,2.26685258124493,5.1039672587449
203,"node15",3.2082427293845,4.16288173240231,2.69617850500831,5.72361770610461
203,"node16",4.68789280391507,3.93272486919995,2.45018539014049,5.40181673640398
203,"node17",3.5555697144468,3.7016455127006,2.15099742012865,5.14536405560489
203,"node18",3.97824782466334,3.74598465147401,2.23460061229037,5.20185027929938
203,"node19",3.57436515880527,3.63834062087124,2.14646715995739,5.16158075252636
203,"node20",4.59143656201248,3.34335718618322,1.90992098257484,4.79804495159529
203,"node21",2.9863836614099,3.5308918487074,1.99496233816332,4.93673245881029
203,"node22",4.18707027096369,3.62973784458756,2.20727654809287,5.06812302593518
203,"node23",3.13516289247919,3.26218682398968,1.82924091618777,4.77277170979408
203,"node24",2.6618155080126,3.0512226786949,1.51627183382645,4.5474538839192
203,"node25",2.10898914861509,2.88437639623462,1.4180532734628,4.33541561286923
203,"node26",4.04718583697092,3.10615653959497,1.62166813426599,4.57406949270175
203,"node27",2.77498890419846,3.1152716009592,1.64456214391951,4.63873644645466
203,"node28",2.74963096988768,2.97675332386061,1.45683033651753,4.3925631593745
203,"node29",3.26671812998398,2.83161610490571,1.37196911454435,4.34396923893144
203,"node30",3.76728189544811,2.94115178387958,1.44749930884216,4.37359747926759
204,"node1",4.08997701055502,3.37532775141977,1.91213651926839,4.88987171508745
204,"node2",2.83128088278844,3.46003991624914,1.97818642257766,4.95910002905958
204,"node3",2.76765517597262,3.35320368270649,1.89183737972776,4.83694338462517
204,"node4",2.77430071763029,3.07964819469709,1.60225936964594,4.4999179973757
204,"node5",3.21844174984345,2.80926355294023,1.3297259075049,4.35870884091661
204,"node6",2.15741706453843,3.04061488779805,1.54758733184645,4.5227541470201
204,"node7",3.21658840284424,2.94571224297674,1.41985267976493,4.50060340873538
204,"node8",3.54596380684405,3.2111462658363,1.68193673814195,4.68604228376326
204,"node9",3.22085662013864,3.52699395191971,2.08521112464918,5.01856084074831
204,"node10",3.16684687180607,3.30288396233268,1.84059196566116,4.77070210168714
204,"node11",3.2190359115713,3.50868538639049,2.01211703349512,4.99996646572357
204,"node12",3.36455976288743,3.39422209771511,1.94127064346032,4.93627689150654
204,"node13",5.14410611800034,3.56741000086774,2.01002797866813,4.96356550820929
204,"node14",3.45146425345409,3.06675101543645,1.65452830217463,4.55555550694146
204,"node15",3.15493461000901,3.33884010605494,1.88226141853349,4.80813137843129
204,"node16",2.09032849072727,3.62806649190579,2.15776445200486,5.10292917624265
204,"node17",4.08362284979173,3.82187966727043,2.34728085645926,5.29416528817393
204,"node18",3.64896538222037,3.43784871698581,1.92413759455153,4.90626881732094
204,"node19",3.74955614317905,3.73047920682391,2.27924375935571,5.16108033731701
204,"node20",2.30611120895306,3.67781653076031,2.20924803474412,5.11630785877278
204,"node21",4.00356807233674,3.57491374681693,2.06280537063767,5.09945419883456
204,"node22",3.20270947905068,3.3352125755908,1.88712443298795,4.79972578781126
204,"node23",3.20096549422201,3.35690519455271,1.93866928314317,4.8253651289228
204,"node24",2.88586115577281,2.81527303571202,1.3547406466592,4.25005416533277
204,"node25",2.25634007731503,3.01092236599042,1.54571856161841,4.50532375265779
204,"node26",2.37690263188963,3.15777060017013,1.67695761053038,4.60085243481197
204,"node27",2.89818867291592,3.18221140244622,1.71370838331014,4.68236871421381
204,"node28",3.23091580529018,2.9876699571841,1.53185719027512,4.4365031043107
204,"node29",3.80623670289958,3.3019730310552,1.86123683461776,4.75941599477177
204,"node30",4.14798555544619,3.48795795706336,1.97349796908509,4.95843039156375
205,"node1",3.66615425466941,3.61845246636934,2.20383455892911,5.10701881991527
205,"node2",3.59111035077303,3.14042928324887,1.59874584236612,4.60288047046731
205,"node3",2.80479901359908,2.91729345095857,1.44412453491176,4.414736397418
205,"node4",4.42732432246597,3.01736107646157,1.57944288762146,4.52360165833344
205,"node5",3.07182489192869,3.0476241603141,1.60483129078765,4.44810814534605
205,"node6",3.11424253283709,2.83008924745656,1.4149714309276,4.2555848749876
205,"node7",3.75972978507855,3.15965763324235,1.68844391023321,4.67065805831895
205,"node8",1.82684864820331,3.34652947959427,1.81255119475151,4.74585672781522
205,"node9",3.34589787768787,3.23874177587352,1.82049050982917,4.72111327103205
205,"node10",3.7282554431284,3.16314099048145,1.71347535780801,4.72478471696328
205,"node11",4.55782681683191,3.3029812129903,1.8008718986357,4.71070223689032
205,"node12",3.78177736792486,3.51067627326641,2.02438170312612,4.94512348974223
205,"node13",3.60689537127384,3.89587971069443,2.39569420421598,5.36300609338148
205,"node14",2.92487656994088,3.66087542124905,2.20414954893891,5.10997312172437
205,"node15",2.37260497215915,3.08922876976165,1.68293656737087,4.59554182135563
205,"node16",2.68735055206722,2.86299574852981,1.3903902659013,4.28809781720045
205,"node17",3.45628086671716,3.43205407931153,1.88476300855324,4.91332378588425
205,"node18",3.56490020474374,3.5463444253925,2.06756748078259,4.99348175479945
205,"node19",3.77435891559207,3.35297473275981,1.84689703044751,4.79313735529556
205,"node20",3.68172217964149,3.02024777227369,1.51454015814649,4.53646738058177
205,"node21",2.99230503700895,3.42296998155834,1.95768232991087,4.88740461213965
205,"node22",3.51744902359705,3.24855034430474,1.75128303721845,4.74039108682205
205,"node23",2.53757822285688,3.18290294253206,1.74893614602682,4.57797179648848
205,"node24",3.31595996701145,2.97147463262934,1.40984692134327,4.40842863492611
205,"node25",1.78647330350788,2.82682679066122,1.39862014272205,4.31200483167363
205,"node26",2.1844777551459,2.61935382262456,1.12836203501139,4.11749983903255
205,"node27",3.14117519377821,3.0361926364821,1.56619678108395,4.46215736763187
205,"node28",3.20045539804156,3.30370155367194,1.75968156424095,4.75282229663103
205,"node29",2.19736222092616,3.56988533011564,2.06567301716547,5.02493251937012
205,"node30",3.62610810199763,3.7238339233908,2.26860172866474,5.20328716518253
206,"node1",3.0969114818913,3.43709892179686,1.9468688317638,4.87210783679089
206,"node2",3.08879232005809,3.40090036471728,1.99018298410504,4.84100321819928
206,"node3",4.40280050500894,3.36317274423816,1.92866380072203,4.91997916155935
206,"node4",4.20001201092555,3.5576749073862,2.02541999766745,5.0160756855763
206,"node5",2.41985951030398,3.31234978191337,1.90259849797311,4.74542487203198
206,"node6",3.30877103935839,3.35130161604319,1.89768930164872,4.82992274418784
206,"node7",2.28267277150238,3.13786967746698,1.64882618360624,4.51386759789718
206,"node8",4.88428879812523,2.84817682680765,1.41852082567815,4.32270685402084
206,"node9",3.51228514155308,3.13180167123331,1.56339491526436,4.64434408479509
206,"node10",4.84528363591699,3.63646710613631,2.17158882878269,5.12254712622149
206,"node11",2.4313003422019,3.84264663174176,2.36837373134483,5.27075336248543
206,"node12",3.37588752214139,3.73613632400077,2.32776993278753,5.23905673949565
206,"node13",4.56851184296498,3.23450676790713,1.78626254928843,4.69805281258595
206,"node14",2.09477876020901,3.0892993310453,1.64544590352267,4.56494897807737
206,"node15",1.73896499209382,2.7926417564954,1.34953656266504,4.26987699942655
206,"node16",2.73774065068535,3.07797352250221,1.5691021520237,4.54036881513966
206,"node17",4.3794435284072,3.17461917767542,1.74438362422673,4.63327861176047
206,"node18",3.94895394859745,3.47135539539773,2.00401595603635,4.93769451455347
206,"node19",5.20071939702106,3.47752932759141,2.02571707743773,4.97594790521747
206,"node20",4.14035116818875,3.55293215133309,2.13121500269389,5.05846323071539
206,"node21",4.1668228212539,3.17688094643289,1.71603176142199,4.61090635662014
206,"node22",3.41566283969395,3.20032224740677,1.68500106048267,4.69252232375002
206,"node23",2.01971522644479,3.0578226533014,1.61126958841532,4.55191239403677
206,"node24",2.86595766024415,2.9142402569113,1.4466834744581,4.36360359030297
206,"node25",1.93209276510893,2.65482606321623,1.15198592388929,4.12540073120456
206,"node26",2.59668029577149,2.67806455790778,1.28439035747811,4.16305028582683
206,"node27",2.92376219566418,3.03301476503499,1.56406079305622,4.52064549831265
206,"node28",2.40452975536873,3.04764316614203,1.57855946907483,4.49136233137323
206,"node29",1.47243442755597,2.92896819629971,1.43425806706657,4.39164473977344
206,"node30",4.0862398676345,3.22566943052862,1.78921750268352,4.71365083020502
207,"node1",3.02478920478554,3.28875751671764,1.82101416154602,4.75915639532153
207,"node2",5.12997053997382,3.32344670897691,1.83196323312547,4.72016402644692
207,"node3",3.80430560329248,3.83753810557683,2.37751966499254,5.29126710501209
207,"node4",3.68542856685868,3.48468366203962,2.02990828281223,5.03914443530178
207,"node5",2.56804477507717,3.1842186995314,1.66246791124744,4.62870789244132
207,"node6",2.69336851442225,2.99395011887696,1.5893520442601,4.50721997320951
207,"node7",2.16963170340874,3.11087354364926,1.61252624158498,4.57756623969815
207,"node8",4.19467530034003,3.81329007282025,2.33784669975847,5.23292052109366
207,"node9",5.15597119031348,3.82032489744068,2.32519715532467,5.26796788158596
207,"node10",3.15495060512837,3.67694281453923,2.16804348801326,5.13096274933855
207,"node11",4.110804966035,3.16893880114683,1.69180836075803,4.69276686869767
207,"node12",3.47656009331215,3.36965050870911,1.9057158754374,4.84857425834709
207,"node13",1.48818565301329,3.48429276440233,1.96850057120322,4.95727649212136
207,"node14",3.25511245072099,2.84850923906375,1.36947450641929,4.37091613677246
207,"node15",1.62993443022702,2.53041478592144,1.09892998342782,4.02399295533917
207,"node16",3.42028765874792,3.04567724285778,1.6071407043043,4.58410872112326
207,"node17",2.64669268124421,3.62028018124018,2.13865565759818,5.10997424564203
207,"node18",3.75271828026264,3.96959155207729,2.4562367448449,5.51389031652067
207,"node19",3.8836852360607,4.11922249572693,2.60752354041538,5.56087105134703
207,"node20",4.10839625593896,3.97338424224503,2.49353847379896,5.48012807931796
207,"node21",4.45450246308247,3.76221233019703,2.2446601827559,5.25550715461182
207,"node22",3.99834919877449,3.19542536857406,1.70729430905118,4.65231533271133
207,"node23",2.44216334587025,2.88011809944697,1.41944709694161,4.29391539531743
207,"node24",3.43260686621442,2.63327164581705,1.16719920956403,4.10663159424886
207,"node25",2.27279877545982,2.74596346780056,1.29332189934499,4.23897142951779
207,"node26",3.13230708847031,2.81224666194814,1.30904658109407,4.26614050279459
207,"node27",3.62743771543762,2.87058900962425,1.42393242572139,4.29290581235884
207,"node28",1.83053472682882,2.59492025343083,1.01364017394551,4.10488514962324
207,"node29",3.18354485532527,2.76505601185563,1.3355670124798,4.21227118433857
207,"node30",5.16428521861389,3.15232181846978,1.65680792260393,4.60353832989162
208,"node1",4.20118154813057,3.82313607482184,2.31716980433151,5.2757560019131
208,"node2",3.69371425282988,3.960213999785,2.48192210739864,5.34903278474024
208,"node3",4.30620761053333,3.72370623185256,2.21029851686396,5.12482124566382
208,"node4",3.83327847278637,3.29123769776266,1.80716512341934,4.73733338851051
208,"node5",3.45313981951716,3.10669955668821,1.5759736763044,4.55298707180598
208,"node6",3.48447931956991,2.7165533422941,1.22136170112123,4.23194247018216
208,"node7",2.99495478144617,3.09168511378707,1.64043197596258,4.51547242844253
208,"node8",2.46880646096136,3.52115573868787,2.04014922994473,4.97989527030785
208,"node9",4.8510158647649,4.08189677435965,2.54698897602163,5.55590844350824
208,"node10",2.88137822085436,3.50398126732805,2.0592174281911,5.0160373737865
208,"node11",2.37828500786158,3.6744309329134,2.21647879804804,5.21458060075
208,"node12",1.90660261802457,3.17641351583207,1.77370120115728,4.69950950040987
208,"node13",2.35836287539494,2.5549797193676,1.09351344970315,3.95905549074286
208,"node14",3.49129278711956,2.79467592882247,1.33609004533691,4.2329989670031
208,"node15",3.28156244872035,2.82862108721805,1.4102638405636,4.27386043226183
208,"node16",5.12375722265692,2.97387053336583,1.56474830423408,4.4832093157446
208,"node17",3.69842259178643,3.06045153077315,1.57456895713213,4.50496735079747
208,"node18",3.13953328832444,3.44407322359538,1.93540381416226,4.88571237444676
208,"node19",3.82459839862304,3.54626523461016,2.12509098373409,4.99888922043658
208,"node20",5.11343247402232,3.83157089339509,2.31890391771379,5.25715093151054
208,"node21",3.49749170419328,3.85097852855955,2.36897026373915,5.24422668314625
208,"node22",4.51430882072518,3.53109984649197,2.09204825472951,5.02421958965914
208,"node23",3.02268558730871,3.23617721047824,1.71925488622259,4.73871990200773
208,"node24",3.07067245266259,2.973009919201,1.57907938985794,4.45570027295755
208,"node25",2.6506579913002,3.02300967520359,1.60670789078909,4.4775095270891
208,"node26",1.48953735131813,3.11876596459419,1.69665696837267,4.58679783465386
208,"node27",3.23707666464743,3.10344590799429,1.55699263071284,4.58515799177925
208,"node28",2.44629431253928,2.84344266292843,1.3870281619167,4.31523080600241
208,"node29",3.31400611195603,3.46411188785824,1.92591879686275,4.9322847191636
208,"node30",2.88119820374587,3.69285416753276,2.14403128152964,5.16124347339159
209,"node1",3.51681437399331,3.70323781106198,2.2255117145032,5.22746377949952
209,"node2",4.20525775892558,3.55790151183591,2.08079661938231,5.03605429540913
209,"node3",4.02982021055458,3.77823001072556,2.30799178298242,5.3396078079051
209,"node4",3.57204732918456,3.59860993873812,2.11879399315829,5.09505351534389
209,"node5",4.61740619257676,3.50296647288033,1.96801364675881,5.00022598208673
209,"node6",3.51296432689815,3.31130790868629,1.82119423063614,4.77603203422764
209,"node7",4.04968315089089,3.18156102601993,1.69397721069031,4.66476229965577
209,"node8",2.50990798010491,3.14741285306533,1.73037674758167,4.67450287439928
209,"node9",3.26258629310933,3.4368042499913,1.96224066804293,4.95299874797195
209,"node10",3.26205448584579,3.33420523993247,1.88725383889163,4.78154508343751
209,"node11",3.26861807330595,2.60657279592176,1.13314208596398,4.06147843677679
209,"node12",1.5169373423089,2.46980337508148,1.04008823256039,3.94359307165308
209,"node13",3.73008410115091,2.93901526081424,1.48357606524621,4.42988155172832
209,"node14",4.31466266122916,3.08287444226358,1.59770129899793,4.56812324140225
209,"node15",3.39835341503239,3.75142376886187,2.26210279718672,5.15712545160176
209,"node16",3.61833826317131,3.85656353786687,2.38900081531522,5.27745255775045
209,"node17",3.01352454487446,3.75406467420386,2.30610685516531,5.23831106191135
209,"node18",3.59882503574346,3.33108669436857,1.8940981530472,4.79528921926177
209,"node19",3.63262267442667,3.70271846969976,2.21854890167256,5.16854362182117
209,"node20",3.12683315305616,3.96809932739663,2.54312448648803,5.48206069768649
209,"node21",4.91470805010316,3.77505787516656,2.31009092624422,5.28602991453705
209,"node22",3.96544435929333,3.60775732754618,2.19594528926705,5.06504494952697
209,"node23",2.8836014556407,3.4479924172224,1.93544906694048,4.89405797725921
209,"node24",1.47995225605166,2.98194617203428,1.47304966755094,4.45913795546195
209,"node25",1.37009502806973,2.82275071436031,1.37539943169158,4.29470484616802
209,"node26",1.18996236538259,2.56043117785593,1.02707737217132,4.00370006497124
209,"node27",1.65686023205252,2.74344248053409,1.30677638484321,4.25214561858267
209,"node28",2.24004760969796,3.1271360078656,1.61393605326803,4.56328636493498
209,"node29",3.4527755829205,3.09606033102641,1.5764743811931,4.59500934158419
209,"node30",2.69695262551426,3.10802442240958,1.69688782066961,4.6198288945838
210,"node1",4.38834613841294,3.31467652109656,1.87610247820208,4.73982324062701
210,"node2",2.69602578418982,3.74907704445503,2.25219994872072,5.22663397011219
210,"node3",3.77971657250958,3.64450608605528,2.12484178275305,5.10169515700605
210,"node4",3.97682450248486,3.68554249664667,2.21140739868365,5.1071077401125
210,"node5",2.90451798148724,3.79535036489209,2.32854954484401,5.24391695002285
210,"node6",3.60657904408483,3.66169745127821,2.167157035625,5.13518958977632
210,"node7",2.16582051891864,3.43665623117163,1.9661925358917,4.85743997156044
210,"node8",2.00214122529977,3.245281417367,1.80600422878545,4.73952264594399
210,"node9",3.28851150359013,2.95196480375473,1.4930573490684,4.49626623389066
210,"node10",3.33348152205411,3.30929585685152,1.90378250804181,4.78320298292909
210,"node11",4.37318509749926,2.99859892877919,1.48342632622592,4.50114010602354
210,"node12",3.66780685806267,2.82619108826383,1.42489283274065,4.27835077822229
210,"node13",3.79264097927129,3.34147539543915,1.8937071719931,4.89150038130456
210,"node14",4.8873488366731,3.64950467431022,2.21811361127351,5.14584720427395
210,"node15",2.93906142586413,3.5875765964263,2.10644982168479,5.06373070589849
210,"node16",2.71930983728087,3.19699404521914,1.75159002749338,4.65808900636479
210,"node17",3.69053315196389,3.29658297612953,1.84308704602588,4.77060548342911
210,"node18",3.35553708748622,3.42401793850139,1.94921843241261,4.83600758269038
210,"node19",3.98140568833743,3.40803869297062,1.93967574794265,4.90087186234588
210,"node20",3.44862593579331,3.39457264829868,1.91694330474007,4.83891746844707
210,"node21",3.79595748512046,3.95910065824448,2.51852735246468,5.37767678036735
210,"node22",2.83061937218618,3.57794714851441,2.0597703194058,5.03909821158161
210,"node23",3.59830010262117,3.00614454577599,1.59223368378778,4.50122967121755
210,"node24",2.28552718737756,2.28998093844668,0.85623278860071,3.75457868870585
210,"node25",2.40167976347028,2.00067561342611,0.608482413571134,3.48380390562937
210,"node26",2.53301304420986,2.1441295234616,0.631186734777192,3.58349162772778
210,"node27",2.27279160611623,2.14699864660763,0.64853584521995,3.67734935000207
210,"node28",2.85485030683329,2.76138823673328,1.25307365743506,4.27430147455506
210,"node29",2.99990189554727,3.01644290690922,1.49806508577382,4.45426617398092
210,"node30",3.89963863753903,3.20377210176932,1.7584362388627,4.65637934788901
211,"node1",4.23280225242156,3.62232898635722,2.20743982511906,5.07174526757312
211,"node2",2.80527414008363,3.28008307141005,1.86579202672952,4.76319138936887
211,"node3",3.54652021359552,3.41498886471791,2.01549302458835,4.87968946758807
211,"node4",4.19112586376895,3.54882671100022,2.09540067449732,5.06141021056007
211,"node5",4.03066673246044,3.20232246216486,1.75130967824173,4.61087283205433
211,"node6",2.89209587192505,3.1704276413162,1.64714635484779,4.67426515801409
211,"node7",1.68706457160335,2.65782937362576,1.24928502747521,4.07481933867001
211,"node8",1.97768880764809,2.75643296889725,1.2911717081318,4.23696709816105
211,"node9",3.60143483748186,3.04535954996873,1.56242547403019,4.47551895400168
211,"node10",2.89066605644026,3.46162569716372,2.0080292158565,4.9282782318343
211,"node11",4.26832330818127,3.64238656799394,2.16130686745469,5.129190654381
211,"node12",3.72037357796955,3.82489026711851,2.34589556109527,5.27710233994483
211,"node13",2.94599698444148,3.69468244794845,2.15964943885561,5.14960461353734
211,"node14",4.69583197760774,3.74301206101709,2.30498846676907,5.24196754673517
211,"node15",3.79734924859263,3.35278388233911,1.88964499948852,4.79684704459267
211,"node16",3.63565569399019,3.05626963185346,1.55715672908126,4.48983974517879
211,"node17",2.75437105983695,3.36332085390022,1.90606966623679,4.82389666661155
211,"node18",3.25875682964184,3.4435745713389,2.00862698282827,4.91455711033828
211,"node19",2.8266738604972,3.50699939489164,2.06375316265865,4.99198826989415
211,"node20",3.13814006206572,3.59067210539375,2.10787847688434,5.06176415185435
211,"node21",3.28077904303186,3.25590946697574,1.82212601804017,4.75523079725529
211,"node22",2.81308067692733,3.22740719320505,1.70852889088719,4.62935672150624
211,"node23",4.29441807353934,3.13573858054967,1.70212997932681,4.61971356070122
211,"node24",3.04862534243118,2.939885350305,1.49764851561206,4.45799096482407
211,"node25",1.84149341183105,2.74822797033658,1.2964358306227,4.31102548384572
211,"node26",2.86329764244062,2.7947907707154,1.2582370729016,4.25012452500554
211,"node27",3.03794495774002,2.79546092279753,1.34204525003019,4.24693491228175
211,"node28",3.89351762127693,2.96527764366767,1.51065882825624,4.44391412521273
211,"node29",2.21688092467319,3.13958664492083,1.69894010943367,4.5995828055716
211,"node30",4.00561428306125,3.6669991468058,2.16436684316925,5.04689017544159
212,"node1",2.40081869786122,3.5185224182043,2.07395396501778,5.01681091976361
212,"node2",2.63832839059127,3.40739191326565,1.93943786527495,4.92480313919636
212,"node3",2.33241931038688,3.38072293206556,1.84613929082559,4.85216683418128
212,"node4",3.23696113555936,3.66941144079183,2.27203877634377,5.14722447376995
212,"node5",2.36238047218551,3.65993400652299,2.21522158987701,5.22741269466359
212,"node6",3.37529761350333,2.92548042954423,1.50330244257259,4.46725683859792
212,"node7",3.15153325643925,2.5380052578275,1.05363441203771,4.05988171756375
212,"node8",2.87655668779266,2.71173172556867,1.22769108750013,4.23148735835045
212,"node9",3.57736478742183,3.05659804496048,1.61576477471753,4.52290367666384
212,"node10",2.8452874051634,3.37749487010289,1.9409084765209,4.80515936060054
212,"node11",3.00886789653502,3.5111201278061,2.04546500208359,4.94721589968953
212,"node12",3.6561090446741,3.52795953193112,2.0668887696346,4.96297596331026
212,"node13",3.00162991824209,3.46988956773814,2.02858611075439,4.98257607751616
212,"node14",3.93761870994253,3.61852238417499,2.16025919038489,5.06738583763735
212,"node15",5.22507819927952,3.7842062989241,2.32070426996895,5.22808882601101
212,"node16",3.39018183420557,3.43196577205329,1.97443080830701,4.92736085068587
212,"node17",3.71152517519199,3.09431862074004,1.62032550138344,4.56529335344451
212,"node18",2.10528696295479,3.12391987186547,1.59664479880764,4.54096182055371
212,"node19",2.33553030264978,3.0325666226686,1.56031080424467,4.46775152464069
212,"node20",3.88868710057116,3.16480296394012,1.73664874086962,4.64779770816336
212,"node21",3.12270195208375,3.11008606014318,1.65283121076395,4.58209031875123
212,"node22",3.84138816264225,3.34145577119883,1.89030682789929,4.78756934291015
212,"node23",3.38101819299074,3.41128284158007,1.90907848955756,4.87601798399776
212,"node24",3.14246630767846,3.19193129298167,1.70407192239189,4.71559346204536
212,"node25",3.96065986290513,2.71350674907645,1.21605937389265,4.21440087680976
212,"node26",2.70562032773622,2.86457643519903,1.38295739353648,4.3331059254599
212,"node27",2.69680725214448,3.27240147525034,1.81026036473764,4.70158199534525
212,"node28",2.51067941671333,3.25264794025767,1.80204222665224,4.70417127895364
212,"node29",3.41486242123632,3.16414806841058,1.69064123454414,4.63902098700767
212,"node30",3.3914305096827,3.45291493802941,2.02318626860228,4.92535092684893
213,"node1",2.0225774319839,2.81053003777077,1.33469623520995,4.32032297447041
213,"node2",2.08252613950302,2.83510104418943,1.3729416733448,4.30185919105241
213,"node3",3.10421624169564,2.83039949382749,1.37595156620016,4.32338512645951
213,"node4",1.72151378570596,2.89421381278748,1.39779161664952,4.32175493232086
213,"node5",3.0716587615592,2.91914504624439,1.45638465782372,4.37895406622482
213,"node6",4.66584862549238,3.13468986157663,1.65726112130996,4.63621002199059
213,"node7",2.93381039645112,3.26483539284321,1.77646734931906,4.69510017435029
213,"node8",2.23818042596154,3.23855054042528,1.74826923196644,4.70688804413688
213,"node9",3.01394184430805,3.14548669046382,1.67747830977304,4.56120826803626
213,"node10",2.825154747946,3.19976500264605,1.70534002808302,4.66592467153995
213,"node11",3.05420977147908,3.07771937920489,1.56867847620665,4.62804220582098
213,"node12",2.38930362347864,3.27767194464517,1.84523725890541,4.74888073303527
213,"node13",3.2002893306453,3.42646704887904,1.88275540013616,4.8967961775197
213,"node14",2.78142904502882,3.62886061882488,2.15922143469434,5.11524530693
213,"node15",5.64609863564004,4.03354064734814,2.62988964060427,5.5468806157091
213,"node16",3.51401988126354,3.65474106489573,2.13557617740151,5.11502349731649
213,"node17",3.42356041716517,3.28960999331121,1.7598433884461,4.6958820949114
213,"node18",1.903800625668,2.76751949153889,1.34994662635305,4.23558285467129
213,"node19",1.14737948060345,2.89780141876189,1.44520900631924,4.37361919145044
213,"node20",4.49372873886288,3.28355380579082,1.81019232987729,4.75422748178978
213,"node21",2.23638438841834,3.38456995336932,1.96720717000525,4.84316572803198
213,"node22",3.74977894565136,3.5114521267969,2.03839095590124,4.90789430339521
213,"node23",3.80352935307064,3.25368726685564,1.78108501507796,4.74711869983409
213,"node24",1.65958388551008,3.35427568844346,1.83949662041939,4.80786404915346
213,"node25",3.76662100650056,3.48183133038396,2.01757262611444,4.94888632315226
213,"node26",4.16505978671673,3.07868050856165,1.55281468725825,4.5761988435972
213,"node27",2.06248381609305,2.88141931955515,1.38459944739882,4.29218828555893
213,"node28",2.15663006274575,2.84406564660536,1.36006118041336,4.3033794429165
213,"node29",2.88648676869513,3.33697664454542,1.82451357759187,4.7962268800787
213,"node30",2.78547538775798,3.11050123845364,1.66280498219255,4.59692475690457
214,"node1",2.78110749039561,2.63919919864899,1.13791004621857,4.17332183185856
214,"node2",3.1945098836935,2.64085847197222,1.2347270631302,4.08019661623287
214,"node3",3.60427777816572,2.8224944011028,1.34661757453641,4.37702433486668
214,"node4",1.52381391723965,2.63803869140004,1.12466718080136,4.09489613649369
214,"node5",4.32796231426182,3.25178985028149,1.83803489658971,4.66652063803805
214,"node6",3.61376189783555,3.58860167063662,2.15814688036831,5.02544961631688
214,"node7",3.75022739588677,3.20870374687353,1.74380373641004,4.7481462519958
214,"node8",2.83709212655557,2.86373912343103,1.42878728492703,4.41031542423276
214,"node9",3.3332254922759,2.88100293877271,1.43405967578528,4.41668552961119
214,"node10",3.24828202437109,3.07455071544725,1.65699404985852,4.58817204709764
214,"node11",3.53140764193783,2.99341400389262,1.52108853636538,4.45732404583561
214,"node12",1.94563967440777,2.8714834354461,1.44580535364069,4.37410340206664
214,"node13",4.07107718345236,3.06751607596179,1.49814117533636,4.45850310274807
214,"node14",2.87973616427715,3.46303683626829,1.96910116696895,4.97540442305113
214,"node15",3.18025275222497,3.84479055105947,2.37058045488517,5.37362260809453
214,"node16",4.00845458425056,3.81043587474266,2.33861233955831,5.30856615597662
214,"node17",3.35140079045017,3.05429641787305,1.59948255329512,4.50773882870343
214,"node18",2.45596033534892,2.57902855859235,1.09238515010142,4.06794243205965
214,"node19",3.38709795989776,2.60585312779098,1.09180046746825,4.04858227003582
214,"node20",2.99942577124301,3.05719674157143,1.6211787286385,4.53885019998949
214,"node21",4.13434046731427,3.24468515941687,1.8161803167733,4.81461415812887
214,"node22",3.04694215515339,3.28105961979575,1.79528037033466,4.75056694716898
214,"node23",3.70481985625854,3.25190585690187,1.7693647982064,4.78228397838938
214,"node24",2.09842082676812,2.9323443437768,1.46896308914399,4.39422948092719
214,"node25",3.59752968414822,3.22118635847412,1.75974500247674,4.67341861624436
214,"node26",3.56250644092857,3.49011208308752,2.04597408023793,4.86583734365582
214,"node27",3.83387776000322,2.83801045373016,1.3916673689437,4.30824439813865
214,"node28",2.09990317978483,2.68891290324012,1.22166741757315,4.17775374083229
214,"node29",3.67535866333148,2.83947965434566,1.36499768312882,4.27746622032349
214,"node30",2.61541359059923,2.80048029872136,1.3063443702093,4.26590623356051
215,"node1",3.06482857000333,3.04096640247514,1.58056601859358,4.44863648082318
215,"node2",3.79554173674445,3.27267398383508,1.81472628757619,4.73775382205576
215,"node3",1.61840395445358,3.00398528220247,1.52961371076073,4.43210863718686
215,"node4",3.51846747655766,3.04015674366062,1.52543734862605,4.50985423903117
215,"node5",2.76849445594323,3.38986743418235,1.9797913279856,4.87866941007669
215,"node6",2.84103571528177,3.47905254121917,2.01388263083155,4.9337812989407
215,"node7",4.49070879265899,3.44198291833094,2.00064145116038,4.88148891490544
215,"node8",5.28148660609313,3.27951806793025,1.83175614996909,4.78164354729723
215,"node9",4.84477226925132,3.18339814919474,1.78194636698536,4.6193369394447
215,"node10",2.75715276883928,3.32946410300636,1.77563965490202,4.81334336973601
215,"node11",2.91256089105011,3.10415581478984,1.60162993659089,4.56453265847653
215,"node12",4.11783020066469,3.06698785457408,1.59692856056765,4.52005900634161
215,"node13",3.4301260111611,3.20677219337373,1.77903928766288,4.76480960199804
215,"node14",3.96035873594124,3.35840456246304,1.89892406008386,4.77986082493178
215,"node15",1.20360221275219,3.06319514088567,1.669102981589,4.52944402738401
215,"node16",3.35360179164693,3.55221495286642,2.13947221995081,4.95619599508806
215,"node17",2.54608145681487,3.22471006883303,1.76967881008278,4.72517652332827
215,"node18",3.32004349827233,3.0873098366113,1.62642812053703,4.552189816381
215,"node19",3.42233540520151,3.30678258762349,1.85647110654257,4.74057767999618
215,"node20",3.35578684892713,3.12399192941214,1.62545701785592,4.58601848017162
215,"node21",2.6904211401305,3.60512634843564,2.11299742607222,5.03394375296496
215,"node22",4.09080116120317,3.33779492450678,1.90019519677637,4.79285543246243
215,"node23",4.10900911672091,3.09136384659869,1.63551853789988,4.63523554853254
215,"node24",4.25007166832726,3.17340339526565,1.68867998587027,4.59735478431234
215,"node25",2.69210548497127,3.15584095048444,1.68681744764863,4.62854706915171
215,"node26",3.15146009476116,3.39683175520297,1.94490645776568,4.89570861823287
215,"node27",3.21095099467006,3.40228193803922,1.95735002806693,4.88822065780828
215,"node28",2.81951113694712,3.08443546966245,1.61261136548773,4.50214975922643
215,"node29",3.30756828481086,3.0804646119462,1.56030139732408,4.51869350918968
215,"node30",3.21672160579826,3.02425101480597,1.51117526262483,4.50643957807492
216,"node1",3.67856904906093,3.28955714017435,1.81667597263483,4.77854404452413
216,"node2",3.81930612583215,3.12999566650143,1.660171613424,4.58823391762871
216,"node3",2.21951077478493,2.75708908505321,1.34195266685598,4.18989687077756
216,"node4",3.86921254257797,3.18777265799761,1.75770879611945,4.74416258535653
216,"node5",4.52871871793459,2.92633105431237,1.46866499256017,4.34796553490414
216,"node6",3.26396626846794,3.24892931497664,1.83931154655949,4.74140473185134
216,"node7",4.38305270201084,3.87001572654201,2.42165206299813,5.40763014900136
216,"node8",4.31311538654381,4.42836669521048,2.95390452438589,5.9211409606949
216,"node9",4.63937896256959,3.99927443521589,2.45537065887887,5.53419535207449
216,"node10",2.72754659401147,3.2992500432097,1.77703844900936,4.80258276699439
216,"node11",4.30547998310139,3.13112067553593,1.67445396977349,4.58109930781026
216,"node12",4.06264665584865,3.65505187207209,2.15944845166657,5.14416098448391
216,"node13",3.65092745586652,3.43720907646498,1.91596042045778,4.87556307961975
216,"node14",3.16153600097991,3.23029716619547,1.71962576510975,4.66069020193222
216,"node15",1.7835977086938,2.72401804928139,1.22154032888517,4.17819648440075
216,"node16",3.17020348842039,2.76384732486168,1.25218457312407,4.20796699542105
216,"node17",3.09568194406712,3.03224747297592,1.58348022831805,4.49165276915677
216,"node18",3.33862023138344,3.26041364676783,1.80366206039261,4.70496451250931
216,"node19",5.25857026627489,3.28683050182613,1.86226437696719,4.73385595982059
216,"node20",2.95318265887253,3.26999086501624,1.8130019362881,4.73432568876967
216,"node21",4.21694125991798,3.12234689402605,1.62370250921507,4.57600093878039
216,"node22",4.85310597331113,3.6282434253609,2.09780179902856,5.10437876531009
216,"node23",3.3494911816271,3.74540347810451,2.29057868122577,5.23623536760631
216,"node24",2.67953336902907,3.75035291378604,2.23068321862191,5.18440891724742
216,"node25",3.62973655221991,3.1524929792661,1.69315454948312,4.63106992247036
216,"node26",2.59755854161218,3.11528048610481,1.61507818472602,4.60103881200479
216,"node27",2.9499474496004,3.06853893917739,1.6038835404438,4.51984560937524
216,"node28",3.91752912174384,3.24087035008896,1.75937168895529,4.77496612258966
216,"node29",3.40716646372696,3.09689309644659,1.66535249961628,4.59974865182631
216,"node30",3.86501605288644,3.26947505159631,1.83529106441916,4.71772114696267
217,"node1",3.8673500779913,3.61073415604372,2.11011780684838,5.09449843995768
217,"node2",3.07407270257232,3.23054452387897,1.73636972903171,4.69097744856326
217,"node3",2.27938828730951,3.27209521267488,1.78659604239015,4.75142692652787
217,"node4",4.52492239564657,3.40151631357885,2.01232033267662,4.86552732911563
217,"node5",4.22052552370701,3.80724901035371,2.286753277916,5.27904390290879
217,"node6",4.23750542821839,3.70211258506339,2.23021967104333,5.11843074837931
217,"node7",5.06503300078732,3.72896992513837,2.2764054003573,5.22372098081895
217,"node8",3.13646868579089,3.90624748272331,2.36680183023883,5.34956108457981
217,"node9",3.92460855806915,3.6912879537065,2.22170909982925,5.12089652256863
217,"node10",4.17364179100854,3.55389571594483,2.04404124061947,5.03668966998291
217,"node11",3.75291023013109,3.68052537788166,2.20604309891895,5.18472607990213
217,"node12",2.91607510072681,3.66607146997791,2.20077338022301,5.1393733755011
217,"node13",3.69911192137621,3.52560449455332,2.04808493545226,4.93923229242952
217,"node14",1.84743774662103,2.92282642702347,1.46840362304312,4.43103367142677
217,"node15",4.00029532022228,2.9455193414739,1.40825444425717,4.46448292549355
217,"node16",3.04288707528025,2.86360395498155,1.37406988997011,4.34584341332633
217,"node17",3.29754586022427,3.26470923103046,1.77005404354577,4.66112832031563
217,"node18",4.11839532814872,3.55404666871077,2.04694217245217,5.05340819336204
217,"node19",3.61695357341772,3.8602195181045,2.37558717118665,5.31481920031831
217,"node20",4.35417607761349,3.6112194856579,2.19820709810819,5.06285209854818
217,"node21",3.68588626080735,3.85404876488757,2.36206967927632,5.29808346154023
217,"node22",3.98802016784774,3.8780772055561,2.433980299053,5.34121476825927
217,"node23",4.45768435725543,3.42348505025532,1.97658914265486,4.95572715928825
217,"node24",2.78037126662774,3.05476693188434,1.56941317151832,4.5563901853413
217,"node25",2.8309315440316,3.24797180741063,1.86239156718613,4.73410782317892
217,"node26",2.13916817152567,3.03511765990605,1.56826021444428,4.52750034309615
217,"node27",2.93830343382187,3.1369126185238,1.6994792532073,4.5681093751449
217,"node28",3.28281120468839,3.48042661007361,1.99499620585685,4.90709421376832
217,"node29",1.99685192715878,3.48659711674082,2.04457703439534,4.98603673507975
217,"node30",3.40038757518051,3.5416324234395,2.05521527535195,4.99623149823327
218,"node1",3.31481632918495,3.44036429131988,1.9647955173103,4.89974768514612
218,"node2",4.05300367626109,3.0605917297949,1.61460441889905,4.5505069385174
218,"node3",2.47062677918246,3.23410983603413,1.76702973036389,4.73624168891211
218,"node4",3.53932341092515,3.61516095274922,2.13250939437363,5.10243188799743
218,"node5",4.04746159538371,3.83567230371006,2.43284500405168,5.31378005373848
218,"node6",3.46726642836402,4.0936894255648,2.59882561024285,5.57211374695616
218,"node7",3.10380496220908,3.91314515884795,2.40464324624988,5.37390941876398
218,"node8",2.63992915107544,3.59276983048149,2.15902084415609,5.05457752296119
218,"node9",4.0416835330596,3.48930508082837,2.05815862764264,4.95378583263778
218,"node10",4.31556498203259,3.86026918006779,2.399162408251,5.31174704380969
218,"node11",3.4964791650767,3.41971501468463,1.9486156527114,4.84418378554869
218,"node12",3.63973341318728,3.26081063166392,1.77303115641762,4.76737922361261
218,"node13",2.91051917726169,3.09528584949685,1.63773732641135,4.59868953256765
218,"node14",2.11666509770541,2.95636225908674,1.53150138125381,4.45307205312335
218,"node15",3.88216440304202,3.35663990101284,1.88399441122454,4.80017241355398
218,"node16",4.36650086796891,3.26595056320181,1.79796942752064,4.73161036008534
218,"node17",2.84515217986673,3.38268859835267,1.92857906164014,4.8464841720328
218,"node18",2.89118242377366,3.64510122047195,2.16375820144035,5.11791091355631
218,"node19",3.84333827688077,3.49938587445224,2.00759309463922,5.03937681590648
218,"node20",3.51343881652023,3.85399500854963,2.39562358059779,5.30204136868891
218,"node21",4.36327286356437,3.64001244733755,2.17646986169162,5.03297398016941
218,"node22",4.99568246076142,3.64225554900956,2.18148238755045,5.08746318129105
218,"node23",4.43891838946631,3.70714225953913,2.27350111905747,5.11580578336492
218,"node24",2.04759469795898,3.2852912425717,1.83457972192286,4.75950133953157
218,"node25",1.34675032198396,2.77951296600048,1.24042913530976,4.22770685141
218,"node26",3.42060837943316,2.82289378000952,1.30352062975991,4.266080035683
218,"node27",3.72267575441868,2.99489264247677,1.57396296369131,4.46096517111944
218,"node28",4.18687019039513,2.93665016673926,1.4013873657221,4.41903570763815
218,"node29",2.84177025037321,2.88788389140012,1.37939279191145,4.3055282056602
218,"node30",2.68595347720872,3.15302773972319,1.6753971759489,4.66940512947094
219,"node1",3.45903561853833,3.24892155563266,1.78679701083628,4.71815596931208
219,"node2",3.1684719622408,3.39772099660864,1.93653289475523,4.87671332491811
219,"node3",3.99463533489219,3.28771110169688,1.79106595952124,4.73617702935788
219,"node4",5.26816371295764,3.22805789354591,1.70736000130832,4.74300891946581
219,"node5",3.97500115410226,3.56942373791101,2.04609000385992,5.02040450851676
219,"node6",4.30492907798469,3.41665581892961,1.88404698499641,4.88859645834298
219,"node7",1.5840939455958,2.9955763910178,1.51028568981978,4.52609781954317
219,"node8",3.12260042109751,3.23470385621177,1.74432326654801,4.72498380032166
219,"node9",4.52901975156681,3.5425328181443,2.04346521103201,4.9709565521939
219,"node10",4.51539174068885,3.71580405458422,2.27545195385072,5.1752505521922
219,"node11",3.17311325034995,3.5353182114598,2.05478648609944,4.93930984136422
219,"node12",2.60453400348405,3.41654530366891,1.92726524579301,4.89971516737773
219,"node13",1.30208228174876,2.92030893102584,1.41038511074618,4.43440025063343
219,"node14",2.50755910386608,3.08330470621769,1.68337297682678,4.54488942103514
219,"node15",4.37415111056437,3.33415917868059,1.8500378553357,4.79801475128641
219,"node16",4.17150063272374,3.69118263721437,2.21204533528157,5.21329789918445
219,"node17",2.16759251174274,3.25118233694705,1.79446878244742,4.69627514537369
219,"node18",2.0944071584761,3.09215528426815,1.6379843566965,4.52571876602446
219,"node19",4.48509225757634,3.45021478972627,1.99449442213682,4.94695680594814
219,"node20",4.78191467461032,3.53391488386134,2.06447019998098,5.00101096857573
219,"node21",5.0066029849295,3.95344294704154,2.47531519130985,5.47058665299459
219,"node22",3.76984312999586,4.17552604860915,2.71388186682058,5.68289951992669
219,"node23",3.54059036090316,3.62291413465813,2.19983830142991,5.12621381951188
219,"node24",2.99013439700205,2.80019265577425,1.30084321796868,4.27179424121641
219,"node25",2.96205414560469,2.4431562489902,0.972222993949741,3.89492006383366
219,"node26",2.90558562785213,3.14666355640272,1.67445577861545,4.66284553485351
219,"node27",3.20403193534623,3.57661555162221,2.06326119268883,5.11429377555836
219,"node28",4.94973625974695,3.51348539168301,2.02736272825642,4.97775070693765
219,"node29",3.48970575696434,3.29049857950707,1.79607598865131,4.78333043262867
219,"node30",4.07013145931773,2.97160680582678,1.446375399128,4.42068644184726
220,"node1",3.4272066721356,3.43537921156771,1.92005914744836,4.9244203550543
220,"node2",3.69581795170417,3.27994314531071,1.77273664934099,4.75626808983066
220,"node3",2.78933393276791,3.9079223519809,2.43515376027802,5.39316120281145
220,"node4",5.3266445976374,4.12132068226616,2.71631066960082,5.57708952391722
220,"node5",4.19324983410843,3.92674978070126,2.46027344005913,5.44953554167275
220,"node6",3.46532658872929,3.43806496340063,1.96400775028798,4.84787337378951
220,"node7",1.38228107623429,2.85096102260087,1.37915478523725,4.35560863051233
220,"node8",4.4943670318379,3.2147299118714,1.73681966510419,4.6741775817876
220,"node9",3.22592474975646,3.7924588520659,2.40543694353886,5.24599375660722
220,"node10",2.96293545256981,3.79111866826902,2.36631975570534,5.30779487526799
220,"node11",3.41555373322395,3.34215020099769,1.92142601886622,4.81130355506772
220,"node12",2.20640818845612,2.66569774149775,1.18846111932068,4.16157507292781
220,"node13",1.90370875902768,2.38832000238343,0.920328187094432,3.89441239380325
220,"node14",2.4161284510835,2.97841368975187,1.55762538392353,4.45063513485668
220,"node15",4.73192644056429,3.58576448731617,2.13453193585734,5.0098490666906
220,"node16",1.84736050270353,3.46047880574177,2.05703434140882,4.98108408659948
220,"node17",2.92880012033425,2.91100902871788,1.39668555070588,4.35163867368887
220,"node18",2.59256310806729,2.9288184041655,1.44831445045989,4.32564152073366
220,"node19",1.35900901879476,3.65545560273533,2.14346834080736,5.11759793091349
220,"node20",5.66417676875888,4.26235743359982,2.8298836299998,5.72900799698347
220,"node21",4.67931334683063,4.11538404184697,2.69130937418018,5.54855222649928
220,"node22",3.34315337968338,3.66042002061027,2.20105063524852,5.11785770014257
220,"node23",3.94722699329443,3.29185378442047,1.80861246950819,4.6636233320096
220,"node24",3.1499992620433,3.24752434944463,1.76240151452944,4.75745642555832
220,"node25",2.86026590370365,3.19323909030109,1.69387962274075,4.75722256047673
220,"node26",3.65882836272711,3.0196736817866,1.61340408787807,4.46542700410124
220,"node27",3.82823229460221,3.44124973734626,1.9258333454579,4.8804329927796
220,"node28",5.38720444669376,3.75199217067145,2.32017489840305,5.21178799060609
220,"node29",3.5137682955352,3.78219609863746,2.32365694332992,5.27058131215217
220,"node30",5.5035698846199,3.62809449737798,2.08227100944058,5.10594934230418
221,"node1",4.08119204748171,3.7461393482579,2.29211792662063,5.22073692446116
221,"node2",4.08741588579748,3.38121029795203,1.84650842588716,4.84154465440966
221,"node3",4.01561274052989,3.49542838282914,2.06202128432025,4.93691838757955
221,"node4",4.18999319913329,3.8671223428785,2.47333164559495,5.24853156509729
221,"node5",4.42206129584257,3.9543756013015,2.50677604642651,5.46461446841441
221,"node6",1.5289357285086,3.04203650331457,1.56276008977489,4.46612955740482
221,"node7",4.1357967076771,3.04796193495155,1.59593046847887,4.47618357639798
221,"node8",2.55963634446882,3.34548956020444,1.91957832895164,4.73478265445158
221,"node9",3.87074820978765,3.31176630349068,1.87898003939943,4.80548863325562
221,"node10",2.97168762813726,3.0957486650643,1.54962849311718,4.53953692070731
221,"node11",3.2472150944902,3.10831307164816,1.65595002155539,4.56578972687475
221,"node12",3.6555116032461,2.70820089636222,1.22563782454658,4.20645710349712
221,"node13",2.87293682444872,2.63195745023617,1.1514397975712,4.08155422872596
221,"node14",4.71849521635466,3.03601545683435,1.57595713336084,4.56065262510816
221,"node15",3.11026694655685,3.27128393570421,1.85905554634917,4.69827132530022
221,"node16",1.95241945848929,2.89196774084728,1.41286083911508,4.36152035380395
221,"node17",2.33752974148707,2.89501254667697,1.45992299604295,4.33665415126481
221,"node18",2.65727409076417,2.7780457198264,1.34820968778492,4.2587140513218
221,"node19",3.4930436436148,2.8104408443707,1.38612671328586,4.27264859694815
221,"node20",4.243567182404,3.91347636381604,2.46336154733754,5.41902530904614
221,"node21",4.40842877266924,4.02537203262042,2.53374451979891,5.54143087909154
221,"node22",3.76309962238786,3.63630702864353,2.1021112079222,5.08538840333999
221,"node23",3.87469271590152,3.45446670594142,1.99942081547195,4.9368597366017
221,"node24",2.90655840891684,3.28599236824622,1.82559993100625,4.74137717834576
221,"node25",2.94226637391709,3.17552552308941,1.64175016884404,4.65415090437412
221,"node26",3.98234405094225,3.43119016526463,1.98048995190983,4.92946616590532
221,"node27",3.57628087036901,3.89421557654984,2.47903213789246,5.37094480329725
221,"node28",4.39512579680389,3.93615276618455,2.44524803286097,5.4111657853623
221,"node29",3.79359750427188,4.10041254682705,2.60877835311845,5.58744898907125
221,"node30",3.6470552686309,3.99603377002476,2.51966920729372,5.44105259528959
222,"node1",4.09893706885688,3.78366518053232,2.34586794872535,5.26940409631099
222,"node2",3.06316667300632,3.73137862758244,2.26183169633441,5.21026732781314
222,"node3",4.20376043462528,3.90283329633922,2.34872357726685,5.40063582377719
222,"node4",2.89458240134173,3.69626391705495,2.23186682990382,5.1751158447472
222,"node5",4.62036004192151,3.48602625234604,2.02036410646325,4.94896122666827
222,"node6",2.76092134079003,2.96841850053777,1.48669915031058,4.40508860894501
222,"node7",2.52136102963346,3.35539224479894,1.96455290408221,4.77373583581059
222,"node8",2.39262308822387,3.09516292531066,1.6138041437376,4.57505495004464
222,"node9",3.04361930679281,3.32196438241869,1.90030305587319,4.776315043323
222,"node10",3.58298414939489,3.28462923560997,1.79973284031336,4.68144448719195
222,"node11",3.06138405752476,3.21032538575862,1.73048321240389,4.64643160706133
222,"node12",4.32127174869653,3.37535302302894,1.84875956360733,4.78790209781453
222,"node13",3.59956762990025,3.49203977895468,2.01390255984093,4.96612522855435
222,"node14",4.01062526533777,3.72231544366062,2.23119205442049,5.25444705436827
222,"node15",3.26110357959821,3.026649696773,1.60158316074708,4.45631187557037
222,"node16",3.1656195923017,2.80924729040406,1.30072736353424,4.34295907065867
222,"node17",2.88777563482979,2.60537172098132,1.0663987750971,4.09073900041043
222,"node18",3.59095167474838,2.93492115484598,1.42193333522564,4.48271727375728
222,"node19",3.57237987163782,3.61336778097947,2.18934223949204,5.16374057912122
222,"node20",3.68491498961777,3.56786803014918,2.12163939624849,5.00441824133851
222,"node21",3.42029621690722,3.81666034042751,2.3071505701913,5.32723803653731
222,"node22",3.41477863230489,3.75908561615238,2.29044256050817,5.2299147847064
222,"node23",2.49731347462152,3.41473822217899,1.99037298607605,4.89470284814661
222,"node24",2.4697864299137,3.20231538428521,1.75881770291455,4.70137125422769
222,"node25",3.04869368881443,3.25193602373563,1.79264903861123,4.78459689957749
222,"node26",3.26728707006866,3.45732245885312,1.97217258453699,4.89439631642403
222,"node27",3.23079793704979,3.68189068717962,2.22651789656134,5.14351021983388
222,"node28",4.4169130362762,3.59497687011625,2.14963436962156,5.03635945190741
222,"node29",2.64952376479153,3.7820918872002,2.30921431930928,5.25416120746454
222,"node30",2.3418758393525,3.40920185000014,1.93685410417458,4.93023446295201
223,"node1",2.97850726071699,3.30738977857903,1.81570433076689,4.78245378033273
223,"node2",2.78753694748797,3.44956968601051,1.98923324299622,4.89456832064497
223,"node3",3.5579039687486,3.45393104222999,1.99992443191999,4.90961121418787
223,"node4",3.13012051437499,3.48007414141795,1.99501892075978,5.00055751615356
223,"node5",5.01252059828313,3.42834501983095,2.00566792934108,4.90961435673083
223,"node6",2.73336393695141,3.40596996015658,1.98377986174191,4.94754270563069
223,"node7",1.64445892430397,2.63485101939327,1.16362937148951,4.11147535553953
223,"node8",2.67551846679083,2.9188564259319,1.43614599937617,4.35345902481851
223,"node9",1.77253098646916,3.00713308355353,1.58165313892611,4.54568427640121
223,"node10",2.93501685460244,3.33374651757302,1.82552556172312,4.75614412535742
223,"node11",3.71452596225533,3.41602842854196,1.93135819088711,4.91077759249665
223,"node12",3.23252555282031,3.57507170578719,2.05728700372735,5.05877674161726
223,"node13",4.39204274687989,3.74824755833948,2.27828495888463,5.1799169541627
223,"node14",3.58833235035873,3.40562433818173,1.99950831205881,4.89329518254251
223,"node15",2.96005890594972,3.37668994638198,1.91219075123158,4.83968951752291
223,"node16",2.84746174917074,3.24600798311312,1.74802451774882,4.74601649679841
223,"node17",3.31476946102078,3.19399156833878,1.66325695448247,4.63502591965112
223,"node18",2.50601818651044,3.38411623533818,1.92319290284321,4.8905302920286
223,"node19",2.60437891660978,3.46739843929133,1.97954987164812,4.88175166184192
223,"node20",2.96686779562206,3.42037572604719,1.92157779528917,4.90106559390181
223,"node21",2.78985505085309,3.33921935683099,1.92785132950689,4.79594819995338
223,"node22",2.94783333545474,3.21140876614877,1.73482875464419,4.69774525609516
223,"node23",3.43151664457225,2.84665413343391,1.40606802796702,4.28527984219786
223,"node24",2.72021290351044,2.87425416074127,1.34397870749678,4.33928810993515
223,"node25",3.16702505546504,3.09429150512442,1.61922042288541,4.62237346223568
223,"node26",2.61304972137547,3.14944185438857,1.6826848210058,4.68985462070209
223,"node27",3.32872880636901,3.45837776143726,2.01287763277324,4.98480976559213
223,"node28",3.33660120143988,3.4499250704518,1.9534241519739,4.91429877720262
223,"node29",2.05227626837346,3.08728259466622,1.53390659176268,4.59625322691444
223,"node30",1.85574438362419,2.99285528105817,1.56235947487959,4.4507840214544
224,"node1",1.46643372843573,2.74444114756684,1.27554798220888,4.19756194778015
224,"node2",4.41693831174457,3.17006266301328,1.70872890109108,4.71190238729212
224,"node3",3.7288537285194,3.14916957085656,1.67788640425437,4.60980174072546
224,"node4",2.77392178397773,3.64450804206762,2.13994401443707,5.10945318424631
224,"node5",3.53915843096139,3.57113078840979,2.04967439041337,5.02943346794224
224,"node6",2.45996467023283,3.16451549504759,1.74116046529947,4.67485185105787
224,"node7",3.81903548070711,2.56612979605948,1.13010947767377,3.9614719490722
224,"node8",2.91153762065422,2.6040666795123,1.12879464240179,4.07887898227518
224,"node9",2.61719741073722,2.61842458154974,1.17067333729166,4.11175704011771
224,"node10",2.79688007478581,2.93503651471023,1.4555890701925,4.33563326047904
224,"node11",2.49694494764222,3.40249327768955,1.98175715130499,4.8803999283349
224,"node12",2.70985701566804,3.40922539582261,1.95179656822197,4.88449717355094
224,"node13",2.99296182529021,3.69544747516328,2.19022353054683,5.20374616400671
224,"node14",4.70600184585395,3.43714100207905,1.92308347253547,4.85531541370315
224,"node15",3.28977519803442,3.15879240126343,1.68584928988787,4.6111943420761
224,"node16",3.4811924765182,3.07355716686035,1.61902539501842,4.56657566539062
224,"node17",2.8903897383309,3.12011736657641,1.65474010526863,4.57013037272605
224,"node18",2.00580142680342,2.87449044593406,1.38921116976806,4.38644642888508
224,"node19",3.71320390934634,2.86014208270875,1.4002855372178,4.30006959679625
224,"node20",3.18550717181621,2.94768931261733,1.50308731484858,4.36133418012408
224,"node21",2.01084265346747,3.00142358140874,1.57771613749558,4.53635240075396
224,"node22",2.49248919747913,3.06840198639685,1.5775386966546,4.50172198800058
224,"node23",2.82828218002858,3.21884901676723,1.7890122273806,4.69646527189683
224,"node24",3.49789649440273,3.12929462549532,1.69189541329074,4.64357419182535
224,"node25",4.28043544696023,3.02336335285304,1.53160707015354,4.48792593530607
224,"node26",1.7285688595555,3.02732555135016,1.55104587475562,4.55436965614457
224,"node27",2.41810014505796,3.21853199416069,1.76052033182199,4.68164006957963
224,"node28",2.16872942446142,2.96760076098924,1.49059180294505,4.39902972142236
224,"node29",3.53047791550783,2.70109432796285,1.24194050616572,4.19969056011652
224,"node30",1.9426924502696,2.63773774698551,1.16665740693075,4.1175035695635
225,"node1",1.81226985831267,2.60602910354235,1.14333561057034,4.1189683141975
225,"node2",4.36384497774652,3.45855867723165,2.00240020357754,4.94970948181395
225,"node3",3.5903236992776,3.46969148744718,1.97084643132493,4.92058944951845
225,"node4",3.6299482597529,3.28668379825177,1.80256008764523,4.71759405861013
225,"node5",2.4010932979702,2.95587141786138,1.48130617968762,4.44922464290282
225,"node6",3.20683842854631,3.17698128939404,1.68760865270792,4.6399016916101
225,"node7",2.99579419936688,3.36049823549449,1.84854434620706,4.80143611017261
225,"node8",4.37847652306326,3.08350119953512,1.6326306936844,4.60370233353496
225,"node9",2.21484886362958,3.01538453393631,1.49782787898395,4.48716680237553
225,"node10",3.28420001998548,2.86899073941876,1.41679394874146,4.35045843046167
225,"node11",3.09027166263868,2.78446347040278,1.32259817803619,4.31418177062553
225,"node12",3.28503127107108,2.95301230266207,1.45945040224815,4.39684906013244
225,"node13",3.64272413790628,3.21651385430743,1.75003248535932,4.71587002629836
225,"node14",3.85855254156483,3.68260946940172,2.25679804818248,5.15234026124592
225,"node15",3.47913322509217,3.55725709854953,2.07135953544275,5.00909255213171
225,"node16",3.272805884045,3.29860537103553,1.78827147316299,4.76752320712897
225,"node17",2.27609560302554,2.92213713807361,1.4879881456928,4.3665910083237
225,"node18",2.76201109614886,2.90352295479492,1.45352973676044,4.3729345665026
225,"node19",3.08553164415805,3.21170809880158,1.73083289896438,4.58696339603266
225,"node20",2.85805843776284,3.09020921028392,1.68211978099085,4.61556666215842
225,"node21",2.10863555257076,2.72870489170071,1.2529197497318,4.18094667641564
225,"node22",3.30622011592611,2.74508144340707,1.20985527370043,4.23308879362766
225,"node23",2.3665226304108,2.98258667668828,1.4969372527109,4.45013008951837
225,"node24",4.47886301963564,3.47644661498268,2.0101733741188,4.95839733082192
225,"node25",4.05550857570704,3.34865395613641,1.87226647385059,4.77008169503006
225,"node26",2.6603173156183,2.83555921763984,1.37279844314464,4.29423536561781
225,"node27",2.27960978817401,2.52480985039537,1.00720196022264,4.00678943195692
225,"node28",2.50262048050736,2.75930542943231,1.26873445645383,4.27736201989051
225,"node29",3.87402503669686,3.01733032664245,1.55724920852859,4.47191112028923
225,"node30",3.38347764340459,2.65332375150616,1.12408798547767,4.03592514926106
226,"node1",4.5588372854524,3.13322300481634,1.61882517896841,4.60142510700028
226,"node2",3.60803419222428,3.28779455353923,1.83131805066157,4.84390548564329
226,"node3",3.73121344139128,3.57757841054526,2.16313013146708,5.11376720960233
226,"node4",3.45822670049624,3.35299196144915,1.87644162729187,4.86394230268345
226,"node5",2.6453385996646,2.95753134314037,1.5020437236489,4.45802313202005
226,"node6",1.97330763197461,3.14833876660773,1.66455508681324,4.57098875456564
226,"node7",2.72595943435302,3.25345747984998,1.80073229475391,4.77210982887915
226,"node8",3.63424186128804,3.43425387112632,1.94103286588983,4.93066865285491
226,"node9",3.00676113778202,3.12826800366845,1.6681184186128,4.59407451415347
226,"node10",2.90989175631485,3.06135572250168,1.62596977796743,4.49826420922074
226,"node11",2.34082755966954,3.24235116036377,1.80217249417635,4.69790367229084
226,"node12",3.17610958287584,3.31322268890079,1.85742470834567,4.84350638987565
226,"node13",3.1167404911733,3.52945516110505,2.01832581056696,5.00220479148714
226,"node14",3.77620185564397,3.40832002415746,1.93449643097917,4.83117767119388
226,"node15",2.27267357457719,3.47002728576226,2.02849538821958,4.89732819451829
226,"node16",2.46685509049427,3.10099920461621,1.60883852825485,4.59776057918345
226,"node17",2.80215299379881,2.85201888589092,1.36331442934823,4.2747202657106
226,"node18",2.27005044030843,3.01505056582093,1.57983137634974,4.49599231081751
226,"node19",2.20822855453593,2.96705376984895,1.46490974453614,4.39728889057335
226,"node20",3.2922882596847,2.88657462468648,1.48910145060619,4.38517135492584
226,"node21",2.60776741746296,2.90321701529852,1.41857191584281,4.37885781116364
226,"node22",3.01488534605667,2.95268472441956,1.4917381332047,4.41169610138068
226,"node23",2.56839056568968,3.18735343735721,1.69830252704035,4.64569369891496
226,"node24",4.1194105190838,3.6316370740308,2.16444630401999,5.15150468010074
226,"node25",3.01422011197208,3.48263679294054,2.03278240419333,4.91651539656156
226,"node26",3.32526344937646,3.16805331443992,1.6491168320302,4.63060881606655
226,"node27",4.3322021343136,2.70633283900781,1.1085787580828,4.1882304436932
226,"node28",4.66985151568588,3.02462340098661,1.53390550161003,4.56035543563129
226,"node29",2.56389291879342,3.25339300832953,1.78116135429323,4.6910002104681
226,"node30",3.27203220585624,3.22959161620605,1.75276967000755,4.65704055487143
227,"node1",5.59125600111051,3.90365971278539,2.3949871802174,5.35988805418705
227,"node2",2.92974235173511,3.52091903906841,2.08459443574359,5.06842044711221
227,"node3",3.76456647987732,3.50926083365252,1.96048258604393,4.92280020554113
227,"node4",3.19330339506327,3.2439700813533,1.77926699294424,4.72857504115912
227,"node5",5.29973284127335,2.95943568260613,1.43629688152899,4.42232790282265
227,"node6",1.29858888588744,2.61334715558506,1.17727511419262,4.12495450920245
227,"node7",2.49306169908521,2.98324839063785,1.54118760873922,4.51426220727257
227,"node8",2.78184385007037,3.10602682484564,1.64764577429641,4.58174288390024
227,"node9",2.68189509797828,3.30070694725681,1.79655810072366,4.72949989015301
227,"node10",2.7726242597193,2.90715094943312,1.47029045169229,4.40092258113188
227,"node11",2.92374347359124,2.8958856501387,1.42655781692086,4.33956318107959
227,"node12",4.62723648357678,3.05500589585826,1.53483038181982,4.50347644062254
227,"node13",4.11266784984089,3.25891221153593,1.80354613442977,4.73968281617832
227,"node14",3.47378365785462,3.20071685194107,1.73953618473299,4.68348008948852
227,"node15",2.94316606151479,2.88079090363427,1.39514016503114,4.34359587275998
227,"node16",3.68516438926468,2.73180146324005,1.2718583212226,4.2096836632004
227,"node17",3.12108948730293,2.88511423549694,1.46725472702547,4.38110204642837
227,"node18",1.39099779941075,2.69105469752266,1.1588119675967,4.17615116441131
227,"node19",2.15622561086669,2.73917054803118,1.31173755896429,4.25083012149576
227,"node20",2.37560738981588,2.98122976696898,1.50947667272669,4.44244965381839
227,"node21",3.1731434080337,3.09600069300459,1.62799269139967,4.52269291189347
227,"node22",2.49608676092534,2.88691715131808,1.36918837975297,4.32052063193455
227,"node23",3.34273598493671,3.24290554756539,1.765446140935,4.69052668533451
227,"node24",2.35489830581208,3.26793791923496,1.741529424819,4.70928746177411
227,"node25",2.58471479245886,3.26806027146346,1.77894652808571,4.72642530868635
227,"node26",4.03836620411126,3.456033788981,1.99988497287922,4.9329469748616
227,"node27",1.43601626002339,3.89148997389067,2.37995613154069,5.38824944013313
227,"node28",3.30648551932828,3.83280567226416,2.36579268984585,5.26813097905314
227,"node29",3.14374429925343,3.18017948297357,1.69228777927805,4.6628240307912
227,"node30",2.67749939313537,3.31749847042865,1.8585110588892,4.84473734755344
228,"node1",4.06178622072059,3.76147210457277,2.24479166064746,5.21986333473916
228,"node2",3.570177973398,3.62630463970227,2.14533438814645,5.11475479373697
228,"node3",3.5823318375681,3.32619468416602,1.89255960808696,4.83405326099632
228,"node4",4.07027970030366,3.62169934361374,2.20825645651676,5.16441448458213
228,"node5",1.82247734512608,3.61358123425816,2.15729984138197,5.04187188661985
228,"node6",2.51837556901177,2.89677677556487,1.39626930137694,4.32898983988467
228,"node7",3.80239260275643,2.62341115171101,1.22059338456226,4.06203196104051
228,"node8",3.59628511592092,2.81819722790349,1.36319567787585,4.29364715956717
228,"node9",2.72509552344799,2.92805472502101,1.40396705811383,4.42314434182212
228,"node10",3.37083876695689,2.93916772585831,1.45700915048463,4.43386487274446
228,"node11",3.20948112155835,3.35434761950834,1.86535510564342,4.76324028303285
228,"node12",4.07059752958494,3.7601016688885,2.21501921928688,5.19072641939569
228,"node13",4.14902656735984,3.81458586627649,2.4151280713911,5.27416993631517
228,"node14",3.37090655456503,3.32851235878514,1.77913107787301,4.76782450773841
228,"node15",3.44378615152561,3.3323327824731,1.80335859792923,4.79154964908947
228,"node16",2.68523405792648,3.34517876124456,1.88786282281332,4.848330128031
228,"node17",3.73336703757579,2.95879567338227,1.56164913968523,4.44834754135736
228,"node18",4.64862987618109,2.47992192248058,0.94699028369757,4.02032688093019
228,"node19",1.81808534029038,2.50712794005901,1.05008058104391,3.9876824813883
228,"node20",3.19032813916329,2.71349277838732,1.27527809595213,4.19083913681997
228,"node21",2.29207297191783,3.0070266234153,1.45413345439047,4.44922597890628
228,"node22",1.66982090626659,2.98203817078794,1.50099229648807,4.42636593245015
228,"node23",4.39633567336798,3.0875726809228,1.60626027577841,4.56536197273201
228,"node24",3.06325090132311,2.75234515835862,1.3119511391721,4.21032886647132
228,"node25",4.02399451787182,3.05897559723714,1.61155351845113,4.50793156633682
228,"node26",4.13303384133593,3.11871279071124,1.63658289295362,4.608642982516
228,"node27",2.70676568110307,2.73443461382994,1.2992736412411,4.23882004770796
228,"node28",2.85217274846952,2.83475449937528,1.34664867205444,4.25021789676206
228,"node29",3.43675911904966,3.23129031760031,1.66511864006715,4.72052223464306
228,"node30",3.67018920572405,3.43787842488487,1.95595638073294,4.85329714231236
229,"node1",2.76990942715199,3.39425693149713,1.93786608539499,4.8645090320975
229,"node2",3.83453573586681,3.65080162600569,2.2032649219682,5.0749707321059
229,"node3",3.09534223128487,3.48230124263637,1.99807357605279,4.94866074394911
229,"node4",2.74530709560622,3.41779063328856,1.99385754120885,4.90288868862121
229,"node5",1.74211740446743,2.5461841689607,1.06954800863589,3.96196740712963
229,"node6",2.80260029654782,3.0772956815069,1.55128767487158,4.51897724345897
229,"node7",2.66977953794228,3.35979541985176,1.87903935222972,4.76760494342331
229,"node8",3.44506791488042,3.36600774625102,1.94710691731173,4.82021455425044
229,"node9",3.30141353544852,3.17202930609775,1.66415235905539,4.61400437335921
229,"node10",2.73375915433667,3.20916124832327,1.72235758870509,4.66085032259524
229,"node11",2.61362267287783,3.44153619651161,2.03535037608542,4.98122545685655
229,"node12",2.95392611340647,3.54606853054734,2.0577584385601,5.08276701117214
229,"node13",3.36323214123352,3.66355772941373,2.14347469901732,5.15211000434688
229,"node14",3.58564285193713,3.45925435454347,2.05454180870064,4.97014451466563
229,"node15",3.71147737177197,3.28390283090246,1.84121309364665,4.76939484868043
229,"node16",1.9354660406893,3.11783797342091,1.62443386941028,4.56540259577185
229,"node17",3.20416859907259,3.50874468891748,2.08912861592463,4.94932387652041
229,"node18",2.93186755466232,3.68101750916872,2.21700412838867,5.08166830162912
229,"node19",1.84527299329874,3.01035667157803,1.58459115279871,4.49135501860759
229,"node20",3.92016544499795,2.88040212211927,1.40673636709612,4.40054693838199
229,"node21",0.753444862630146,2.6220836579733,1.12663877490905,4.09715518794292
229,"node22",3.36050182591679,2.82578511029042,1.31694392927052,4.30854343865617
229,"node23",2.74408680886324,3.27608613378656,1.7792521753657,4.76220704862371
229,"node24",3.21374183453935,3.56030352925433,2.07984883747125,4.97017435621342
229,"node25",2.50746341131823,3.66946783873683,2.21650295413011,5.1907286500766
229,"node26",2.98089748674729,3.42740438235762,1.95012908359683,4.90366479876267
229,"node27",3.72278634974379,3.33486388977779,1.80747490451125,4.77539645568133
229,"node28",3.34105290231232,2.99414287852409,1.56011159832877,4.40673415182723
229,"node29",2.55791685025327,3.30432226499094,1.8393156638,4.79865634232357
229,"node30",4.79779669542076,3.66413999489297,2.17888343637274,5.15102642433363
230,"node1",2.71168931011917,3.38373360805496,1.8627522585085,4.84159134228151
230,"node2",3.3172498446998,3.33897063779618,1.87866412857458,4.87372101397494
230,"node3",2.86565317204122,3.21152652162449,1.76152130587993,4.67815752617584
230,"node4",2.07380051072724,2.70210432113684,1.2015807910297,4.15949796194513
230,"node5",2.76683636657386,2.72675302810872,1.31559440967768,4.14497254081822
230,"node6",2.65923605431422,2.79822794354927,1.35763179957353,4.33545023153681
230,"node7",2.52696174066144,2.95233352541694,1.45989803821906,4.44566450797655
230,"node8",3.73665966113582,3.19269133045963,1.68340041323524,4.64852849719977
230,"node9",3.19609095459732,3.27110424378264,1.74008874010458,4.73832145101997
230,"node10",3.80712444484443,2.95273065276147,1.49159291661871,4.50853583062684
230,"node11",3.55700435980875,2.93584804462881,1.46848627371534,4.44273738739115
230,"node12",3.3971335217735,3.01443888899443,1.6374111259026,4.49350430056043
230,"node13",2.50710578432747,3.23580779527058,1.75690712948765,4.74810078274196
230,"node14",2.6994150991161,3.47068438455644,2.0132938740079,4.9182127877208
230,"node15",2.93713593815875,3.20651788670613,1.73459272832481,4.68263740763833
230,"node16",2.9958620834953,2.95265560904314,1.51600881380388,4.44836950582916
230,"node17",2.84041049774598,2.94558833558641,1.49168503464364,4.43497752686669
230,"node18",3.65303665620249,2.7500415898305,1.26768710064826,4.26501158546148
230,"node19",2.34198880847465,3.01071534627269,1.63361093269935,4.50298758983709
230,"node20",2.30171284604241,2.76387167972729,1.24840508453059,4.26631360866413
230,"node21",2.25290379973902,2.5904318446128,1.08707319325285,4.06717228952525
230,"node22",4.32256468463536,2.94077542316956,1.41574714724161,4.40667808906603
230,"node23",3.1063103397101,2.93503722950702,1.43224299092153,4.42092229491098
230,"node24",1.35874198261607,3.10421999901953,1.67442957139527,4.51079487602625
230,"node25",3.56694583741348,2.90273449913208,1.45829404271045,4.400678836596
230,"node26",2.86292858656272,3.04017010222681,1.57438450999273,4.53092926767598
230,"node27",4.2419499440389,3.43489942065684,1.96723518392996,4.85028963923287
230,"node28",3.57572742239737,3.26463646666825,1.80583817604193,4.74705473818816
230,"node29",4.20614413046592,3.26875609017393,1.80482347535743,4.73191938798675
230,"node30",3.60956839455171,3.55422435116782,2.05723790009017,5.0215524697191
231,"node1",4.6837212792064,3.24505366211234,1.68700318638082,4.69609778517201
231,"node2",3.80339688308448,3.04532618962648,1.59155688507778,4.51753571056295
231,"node3",4.12271718450482,2.9548257416707,1.47627143378104,4.44566063223304
231,"node4",2.0488849724179,2.713802061357,1.25867336792367,4.16201011330537
231,"node5",2.86966672640694,2.9065372998123,1.40953175147043,4.44556124998967
231,"node6",2.14184523285031,2.83290783363225,1.38870117941469,4.28916864882524
231,"node7",3.22107960973571,3.03578002568303,1.58100142641987,4.48642380551907
231,"node8",2.1507486911827,3.24501468376437,1.758568168834,4.74579647842259
231,"node9",3.60004275538174,3.38325634916804,1.89779455591407,4.90142915536606
231,"node10",2.62248686814446,3.49838754052299,2.06834179507871,4.94704854405542
231,"node11",3.54209142824409,3.4938170038203,2.05848428066172,4.92501901839004
231,"node12",4.14750390064233,3.23361120656925,1.86568551373585,4.70064797141218
231,"node13",1.57892445848834,2.92665729606742,1.50631900480354,4.45282298180641
231,"node14",2.05761369089952,2.87946339183861,1.38330880637443,4.35671702014013
231,"node15",3.8605934594699,2.94060360226347,1.41315619706882,4.39446550359751
231,"node16",3.08619375855302,3.17519705352468,1.69164463204955,4.64282838822821
231,"node17",4.74990487132301,3.09040100473258,1.62919915972215,4.55782202776045
231,"node18",2.69230227692726,3.14830973965013,1.70825084314777,4.64067194521636
231,"node19",3.05500458848202,2.99569112604192,1.49227552251523,4.41983221576053
231,"node20",3.24171147486175,2.44675036764572,0.96030368623635,3.88666424868188
231,"node21",3.8915188741463,3.18681151975768,1.70996424648124,4.67678217472294
231,"node22",3.68575330440174,3.31180813805205,1.80545466246725,4.77051550180982
231,"node23",4.28493613479412,3.11260589461234,1.64752905794801,4.56780989488954
231,"node24",3.34150819251121,2.61869589871484,1.13064695817526,4.12501550621077
231,"node25",1.434310898645,3.03611201329253,1.58408849073374,4.52563364322149
231,"node26",3.17373297577372,3.3475435552412,1.82134295984434,4.81979518619734
231,"node27",3.17145074322058,3.51279565963591,2.01658148533398,4.99727687212064
231,"node28",3.35357482515393,3.65457810159473,2.17106922980823,5.15400206035935
231,"node29",3.56240119301807,3.78201565368549,2.33835692718762,5.23444222386806
231,"node30",3.2799916080418,3.25657465326275,1.78679857937434,4.7566143304318
232,"node1",3.45142049571455,3.87208377313359,2.40875240398111,5.36506277983433
232,"node2",3.91484970368761,3.76879251272711,2.2950697862625,5.23670690797777
232,"node3",4.54228698839282,3.42772219580341,2.00682265834778,4.93833018712727
232,"node4",2.93256938647844,3.01141632629241,1.47783933729765,4.46359240502525
232,"node5",1.75610032046585,2.73516497706086,1.23630846117745,4.20934068059771
232,"node6",2.07035227621933,2.83215485737389,1.35929284826244,4.34020538291491
232,"node7",3.27016045899257,2.93839963301268,1.4802778846715,4.43209919431371
232,"node8",3.40842766165208,2.86960512414193,1.44206388486978,4.39499052941237
232,"node9",3.04052762166868,3.1149457801261,1.56357392037579,4.63135428523923
232,"node10",3.64827755854748,3.10111031643001,1.68818894540808,4.56223481825439
232,"node11",2.10156361793639,3.3783706722748,1.90987853475456,4.88083493381828
232,"node12",4.52938197599744,3.2889179795411,1.80864247092662,4.75524856380912
232,"node13",2.64956398069367,2.70373393757624,1.23045041305626,4.19740039786614
232,"node14",2.37316488739045,2.69933058768169,1.28310229754021,4.20125025622151
232,"node15",4.52568696867767,3.22896002071596,1.75609472365655,4.75026261229962
232,"node16",4.55426706099159,3.53648161473682,2.01484207188542,4.97894523840196
232,"node17",4.05009809014383,3.66139734277574,2.17533889630014,5.10983870636809
232,"node18",2.98243315317009,3.19894245753245,1.70175662785943,4.6339256091478
232,"node19",2.57932244884098,3.15470144717713,1.64829585865542,4.64973105893025
232,"node20",3.77479612589199,3.34387551667267,1.86638588778559,4.88890941137298
232,"node21",3.00120281235563,3.61905739198493,2.16927844064597,5.06554088148769
232,"node22",4.41150650768891,3.53035786535927,2.0338589230656,5.08848123469346
232,"node23",3.33984620969225,3.65925022912592,2.2071808828008,5.05048320029565
232,"node24",3.06889397131036,3.32394933540211,1.88129634240971,4.79773650963303
232,"node25",2.88750012452396,2.55513177861127,1.10216791395429,4.05735335759297
232,"node26",2.17092920583781,2.98574277547207,1.53459502952604,4.45700875189022
232,"node27",2.97160283546808,3.13252969152165,1.69529017781499,4.60855711217465
232,"node28",5.31242167939147,3.34607618100366,1.85533022529534,4.81537089471366
232,"node29",2.60992146867096,3.30367489722355,1.83101686145077,4.78759420002957
232,"node30",2.2317082197605,3.51942686781928,2.01773584853193,4.92562045806877
233,"node1",4.33158337801619,3.14180456994655,1.65276664972749,4.59309322713306
233,"node2",4.56587771179641,3.72560137080655,2.28933742056074,5.20012840444999
233,"node3",2.80641184710873,3.62781131212265,2.16299954617259,5.05923206465841
233,"node4",4.11612053943243,3.23129590935793,1.73666157383445,4.73566762658541
233,"node5",3.21056230158888,2.47647391287246,1.01025971766909,4.01361551264086
233,"node6",2.42752537995631,2.70584190420548,1.22881114631946,4.17258551133685
233,"node7",3.67561464078058,3.0222082522594,1.58355900993301,4.49426495801615
233,"node8",4.25311133711521,3.37516799506105,1.90950199676893,4.89933959009384
233,"node9",3.43381397912359,3.18395241223541,1.6940239932562,4.64317839100321
233,"node10",2.50636865537601,3.23060799121116,1.75285196081505,4.69959889139244
233,"node11",2.88024280219215,3.12319173513086,1.60465914878548,4.62772928296622
233,"node12",2.40809316269954,3.25813383181123,1.75326796729548,4.73447434826553
233,"node13",3.87564282777447,3.25569175103242,1.74117426714576,4.69655318383392
233,"node14",2.75544768560804,3.14332035341937,1.66299425169386,4.60694585361162
233,"node15",2.84971506436723,3.63788625964532,2.12341197259584,5.12577534438537
233,"node16",4.29372665006207,4.0891138643203,2.58028202367654,5.56864407310786
233,"node17",2.1958115028154,3.51971630997272,2.09255183847264,4.94527114424143
233,"node18",4.72693080738986,3.26777278665458,1.76169339388429,4.6985061005178
233,"node19",2.49534991351058,3.0676733006566,1.58636768238413,4.58261944875343
233,"node20",3.87352769471508,3.28180426512596,1.7742170897985,4.77242850871531
233,"node21",2.38569150085834,3.39303121619638,1.92797805699674,4.85789499451374
233,"node22",3.14483310989481,3.61128226955799,2.18082509569015,5.1794251772421
233,"node23",3.36477123238936,3.35670173477433,1.76525586640547,4.83705632919162
233,"node24",3.3616108250235,3.10979431167653,1.67239309924532,4.57049025658254
233,"node25",2.54502825652716,3.08533464190888,1.60423356085633,4.53114620526258
233,"node26",3.08543101555284,2.73699950356861,1.29575862747435,4.24174670254079
233,"node27",4.09456084624631,3.32187488361025,1.83841502768538,4.8496233551733
233,"node28",3.85259411855768,3.7701686532808,2.36827321028224,5.23841350077488
233,"node29",3.21189153935168,3.18096215617205,1.70513018736706,4.60796347283896
233,"node30",4.14944042875182,2.88902218853363,1.43643591436323,4.35681936617536
234,"node1",3.80056592060442,3.93219873281306,2.48284911120546,5.37151798269974
234,"node2",3.38072270143533,3.76559055635869,2.28137165430077,5.28171920451081
234,"node3",2.13388488656111,3.34870348596551,1.84793203513076,4.803018106902
234,"node4",3.76043343290861,3.47343783922563,1.97698313235842,4.92558036304511
234,"node5",2.86028771657836,3.32947121794038,1.77078962164717,4.81667355472726
234,"node6",3.66495574636688,3.10059536016743,1.69588429545477,4.53914677319672
234,"node7",4.15435211952667,3.38199077588353,1.88439498773736,4.84442000115259
234,"node8",2.71230981605569,3.65372046662955,2.15941847303261,5.18198094575785
234,"node9",2.8004851307751,3.38332305515047,1.95324416067697,4.93920126761356
234,"node10",3.52094611743774,2.89437162350128,1.39765817891699,4.3296649002163
234,"node11",3.53858561182249,3.0194097986648,1.49966145833716,4.49738223738
234,"node12",3.20408953123596,2.842875996683,1.39164775672502,4.26511032977697
234,"node13",2.87135934637444,3.29912261312779,1.806741679596,4.80699589678829
234,"node14",3.54867715858443,3.21889152324955,1.71598930768768,4.67177857972408
234,"node15",2.79805857888647,3.10091163941583,1.60763765155065,4.57782014146404
234,"node16",3.3907207797198,3.295212937922,1.77189357165355,4.83484845067174
234,"node17",3.91204178682049,3.26845592132202,1.73635470387425,4.7837290148126
234,"node18",3.84135619273827,3.46339569468797,2.00705783185376,4.90846570028094
234,"node19",2.98926158674746,3.40778244613316,1.88199468075264,4.85663974832288
234,"node20",1.61464187450185,3.11139642215704,1.64396194783544,4.5691919129815
234,"node21",1.91382974943588,3.11877373160536,1.64729159293779,4.56941750543779
234,"node22",2.98913797050747,2.97907459470432,1.50728041875224,4.4323025271346
234,"node23",2.50608412830342,3.30510239789208,1.82260198589931,4.83245435643629
234,"node24",2.55611758179259,3.1939312844927,1.73384260686984,4.75604432330457
234,"node25",2.77245168567016,3.00028817044395,1.52047453154105,4.45918015740205
234,"node26",4.60626290979504,3.29216440931821,1.84007816087892,4.74781477023508
234,"node27",4.93150954398268,3.64821774073961,2.12295207397322,5.15267631517765
234,"node28",2.8932699792447,3.36075589090166,1.92964281149373,4.84834080887613
234,"node29",3.69274283274401,3.56624496900747,2.18734526710939,4.98329854934886
234,"node30",3.35887276619874,3.78911820845395,2.26568755996036,5.25985545018487
235,"node1",3.14210315608811,3.43348564902252,1.96564091469796,4.89601711662556
235,"node2",3.05261998671768,3.09632709192347,1.6086937193028,4.58874840798535
235,"node3",3.09124143738557,3.08851083756458,1.60749705736918,4.57933848879815
235,"node4",2.82459338269536,3.07493560588597,1.59213694307814,4.53458642760793
235,"node5",3.23225475989132,3.27286118478718,1.77841216728322,4.79148878610228
235,"node6",5.97217953464056,3.55095943848231,2.10335756467554,5.07977140633538
235,"node7",1.86099521320275,3.48901931104498,2.05410925322385,4.98256961550387
235,"node8",3.09382332819086,3.07048685204555,1.58949685174426,4.57694248326205
235,"node9",1.60531193197293,3.04540494001322,1.57173042863645,4.48946099289564
235,"node10",2.65563212053277,3.36948151969052,1.85425908625621,4.86240462956033
235,"node11",3.78726826404835,3.36257953789039,1.87271073226551,4.836423164492
235,"node12",3.04390316346667,3.29909568091165,1.78987141745421,4.79274533501077
235,"node13",3.08956165234715,3.06572462267116,1.56697904336238,4.49014874467906
235,"node14",2.39263480802496,3.25934294554426,1.78418255542761,4.72816902783942
235,"node15",2.93694559776613,3.22096065893153,1.72243682010659,4.65420050242241
235,"node16",3.36913762020747,3.18797765346317,1.76522528240305,4.69099650613465
235,"node17",3.99163595745644,3.75212424854502,2.2167075982042,5.2287209826269
235,"node18",4.0406475713126,3.3173346278307,1.78836710663447,4.79282220999174
235,"node19",3.96524793563125,3.12046671924227,1.67688113966193,4.59117431130462
235,"node20",2.4861252828501,2.34381891989755,0.86251707443003,3.82659144283479
235,"node21",3.98734546205251,2.59137478091729,1.16922302701873,4.05656516081467
235,"node22",3.45426308154428,2.80797369419248,1.39410296726839,4.27186003188831
235,"node23",4.68957275530218,2.83542021570238,1.38147502405887,4.29550571515952
235,"node24",2.47926339609606,2.79087259887764,1.30904807647563,4.23615574931975
235,"node25",3.31146722946236,3.25837818739841,1.8283681578469,4.72049643120962
235,"node26",4.337833942629,3.90541093957938,2.42052804384062,5.34179228389368
235,"node27",4.66584560705007,3.89671551313748,2.37347941041736,5.36836588539844
235,"node28",3.43499782442285,3.4437564656723,2.02639338602155,4.90635826616224
235,"node29",3.44751446322852,3.39845893459671,1.97341437084883,4.81306806450852
235,"node30",3.06808259514137,3.39269399017955,1.92041019937666,4.92501555260658
236,"node1",4.22052802581666,3.10550531682522,1.63635562214613,4.55153982062734
236,"node2",1.59502871805124,3.1083189228547,1.64861592749492,4.58269041403055
236,"node3",3.48294156162301,3.21156040248058,1.71018946477368,4.60578171756761
236,"node4",2.37138961960922,2.98581087431453,1.50994757816997,4.46617623493936
236,"node5",3.54637266695961,3.67620466106523,2.21405902090151,5.10882428003203
236,"node6",4.53522336206076,3.88747677396448,2.48837885158382,5.36840659923371
236,"node7",2.78411474724972,3.12191507339538,1.62834440984153,4.60482863389807
236,"node8",2.83912556392381,2.76204864096689,1.28840646134366,4.24459456154242
236,"node9",2.26234586182812,2.61580164750159,1.13161852543097,4.11183897307029
236,"node10",2.97919692211749,2.84054730889185,1.34228765379147,4.3450132901471
236,"node11",2.95035695584959,3.27187153150659,1.74347643016728,4.75114176797246
236,"node12",3.13949282914308,3.24038614371782,1.82955009152196,4.65621822693585
236,"node13",2.59441286564215,3.06109729477354,1.6097499528675,4.57730396137384
236,"node14",3.23723109640805,2.83495754699384,1.38584973040026,4.33639872585992
236,"node15",4.71395932693839,3.07615957910743,1.5711179617672,4.5515380000904
236,"node16",4.03153901258161,3.34767856073813,1.84863094087264,4.82670218387138
236,"node17",3.24234623722375,3.59888806101371,2.12490848234831,5.07787295109655
236,"node18",3.11088829300808,3.70056332545251,2.18569941868735,5.172849902343
236,"node19",4.71140035093264,3.47666129339118,1.96622555734097,4.91222803161401
236,"node20",4.91433238763617,3.3309301552055,1.91323454767696,4.79162620273745
236,"node21",5.29110899701244,3.46002046829498,2.00843159391858,4.92535062369649
236,"node22",4.82844851343212,3.6281546082797,2.23923232025434,5.15846615078124
236,"node23",3.90213308737964,3.66404812139276,2.22508556460276,5.14545531622039
236,"node24",2.01615758201401,3.26282065495686,1.81452502488307,4.70954641068979
236,"node25",3.01094223477603,3.37989933926131,1.84621832796925,4.81529423868066
236,"node26",3.96976560080992,3.75637398368012,2.34221787417447,5.23020967222484
236,"node27",2.86394452326705,3.79527260759233,2.2764256016438,5.24699344120354
236,"node28",3.26963992367184,3.66428832346082,2.18816602322674,5.14713287882484
236,"node29",4.14778468471276,3.26317913995663,1.81330360071403,4.76240079468316
236,"node30",3.91628107487756,3.21994191612696,1.76117774971835,4.7089932570176
237,"node1",3.11246700121947,3.40114531015213,1.97051682272357,4.8458887316981
237,"node2",3.29838291181776,2.9078712312496,1.3655595150969,4.31873063780977
237,"node3",4.65659291026046,2.90481402382494,1.48680230405938,4.32158322567716
237,"node4",4.1987198255441,3.07616238922892,1.59723158911564,4.5296989659551
237,"node5",2.44949245550333,3.47889509760233,2.01437684488879,4.93816341010409
237,"node6",4.34533377304668,3.3517453803142,1.90731815479557,4.75693279523474
237,"node7",3.71396052815406,3.43667529656527,2.00818204817186,4.87717035342712
237,"node8",3.58561305170268,2.7971471542742,1.3376529343052,4.22634269378775
237,"node9",3.30217126694032,2.93605880445126,1.47242806906294,4.41244740056386
237,"node10",1.51031205976606,2.96726717749192,1.48674070164713,4.49610206422792
237,"node11",3.02222253952091,3.01238173307521,1.58786778495545,4.46905175950463
237,"node12",2.16860119439056,3.08324425160833,1.51128648078081,4.52904920073455
237,"node13",3.36937301618333,2.99268663976937,1.58215835153743,4.54319287670592
237,"node14",3.27783226544979,3.43588391939713,1.94463568936834,4.90263643408756
237,"node15",3.16139110353938,3.85707040897473,2.32902490571475,5.27729595564674
237,"node16",3.62414117467731,3.7409082973453,2.23129030989796,5.23930433824272
237,"node17",3.26997928266316,3.30755934285577,1.86060435996307,4.82371899303911
237,"node18",3.11644576544317,3.40844942707421,1.89669370919202,4.93342216786742
237,"node19",4.42734043979384,3.90946564256872,2.44653844944368,5.38893698861462
237,"node20",4.2042499768611,4.47411825647554,2.98079996592023,5.94220860958975
237,"node21",3.81244545442368,4.35990801186076,2.80213131054494,5.82826711531843
237,"node22",4.33692217493319,4.24841656613284,2.77099222776322,5.74286218576835
237,"node23",3.58393567434042,3.36852738685328,1.91149524991894,4.82202972554649
237,"node24",3.21268779472339,3.02191512641665,1.60110155304944,4.46079819856621
237,"node25",2.93479733892104,3.08696256778727,1.62549130474079,4.5228259361624
237,"node26",3.53058451633254,3.32559938173073,1.80044767835946,4.72270344227232
237,"node27",3.53544905906641,3.14916173047044,1.70596314630789,4.62796937834338
237,"node28",3.96869541516051,3.36648054034566,1.87210862893566,4.79550949501609
237,"node29",3.26041128785578,3.63382757040174,2.06535165770514,5.06158604020295
237,"node30",3.3248165499234,3.78721608031473,2.2965902424947,5.22926069396052
238,"node1",3.91862671755445,3.10302137868168,1.65056958794913,4.52598286076963
238,"node2",2.51767921001234,3.65303832316328,2.13679819013659,5.17574149534323
238,"node3",1.91512779650791,3.77252920030884,2.33787442917398,5.29199752849858
238,"node4",3.38632691199956,3.75037294652976,2.26458449750245,5.29657927789185
238,"node5",4.53713564498181,3.30074049093007,1.86351597016409,4.78621124539365
238,"node6",3.57821937964893,3.42885095134722,1.97585954733579,4.88132883642473
238,"node7",3.5598827985912,3.69865736142161,2.20241151091827,5.17731337781587
238,"node8",2.54553981240295,3.43306958698135,1.9766902771713,4.88164370219905
238,"node9",3.50218395948569,3.10245804155392,1.57921480286732,4.59099660215767
238,"node10",1.48625808711931,2.63163728310056,1.15520196546913,4.0787093846136
238,"node11",2.66076922087182,2.72671439566197,1.26225218043475,4.20822040475278
238,"node12",2.3321417275699,2.85408382539942,1.41039576809468,4.35397627970202
238,"node13",4.22937275702878,3.16830316657998,1.71362537659071,4.64267190582835
238,"node14",3.40978123589979,3.28465136765986,1.85836028941739,4.78509802094396
238,"node15",3.89124091108985,3.17243837548686,1.71887800968422,4.67270206320745
238,"node16",3.77733146036151,3.32979735260319,1.8193781327904,4.76776092701724
238,"node17",2.96458932460358,3.31082384814016,1.83127066698703,4.73578344984407
238,"node18",2.14754184132391,3.45232579330494,1.94872995973139,4.94046796403045
238,"node19",4.5626527886006,3.67893302447491,2.1607982739028,5.10200164934049
238,"node20",5.52806050904478,3.79612607451908,2.3702253871886,5.23295605892682
238,"node21",3.17439571106726,3.67485551679938,2.26507586222267,5.13867225751804
238,"node22",3.39491903851862,3.68590656673997,2.15954094064767,5.14263198911722
238,"node23",3.5652133694229,3.47717128927883,1.98148380740314,4.99416506555812
238,"node24",2.04097243706437,3.35969678409967,1.79694013579341,4.7774038151926
238,"node25",3.28592575037933,3.18759405483138,1.66408390300311,4.70173726871069
238,"node26",2.33975674075687,3.24882900037897,1.77210214485547,4.77906605379239
238,"node27",4.40641421514899,3.55854205065944,2.08464661542234,5.00407445103904
238,"node28",4.31744610761801,3.54277648522878,2.05213416800622,5.03863037405164
238,"node29",3.82171414017486,3.31731361847963,1.92215468234314,4.85882384923109
238,"node30",2.72129026365015,3.24474107703904,1.71460851278235,4.74925063020537
239,"node1",3.46900096991657,3.27539606755093,1.79332657097126,4.80686295516561
239,"node2",4.08429020947536,2.92990844943646,1.45102314521125,4.40055292358096
239,"node3",1.52832503338417,2.61290091670612,1.12581721683254,4.14261761875335
239,"node4",1.65658228207744,3.21466775659932,1.76654259413054,4.73570610538198
239,"node5",4.94773519741717,3.87658693271889,2.39786764277161,5.34778336039762
239,"node6",4.03637337711949,3.50409610415564,2.03769966668611,4.99900617079019
239,"node7",2.84980798574806,3.28651724657554,1.7853338203446,4.73469342710656
239,"node8",1.93522773849338,3.09066398558291,1.63080112096757,4.63437624158007
239,"node9",3.65210779332831,2.87940554365592,1.40118771049897,4.33647839217793
239,"node10",1.06581241080894,2.76321244592396,1.32287718268727,4.2533480785498
239,"node11",2.35227367264565,2.55144266079302,1.06776625207204,4.08653661274763
239,"node12",1.65845553824374,3.10185007181959,1.61491145265546,4.57056176654231
239,"node13",3.8247280376256,3.40095315420479,1.93036555064105,4.86737345229048
239,"node14",4.92068018287619,3.55996112530091,2.06464709868946,4.97995774126904
239,"node15",3.99978974068508,3.58755847410344,2.08319783097133,5.05825056036794
239,"node16",3.72593873669801,3.4404113660288,1.96277127449782,4.87866915206507
239,"node17",3.229782374143,3.06326679724525,1.59685318524264,4.48449212741865
239,"node18",4.13902107136533,3.09847536436828,1.68192207164697,4.64442920076209
239,"node19",3.45553617681388,3.78572728426267,2.3292256591051,5.2148137884753
239,"node20",3.52739890355559,4.1601636463178,2.70399564663606,5.6369738623402
239,"node21",4.23630600117575,3.62516909039549,2.18973751888384,5.08170099816465
239,"node22",3.58770930811842,3.26047853506953,1.82796573199096,4.76735368981389
239,"node23",2.65878032887316,3.17659701689466,1.67490675729459,4.65479757156158
239,"node24",2.1270283642675,2.90951422221194,1.51420403503361,4.39631860303951
239,"node25",2.28488119298202,2.94760594525871,1.53483241748735,4.39158221268351
239,"node26",2.8230444271002,3.11442201235285,1.55402471202477,4.59891360567115
239,"node27",4.34836124438204,3.65443171776238,2.171816648995,5.09939610056889
239,"node28",3.22731321659927,3.82093778008927,2.36941287761509,5.30805778159225
239,"node29",3.83333743279195,3.54333674100601,2.07796559566261,4.99898435100667
239,"node30",1.90911213392721,3.26311847420566,1.77228639059382,4.66379141394914
240,"node1",2.93912825821541,3.13658834693811,1.69532450505628,4.59019298895395
240,"node2",4.9973673786184,3.32051256044829,1.87460064321588,4.82997970347502
240,"node3",3.99172262803355,2.65919897739819,1.14867245964577,4.12753936417634
240,"node4",2.57288931592769,2.7046241046873,1.255969070941,4.21608692544063
240,"node5",4.01771429945275,3.56870809279798,2.10969080848842,5.04933345090295
240,"node6",4.18289843061842,3.73267300970656,2.27526789252049,5.22536365570553
240,"node7",3.0508889653127,2.9886198741987,1.49329173941164,4.39793119433481
240,"node8",2.68723960468107,2.89437369956252,1.45870401397597,4.40277650231186
240,"node9",2.89622698651087,2.7109271309233,1.23462617712743,4.17946804678185
240,"node10",2.51624013153737,2.5967488585493,1.13659436228453,4.03770857020865
240,"node11",0.898879829564371,2.30880855325251,0.845526154499385,3.7603233681156
240,"node12",0.93292713739158,2.76474986200018,1.30442163902337,4.25800344849612
240,"node13",3.0751731546945,3.33569980703641,1.84269691590895,4.78513111720675
240,"node14",3.79799914326273,4.04319990729546,2.52408025613121,5.46723697408262
240,"node15",4.20356168257204,3.80350633719561,2.28782626058822,5.27086774969826
240,"node16",3.42043445509202,3.48325873530851,1.98542437757289,4.97444898297225
240,"node17",3.21876559489216,3.46942512551265,1.95866101922809,4.9006547304067
240,"node18",4.9756923443971,3.69733406457,2.2283296805291,5.16244938624037
240,"node19",4.38867896329815,3.41926604381047,1.91739159139207,4.86048111321109
240,"node20",3.40976542356134,3.36170639195326,1.90614548681332,4.85001766277333
240,"node21",4.17549076552222,3.74827373631023,2.29211235258694,5.20118102708447
240,"node22",2.30137294109704,3.41446186308805,1.94146033946987,4.79081745113937
240,"node23",2.79353085899801,2.86307012348475,1.4164904992322,4.3462818194454
240,"node24",2.71782261622005,2.74280689133818,1.28452165912333,4.24420907274114
240,"node25",2.45501526892398,2.60952473515027,1.10745321829852,4.06442270225167
240,"node26",2.73564944732806,3.24453586022771,1.76366777599426,4.72541142865132
240,"node27",3.92132824640562,3.43281029517028,1.97725007197879,4.84956171712865
240,"node28",4.13026861796205,3.46690298384532,2.03196062070102,4.93321554701835
240,"node29",2.57701045886813,3.1791133185989,1.70690451185853,4.58558040186563
240,"node30",2.10105883820803,3.02054353965939,1.62404669378195,4.4696570988525
