"date","site_id","observed","forecast_mean","lower_95","upper_95","crps","interval_score_95","pit"
2024-10-19,"EB",4.59525,4.81652030777481,-1.75283942523892,11.3324560156319,0.795828555394575,13.0852954408708,0.457428571428571
2024-10-19,"IMGM",5.39895833333333,5.48427332640635,-1.18166247298511,11.9004274092426,0.78938728114962,13.0820898822277,0.513428571428571
2024-10-19,"PRES",6.41229166666667,5.27593719705232,-1.14588138851191,11.7780956254848,0.909874325481498,12.9239770139967,0.617428571428571
2024-10-19,"BIRR",6.5575,6.15030194684461,-0.317242813409194,12.6167653337386,0.785091693750649,12.9340081471478,0.550571428571429
2024-10-19,"BLC2",6.879,5.67215264142393,-0.878759224413021,11.924311493679,0.966991203460764,12.8030707180921,0.656571428571429
2024-10-19,"BOTR",7.903875,5.95330716451185,-0.495154763940282,12.4407290191835,1.24328800936848,12.9358837831238,0.724857142857143
2024-10-19,"GHSR",8.922,4.01835155490594,-2.45848953847953,10.7492558298465,3.1883445694478,13.207745368326,0.927142857142857
2024-10-19,"LEAM",4.81916666666667,4.99712360251846,-1.52622555105168,11.4325821641446,0.758992429649004,12.9588077151963,0.47
2024-10-19,"NPT3",7.3635,5.58310222824185,-0.860477614788006,12.1621155252394,1.12101976423259,13.0225931400274,0.697428571428571
2024-10-19,"REA1",5.85308333333333,4.92021780893308,-1.80814925445373,11.2669286888232,0.875860903604591,13.075077943277,0.620857142857143
2024-10-19,"SOUT",6.33054166666667,5.5409580176599,-0.852918199479937,11.7852738936813,0.852432812973191,12.6381920931613,0.592285714285714
2024-10-19,"WREX",5.33908333333333,4.8163426497146,-1.55659193174401,11.3716295528252,0.809315834462043,12.9282214845692,0.558
2024-10-19,"LEAR",4.47325,4.74447004386453,-1.85330512006158,11.3324142502621,0.771482399951892,13.1857193703237,0.466571428571429
2024-10-19,"PLYM",8.988875,7.4829879606764,0.965012174179708,13.8565569805383,1.01718903990529,12.8915448063586,0.665142857142857
2024-10-19,"SHDG",7.30645833333333,5.89807605937062,-0.503057461662953,12.4015048434738,1.03831214977354,12.9045623051368,0.668
2024-10-19,"SHE",6.90154166666667,6.422794117553,-0.052865031841664,12.9873357927249,0.794426838391344,13.0402008245666,0.541142857142857
2024-10-19,"BEL2",9.75929166666667,6.09451185222206,-0.624595935314854,12.6858617690189,2.28541882869231,13.3104577043338,0.870571428571429
2024-10-19,"GLKP",8.60645833333333,3.73082846995066,-2.78167320428326,10.005039715422,3.28019198564495,12.7867129197053,0.936571428571429
2024-10-19,"LECU",5.63204166666667,5.10237440303052,-1.15029115916268,11.5992344361999,0.811105458770934,12.7495255953626,0.569714285714286
2024-10-19,"SUN2",7.334,5.56469059607546,-1.0337400906518,11.9514888446687,1.11813675737527,12.9852289353206,0.705142857142857
2024-10-19,"TRAN",6.15083333333333,5.08477425921375,-1.11396837548957,11.5869238388782,0.904285501442867,12.7008922143677,0.611428571428571
2024-10-19,"STOK",5.43045833333333,5.76582028757465,-0.760623329042752,12.4466961245588,0.805033238916737,13.2073194536015,0.455714285714286
2024-10-19,"BEX",5.739,6.67530037017904,0.202432842649487,13.0851792408659,0.875732828051385,12.8827463982164,0.381714285714286
2024-10-19,"SEND",5.04825,6.17111388604977,-0.548350289955898,12.3664119346187,0.93403364929375,12.9147622245746,0.368857142857143
2024-10-19,"HUL2",6.60575,7.10673995280566,0.665482465168151,13.7365649380191,0.80276533542888,13.0710824728509,0.431428571428571
2024-10-19,"PEMB",8.29804166666667,4.91390837708016,-1.60365344801899,11.4586009156006,2.00903035998571,13.0622543636196,0.842571428571429
2024-10-19,"WFEN",4.16383333333333,5.06070030327382,-1.45210264344005,11.5897272063769,0.879660248572658,13.041829849817,0.386285714285714
2024-10-19,"OSY",4.5675,6.02178348780184,-0.428536802022565,12.3445060611571,1.02245869001244,12.7730428631797,0.322857142857143
2024-10-19,"ACTH",5.07070833333333,2.6902476553489,-3.58564505965051,9.06725231895157,1.38319006528935,12.6528973786021,0.754571428571429
2024-10-19,"COPP",5.82845833333333,5.34372428320257,-1.02522275163295,11.7342280295986,0.766987143341744,12.7594507812316,0.563428571428571
2024-10-20,"EB",6.81508333333333,6.02621981879892,-0.38125923767655,12.3855157171906,0.7999947361186,12.7667749548672,0.593142857142857
2024-10-20,"IMGM",6.42404166666667,6.56103753283414,0.0468492372999475,12.9568435739217,0.768334582146469,12.9099943366217,0.486
2024-10-20,"PRES",7.73504166666667,6.71617749292527,0.293517436708629,13.0808202101569,0.860312907634007,12.7873027734483,0.607428571428571
2024-10-20,"BIRR",7.80470833333333,7.34045783279784,0.812383955295659,13.7160186307124,0.797332722088316,12.9036346754167,0.558857142857143
2024-10-20,"BLC2",10.3086666666667,7.30329620114471,1.14516937891386,13.8714485275325,1.81015664374814,12.7262791486186,0.822285714285714
2024-10-20,"BOTR",7.56970833333333,7.42307328878359,1.06891579242547,14.2155843330352,0.768449765593758,13.1466685406097,0.525428571428571
2024-10-20,"GHSR",6.33654166666667,7.1553910018461,0.686080443881928,13.5574815588686,0.82684174618329,12.8714011149867,0.406571428571429
2024-10-20,"LEAM",7.55708333333333,6.07363004486055,-0.691259124350317,12.5921062290784,1.04704029312979,13.2833653534287,0.682857142857143
2024-10-20,"NPT3",10.0374166666667,7.0722876676496,0.414891982243336,13.6603150364403,1.75619592822123,13.245423054197,0.810857142857143
2024-10-20,"REA1",7.57079166666667,6.40800671924155,0.0697837288137259,12.8675837194501,0.946795291126839,12.7977999906364,0.632857142857143
2024-10-20,"SOUT",8.70775,6.74988670492459,0.158238996055598,13.2400055395093,1.24097644928162,13.0817665434537,0.732285714285714
2024-10-20,"WREX",7.40270833333333,6.06571304314214,-0.482023628768787,12.6097466646803,0.993851735993261,13.0917702934491,0.658
2024-10-20,"LEAR",7.341875,5.84933389134048,-0.81342770603935,12.2782312965387,1.04796943830729,13.091659002578,0.670571428571429
2024-10-20,"PLYM",13.4699583333333,8.23389100245078,1.73747300737331,14.9044040561738,3.59009948513401,13.1669310488005,0.941428571428571
2024-10-20,"SHDG",7.46070833333333,7.50357620129537,0.890549796183672,14.1339274164327,0.76654567960701,13.243377620249,0.493142857142857
2024-10-20,"SHE",8.190875,7.26508935686318,0.979686863803197,13.9650946982248,0.879797830103224,12.9854078344216,0.605714285714286
2024-10-20,"BEL2",7.01154166666667,8.2774689778608,2.00737985948644,14.8348820752936,0.974900798413086,12.8275022158072,0.351428571428571
2024-10-20,"GLKP",5.92479166666667,6.84214785065409,0.396790614037739,13.5796280455084,0.888980421138101,13.1828374314706,0.389714285714286
2024-10-20,"LECU",6.88875,6.46467147692252,-0.0723971507241883,12.7964406670882,0.812855646525317,12.8688378178124,0.555428571428571
2024-10-20,"SUN2",7.268125,7.0851757241876,0.658550353516844,13.3866305289943,0.756922941404942,12.7280801754774,0.519142857142857
2024-10-20,"TRAN",8.08566666666667,6.63233245120385,0.165273978543532,13.2499316363197,1.04728731156957,13.0846576577762,0.674285714285714
2024-10-20,"STOK",7.63866666666667,6.56676394881641,-0.153623449759124,13.0603623557596,0.908607372917015,13.2139858055188,0.629428571428571
2024-10-20,"BEX",7.169875,6.83946385981202,0.411796127754335,13.1841973132937,0.772131128662454,12.7724011855393,0.541428571428571
2024-10-20,"SEND",6.67158333333333,6.39425502455603,-0.136679488064328,12.9042050103068,0.792180595965212,13.0408844983711,0.524
2024-10-20,"HUL2",7.497125,7.39809074658335,0.588630183657187,13.9145383331719,0.750041356684333,13.3259081495147,0.512285714285714
2024-10-20,"PEMB",11.4229583333333,6.81243679948244,0.39239146962776,13.1154843533074,2.96044885867928,12.7230928836796,0.920571428571429
2024-10-20,"WFEN",6.950625,5.7429266303947,-0.843130207830225,12.35215885129,0.938571830499756,13.1952890591203,0.648571428571429
2024-10-20,"OSY",7.07645833333333,6.15532246164132,-0.288752989526753,12.6093128447939,0.874792609292573,12.8980658343206,0.606
2024-10-20,"ACTH",4.666875,4.74311046415544,-1.66543913722745,10.9998019353719,0.741871307198256,12.6652410725994,0.489714285714286
2024-10-20,"COPP",7.80183333333333,6.65725958702948,0.271392070284236,13.0553386496854,0.921417653285444,12.7839465794012,0.636285714285714
2024-10-21,"EB",5.89833333333333,7.26849651884525,0.794196771096037,13.7969139420277,1.02817312697442,13.0027171709317,0.342857142857143
2024-10-21,"IMGM",9.52113043478261,7.36488204048581,0.843533030173599,13.9893245364333,1.35037383906215,13.1457915062598,0.751714285714286
2024-10-21,"PRES",7.22095833333333,7.61658373308761,1.26488755024854,13.9826826343048,0.76582398742452,12.7177950840563,0.467428571428571
2024-10-21,"BIRR",12.4931666666667,8.22343555881124,1.71219902635032,14.7101827836885,2.64966956438757,12.9979837573382,0.896571428571429
2024-10-21,"BLC2",8.54166666666667,8.9773356393225,2.73702146935425,15.4418905453085,0.786320364235538,12.7048690759543,0.451428571428571
2024-10-21,"BOTR",11.6794583333333,7.7087843707605,1.55745347342941,14.4094736587123,2.44512726221128,12.8520201852829,0.882285714285714
2024-10-21,"GHSR",6.29525,6.54529129537764,0.0565046220393479,12.9690232589939,0.766199813114314,12.9125186369546,0.467142857142857
2024-10-21,"LEAM",11.4859166666667,7.51296755942453,0.933318039713038,13.8756863577998,2.4704196433365,12.9423683180868,0.886571428571429
2024-10-21,"NPT3",11.1125,8.47215690170644,2.00838395180246,14.8698344807878,1.54874706352728,12.8614505289853,0.784857142857143
2024-10-21,"REA1",10.3047083333333,7.45393747298455,1.18143224205582,13.7761758940851,1.73558011478821,12.5947436520293,0.807714285714286
2024-10-21,"SOUT",9.086125,8.05060873797384,1.79197036010649,14.7505173673942,0.889944132264155,12.9585470072877,0.619714285714286
2024-10-21,"WREX",7.048,7.2484475683713,0.642212020076315,13.4947844454349,0.762539546531491,12.8525724253586,0.486285714285714
2024-10-21,"LEAR",10.975875,7.33581900242763,0.987551217902407,13.7219217552975,2.17571946521941,12.7343705373951,0.864285714285714
2024-10-21,"PLYM",12.5807083333333,10.3301203925201,3.99878469597011,16.5426952632224,1.33886078186308,12.5439105672523,0.748571428571429
2024-10-21,"SHDG",7.51079166666667,7.96483423941279,1.60982542425987,14.3378373909553,0.80018786480368,12.7280119666955,0.425428571428571
2024-10-21,"SHE",7.89216666666667,8.1752117926839,1.74754990918736,14.5757998318674,0.774669035634484,12.8282499226801,0.451428571428571
2024-10-21,"BEL2",6.43966666666667,7.64255587803404,1.20545717745403,14.0959189331243,0.95014510981409,12.8904617556703,0.35
2024-10-21,"GLKP",6.09079166666667,6.19738897839028,-0.330437943773899,12.5033904903004,0.762909514775817,12.8338284340743,0.475714285714286
2024-10-21,"LECU",11.253,7.34439376502161,0.956202320394192,13.7978939003523,2.36939176803753,12.8416915799581,0.878285714285714
2024-10-21,"SUN2",4.90383333333333,7.46782092621152,0.923187901485522,13.9189602575871,1.51654976128277,12.9957723561016,0.228
2024-10-21,"TRAN",5.97626086956522,7.75558531946993,1.2393159733075,14.4235638688205,1.12261060188479,13.184247895513,0.304857142857143
2024-10-21,"STOK",9.32395833333333,7.81922872793762,1.48690979999605,14.2623641702217,1.02887601445476,12.7754543702257,0.656
2024-10-21,"BEX",8.946625,7.8277181193166,1.32679070110612,14.3390280865917,0.940090529323013,13.0122373854856,0.638857142857143
2024-10-21,"SEND",8.33229166666667,7.45161911028996,1.09066096808124,14.0314817195553,0.86281620456186,12.9408207514741,0.616857142857143
2024-10-21,"HUL2",11.3050833333333,8.18135365725372,1.71820030165469,14.7097284034949,1.84763418000341,12.9915281018402,0.82
2024-10-21,"PEMB",9.35829166666667,8.36414731398815,1.83774198746273,14.8269698309057,0.895373089139035,12.989227843443,0.617428571428571
2024-10-21,"WFEN",10.3271739130435,7.21450047610309,0.818803937679527,13.5775366804594,1.95450769102148,12.7587327427799,0.837142857142857
2024-10-21,"OSY",9.571625,7.54394366094724,0.977777211444259,13.9397810626822,1.25845485344589,12.962003851238,0.718285714285714
2024-10-21,"ACTH",3.405125,4.9813242979223,-1.3549235058848,11.3474550935491,1.05845219265629,12.7023785994339,0.317428571428571
2024-10-21,"COPP",7.615,7.80348941682643,1.4903300046742,14.2683015158504,0.771475687405407,12.7779715111762,0.473714285714286
2024-10-22,"EB",4.2305,7.17286426406527,0.545795209134706,13.675239550284,1.72729789707235,13.1294443411493,0.196571428571429
2024-10-22,"IMGM",7.0215,8.77276746384873,2.42967595045413,15.6828901924032,1.11769742063935,13.2532142419491,0.3
2024-10-22,"PRES",6.46329166666667,7.68269036684872,1.10990412171379,14.3853240573039,0.94624444861309,13.2754199355901,0.360285714285714
2024-10-22,"BIRR",8.561375,10.21765763495,3.49872248856644,16.787193835505,1.13231411015903,13.2884713469386,0.299714285714286
2024-10-22,"BLC2",7.02629166666667,8.5497879722871,2.42526664480678,14.9537100413517,1.05930796654386,12.5284433965449,0.321714285714286
2024-10-22,"BOTR",6.869125,9.5108401102,3.11758810478542,15.8237270460314,1.53616284845849,12.706138941246,0.219142857142857
2024-10-22,"GHSR",6.103625,6.84136587637966,0.59050313299577,13.220610050489,0.852101639163201,12.6301069174932,0.402857142857143
2024-10-22,"LEAM",5.06895833333333,9.20490087200143,2.71868777215211,15.62930975774,2.65414596301575,12.9106219855879,0.100857142857143
2024-10-22,"NPT3",6.402375,9.10794068453035,2.53643272717287,15.6016131902928,1.60431281793763,13.0651804631199,0.210285714285714
2024-10-22,"REA1",5.190625,8.71758216089492,2.16109434138034,15.0761510126464,2.18295512041524,12.915056671266,0.142
2024-10-22,"SOUT",6.91220833333333,8.43249083483572,1.92494659510186,14.9902774975863,1.06857039952322,13.0653309024844,0.307428571428571
2024-10-22,"WREX",4.05858333333333,7.36319124417883,0.855238985203785,13.5297852920094,1.97467519362879,12.6745463068056,0.160571428571429
2024-10-22,"LEAR",4.95091666666667,8.91670992955245,2.47965858363211,15.4169799139924,2.41036001409576,12.9373213303603,0.121428571428571
2024-10-22,"PLYM",8.9575,10.2129428088119,3.73216274977818,16.6518824246086,0.977616404177827,12.9197196748304,0.354285714285714
2024-10-22,"SHDG",6.273625,8.25630913223469,1.65299870928621,14.7282942633759,1.21858388990466,13.0752955540897,0.276
2024-10-22,"SHE",7.82629166666667,8.32156365907199,2.18676403291361,14.8765496362411,0.806483769206877,12.6897856033275,0.432857142857143
2024-10-22,"BEL2",6.68533333333333,7.74437632460102,1.12139312537826,14.0642993078586,0.895528689942531,12.9429061824804,0.390285714285714
2024-10-22,"GLKP",5.74983333333333,6.57159581103883,0.0157740558662126,13.059249323063,0.853194981019597,13.0434752671968,0.406857142857143
2024-10-22,"LECU",6.318875,9.2183936476899,2.76574980686577,15.5970797076954,1.74496790257847,12.8313299008296,0.192285714285714
2024-10-22,"SUN2",5.36170833333333,6.86808451658188,0.377908001744194,13.327978546274,1.04974943178056,12.9500705445298,0.339142857142857
2024-10-22,"TRAN",6.81908333333333,7.22218490158153,0.725023481508785,13.8038645853879,0.799653386343077,13.0788411038791,0.464571428571429
2024-10-22,"STOK",6.27945833333333,8.68757281865073,2.26077228879298,14.9482267086762,1.49179619410163,12.6874544198832,0.224571428571429
2024-10-22,"BEX",5.94345833333333,8.74084708157239,2.17485135650056,15.5013814396607,1.63862702177965,13.3265300831601,0.202285714285714
2024-10-22,"SEND",5.60345833333333,8.3190647662593,1.99986364398513,14.8305155139999,1.60507287856392,12.8306518700148,0.209428571428571
2024-10-22,"HUL2",7.49259090909091,9.85442609971972,3.56891894660588,16.4217841418162,1.43326549389199,12.8528651952103,0.226285714285714
2024-10-22,"PEMB",6.88583333333333,7.8306184451157,1.43333441202051,14.3735116307602,0.870189496576729,12.9401772187397,0.389428571428571
2024-10-22,"WFEN",4.63045833333333,8.70117818540612,2.29552328378498,15.1234877255256,2.61357939519612,12.8279644417406,0.105142857142857
2024-10-22,"OSY",5.83520833333333,8.70805039390153,2.20965910717494,15.1534366816395,1.71320610948916,12.9437775744646,0.193142857142857
2024-10-22,"ACTH",3.71275,4.79471899483303,-1.59230459173898,11.2726304583089,0.908202447753294,12.8649350500479,0.374857142857143
2024-10-22,"COPP",5.21629166666667,7.98168154202555,1.39710351151656,14.3789125066971,1.58250444871294,12.9818089951805,0.209428571428571
2024-10-23,"EB",3.88958333333333,5.09790044133248,-1.25091152933193,11.3996771378271,0.94268122009345,12.6505886671591,0.364
2024-10-23,"IMGM",6.032875,6.3333754545939,-0.169109465164454,12.7446227969189,0.762717288629043,12.9137322620833,0.470285714285714
2024-10-23,"PRES",5.8315,5.93920770526152,-0.358753011912314,12.6715266988347,0.788326261693645,13.0302797107471,0.487428571428571
2024-10-23,"BIRR",8.12216666666667,7.22545250088958,0.467486388345501,13.4078679345161,0.899221106959467,12.9403815461706,0.617428571428571
2024-10-23,"BLC2",6.11633333333333,6.54322703902216,0.218567534633501,12.8764963401295,0.773605370880856,12.657928805496,0.450285714285714
2024-10-23,"BOTR",7.55608333333333,6.20133826638523,-0.225775087218074,12.690237614605,0.990990779573108,12.9160127018231,0.659714285714286
2024-10-23,"GHSR",4.16358333333333,5.300914184958,-1.2101925892898,11.9100935012713,0.945013966667103,13.1202860905611,0.365142857142857
2024-10-23,"LEAM",5.28,5.30283339743264,-1.17649376823334,11.7962138410404,0.748536020960831,12.9727076092738,0.505714285714286
2024-10-23,"NPT3",6.57433333333333,5.87814131624267,-0.410024386870328,12.4101850526126,0.826781643900327,12.8202094394829,0.592571428571429
2024-10-23,"REA1",5.62216666666667,5.31487603100418,-1.05151116987863,12.0784917665998,0.807934595885474,13.1300029364784,0.523142857142857
2024-10-23,"SOUT",6.37383333333333,6.15189630447085,-0.0137350933364699,12.6360376742933,0.748784964569245,12.6497727676297,0.514857142857143
2024-10-23,"WREX",5.57036363636364,4.79081735135717,-1.64991216812752,11.1871311313593,0.830145066412464,12.8370432994868,0.582857142857143
2024-10-23,"LEAR",4.68954166666667,5.16397912955068,-1.51524991257228,11.6622637067281,0.801319316785418,13.1775136193003,0.448857142857143
2024-10-23,"PLYM",6.25095833333333,7.41330942468281,1.07454113737879,14.0518555021413,0.932954001841032,12.9773143647625,0.358857142857143
2024-10-23,"SHDG",6.625375,6.32729974335844,0.0734097594050463,12.9619550357644,0.791547746078548,12.8885452763593,0.547428571428571
2024-10-23,"SHE",9.602,6.83130284664937,0.276484848131745,13.4777165404305,1.71607730546865,13.2012316922987,0.810571428571429
2024-10-23,"BEL2",5.62504166666667,6.37334585252295,0.0262741935805758,12.6264902566385,0.836182441352313,12.6002160630579,0.414571428571429
2024-10-23,"GLKP",3.88570833333333,4.97292121057975,-1.42922994317709,11.2459078145874,0.921243910302943,12.6751377577644,0.363714285714286
2024-10-23,"LECU",5.66445833333333,5.85946723311628,-0.748987384033154,12.2391534609556,0.783960915933523,12.9881408449888,0.471142857142857
2024-10-23,"SUN2",8.17029166666667,5.60080989340295,-0.949635005997914,12.0718740763696,1.58060960927697,13.0215090823675,0.793714285714286
2024-10-23,"TRAN",6.06533333333333,6.09392058693421,-0.395186976429254,12.1798310217349,0.750227462473688,12.5750179981642,0.502857142857143
2024-10-23,"STOK",7.24982608695652,6.06616893255755,-0.333156702628337,12.4255297002914,0.901439368885854,12.7586864029197,0.624857142857143
2024-10-23,"BEX",6.83966666666667,6.13346992189485,-0.499099718079539,12.4359977971486,0.834131750272912,12.9350975152281,0.590571428571429
2024-10-23,"SEND",6.14583333333333,5.81493084488654,-0.684345547662133,12.2392901158483,0.811654464755182,12.9236356635105,0.547428571428571
2024-10-23,"HUL2",8.50933333333333,6.91876600150011,0.201669176935629,13.210353126799,1.074346628828,13.0086839498634,0.685142857142857
2024-10-23,"PEMB",4.9755,5.47372467463723,-1.39322529601876,11.9002932441431,0.808949254683871,13.2935185401619,0.452285714285714
2024-10-23,"WFEN",6.43579166666667,5.07364338488294,-1.0926439833323,11.5285200564218,0.972725184126731,12.6211640397541,0.649428571428571
2024-10-23,"OSY",5.72629166666667,5.81899130244337,-0.797997776844881,12.2924868227836,0.776490082808386,13.0904845996285,0.492285714285714
2024-10-23,"ACTH",2.63270833333333,3.45631912268346,-2.86105322168269,10.136907521352,0.874564877804862,12.9979607430346,0.397428571428571
2024-10-23,"COPP",6.01004347826087,5.62575412662886,-1.05360230583462,12.163831975077,0.79843431538625,13.2174342809116,0.558285714285714
2024-10-24,"EB",5.52766666666667,5.38580643119228,-1.15947172569243,11.9396031359218,0.779301739611045,13.0990748616142,0.529714285714286
2024-10-24,"IMGM",7.73104166666667,6.39303843394212,-0.200588442358469,12.7584701084342,0.997489098409291,12.9590585507927,0.674
2024-10-24,"PRES",6.64808333333333,6.10659957462789,-0.442400600776891,12.4722336353894,0.77870316580052,12.9146342361663,0.563428571428571
2024-10-24,"BIRR",7.638,7.50872012964476,1.28126182834801,13.8993577459226,0.762852720830266,12.6180959175746,0.520857142857143
2024-10-24,"BLC2",6.669625,6.61821687534409,0.00537677893513133,13.1183560699022,0.762945787362863,13.1129792909671,0.51
2024-10-24,"BOTR",7.34966666666667,6.9140737152711,0.484092991050442,13.2693422939385,0.802453186407695,12.7852493028881,0.559714285714286
2024-10-24,"GHSR",4.822125,4.9757786070035,-1.42980397209693,11.5490449417769,0.796557306188161,12.9788489138739,0.478857142857143
2024-10-24,"LEAM",6.58308333333333,5.86183154020786,-0.629841775831663,12.3854002201959,0.862196155561964,13.0152419960275,0.593714285714286
2024-10-24,"NPT3",7.1855,6.39871120770485,-0.00149147657799638,13.0963670568203,0.84043768505844,13.0978585333983,0.588571428571429
2024-10-24,"REA1",6.61566666666667,5.93726592105984,-0.327870154504559,12.5848391692403,0.833410924391514,12.9127093237448,0.583428571428571
2024-10-24,"SOUT",6.27554166666667,6.37376416925001,0.199986444084708,12.6960609606202,0.749720505730553,12.4960745165355,0.478
2024-10-24,"WREX",7.26145833333333,5.78351981077368,-0.812963732886586,12.1399226848144,1.03193953349854,12.952886417701,0.669428571428571
2024-10-24,"LEAR",6.27166666666667,5.54249022610382,-0.894385717735475,12.0551533004634,0.83651941385047,12.9495390181989,0.589428571428571
2024-10-24,"PLYM",9.05445454545455,6.85241172320673,0.595288182776906,13.5769978489799,1.33940195923011,12.981709666203,0.739142857142857
2024-10-24,"SHDG",8.80804166666667,6.8657305584838,0.540742588426945,13.2850308510893,1.20500040305711,12.7442882626624,0.718285714285714
2024-10-24,"SHE",9.08025,7.88074070309777,1.3004021451731,14.4280479867956,0.919976191089729,13.1276458416225,0.633142857142857
2024-10-24,"BEL2",7.5265,6.36793902063179,0.0974949313842833,12.8443127080151,0.928002346964941,12.7468177766308,0.636571428571429
2024-10-24,"GLKP",4.6395,4.67800121560701,-1.84350373202988,11.0864816824706,0.773988127242017,12.9299854145005,0.478857142857143
2024-10-24,"LECU",7.289875,6.07708576270439,-0.26866586943104,12.4207314025757,0.927234812725829,12.6893972720067,0.628571428571429
2024-10-24,"SUN2",12.3594583333333,7.02548174889371,0.523246061745413,13.4419008540071,3.56938219674723,12.9186547922617,0.943142857142857
2024-10-24,"TRAN",7.17979166666667,6.19367906349867,-0.0174191463802435,12.7248737045322,0.887592645857108,12.7422928509124,0.622571428571429
2024-10-24,"STOK",8.11716666666667,6.8591016197448,0.513103727924069,13.3149737656385,0.926857272011008,12.8018700377144,0.639428571428571
2024-10-24,"BEX",7.46458333333333,6.89835345635626,0.561344668682667,13.3311295561244,0.806845938812576,12.7697848874418,0.577428571428571
2024-10-24,"SEND",6.53708333333333,6.44490255814513,0.0827521365572199,13.2035565788856,0.792851698220855,13.1208044423284,0.518285714285714
2024-10-24,"HUL2",8.95145833333333,7.73965319888585,1.41135962868628,14.0542393039736,0.946310054977085,12.6428796752873,0.652571428571429
2024-10-24,"PEMB",6.67058333333333,5.1915995732451,-1.16916976534201,11.5991587472803,1.00884050735327,12.7683285126223,0.665428571428571
2024-10-24,"WFEN",8.458125,6.21307059444557,-0.262818833400718,12.5229449367768,1.36078523231787,12.7857637701776,0.757142857142857
2024-10-24,"OSY",8.22233333333333,6.22185947568793,-0.0375732553767124,12.8488572780421,1.22489844660907,12.8864305334188,0.72
2024-10-24,"ACTH",4.04175,3.44272731739842,-3.14531503008785,9.83628901729541,0.800134411656777,12.9816040473833,0.569142857142857
2024-10-24,"COPP",8.18704166666667,6.34420489680673,-0.305860175290562,13.0121594286285,1.17463658801627,13.3180196039191,0.712
2024-10-25,"EB",6.56158333333333,6.62809869963277,0.28369310973128,12.9573573618159,0.768466215606759,12.6736642520846,0.479428571428571
2024-10-25,"IMGM",15.9395,7.66667507666908,1.23214382616591,14.4748625323271,6.38784654833094,71.8282174130785,0.990571428571429
2024-10-25,"PRES",10.9228333333333,7.04868465176042,0.729618806678496,13.2973168620122,2.3755093980279,12.5676980553337,0.878285714285714
2024-10-25,"BIRR",13.0474583333333,7.96629644797979,1.3962313512713,14.3860954755154,3.48432535277381,12.9898641242441,0.937714285714286
2024-10-25,"BLC2",11.141875,7.4666804382688,1.05750794246833,13.8212321953162,2.23886958075518,12.7637242528478,0.867714285714286
2024-10-25,"BOTR",11.7561666666667,7.45872725466666,1.11611607507315,14.0046152404086,2.66076633857035,12.8884991653354,0.899142857142857
2024-10-25,"GHSR",13.2115833333333,5.87768233706187,-0.299996985223463,12.2905384250106,5.45273239882734,49.4323317431431,0.985714285714286
2024-10-25,"LEAM",10.6747826086957,6.97229214064154,0.68123136192806,13.3983538724063,2.28636564110241,12.7171225104783,0.866571428571429
2024-10-25,"NPT3",8.983,7.25342980497877,0.93524621200672,13.6185508780635,1.10837468992601,12.6833046660568,0.695142857142857
2024-10-25,"REA1",10.0412083333333,6.92996061765581,0.567883716353637,13.4956951363436,1.79611714592834,12.9278114199899,0.822857142857143
2024-10-25,"SOUT",8.52795833333333,6.9756626848752,0.508180017623145,13.4657893641316,1.02187229255919,12.9576093465085,0.672
2024-10-25,"WREX",12.3044166666667,7.01944943981882,0.324090429499787,13.731602942211,3.56792474588871,13.4075125127112,0.940857142857143
2024-10-25,"LEAR",10.9654166666667,6.76293897602637,0.297150547834935,13.0342924516681,2.71436254165324,12.7371419038332,0.904
2024-10-25,"PLYM",9.23941666666667,8.55957670226406,2.01390446390311,15.228302442188,0.83887473062729,13.2143979782849,0.584857142857143
2024-10-25,"SHDG",17.0165416666667,8.30002004409578,1.77358591639462,14.660324924856,6.91616591820671,107.135408680891,0.995428571428571
2024-10-25,"SHE",14.893,8.29331458419436,1.79701239477122,14.6324143387214,4.7872340557703,23.2588283950959,0.980571428571429
2024-10-25,"BEL2",14.4054583333333,7.71788190234303,0.95870467439251,14.2895941893772,4.8053276566625,17.9654552732295,0.977714285714286
2024-10-25,"GLKP",12.9363333333333,5.61412084928649,-0.76843907211456,12.1103887081836,5.56222268945888,45.9166127862846,0.987142857142857
2024-10-25,"LECU",11.26575,7.31908547567974,0.717040608080671,13.8514051037967,2.47608837586995,13.1343644957161,0.888
2024-10-25,"SUN2",15.3145833333333,9.16851585320132,2.71485841979788,15.4121805914421,4.44966759616424,12.6973221716443,0.974
2024-10-25,"TRAN",11.6342083333333,7.2478103928889,1.20724798815724,13.7750272664545,2.71557051465201,12.5677792782973,0.900285714285714
2024-10-25,"STOK",13.0276666666667,7.79750484326762,1.33130059845624,14.0303947817818,3.61731791836945,12.6990941833256,0.951714285714286
2024-10-25,"BEX",10.3499166666667,7.74800193940445,1.42713538463973,14.4084023506754,1.46154791979312,12.9812669660356,0.77
2024-10-25,"SEND",9.26591666666667,7.21296463015296,0.648958617826036,13.9056718374556,1.26005089878418,13.2567132196295,0.727714285714286
2024-10-25,"HUL2",16.1705416666667,8.51990303341851,2.11825174946014,14.826798759797,5.83227759262719,66.4582632851251,0.992571428571429
2024-10-25,"PEMB",6.104625,6.47702821242099,0.146667934916296,13.0396285132044,0.803752454485087,12.8929605782881,0.443428571428571
2024-10-25,"WFEN",9.81720833333333,7.5675738260452,1.17455550100305,14.0704227771759,1.36147671486894,12.8958672761728,0.752285714285714
2024-10-25,"OSY",8.76866666666667,7.77868951695935,1.47316903877491,14.5965386140932,0.872556319140162,13.1233695753182,0.609428571428571
2024-10-25,"ACTH",11.7747916666667,4.61055299851841,-1.99899906496142,10.9850434563941,5.37767786193242,44.5739709322607,0.985714285714286
2024-10-25,"COPP",12.1159166666667,7.77019224944691,1.47868726335102,14.1410006761062,2.72772215252199,12.6623134127552,0.905428571428571
2024-10-26,"EB",7.56983333333333,8.94662696403612,2.21348831155207,15.5783494210653,0.976685525157288,13.3648611095132,0.341714285714286
2024-10-26,"IMGM",7.97075,12.6418572644314,6.30370947853277,19.1646853083859,3.03141554373341,12.8609758298531,0.0725714285714286
2024-10-26,"PRES",6.92516666666667,10.5791666203125,4.05810088109018,16.9667003580773,2.30188555545281,12.9085994769871,0.124571428571429
2024-10-26,"BIRR",9.30529166666667,11.9353348608552,5.42188409777104,18.4576611556199,1.54359082255244,13.0357770578488,0.218285714285714
2024-10-26,"BLC2",7.37416666666667,11.0740123963642,4.65392729192789,17.6212981346812,2.21921148362479,12.9673708427533,0.143142857142857
2024-10-26,"BOTR",9.78583333333333,11.0523657648022,4.67897748812458,17.5555473244713,0.983078022463381,12.8765698363467,0.330571428571429
2024-10-26,"GHSR",7.80470833333333,10.9344968819469,4.35249813780892,17.6875701478955,1.85952849870332,13.3350720100866,0.170285714285714
2024-10-26,"LEAM",6.546875,10.4281440034975,3.98298966620235,16.9813564295567,2.42502216404993,12.9983667633544,0.116571428571429
2024-10-26,"NPT3",7.99329166666667,9.86920476268326,3.35753255886705,16.3677169635199,1.15863687732679,13.0101844046528,0.281714285714286
2024-10-26,"REA1",8.05233333333333,10.1434076537241,3.89089700058148,16.4894205908792,1.29249294712929,12.5985235902978,0.258285714285714
2024-10-26,"SOUT",7.91379166666667,9.76989738134512,3.22174167549952,16.08699855333,1.18110899035356,12.8652568778305,0.293142857142857
2024-10-26,"WREX",5.437375,10.822209007636,4.14464106892612,17.3589453265421,3.64439312017836,13.214304257616,0.0602857142857143
2024-10-26,"LEAR",6.796375,10.4378786403655,3.89375694778805,17.0326188322736,2.25859420886768,13.1388618844856,0.136
2024-10-26,"PLYM",10.75475,10.5472927394299,4.1647601426052,16.8515434822828,0.782195476491582,12.6867833396776,0.53
2024-10-26,"SHDG",7.014625,13.2684188082737,6.61258171110363,19.6907353922972,4.54037252218654,13.0781536811936,0.0317142857142857
2024-10-26,"SHE",6.60179166666667,12.4122622591332,6.09107226317984,18.8417347265014,4.12942731011748,12.7506624633216,0.0354285714285714
2024-10-26,"BEL2",8.07795833333333,12.1977558765376,5.72525797292798,18.5057453341133,2.56748332349392,12.7804873611853,0.114
2024-10-26,"GLKP",6.95845833333333,10.6352898722385,4.05775074646124,16.9877737470093,2.27345781088647,12.930023000548,0.132857142857143
2024-10-26,"LECU",8.180125,10.7275120547312,4.30681187290134,17.3320994767287,1.5357237718309,13.0252876038274,0.211142857142857
2024-10-26,"SUN2",7.18075,12.1628735616225,5.4534161814975,18.651543715872,3.20281720958889,13.1981275343745,0.0725714285714286
2024-10-26,"TRAN",6.21366666666667,10.8406620681873,4.34995320855686,17.2125904606537,2.94338030553701,12.8626372520968,0.0811428571428571
2024-10-26,"STOK",8.299,11.5627604982282,5.25256979077837,18.2329762039715,1.97180971645503,12.9804064131931,0.157714285714286
2024-10-26,"BEX",10.3381666666667,10.7665245132709,4.4290950712753,17.3671818207722,0.802847341765433,12.9380867494969,0.447714285714286
2024-10-26,"SEND",9.91054166666667,10.1767975636591,3.48277027972681,16.4474935738025,0.77596490949351,12.9647232940757,0.470571428571429
2024-10-26,"HUL2",10.75375,13.1462399565234,6.64524487079305,19.7532880652842,1.51555875012836,13.1080431944911,0.224857142857143
2024-10-26,"PEMB",6.88295833333333,8.20215247002015,1.51644916725037,14.5864101994153,0.996575431521293,13.0699610321649,0.328
2024-10-26,"WFEN",5.74095833333333,10.0011538698049,3.42290698985811,16.264510812286,2.65581208985175,12.8416038224279,0.105142857142857
2024-10-26,"OSY",6.22158333333333,9.90457423581851,3.52415997355644,16.3219349201793,2.2529330448708,12.7977749466229,0.124857142857143
2024-10-26,"ACTH",4.14504166666667,9.41369496300493,2.74680004656964,15.5436764905358,3.53419801883371,12.7968764439662,0.0582857142857143
2024-10-26,"COPP",7.64045833333333,11.1534695277588,4.8547236977043,17.4690319247967,2.15189999201711,12.6143082270924,0.139142857142857
2024-10-27,"EB",4.08041666666667,6.6252611102316,-0.00836094656786459,13.2054708086989,1.52948816827358,13.2138317552668,0.224285714285714
2024-10-27,"IMGM",4.537125,6.89467362534903,0.226504638178182,13.1213194639257,1.44097885351976,12.8948148257475,0.245428571428571
2024-10-27,"PRES",4.48216666666667,6.3580988272684,-0.207012553370134,12.4896387784943,1.13066621374888,12.6966513318644,0.294571428571429
2024-10-27,"BIRR",5.46875,7.79298288076822,1.24359313624613,14.2486012603983,1.4232844274814,13.0050081241521,0.236571428571429
2024-10-27,"BLC2",4.93416666666667,6.93535120678897,0.484497962962095,13.4215126025315,1.27417206702938,12.9370146395694,0.265714285714286
2024-10-27,"BOTR",4.87229166666667,7.58038665735249,1.26506871020948,13.886598761035,1.70745252229554,12.6215300508255,0.185428571428571
2024-10-27,"GHSR",3.99958333333333,6.13370853846538,-0.165961024262913,12.8721517363276,1.36138233234829,13.0381127605905,0.253428571428571
2024-10-27,"LEAM",5.09441666666667,6.16140281674338,-0.6644074952498,12.2753328227794,0.884828391395708,12.9397403180292,0.378
2024-10-27,"NPT3",4.54995833333333,6.79706694498268,0.440236238987209,12.9834021883122,1.39897013666254,12.5431659493249,0.239142857142857
2024-10-27,"REA1",5.403875,6.67832611436306,0.233827085718986,13.1924791205301,0.959947888564173,12.9586520348112,0.342285714285714
2024-10-27,"SOUT",7.15029166666667,6.83047892558177,0.406338696169032,13.4367000787903,0.812768467468372,13.0303613826213,0.558
2024-10-27,"WREX",4.62858333333333,5.52752592887069,-0.651012335089437,11.9058385259283,0.843302609232845,12.5568508610177,0.394571428571429
2024-10-27,"LEAR",4.54795833333333,6.1474527154362,-0.41825466734259,12.8496974395112,1.10354376322849,13.2679521068538,0.309142857142857
2024-10-27,"PLYM",7.89320833333333,8.42566701071718,2.04424750770665,14.9885699092141,0.816785409765802,12.9443224015075,0.434857142857143
2024-10-27,"SHDG",3.87583333333333,6.76813638212018,0.326031406464002,13.2291108742122,1.72957477780325,12.9030794677482,0.188
2024-10-27,"SHE",3.78933333333333,6.57925627467846,0.0811053759370358,13.1230795904878,1.59090159163702,13.0419742145508,0.207428571428571
2024-10-27,"BEL2",6.006375,7.07715846190901,0.665959647046222,13.3851525444251,0.902505038201336,12.7191928973789,0.375142857142857
2024-10-27,"GLKP",3.84529166666667,5.62429918376548,-1.16040188511,12.1552393183982,1.09112332500762,13.3156412035082,0.301428571428571
2024-10-27,"LECU",4.583375,6.84846447914449,0.364944815359834,13.2841624197557,1.33851190554191,12.9192176043958,0.250571428571429
2024-10-27,"SUN2",4.19129166666667,6.42826058138843,0.135806787453988,12.9403059808637,1.29661513205414,12.8044991934097,0.26
2024-10-27,"TRAN",4.40845833333333,6.09003087540479,-0.380321589797092,12.3992210808148,1.1185336415723,12.7795426706119,0.301428571428571
2024-10-27,"STOK",5.104125,7.06200422701643,0.559678107815486,13.5105921648258,1.230211041979,12.9509140570103,0.285142857142857
2024-10-27,"BEX",7.86954166666667,8.04136357433941,1.81382482577156,14.363455453769,0.776918081684742,12.5496306279974,0.486857142857143
2024-10-27,"SEND",6.69716666666667,7.69695833050798,1.08271051458611,14.022250320505,0.912776997832468,12.9395398059189,0.380571428571429
2024-10-27,"HUL2",4.70920833333333,8.35820197016698,1.73162572859584,14.5678679524929,2.20451802165842,12.8362422238971,0.137142857142857
2024-10-27,"PEMB",4.81341666666667,5.81807459465238,-0.714997773623269,12.5245553899153,0.898353145698633,13.2395531635386,0.386285714285714
2024-10-27,"WFEN",5.18875,5.79189305735953,-0.86672869415406,12.4239041313839,0.815682268782606,13.290632825538,0.430285714285714
2024-10-27,"OSY",5.51204166666667,6.2731318369724,-0.523789855842921,12.8182749272378,0.836891585652733,13.3420647830807,0.420285714285714
2024-10-27,"ACTH",2.53041666666667,3.79875052957058,-2.93589232064386,10.3603084118278,0.997804234124244,13.2962007324717,0.333714285714286
2024-10-27,"COPP",4.45758333333333,6.76027815330835,0.163640436775429,13.3895119182274,1.39058403045814,13.225871481452,0.242571428571429
2024-10-28,"EB",3.14066666666667,4.6048088589815,-2.14628450707951,11.1993052408046,1.05683305370898,13.3455897478841,0.316857142857143
2024-10-28,"IMGM",3.63891666666667,5.02085877957956,-1.39333813822436,11.4859712415646,1.0025182653243,12.8793093797889,0.346285714285714
2024-10-28,"PRES",3.04529166666667,4.79549281044228,-1.76347971557945,10.9101552410271,1.0932044627659,12.6736349566066,0.303428571428571
2024-10-28,"BIRR",4.26104166666667,5.71061457369421,-0.814536957092428,12.1304817258032,1.02874635545124,12.9450186828957,0.324285714285714
2024-10-28,"BLC2",4.33375,5.37062946657384,-1.15089897014938,11.8250816838015,0.938877425792767,12.9759806539508,0.362571428571429
2024-10-28,"BOTR",3.39225,5.07422686450064,-1.21055379758761,11.511830088248,1.13229656420136,12.7223838858356,0.303142857142857
2024-10-28,"GHSR",2.06966666666667,4.08633757062795,-2.31021708854251,10.583147021726,1.2726540790902,12.8933641102685,0.264
2024-10-28,"LEAM",2.87641666666667,4.96752753365671,-1.44144818653788,11.299338192838,1.27483883776917,12.7407863793759,0.258571428571429
2024-10-28,"NPT3",3.16729166666667,4.82172106895334,-1.74204749515368,10.9525236059331,1.09916613926744,12.6945711010868,0.307428571428571
2024-10-28,"REA1",3.56229166666667,5.01142816095766,-1.64989743690267,11.2256624901536,1.0392364455104,12.8755599270563,0.328571428571429
2024-10-28,"SOUT",4.043875,5.84249093116744,-1.03491323051243,12.5607962138605,1.13218935684289,13.5957094443729,0.301714285714286
2024-10-28,"WREX",1.83370833333333,4.61050650574398,-1.80986057917943,10.973081282691,1.65366906874481,12.7829418618704,0.202285714285714
2024-10-28,"LEAR",2.32120833333333,4.65932649411311,-1.65565122961217,11.0739990007936,1.41314149717519,12.7296502304058,0.234285714285714
2024-10-28,"PLYM",4.74733333333333,6.6306679941772,0.290205647702716,12.8332393555612,1.15604341208372,12.5430337078585,0.292571428571429
2024-10-28,"SHDG",1.53695833333333,5.0320606039862,-1.67178707208274,11.4037798655556,2.16885915991293,13.0755669376383,0.147714285714286
2024-10-28,"SHE",1.69908695652174,4.94005058655608,-1.59410613653438,11.1932646026814,1.89990938910512,12.7873707392158,0.164285714285714
2024-10-28,"BEL2",3.03066666666667,5.68482152212042,-0.83164508463392,12.0541025106917,1.59133659444203,12.8857475953256,0.213714285714286
2024-10-28,"GLKP",1.74345833333333,3.84124678676366,-2.70301601437406,10.3728197842141,1.29137396536494,13.0758357985882,0.258285714285714
2024-10-28,"LECU",3.17908333333333,4.84570349908334,-1.5691837902724,11.2806706124777,1.08652218962045,12.8498544027501,0.306
2024-10-28,"SUN2",2.13241666666667,4.72128453738936,-1.93285624262903,11.1131784677157,1.53816101560758,13.0460347103447,0.219714285714286
2024-10-28,"TRAN",1.89958333333333,4.78363387357149,-1.98300354409854,11.4913981658846,1.70093040881854,13.4744017099831,0.188285714285714
2024-10-28,"STOK",2.77604166666667,5.2311567281169,-1.09686859437303,11.9149133901095,1.51946687880418,13.0117819844825,0.216571428571429
2024-10-28,"BEX",3.644,6.41333260196524,0.0195197140088504,12.8547626931802,1.57858355928459,12.8352429791714,0.209428571428571
2024-10-28,"SEND",3.21745833333333,5.78385636519448,-0.56679476623619,12.2243688437375,1.53865671645361,12.7911636099737,0.216285714285714
2024-10-28,"HUL2",5.46970833333333,5.48147561180341,-1.05997855504467,11.6789618495787,0.77660100071575,12.7389404046234,0.489428571428571
2024-10-28,"PEMB",2.18158333333333,4.32677966819288,-2.24546975858393,10.7665705307812,1.34714934613876,13.0120402893651,0.250285714285714
2024-10-28,"WFEN",3.44545833333333,4.93075135234535,-1.69411565267367,11.0353221630767,1.00196691450379,12.7294378157504,0.334
2024-10-28,"OSY",3.575125,5.33225445709278,-1.16633312497058,11.487229239435,1.10480282652572,12.6535623644055,0.306285714285714
2024-10-28,"ACTH",0.650666666666667,2.5939480600039,-4.16498815360784,9.23089403377065,1.24069879712069,13.3958821873785,0.272285714285714
2024-10-28,"COPP",1.40629166666667,4.93032232880767,-1.44398607044796,11.3246963121332,2.16918057609761,12.7686823825812,0.143428571428571
2024-10-29,"EB",2.50395833333333,3.72547243377335,-2.85994243057474,10.2114154517477,0.960054554312897,13.0713578823225,0.350285714285714
2024-10-29,"IMGM",3.92295833333333,4.15612674948023,-2.33072001992224,10.7243641087051,0.791373995627353,13.0550841286273,0.478571428571429
2024-10-29,"PRES",3.41095833333333,3.7173339593696,-3.0035286857793,10.0668812736724,0.779009107134146,13.0704099594517,0.468
2024-10-29,"BIRR",6.79154166666667,4.73689574409133,-1.83611204802905,11.1387220163754,1.24611569157164,12.9748340644044,0.735714285714286
2024-10-29,"BLC2",2.80266666666667,4.60225814295277,-2.08949025732165,11.1517344641565,1.14674885234861,13.2412247214782,0.295428571428571
2024-10-29,"BOTR",4.03,4.01474724001325,-2.51157245735772,10.4720677707787,0.761578714265752,12.9836402281364,0.504571428571429
2024-10-29,"GHSR",1.86120833333333,2.84466719944674,-3.49870084865734,9.31601678839992,0.919593029446696,12.8147176370573,0.376285714285714
2024-10-29,"LEAM",6.33529166666667,3.58613488198405,-3.06805351413735,9.86153785380038,1.72886681781994,12.9295913679377,0.815714285714286
2024-10-29,"NPT3",6.25591666666667,3.77767874488099,-2.76859672008799,10.2912046799076,1.49072820764052,13.0598013999956,0.772285714285714
2024-10-29,"REA1",4.19029166666667,3.78624584308123,-2.35865918777561,10.2416989364079,0.767558457016901,12.6003581241835,0.538571428571429
2024-10-29,"SOUT",3.48491304347826,4.12235498252556,-2.08709801382651,10.4883446981904,0.81996585527459,12.5754427120169,0.429714285714286
2024-10-29,"WREX",2.549125,3.00640318933083,-3.49867851990728,9.60336214939159,0.802467127534937,13.1020406692989,0.435428571428571
2024-10-29,"LEAR",5.70070833333333,3.28586225290476,-2.7394245630794,9.7066275181557,1.39461369502876,12.4460520812351,0.750571428571429
2024-10-29,"PLYM",3.40308333333333,4.92535767144473,-1.3847874205492,11.5708352432596,1.04739366387305,12.9556226638088,0.330857142857143
2024-10-29,"SHDG",3.37260869565217,3.62955892208099,-2.99339024287613,10.0069865497485,0.778656140874208,13.0003767926246,0.468285714285714
2024-10-29,"SHE",3.97416666666667,3.62506322207988,-3.02718284381728,9.94491482016186,0.786713163114509,12.9720976639791,0.553714285714286
2024-10-29,"BEL2",5.15920833333333,4.03145677208323,-2.31837704627618,10.3174025097906,0.939307171265928,12.6357795560668,0.634285714285714
2024-10-29,"GLKP",1.15766666666667,2.52618729651501,-3.91188137209718,8.88991374539049,0.947583359000021,12.8017951174877,0.355142857142857
2024-10-29,"LECU",5.14941666666667,3.79580398838394,-3.07552671188711,10.1328273518931,0.964231816250954,13.2083540637802,0.652285714285714
2024-10-29,"SUN2",1.83670833333333,3.42040112865204,-3.25333405884465,9.87308573750271,1.06706919406448,13.1264197963474,0.316
2024-10-29,"TRAN",3.09954166666667,3.29944926871042,-3.03164789272607,10.1323743818876,0.768987571724445,13.1640222746137,0.476857142857143
2024-10-29,"STOK",5.60154166666667,3.83343935219143,-2.40492563389985,10.1280651854658,1.10726590751717,12.5329908193657,0.698
2024-10-29,"BEX",4.89004166666667,4.30259300658455,-2.20811194598717,10.868751378539,0.82249689633743,13.0768633245262,0.574857142857143
2024-10-29,"SEND",4.42808333333333,3.95982917891335,-2.55872707447885,10.7770181835234,0.814677267348856,13.3357452580023,0.563142857142857
2024-10-29,"HUL2",4.48991666666667,5.26777825955395,-1.08232577780881,11.7714840883496,0.834164603199107,12.8538098661585,0.417428571428571
2024-10-29,"PEMB",3.18295833333333,2.80075981222956,-3.85657476371255,9.26747126245,0.778359031064621,13.1240460261626,0.550285714285714
2024-10-29,"WFEN",4.432,3.71256080116251,-2.7744529925698,10.1147776048148,0.862753893934602,12.8892305973846,0.602571428571429
2024-10-29,"OSY",3.875875,4.04455175828238,-2.2830321608272,10.3238090678837,0.770758631836349,12.6068412287109,0.486285714285714
2024-10-29,"ACTH",0.49925,1.34012105673232,-5.22789525263184,7.91808176467234,0.861971468408278,13.1459770173042,0.395428571428571
2024-10-29,"COPP",4.096,3.26455547359859,-2.9906445660807,9.7877278817085,0.856591479575801,12.7783724477892,0.594857142857143
2024-10-30,"EB",8.56929166666667,4.31519407123988,-2.45193098708296,10.6769097573461,2.74161862463863,13.1288407444291,0.905714285714286
2024-10-30,"IMGM",6.367,5.08631725308108,-1.25060434215352,11.6475058809037,0.93521283074481,12.8981102230572,0.634571428571429
2024-10-30,"PRES",7.078375,4.68531785902183,-1.57425447771113,11.2305550987211,1.43556153119148,12.8048095764322,0.768
2024-10-30,"BIRR",10.6447916666667,6.50353220502198,-0.167744765573344,13.1432808426986,2.57419026506783,13.311025608272,0.891142857142857
2024-10-30,"BLC2",5.94441666666667,4.85593567076649,-1.64871427547388,11.435434182264,0.912034697720701,13.0841484577379,0.632
2024-10-30,"BOTR",7.51470833333333,5.08411832816183,-1.29461371042793,11.5741053219344,1.5264905847325,12.8687190323624,0.785142857142857
2024-10-30,"GHSR",2.19529166666667,3.60691017227437,-2.96407470066946,10.3010963368148,0.991074449907764,13.2651710374842,0.336857142857143
2024-10-30,"LEAM",9.78970833333333,5.71082465090859,-0.738908157166016,12.3713749138839,2.54342369055689,13.1102830710499,0.890285714285714
2024-10-30,"NPT3",7.17570833333333,5.75350349117283,-1.13330643425074,12.4366409280749,1.08144369854051,13.5699473623257,0.684285714285714
2024-10-30,"REA1",7.95608333333333,4.857078883821,-1.68883045586519,11.4666062847268,1.88179667833643,13.155436740592,0.817428571428571
2024-10-30,"SOUT",7.52858333333333,4.77127863147749,-1.44536365663698,11.2667822229736,1.65029361795011,12.7121458796105,0.807714285714286
2024-10-30,"WREX",4.64529166666667,4.12299321750591,-2.3851551952247,10.720485452716,0.806615548919518,13.1056406479407,0.562571428571429
2024-10-30,"LEAR",8.88966666666667,5.38127379018338,-1.1101210274136,12.0345961456552,2.19899424665302,13.1447171730688,0.861142857142857
2024-10-30,"PLYM",5.3685,5.28395921217029,-1.02404871189016,11.7415644082171,0.778987735703281,12.7656131201073,0.502285714285714
2024-10-30,"SHDG",4.42525,5.15469189768463,-1.41013887703724,11.661414980823,0.832747564492504,13.0715538578602,0.414
2024-10-30,"SHE",4.09691666666667,5.30947475787748,-1.12616139158047,12.0176521329725,0.93320932370032,13.1438135245529,0.359142857142857
2024-10-30,"BEL2",8.666625,5.67401510788241,-0.86202719034339,12.2008874494986,1.6646784887552,13.062914639842,0.805428571428571
2024-10-30,"GLKP",1.77666666666667,3.15107600007833,-3.18503886647333,9.7199888733974,0.976220561238495,12.9050277398707,0.335142857142857
2024-10-30,"LECU",7.83804166666667,5.3577096608079,-1.19793744120087,11.7540536084201,1.42107174978395,12.951991049621,0.760285714285714
2024-10-30,"SUN2",2.41858333333333,4.15213576940173,-2.15776882601156,10.7034311238354,1.13488166964021,12.861199949847,0.290571428571429
2024-10-30,"TRAN",6.15191666666667,4.59150333199186,-1.9306180738145,10.8209872461035,1.03499184480191,12.751605319918,0.671142857142857
2024-10-30,"STOK",8.0455,5.72506765710701,-0.723435873615786,12.146813517894,1.45316545450059,12.8702493915098,0.760857142857143
2024-10-30,"BEX",11.0260416666667,5.63580615536469,-0.823747720864579,12.1218165579483,3.68287242417962,12.9455642788129,0.949428571428571
2024-10-30,"SEND",9.98329166666667,5.26945768619128,-0.873955525183648,11.7935456467167,3.07515561350179,12.6675011719003,0.917428571428571
2024-10-30,"HUL2",7.02433333333333,5.70656044384692,-0.667770263955135,12.2732360032627,0.972043361786958,12.9410062672179,0.652857142857143
2024-10-30,"PEMB",3.45325,4.02098275379863,-2.54678934178831,10.3489957163841,0.832242078530028,12.8957850581725,0.424
2024-10-30,"WFEN",7.62483333333333,4.91482071486433,-1.70170779383627,11.3249968283819,1.55017585836166,13.0267046222182,0.781714285714286
2024-10-30,"OSY",11.537,4.99550705012212,-1.48567797338874,11.5416305906964,4.72091658163098,13.0273085640852,0.974285714285714
2024-10-30,"ACTH",0.8765,2.12278865992683,-4.1824991112926,8.56467573495137,0.984899716423214,12.747174846244,0.353142857142857
2024-10-30,"COPP",7.82625,5.1160342455009,-1.57134723663842,11.5486754502544,1.60560109222923,13.1200226868928,0.786571428571429
2024-10-31,"EB",11.9134166666667,7.8544307936287,1.24180960661504,14.3626794237245,2.59180556352844,13.1208698171095,0.884857142857143
2024-10-31,"IMGM",8.644875,7.27128327332102,0.629216913222843,13.4534994393352,1.00468551867128,12.8242825261124,0.668857142857143
2024-10-31,"PRES",4.85266666666667,7.32228454186223,0.57263673705071,13.8453881572573,1.41711453509639,13.2727514202066,0.229428571428571
2024-10-31,"BIRR",16.3227916666667,9.17895424788279,2.53271729537594,15.7508428512665,5.35967581410947,36.0960781719004,0.983428571428571
2024-10-31,"BLC2",3.73420833333333,7.32480856830788,0.927897638117906,13.7993166935378,2.08023791904153,12.8714190554199,0.148571428571429
2024-10-31,"BOTR",11.2874166666667,7.64959058025144,1.363380222742,14.1399958342465,2.22137690597745,12.7766156115045,0.863142857142857
2024-10-31,"GHSR",4.21308333333333,5.01724497466374,-1.48647271988156,11.630868299945,0.843476279504784,13.1173410198266,0.400857142857143
2024-10-31,"LEAM",14.3336666666667,8.22548858943482,1.68072026603049,14.8162966208715,4.29181405965512,13.135576354841,0.964857142857143
2024-10-31,"NPT3",12.283875,7.33452140589865,0.997515586467834,13.7164897225525,3.28614392597706,12.7189741360847,0.937714285714286
2024-10-31,"REA1",17.8292916666667,7.52680305611688,1.10118936233775,13.9860095547053,8.43607356335459,166.616104670823,0.999428571428571
2024-10-31,"SOUT",18.82875,7.56058717476252,0.871871932460624,13.9292911863351,9.38799742110932,209.035771800472,0.999428571428571
2024-10-31,"WREX",7.63858333333333,6.17305069894897,-0.44068524044811,12.5581292394686,1.05491332583585,12.9988144799167,0.680571428571429
2024-10-31,"LEAR",13.4404583333333,7.7987240774468,1.34805078379139,14.3199332900419,3.85553070926616,12.9718825062505,0.954571428571429
2024-10-31,"PLYM",10.3144583333333,7.31448878441871,0.777374783535825,13.7927958472047,1.7798031882564,13.0154210636689,0.816285714285714
2024-10-31,"SHDG",7.11383333333333,6.80250083872991,0.0681407532420572,13.2484471267426,0.789784141909429,13.1803063735006,0.541142857142857
2024-10-31,"SHE",6.19904166666667,6.60667949810656,0.112484183872254,12.8689817838586,0.796280721878029,12.7564975999864,0.468571428571429
2024-10-31,"BEL2",5.038375,8.22697879941908,2.00372472731872,14.64667123278,1.91323615809741,12.6429465054612,0.160285714285714
2024-10-31,"GLKP",3.89754166666667,4.67224081165154,-1.98404091243988,10.9829212803387,0.863950789514476,12.9669621927786,0.403714285714286
2024-10-31,"LECU",14.2391739130435,7.60960767000093,0.833878079151186,14.0251672240602,4.9036156689679,21.7515567042421,0.978571428571429
2024-10-31,"SUN2",3.03458333333333,5.6554785778887,-0.518370837393123,12.0056256183776,1.54256760293168,12.5239964557708,0.207428571428571
2024-10-31,"TRAN",7.09116666666667,6.98894717871017,0.67984177782124,13.5132891308505,0.785529734455304,12.8334473530292,0.510571428571429
2024-10-31,"STOK",10.0667916666667,7.8743392141362,1.38051006655126,14.2138086383792,1.32626996830515,12.8332985718279,0.740857142857143
2024-10-31,"BEX",15.2791666666667,9.17479815179506,2.55881177812805,15.7500632515148,4.42880693125019,13.1912514733867,0.965142857142857
2024-10-31,"SEND",13.3455909090909,8.59381765135659,2.02530275543964,15.0007261347458,3.15712644819989,12.9754233793062,0.929142857142857
2024-10-31,"HUL2",9.99220833333333,7.94273698454045,1.32815962764721,14.5913621941002,1.28589412737048,13.263202566453,0.744857142857143
2024-10-31,"PEMB",9.62858333333333,5.39071144325648,-1.44142029916699,12.2252046993661,2.65779153267487,13.666624998533,0.887714285714286
2024-10-31,"WFEN",12.8057391304348,7.36728606316418,0.572825065584451,13.7334468620956,3.72534960626786,13.1606217965111,0.951428571428571
2024-10-31,"OSY",12.6091666666667,9.11268032172795,2.59058390689317,15.6139674058844,2.09662977833658,13.0233834989913,0.855142857142857
2024-10-31,"ACTH",0.689833333333333,3.54831222711903,-3.15082223127291,9.87342010276206,1.69114467279221,13.024242334035,0.195714285714286
2024-10-31,"COPP",7.88333333333333,7.74366215823502,1.15271093587785,14.442260169125,0.79302928281865,13.2895492332472,0.524285714285714
2024-11-01,"EB",10.6820833333333,10.0797340718362,3.48751783146185,16.4414449010957,0.812329990826978,12.9539270696338,0.580285714285714
2024-11-01,"IMGM",8.59183333333333,9.1524571973772,2.5363842057255,15.6195231662899,0.820198022798327,13.0831389605644,0.435142857142857
2024-11-01,"PRES",7.93825,7.51813451773562,0.769076460021333,13.8952990833278,0.793934652077167,13.1262226233065,0.559714285714286
2024-11-01,"BIRR",11.6185833333333,12.2997816235347,5.75108537422348,18.852706142061,0.837290513390017,13.1016207678375,0.420571428571429
2024-11-01,"BLC2",5.04908333333333,7.53377638320485,1.12287847895128,14.0854066507812,1.44888892518192,12.9625281718299,0.228571428571429
2024-11-01,"BOTR",10.6865833333333,10.0698571334044,3.42049252818082,16.4456616530173,0.796904948982475,13.0251691248365,0.574285714285714
2024-11-01,"GHSR",4.97158333333333,6.83169080811959,0.210550187931029,13.2432719315076,1.18682606986406,13.0327217435766,0.291142857142857
2024-11-01,"LEAM",12.1642916666667,10.9318562507396,4.29257848231579,17.2361285717023,0.935000628715116,12.9435500893865,0.640571428571429
2024-11-01,"NPT3",8.96720833333333,10.2854432217444,3.5841541620208,16.767673939491,0.992999038117586,13.1835197774702,0.35
2024-11-01,"REA1",12.20125,12.2027902566812,5.91234426348396,18.8358494541113,0.770996466462921,12.9235051906274,0.494857142857143
2024-11-01,"SOUT",16.363875,12.7612296593332,6.26614945909207,19.401738427495,2.17858400178607,13.1355889684029,0.858285714285714
2024-11-01,"WREX",7.11779166666667,8.32410126095016,1.76972393846588,14.9667168068822,0.977241663288778,13.1969928684164,0.353142857142857
2024-11-01,"LEAR",11.1920416666667,10.5113479548611,3.90847829073167,17.0190074491189,0.829216724337049,13.1105291583872,0.577428571428571
2024-11-01,"PLYM",10.9552916666667,10.1906546027412,3.8543133441624,16.6434316751938,0.847587402413884,12.7891183310314,0.588857142857143
2024-11-01,"SHDG",10.8717083333333,8.85532895403966,2.57410813184676,15.1347218553548,1.2473817957959,12.560613723508,0.731142857142857
2024-11-01,"SHE",8.35391666666667,8.45532853200376,1.91400121026396,14.9357973870377,0.789085206887624,13.0217961767737,0.505142857142857
2024-11-01,"BEL2",6.849625,7.90556342519825,1.40792480712666,14.2869891428074,0.901890543945314,12.8790643356808,0.366571428571429
2024-11-01,"GLKP",2.69170833333333,6.52087122616146,0.196384821017445,12.9153320177842,2.35633713043071,12.7189471967668,0.128571428571429
2024-11-01,"LECU",13.1034166666667,11.0146308160693,4.69402836942696,17.5467197497746,1.29685245289878,12.8526913803477,0.744
2024-11-01,"SUN2",3.11820833333333,6.94721443620723,0.38232950457873,13.3686673509183,2.34985475045769,12.9863378463396,0.128285714285714
2024-11-01,"TRAN",5.71058333333333,8.36574908971297,1.84786771498856,14.9715494249568,1.58761877373892,13.1236817099682,0.212857142857143
2024-11-01,"STOK",11.6205833333333,9.66047416638182,3.22508454273892,16.2962476163855,1.22402959807017,13.0711630736466,0.723142857142857
2024-11-01,"BEX",17.32325,11.7358093162214,5.10712279512878,18.1543377715795,3.87814580414977,13.0472149764508,0.955714285714286
2024-11-01,"SEND",14.8546666666667,10.8330112334382,4.53301810624427,17.2001125217131,2.49695103633255,12.6670944154688,0.895714285714286
2024-11-01,"HUL2",8.009,10.0782232038571,3.72626468087432,16.5471793251662,1.27784363642826,12.8209146442919,0.264285714285714
2024-11-01,"PEMB",9.597125,8.74603301454862,2.0812460110162,15.5431382315938,0.842261462764203,13.4618922205776,0.582857142857143
2024-11-01,"WFEN",15.2457083333333,10.313253949976,4.12591415205303,16.7825800213971,3.19281227648168,12.6566658693441,0.931428571428571
2024-11-01,"OSY",13.62425,10.4740420938403,4.09039460631637,16.8981732147674,1.90597000566802,12.807778608451,0.835142857142857
2024-11-01,"ACTH",1.24808333333333,4.54560656083381,-1.65359081218031,10.9029206571621,1.9988675692955,12.5565114693425,0.159428571428571
2024-11-01,"COPP",7.81554166666667,8.78419134247074,2.36440410685378,15.2378212558174,0.879178024698018,12.8734171489636,0.392571428571429
2024-11-02,"EB",8.28820833333333,8.97095784103433,2.39214285089622,15.4131159217499,0.813396775179976,13.0209730708537,0.429714285714286
2024-11-02,"IMGM",7.421375,8.49509028705761,2.14738903845629,14.7488382616868,0.914657025368535,12.6014492232305,0.365714285714286
2024-11-02,"PRES",12.4007916666667,8.08653235534733,1.43076305018961,14.4695464206104,2.79848257658384,13.0387833704208,0.911428571428571
2024-11-02,"BIRR",11.9409583333333,9.87187919239101,3.34361814752729,16.3415942114618,1.27176152821561,12.9979760639346,0.732285714285714
2024-11-02,"BLC2",12.4842083333333,7.44607479068993,0.75438973337728,14.1471689661197,3.36655016763126,13.3927792327424,0.93
2024-11-02,"BOTR",19.7445416666667,9.18860802366895,2.85017016042016,15.637032506846,8.80222887718404,177.087228739252,0.999714285714286
2024-11-02,"GHSR",4.26783333333333,6.47857390642009,0.144074805091563,12.9060944305029,1.35729301844161,12.7620196254113,0.249714285714286
2024-11-02,"LEAM",7.34283333333333,9.45878632868473,2.93691316398626,16.0704116263471,1.30034634874848,13.1334984623608,0.262285714285714
2024-11-02,"NPT3",13.0071666666667,8.37949159616626,2.03759924060418,14.8828969881772,2.90156664305578,12.8452977475731,0.914857142857143
2024-11-02,"REA1",11.539,9.37382370811676,2.77437796090761,16.0885713766483,1.35480605580516,13.3141934157406,0.743714285714286
2024-11-02,"SOUT",11.814125,11.083896568299,4.38959093811378,17.5484518941021,0.872237995823609,13.1588609559883,0.594857142857143
2024-11-02,"WREX",12.4508333333333,7.4834374497676,0.854164247752619,14.0890721821526,3.26472880137483,13.2349079344,0.931142857142857
2024-11-02,"LEAR",7.06866666666667,9.00890459330921,2.71510103199551,15.3322275504224,1.21022775963884,12.6171265184269,0.28
2024-11-02,"PLYM",12.7673333333333,9.75286303054584,3.51184553853565,16.0833632116005,1.73741437278175,12.5715176730649,0.818
2024-11-02,"SHDG",14.208125,9.60378708948021,3.25747529530632,16.1573068664202,3.05000427567835,12.8998315711139,0.921714285714286
2024-11-02,"SHE",9.68166666666667,8.61825461664568,2.29401325392304,15.0878896094784,0.909293130908013,12.7938763555553,0.623714285714286
2024-11-02,"BEL2",10.0088333333333,8.02162136655957,1.45969520865475,14.3094032969662,1.30163571740177,12.8497080883115,0.743428571428571
2024-11-02,"GLKP",3.6095,5.43870589750232,-0.98781600645664,12.0673057438891,1.12753593528244,13.0551217503457,0.311428571428571
2024-11-02,"LECU",6.47204166666667,9.89835843746186,3.55005361309739,16.3287605601635,2.09922433205116,12.7787069470661,0.149142857142857
2024-11-02,"SUN2",5.20245833333333,6.36379039261783,-0.143083155623366,13.1356309779117,0.970027813003388,13.2787141335351,0.340571428571429
2024-11-02,"TRAN",17.4391666666667,7.23543664396269,0.570916573713531,13.8851487026687,8.27923199705417,155.474950688876,0.998285714285714
2024-11-02,"STOK",11.333625,9.60188937377041,3.3836650122194,15.9352135183205,1.1615593849612,12.5515485061011,0.696285714285714
2024-11-02,"BEX",9.06841666666667,11.8275130444397,5.27870939611098,18.228279292487,1.65266263449571,12.9495698963761,0.201428571428571
2024-11-02,"SEND",6.34141666666667,10.7390453804025,4.39556285771997,17.2079899603012,2.82467639230082,12.8124271025812,0.084
2024-11-02,"HUL2",5.70175,8.696227380377,2.45909367177799,15.1579505031004,1.80400156972762,12.6988568313224,0.177142857142857
2024-11-02,"PEMB",10.4687916666667,8.04196873526058,1.63289469833241,14.2328307869566,1.3785962719496,12.5999360886242,0.763142857142857
2024-11-02,"WFEN",6.3465,10.5385770914717,4.25333923540702,16.9023358634706,2.72540148518223,12.6489966280636,0.0968571428571429
2024-11-02,"OSY",5.17304166666667,10.2292350326851,3.75333551267353,16.7604096158144,3.4179197267097,13.0070741031409,0.064
2024-11-02,"ACTH",4.62370833333333,4.14925031857895,-2.41110290459355,10.725241743464,0.799866262247727,13.1363446480575,0.55
2024-11-02,"COPP",15.368625,8.15252470346308,1.78468861467237,14.7809857529271,5.35645559811846,36.5018670211712,0.985142857142857
2024-11-03,"EB",9.02725,8.21906848674234,2.00310501628102,14.6526464985888,0.825522736446825,12.6495414823078,0.579142857142857
2024-11-03,"IMGM",8.26641666666667,8.17982780285893,1.79845660911867,14.706639012198,0.770872746154151,12.9081824030794,0.512571428571429
2024-11-03,"PRES",13.467,9.81372635976683,3.09653393338536,16.2051594762162,2.25986474176523,13.1086255428308,0.870857142857143
2024-11-03,"BIRR",11.2097916666667,10.1748404787905,3.67819705642734,16.8047570484188,0.896363002868216,13.1265599919915,0.624285714285714
2024-11-03,"BLC2",15.4000416666667,10.2991809318654,3.70234530235814,16.7564485744532,3.43889643226529,13.054103272095,0.940857142857143
2024-11-03,"BOTR",16.8004166666667,12.6697048384387,6.31587253480058,19.0266227543974,2.6033838024133,12.7107502195968,0.900571428571429
2024-11-03,"GHSR",3.15941666666667,6.3247950905006,-0.280051000521534,12.7409507926882,1.82990482592761,13.0210017932098,0.180285714285714
2024-11-03,"LEAM",9.56370833333333,7.82086754908511,1.25770473673139,14.1581461580723,1.14894962069347,12.9004414213409,0.699142857142857
2024-11-03,"NPT3",13.811,10.0399990151153,3.77277763237101,16.6074025278505,2.28164322245319,12.8346248954795,0.866857142857143
2024-11-03,"REA1",14.9125416666667,9.32503737135271,2.85920953210867,15.7617645041935,3.82312690697189,12.9025549720848,0.957142857142857
2024-11-03,"SOUT",12.553125,9.55076700002716,2.93160709541545,15.8925442377589,1.7679874723392,12.9609371423435,0.810857142857143
2024-11-03,"WREX",16.7139166666667,9.58367761829246,3.21494928642918,15.9540077545709,5.29322096445999,43.1354149519747,0.983714285714286
2024-11-03,"LEAR",9.5245,7.63066960655869,1.08400222885628,14.3178468649649,1.18255294975265,13.2338446361086,0.714
2024-11-03,"PLYM",11.2490416666667,10.5326010511953,4.1112194265746,16.7682723948088,0.812752240629545,12.6570529682342,0.584
2024-11-03,"SHDG",12.5777083333333,10.9044229577259,4.4189644226148,17.2924210677479,1.04762808823386,12.8734566451331,0.682857142857143
2024-11-03,"SHE",9.97945833333333,9.1973617069632,2.76300731602343,15.9862793812428,0.825427795258272,13.2232720652194,0.589714285714286
2024-11-03,"BEL2",9.89191666666667,9.28393457267176,2.98864393904101,15.849085944235,0.782451048541742,12.860442005194,0.574
2024-11-03,"GLKP",3.01604166666667,5.91312165486051,-0.661143601840166,12.297901341781,1.72965501314984,12.9590449436211,0.195428571428571
2024-11-03,"LECU",9.47629166666667,7.57553023467974,1.26787231097732,13.9944332258305,1.17114542112864,12.7265609148531,0.703428571428571
2024-11-03,"SUN2",11.9074583333333,7.25217530997118,0.900421425875916,13.8214286086984,3.02202020379074,12.9210071828224,0.923428571428571
2024-11-03,"TRAN",14.7022916666667,11.7166924084332,5.01013829961075,18.2454250354922,1.7496334863461,13.2352867358814,0.808
2024-11-03,"STOK",12.6013333333333,9.59133279887191,2.92813553860087,16.0452682011751,1.78476882319524,13.1171326625742,0.819714285714286
2024-11-03,"BEX",14.5873333333333,8.85872343877883,2.08803968616654,15.2749526530305,4.02087468151376,13.186912966864,0.960857142857143
2024-11-03,"SEND",13.5151666666667,7.68204417121724,1.26265836263081,14.2686979259839,3.99495330773649,13.0060395633531,0.957142857142857
2024-11-03,"HUL2",8.69108333333333,7.98697534952536,1.61814856422314,14.552223363755,0.818930339297937,12.9340747995318,0.568571428571429
2024-11-03,"PEMB",9.40354166666667,8.48281980550012,1.76089941441141,14.8737302128732,0.87375689669361,13.1128307984617,0.601714285714286
2024-11-03,"WFEN",12.2680833333333,7.32555142131721,1.06734293102948,14.0069876930714,3.16554627744744,12.939644762042,0.918
2024-11-03,"OSY",9.21591666666667,7.20214652354174,0.610433801053373,13.8284265403877,1.25935517484016,13.2179927393344,0.72
2024-11-03,"ACTH",0.996458333333333,5.50930867983231,-0.704297789437649,11.8097188118219,2.96152340027246,12.5140166012596,0.0811428571428571
2024-11-03,"COPP",13.8797916666667,11.0687259677359,4.32497976446234,17.4499303977344,1.68113736061865,13.1249506332721,0.799142857142857
2024-11-04,"EB",15.368625,9.14835969054507,2.71863990333181,15.5008431635645,4.46659514898565,12.7822032602326,0.971428571428571
2024-11-04,"IMGM",16.4201666666667,9.1312142239383,2.93935140037174,15.4419102792183,5.39315299324385,51.6328143767834,0.986857142857143
2024-11-04,"PRES",22.6365833333333,10.7679879952454,4.35224351984551,17.1499822251018,10.0129306021337,232.261783034515,1
2024-11-04,"BIRR",21.716875,10.5214405208305,4.03170502663213,16.9538635313189,9.34900048712935,203.442617251933,1
2024-11-04,"BLC2",22.3831666666667,11.8968422822571,5.32278489614484,18.422321616137,8.60436427528136,171.533338741181,0.999142857142857
2024-11-04,"BOTR",23.4897083333333,12.0740265980179,5.53958867483244,18.4674607312861,9.5220917115768,213.817776138342,1
2024-11-04,"GHSR",7.81945833333333,6.54605860451918,0.0908067295092458,13.1528221017021,0.973348978872363,13.0620153721929,0.637428571428571
2024-11-04,"LEAM",21.0319166666667,9.33310510942037,2.77300591488493,15.6748312505308,9.92621564483836,227.185241981082,1
2024-11-04,"NPT3",15.4334583333333,10.9030052356451,4.68138548663715,17.2272017338612,2.95618443754498,12.545816247224,0.923428571428571
2024-11-04,"REA1",18.7372916666667,11.2058651443571,4.64666478460266,17.6193381885232,5.76209118071142,57.6908125296587,0.988285714285714
2024-11-04,"SOUT",14.4605833333333,10.5102955798098,3.77477819054584,16.9648385641049,2.46989899265597,13.190060373559,0.884571428571429
2024-11-04,"WREX",23.8837916666667,11.7098671269376,5.19626372722125,18.2104945882231,10.3090466614998,239.946113998746,1
2024-11-04,"LEAR",20.2782083333333,9.22014125274685,2.80250822252938,15.7346901520668,9.1274015965497,194.672909180199,0.999428571428571
2024-11-04,"PLYM",15.907125,10.5667407676266,4.14375648503607,17.1751406899254,3.5628162166367,13.0313842048893,0.938571428571429
2024-11-04,"SHDG",24.2915416666667,10.8756397011609,4.36912266597343,17.4375299204618,11.5174316783074,287.228877102683,1
2024-11-04,"SHE",20.8353333333333,9.91098647605694,3.44031355719063,16.5130287559149,9.04778935379258,185.96489829546,0.999714285714286
2024-11-04,"BEL2",12.3467916666667,9.81824831016495,3.48543218499042,16.3497652590008,1.52314187230604,12.8643330740104,0.779142857142857
2024-11-04,"GLKP",7.876375,6.30237444157985,0.00964447601722405,12.5521953204195,1.08704088022962,12.5425508444023,0.684285714285714
2024-11-04,"LECU",17.3330416666667,9.40333307760546,2.77734609424148,15.831065371562,6.1944944643182,73.132771081507,0.992285714285714
2024-11-04,"SUN2",14.9824166666667,10.3284561015764,3.93718802880162,16.7526427149865,3.07138594359203,12.8154546861849,0.917714285714286
2024-11-04,"TRAN",22.6367083333333,11.16030476376,4.74671727403696,17.5137682781581,9.64773044936802,217.684653211128,0.999714285714286
2024-11-04,"STOK",23.3069166666667,10.686879795679,3.87443929826829,17.0835746472304,10.7749964651837,262.142816126413,1
2024-11-04,"BEX",18.620375,11.640756777287,5.17067923608974,18.264924410361,5.1268123094862,27.3122687598319,0.980857142857143
2024-11-04,"SEND",17.3546666666667,11.0806648673654,4.43077235599411,17.4029314664552,4.5746858710472,12.9721591104611,0.974285714285714
2024-11-04,"HUL2",19.0989166666667,9.74857368757566,3.19290010912146,16.0858382114461,7.4732820935486,133.416076311147,0.998857142857143
2024-11-04,"PEMB",11.951625,8.69796513945974,2.10383194388552,15.3171281554402,1.94669104611097,13.2132962115547,0.835428571428571
2024-11-04,"WFEN",19.000625,10.2657774608143,3.85959610746693,16.9155839796199,6.83282505258545,96.4576286873582,0.995142857142857
2024-11-04,"OSY",14.5214583333333,9.44020007278973,3.12740169860239,15.9939801896354,3.37609507251066,12.866578491033,0.927714285714286
2024-11-04,"ACTH",8.0975,4.7403351247666,-1.67858146234778,11.4226990673907,2.01267221169336,13.1012805297385,0.837714285714286
2024-11-04,"COPP",22.8349166666667,11.0332147613283,4.57360298190241,17.5414463463222,9.85891583727104,224.706656178202,0.999714285714286
2024-11-05,"EB",26.1292916666667,14.6627012919004,8.22161037595212,21.1310429533099,9.59885010413602,212.839381111629,0.999714285714286
2024-11-05,"IMGM",27.3389583333333,15.3153838841115,8.82486927544264,21.6972197908479,10.1801411882319,238.541892214821,1
2024-11-05,"PRES",25.3795,17.3253253798186,10.7651244197521,23.6455460983156,6.20924731218513,82.2385777459386,0.993142857142857
2024-11-05,"BIRR",21.177375,17.5994187105668,11.1700614824949,24.1354495932115,2.16894491337754,12.9653881107166,0.864857142857143
2024-11-05,"BLC2",31.7719166666667,17.618345944361,11.182456793775,24.0974915945938,12.2528412561299,319.892037683734,1
2024-11-05,"BOTR",30.0670416666667,17.7689236829262,11.232165211893,24.1791801832158,10.4856991682723,248.461474309359,1
2024-11-05,"GHSR",24.6916666666667,11.463548248424,5.10305432690512,18.0859687300133,11.3242878036339,277.210831869243,1
2024-11-05,"LEAM",20.58775,16.7256650710999,10.1490349251596,23.2857243845826,2.37187159277298,13.1366894594231,0.874571428571429
2024-11-05,"NPT3",26.6136666666667,14.6685201027376,8.16372519774585,21.4456925839468,10.0542362041329,220.000930694997,0.999714285714286
2024-11-05,"REA1",28.5968333333333,15.7510631969889,9.38802028564086,22.2873319807474,10.9866751381364,265.279365798544,1
2024-11-05,"SOUT",24.38,14.3822860954911,7.8955514373892,20.715958589633,8.09765662799368,159.382063566926,0.999714285714286
2024-11-05,"WREX",25.5524166666667,17.4816386137112,10.9893910446334,23.9788994654683,6.15357687556673,75.9301964687726,0.992571428571429
2024-11-05,"LEAR",19.5647916666667,16.3447486447775,10.0357204453014,22.8383054687761,1.95288302412831,12.8025850234747,0.838857142857143
2024-11-05,"PLYM",19.502875,15.4892566968739,8.92113091189794,22.0250504672239,2.53604655302404,13.1039195553259,0.884857142857143
2024-11-05,"SHDG",27.338875,18.4132248980342,12.0297552997668,24.8598204634763,7.12940790802615,111.992246624659,0.997142857142857
2024-11-05,"SHE",27.1010833333333,17.1037202820218,10.9090118042351,23.651094720909,8.07781751823975,150.741627413648,0.998285714285714
2024-11-05,"BEL2",19.4645416666667,13.9050163783919,7.27723033779776,20.1630356675725,3.87499561029054,12.8858053297748,0.954571428571429
2024-11-05,"GLKP",26.883875,11.2868271552535,4.83846728956799,17.6704559894227,13.6744368379523,381.368749122948,1
2024-11-05,"LECU",26.27075,15.4471924141213,8.78192616981144,21.9636411520077,8.97660435458445,185.466068901887,0.999714285714286
2024-11-05,"SUN2",31.4890416666667,14.5491769756222,8.00339438875513,21.0736011377722,15.0250810226285,429.687827904797,1
2024-11-05,"TRAN",25.372625,17.3134959916377,10.9109828203003,23.6337010430758,6.26441162600346,82.279676499745,0.992
2024-11-05,"STOK",25.5396666666667,17.8103340097487,11.4394242716687,24.4303606856904,5.90527448896272,57.3631756530723,0.989714285714286
2024-11-05,"BEX",33.337375,16.2330019566934,9.75390747522939,22.9027809628274,15.1451085512427,430.532634974501,1
2024-11-05,"SEND",27.4057916666667,15.5779991226588,8.98582451042981,22.1841930683798,9.88087806118546,222.062312489427,1
2024-11-05,"HUL2",36.3661666666667,16.7375802614151,10.1871691730884,23.1758478397075,17.7312169286429,540.601431744988,1
2024-11-05,"PEMB",14.9715833333333,12.8325658873056,6.37662487333352,19.2499081235589,1.30924539919521,12.8732832502254,0.742
2024-11-05,"WFEN",22.9314583333333,15.8522845457461,9.11680969792762,22.2846230603654,5.31865267449424,39.041224281155,0.984285714285714
2024-11-05,"OSY",21.8455833333333,14.524500449572,8.29943923446804,20.9194283525793,5.50175196956105,49.6661883482697,0.990285714285714
2024-11-05,"ACTH",13.7589166666667,10.5973332048589,4.26233439166059,17.0114643314662,1.85176772194026,12.7491299398056,0.823428571428571
2024-11-05,"COPP",22.1433333333333,17.5469695868526,11.2416662113319,23.9716895011588,3.00733978612288,12.7300232898269,0.919714285714286
2024-11-06,"EB",15.4620416666667,21.1175175618062,14.6544496801673,27.870036064193,3.83242625968587,13.2155863840257,0.044
2024-11-06,"IMGM",19.7505,21.803338118806,15.746092251381,28.4856947478524,1.27974698100377,12.7396024964715,0.257714285714286
2024-11-06,"PRES",18.7245416666667,20.7706272425071,14.0666993001488,27.4116604979765,1.26937910240639,13.3449611978278,0.271428571428571
2024-11-06,"BIRR",16.4328333333333,19.8101232429022,13.3762784162476,26.0362507502663,2.0516448958628,12.6599723340187,0.148571428571429
2024-11-06,"BLC2",22.3664583333333,23.5559898235824,17.1073101869802,29.8650805898391,0.933404799409341,12.7577704028589,0.356571428571429
2024-11-06,"BOTR",16.83175,22.6693237642177,15.9858793813189,29.2466333278014,4.03724228620503,13.2607539464825,0.044
2024-11-06,"GHSR",12.4734583333333,20.2057131323608,13.6936636928625,26.5848243983536,5.90840115432465,61.6993750866599,0.00885714285714286
2024-11-06,"LEAM",11.697125,18.9581944856364,12.4038756589707,25.5960449860249,5.37625550252119,41.4621956858822,0.0165714285714286
2024-11-06,"NPT3",18.6204166666667,21.3449566226811,14.9088112731041,27.6190924161663,1.55842998079002,12.7102811430623,0.208571428571429
2024-11-06,"REA1",11.026,21.9074120024533,15.582245128263,28.6744862480602,9.09026461372316,195.342046250318,0.000571428571428571
2024-11-06,"SOUT",10.8737083333333,20.5877178260472,14.0731390373602,27.0193656080829,7.81803483689201,140.923454731799,0.00142857142857143
2024-11-06,"WREX",15.89825,20.557077197001,14.2521281887144,27.0524201911985,3.07027337600998,12.8002920024841,0.0791428571428571
2024-11-06,"LEAR",11.0064166666667,18.4875724869643,12.1418608358604,24.8895418138845,5.63308773324873,58.165447745774,0.0114285714285714
2024-11-06,"PLYM",12.1639583333333,19.3137622488527,12.3178668370445,25.4771404706398,5.18727756290984,19.3156137820444,0.0234285714285714
2024-11-06,"SHDG",18.468,21.9355819100662,15.5601383647397,28.2404064188008,2.13892308598046,12.6802680540611,0.141142857142857
2024-11-06,"SHE",21.575375,21.8302393284821,15.5237126939627,28.0902848544865,0.801109305138171,12.5665721605238,0.466
2024-11-06,"BEL2",9.07629166666667,19.0650107413968,12.9093569576922,25.5309232839636,8.25456513608848,165.944177967294,0.000857142857142857
2024-11-06,"GLKP",12.780125,20.817107369387,14.5003778743625,27.1660077560336,6.13990941771383,81.4757448561718,0.00742857142857143
2024-11-06,"LECU",11.9153333333333,21.2055081735261,14.748905845172,27.6826285664173,7.47121819198296,126.276623194792,0.00342857142857143
2024-11-06,"SUN2",23.6547916666667,23.1781704518126,16.7304299887998,29.5472396717024,0.782469621860564,12.8168096829026,0.539714285714286
2024-11-06,"TRAN",16.5941666666667,20.7735377677178,14.2727534162729,27.3363592756318,2.61069520325996,13.0636058593589,0.1
2024-11-06,"STOK",24.0715,21.0451125378968,14.4669071393812,27.4068638527719,1.82774112862321,12.9399567133907,0.82
2024-11-06,"BEX",28.7540416666667,24.1856621295125,17.708683188971,30.5982842708948,2.97623796288576,12.8896010819238,0.919142857142857
2024-11-06,"SEND",16.2912916666667,21.8051046623663,15.3264740455079,28.3741297009307,3.72922517126548,13.0476556554228,0.0488571428571429
2024-11-06,"HUL2",30.1299166666667,25.545413954163,19.0803701759068,32.1774721194332,2.86577057350929,13.0971019435263,0.907428571428571
2024-11-06,"PEMB",14.1108333333333,16.4734035063094,10.1425369883651,22.8607807382161,1.38767373046448,12.718243749851,0.237714285714286
2024-11-06,"WFEN",15.4825833333333,19.7717968396758,13.3774538365046,26.2309936277157,2.82322143602627,12.853539791211,0.0931428571428571
2024-11-06,"OSY",20.96025,19.720934826701,13.0538956780916,26.0381381303698,0.952175537012981,12.9842424522782,0.648
2024-11-06,"ACTH",5.44516666666667,15.1526937991203,8.75749390552355,21.713514684194,7.88279026171622,145.449110332945,0.00114285714285714
2024-11-06,"COPP",19.3779583333333,19.7231196706576,13.4213938435502,26.2044267910169,0.782446499866354,12.7830329474666,0.449714285714286
2024-11-07,"EB",13.7314583333333,11.6013054353073,5.1873679920514,18.2779333738292,1.3095606479611,13.0905653817778,0.738571428571429
2024-11-07,"IMGM",14.9430833333333,13.4253115934663,6.68502531420127,20.0078361083323,1.03535436012049,13.322810794131,0.675142857142857
2024-11-07,"PRES",9.63445833333333,12.8531050474935,6.67305254348384,19.4576747701395,1.98735720899696,12.7846222266557,0.150857142857143
2024-11-07,"BIRR",14.774,12.6462931126361,6.15114801851313,19.2345608257844,1.24927262589773,13.0834128072713,0.732571428571429
2024-11-07,"BLC2",10.5219583333333,14.5264053000021,8.08841028371989,20.997920557976,2.53615324529584,12.9095102742562,0.107714285714286
2024-11-07,"BOTR",15.2162916666667,12.2605958274849,5.57289913294284,18.7746881413929,1.74074742594275,13.2017890084501,0.814
2024-11-07,"GHSR",5.93854166666667,10.0292543093418,3.60446328093974,16.4773205108496,2.5809381701431,12.8728572299098,0.111142857142857
2024-11-07,"LEAM",14.6267083333333,10.2572902433212,3.92534324090566,16.6314639297417,2.84705068121822,12.7061206888361,0.914
2024-11-07,"NPT3",12.7240833333333,12.8133242329854,6.37158864978977,19.4255330018614,0.778301525822024,13.0539443520716,0.486
2024-11-07,"REA1",16.0997083333333,9.84671279738283,3.38318155213349,16.2965692604642,4.46662410103468,12.9133877083307,0.970285714285714
2024-11-07,"SOUT",17.1738333333333,10.0317111710509,3.56132395890628,16.4673971137219,5.34198062604714,41.1635219392704,0.983142857142857
2024-11-07,"WREX",8.74808333333333,11.5437039054111,5.16796833368466,18.1509682370553,1.69759613541808,12.9829999033707,0.194285714285714
2024-11-07,"LEAR",14.4320833333333,9.91351412528721,3.52184897540376,16.3322113149376,2.88032026505118,12.8103623395339,0.910571428571429
2024-11-07,"PLYM",17.6425416666667,11.1309298444303,4.41304876834865,17.6626444987824,4.68119636522318,13.2495957304337,0.974857142857143
2024-11-07,"SHDG",13.1594583333333,13.192997923419,6.83773101626855,19.7343229876529,0.748396521562946,12.8965919713844,0.508857142857143
2024-11-07,"SHE",12.26125,14.2815637378836,7.79363877578045,20.6392032827853,1.23532998245286,12.8455645070049,0.271428571428571
2024-11-07,"BEL2",9.940125,9.70326209800595,3.24638117312671,16.199775660497,0.77501406849091,12.9533944873703,0.516571428571429
2024-11-07,"GLKP",5.52966666666667,9.91226763819092,3.56963456311688,16.4042398622336,2.85513677587228,12.8346052991167,0.088
2024-11-07,"LECU",13.502375,10.3487561238685,3.7437542177292,16.8910155852268,1.90238522366452,13.1472613674976,0.831714285714286
2024-11-07,"SUN2",15.98575,14.6306885382908,8.14696933419786,20.9346345416758,1.01168330486863,12.787665207478,0.662571428571429
2024-11-07,"TRAN",10.407,12.0695555432249,5.34336198059199,18.4771572882581,1.09841063950881,13.1337953076661,0.311428571428571
2024-11-07,"STOK",12.9500833333333,15.0559708573037,8.78449192976613,21.5513425226198,1.31559548163434,12.7668505928537,0.258
2024-11-07,"BEX",20.3864285714286,16.8674542883546,10.4419296295056,23.1535811821793,2.14714131475587,12.7116515526737,0.860857142857143
2024-11-07,"SEND",23.6685833333333,12.1331850228899,5.83143090732781,18.8192872366129,9.64151624741211,206.959700198102,1
2024-11-07,"HUL2",15.3213333333333,17.5791680251781,11.1933577194066,24.0280493902275,1.38539478618012,12.8346916708208,0.25
2024-11-07,"PEMB",15.5425,10.6982062420378,4.29987003676335,17.1566502469093,3.17699504373944,12.8567802101459,0.932857142857143
2024-11-07,"WFEN",21.7415,11.5435330173647,5.34522069646236,18.0435641230977,8.32319243177332,160.615778502727,0.999428571428571
2024-11-07,"OSY",21.2687916666667,13.8762325310157,7.43952002256654,20.5205668601568,5.50441695779018,43.0100390979865,0.986571428571429
2024-11-07,"ACTH",4.61579166666667,6.57978982549154,0.238282200560243,12.8643844108665,1.19310865087947,12.6261022103062,0.278285714285714
2024-11-07,"COPP",12.4872083333333,13.2945199345444,6.66524107343364,19.7278001393655,0.83765887548724,13.0625590659318,0.405714285714286
2024-11-08,"EB",15.2437083333333,11.0311642744007,4.57289821377165,17.506035309758,2.65439865804187,12.9331370959864,0.896
2024-11-08,"IMGM",19.3504583333333,11.6722874365405,5.19699979717156,18.2060238467671,5.84431891339169,58.786403512242,0.990285714285714
2024-11-08,"PRES",23.6959583333333,9.5006536547976,3.14832929600828,16.1265113197281,12.3797640406596,315.756062567929,1
2024-11-08,"BIRR",24.8979166666667,12.0196168591342,5.3242509522299,18.2351005036608,11.0751969648825,279.423496071667,1
2024-11-08,"BLC2",23.3638333333333,10.1922970188973,3.76855128663867,16.6402554431954,11.3794124091713,281.814819762072,1
2024-11-08,"BOTR",25.4373333333333,11.7691343506299,5.13010472159048,18.243622076067,11.8735603027813,300.861967645129,1
2024-11-08,"GHSR",11.571375,7.70132090523091,1.14490271780408,14.1590795813914,2.41381312386857,13.0141768635873,0.878285714285714
2024-11-08,"LEAM",23.25775,11.3883743322389,5.00004210836505,17.9156441324613,9.98601651749702,226.599836725645,0.999714285714286
2024-11-08,"NPT3",17.9432916666667,10.6626385678883,4.2347674370312,16.9958445031251,5.45373520067646,50.658963607759,0.987142857142857
2024-11-08,"REA1",24.7927083333333,11.8938017905011,5.55332889192722,18.3138684421166,11.0426894080651,271.914135198857,1
2024-11-08,"SOUT",18.7402916666667,12.4760362898288,5.79229666701602,18.9767566073335,4.47858020053247,13.1844599403175,0.971428571428571
2024-11-08,"WREX",23.6213333333333,8.95189738420224,2.23660352542989,15.4779197922143,12.8741547826224,338.977857911543,1
2024-11-08,"LEAR",22.996375,11.2236883442537,4.61629609901393,17.707608643367,9.94238768560861,224.641966809674,1
2024-11-08,"PLYM",12.1050416666667,13.1844054663735,6.89283819486979,19.701208489073,0.926096840710288,12.8083702942032,0.372
2024-11-08,"SHDG",25.3577916666667,11.2723496015249,5.11661575600903,17.8510759444891,12.2241704080467,313.003089075583,1
2024-11-08,"SHE",22.5935,10.8302793904946,4.21095518928921,17.103237888283,10.0128646911197,232.502767167674,0.999428571428571
2024-11-08,"BEL2",16.99,10.0901946709702,3.6431931204305,16.540041202974,5.18205314559114,30.8951999635853,0.982571428571429
2024-11-08,"GLKP",11.3552083333333,7.34575222609722,1.09892555426046,13.6047465825789,2.45688616760709,12.5058210283184,0.882
2024-11-08,"LECU",22.2957083333333,11.0592399580121,4.67676361638806,17.3810509424134,9.32070144751941,209.290582962822,1
2024-11-08,"SUN2",28.7922916666667,11.8211489334061,5.49771791060828,18.1658415395492,15.1407487472266,437.726128713643,1
2024-11-08,"TRAN",23.3855,9.8221619291305,3.37682250184096,16.3433982353694,11.6170594992874,294.650646318753,1
2024-11-08,"STOK",25.7744583333333,10.8783154991422,4.2273123545376,17.2196045357493,13.0502198917416,355.186444084571,1
2024-11-08,"BEX",23.0268333333333,13.7535400347325,7.32179167042559,20.3087675050883,7.45113656355845,121.709608964462,0.996285714285714
2024-11-08,"SEND",18.114375,14.9429363406762,8.52094074570009,21.2827417506914,1.90533976163393,12.7618010049913,0.827142857142857
2024-11-08,"HUL2",22.4342083333333,12.1026712913152,5.65257033548077,18.4512683010249,8.43212014237024,172.11629925788,0.999428571428571
2024-11-08,"PEMB",10.9611666666667,11.1617711621784,4.79758395158521,17.706154421291,0.752978354398811,12.9085704697058,0.470285714285714
2024-11-08,"WFEN",21.5685,13.8875922141489,7.43228628660835,20.2921802469026,5.82114135188765,63.9126840841922,0.993428571428571
2024-11-08,"OSY",19.5227142857143,13.9241295925679,7.54628685946236,20.409827605498,3.82695642476578,12.8635407460356,0.954285714285714
2024-11-08,"ACTH",12.7997916666667,6.31043608515137,-0.0982243862326149,12.7749201045463,4.78710017663871,13.8680069755931,0.975428571428571
2024-11-08,"COPP",25.5023333333333,10.7021344932545,4.39573871813007,17.06313846648,12.9410195296081,350.235194422483,1
2024-11-09,"EB",15.24075,15.4850769801407,9.00667666479889,21.8732873520171,0.774667982540462,12.8666106872182,0.476571428571429
2024-11-09,"IMGM",18.7058333333333,17.2417497049904,10.7443101156708,23.6255144180145,1.04769570458757,12.8812043023437,0.679714285714286
2024-11-09,"PRES",27.0332916666667,18.7061643295283,12.2144375159791,25.2309499026121,6.45830511746856,85.1101829488176,0.992857142857143
2024-11-09,"BIRR",29.5559583333333,19.6623402521602,13.3892146653763,26.2136092181573,8.011042480347,146.518359159819,0.998857142857143
2024-11-09,"BLC2",30.9297916666667,18.9847026165739,12.3692152291022,25.7062420439441,10.0408455228396,222.279011723745,0.999428571428571
2024-11-09,"BOTR",29.036125,19.4472248079026,13.0631897511992,25.9877276680743,7.70988401690984,134.860431193903,0.999142857142857
2024-11-09,"GHSR",17.3723333333333,13.7489424773564,7.17434179529884,20.2043689116817,2.28341018424994,13.0300271163829,0.870285714285714
2024-11-09,"LEAM",25.139625,18.4137390748048,12.0547728582303,24.8372033206874,4.86450563259748,24.8792976349599,0.978285714285714
2024-11-09,"NPT3",34.0322083333333,16.5480896737296,10.466768322169,22.6768872479928,15.6258924505819,466.422962339445,1
2024-11-09,"REA1",23.754,18.9120283790722,12.2906451947314,25.1455602122144,3.18112073855822,12.8549150174829,0.934857142857143
2024-11-09,"SOUT",22.082375,16.8373353624729,10.0923585424961,23.0687016132175,3.57577418792887,12.9763430707214,0.951428571428571
2024-11-09,"WREX",32.616125,18.430863231828,11.9230330218239,24.7775026408701,12.3941223500949,326.399363984241,1
2024-11-09,"LEAR",23.7864166666667,18.2173670482225,11.9478604691558,24.6588416981628,3.72495936303196,12.710981229007,0.953142857142857
2024-11-09,"PLYM",19.6796666666667,14.9258804813923,8.57956059457771,21.3550063933639,3.02729055989928,12.7754457987862,0.921142857142857
2024-11-09,"SHDG",21.81325,19.7346658340245,13.3703088645229,26.5685690051971,1.2018019581901,13.1982601406742,0.726571428571429
2024-11-09,"SHE",22.0332916666667,18.6575954430366,12.0181155362706,24.8613046214879,2.07559777079817,12.8431890852173,0.854571428571429
2024-11-09,"BEL2",31.5784583333333,16.5588730709325,10.2927429877083,22.8923064567273,13.2268795347919,360.045638533259,1
2024-11-09,"GLKP",16.7836666666667,13.4747952248411,7.01771253000342,20.0970282682361,1.94700283493721,13.0793157382327,0.828857142857143
2024-11-09,"LECU",23.5977916666667,18.1635581164241,11.8551842458538,24.7421588043141,3.66694361841591,12.8869745584603,0.946857142857143
2024-11-09,"SUN2",8.870875,20.5418737586703,13.8155982199124,27.029401289586,9.75549437290744,211.00273186617,0
2024-11-09,"TRAN",34.047,18.5857864930576,11.9228263043399,25.2769490729329,13.6341591690099,364.156159851277,1
2024-11-09,"STOK",32.3615416666667,19.6540921501636,13.2135223400474,26.3644081578326,10.7743548199694,253.036226171149,1
2024-11-09,"BEX",25.4089166666667,18.7184642668173,12.0451435232892,25.2663472809175,4.90215485258325,18.9239791875957,0.976285714285714
2024-11-09,"SEND",23.419875,16.651578420535,10.0113955959813,23.242599293855,5.0007709292199,20.3222319436734,0.976857142857143
2024-11-09,"HUL2",12.553125,18.8146120779459,12.6566988956849,25.3431413696011,4.60299950000243,16.8293983013139,0.0237142857142857
2024-11-09,"PEMB",22.29375,13.3142058355334,6.86002164087963,19.9641890148057,7.01464120896466,106.286606781697,0.996571428571429
2024-11-09,"WFEN",24.3780416666667,17.6051628332855,11.1744847504762,24.0275465401941,5.01041007329744,26.8728668486226,0.980285714285714
2024-11-09,"OSY",20.3322916666667,17.1425220831281,10.6352345573114,23.7069686338734,1.84736158485704,13.071734076562,0.827142857142857
2024-11-09,"ACTH",10.5179166666667,13.2229621203901,6.87639333669067,19.8670423750368,1.6225586653497,12.9906490383461,0.205428571428571
2024-11-09,"COPP",35.794125,19.4891983904371,13.0155122159534,26.088278795818,14.4412236879124,401.306614747146,1
2024-11-10,"EB",15.398,15.9815754935483,9.50542151825645,22.4078808154961,0.831015016174841,12.9024592972396,0.431714285714286
2024-11-10,"IMGM",23.997875,17.459944192878,10.8259934439169,23.9383330894988,4.67074815763602,15.4940160656314,0.975714285714286
2024-11-10,"PRES",19.8682916666667,20.2638284518644,13.69360864987,26.6768804153093,0.781835422592794,12.9832717654394,0.468285714285714
2024-11-10,"BIRR",18.2155416666667,21.7644584002364,15.2349712626858,28.2674639727386,2.11369083475887,13.0324927100528,0.148857142857143
2024-11-10,"BLC2",20.6525833333333,22.1257917032338,15.7079394114885,28.3885320359225,0.997201999771098,12.680592624434,0.338285714285714
2024-11-10,"BOTR",20.9709583333333,21.1556269142015,14.897790385688,27.7795638271465,0.772225076827562,12.8817734414585,0.479142857142857
2024-11-10,"GHSR",12.4430833333333,16.3374265730084,10.1189403792631,22.6715131433833,2.42434534626932,12.5525727641202,0.114285714285714
2024-11-10,"LEAM",18.8100833333333,19.5084960817446,12.8886746396118,25.9282662459378,0.827296548975556,13.039591606326,0.427428571428571
2024-11-10,"NPT3",25.4452916666667,22.9531049657985,16.5742972801094,29.3835492002935,1.48581992029586,12.8092519201841,0.773714285714286
2024-11-10,"REA1",19.7151666666667,18.9241128142641,12.6359298800106,25.3066368488297,0.846008456098513,12.6707069688191,0.597142857142857
2024-11-10,"SOUT",14.247375,18.5720984490846,12.1240695570292,25.027586954796,2.78306271900118,12.9035173977667,0.0902857142857143
2024-11-10,"WREX",12.4254166666667,22.0726957753116,15.820734475574,28.49409917693,7.83204658426205,148.486077057646,0.00142857142857143
2024-11-10,"LEAR",18.1318333333333,18.908638547531,12.2584261330678,25.2266562090637,0.822831968004666,12.9682300759959,0.414
2024-11-10,"PLYM",12.3496666666667,18.3280925461048,11.8196845007662,24.9073430143449,4.20955419478599,13.0876585135788,0.0374285714285714
2024-11-10,"SHDG",18.3650416666667,18.7693838561043,12.1790715072271,25.3621643959999,0.801730962169862,13.1830928887728,0.45
2024-11-10,"SHE",20.1101666666667,18.8239162500826,12.0963954985124,25.3756206694883,0.967289126284048,13.2792251709759,0.642
2024-11-10,"BEL2",11.7797916666667,22.3824195547223,16.1153975823707,29.1347507628676,8.77033244427993,186.443589808656,0.00142857142857143
2024-11-10,"GLKP",11.8790416666667,15.9225986656357,9.01997063308435,22.2403143869732,2.52284617366621,13.2203437538889,0.123142857142857
2024-11-10,"LECU",20.751875,19.0412791111667,12.5886102403441,25.4333413265858,1.10916290703978,12.8447310862417,0.700571428571429
2024-11-10,"SUN2",8.608625,13.5019555777676,7.03527986165343,20.127576298829,3.23448942372426,13.0922964371756,0.068
2024-11-10,"TRAN",19.1057916666667,22.8715671938649,16.458688210275,29.5724999484402,2.30953542219671,13.1138117381652,0.138
2024-11-10,"STOK",22.4058333333333,22.432845121156,16.0547343161898,28.9374357171208,0.790086143945659,12.882701400931,0.491714285714286
2024-11-10,"BEX",21.33275,20.0825666890191,13.4334340204657,26.6576266573598,0.975142794933195,13.2241926368941,0.644857142857143
2024-11-10,"SEND",22.712375,19.213526239787,12.8104027686069,25.9522925712936,2.1250401971239,13.1418898026867,0.853428571428571
2024-11-10,"HUL2",27.8952083333333,15.5735965710871,9.18640886762346,22.2153420960686,10.4280406185245,240.223582719035,1
2024-11-10,"PEMB",8.47491666666667,18.0949725647573,11.6339213085484,24.2442753999262,7.71974457607946,138.970539766647,0.00171428571428571
2024-11-10,"WFEN",21.2245416666667,19.167078358401,12.6091802845094,25.7464028485639,1.28437244006708,13.1372225640545,0.728857142857143
2024-11-10,"OSY",21.2598333333333,17.9857123530111,11.6108064753182,24.3704763050556,1.99223010415895,12.7596698297374,0.837428571428571
2024-11-10,"ACTH",6.67266666666667,12.781712168029,6.39099082960946,19.1254712502227,4.33899289785579,12.7344804206132,0.034
2024-11-10,"COPP",18.8041666666667,23.6375227630543,17.5992160849672,30.3443016446236,3.15503197435183,12.7450855596564,0.0645714285714286
2024-11-11,"EB",8.797125,12.4799119074771,5.97660108875429,18.9951724286144,2.26380928457452,13.0185713398601,0.131714285714286
2024-11-11,"IMGM",6.53408333333333,15.8692452857207,9.32873742261639,22.5438855266253,7.42064770718714,125.001311675331,0.00228571428571429
2024-11-11,"PRES",10.6270416666667,14.0030822709815,7.51252191330539,20.4912787024175,2.07937128081431,12.9787567891121,0.145428571428571
2024-11-11,"BIRR",10.5995416666667,13.9385774939286,7.46096724568377,20.1155804992615,1.96154838269886,12.6546132535777,0.157714285714286
2024-11-11,"BLC2",9.193125,14.6529240959277,7.83648978712574,21.2009359277546,3.70611141462603,13.3644461406289,0.0525714285714286
2024-11-11,"BOTR",9.02133333333333,14.5577841513034,8.08135009944177,20.9431978301976,3.83978477117668,12.8618477307558,0.0454285714285714
2024-11-11,"GHSR",9.50679166666667,10.8702454013561,4.41826967506578,17.4311543609773,0.994780438379654,13.0128846859116,0.338857142857143
2024-11-11,"LEAM",9.02625,13.5776331723041,6.89628470488165,19.7701711563023,2.9018432316945,12.8738864514207,0.0842857142857143
2024-11-11,"NPT3",9.37116666666667,15.9867320587823,9.38023149085423,22.4628450494446,4.82236368385224,13.4452065260926,0.0248571428571429
2024-11-11,"REA1",8.68525,13.8827269756973,7.61131403509319,20.3240392009675,3.5042514160665,12.7127251658743,0.0508571428571429
2024-11-11,"SOUT",7.34379166666667,12.0631132401229,5.43661754230451,18.5350443537449,3.18807360130725,13.0984268114404,0.074
2024-11-11,"WREX",8.388375,10.9077526386822,4.20274112908627,17.4428798726016,1.49545085929257,13.2401387435154,0.232571428571429
2024-11-11,"LEAR",8.49654166666667,13.2431060109885,6.83390972774379,20.000191865759,3.10264292111999,13.1662821380152,0.0757142857142857
2024-11-11,"PLYM",10.5209583333333,11.9467685228249,5.49926351786226,18.5934783143924,1.01245923676019,13.0942147965302,0.336285714285714
2024-11-11,"SHDG",9.24245833333333,13.9819330521595,7.45271923057903,20.340637054989,3.02491822600492,12.88791782441,0.0811428571428571
2024-11-11,"SHE",7.50304166666667,14.5594879250983,8.04135232719614,21.2688967599873,5.25835833958512,34.7599708539698,0.016
2024-11-11,"BEL2",12.9354166666667,11.2841968016789,4.81064851936586,17.9480001541407,1.10765743212174,13.1373516347748,0.686857142857143
2024-11-11,"GLKP",9.1825,10.4697659462376,3.98917331607984,17.050830836101,0.984117726875969,13.0616575200211,0.335714285714286
2024-11-11,"LECU",9.45366666666667,14.4089096962045,7.99794072922754,21.0020034613582,3.25423153937478,13.0040627321306,0.0711428571428571
2024-11-11,"SUN2",7.27308333333333,10.1244167813657,3.54167925289159,16.5878638322664,1.7131962879251,13.0461845793748,0.189428571428571
2024-11-11,"TRAN",9.88504166666667,13.6276846506819,7.26715255848257,20.1659173618434,2.33826056564876,12.8987648033609,0.12
2024-11-11,"STOK",11.419,15.0927994996311,8.63385312065075,21.6212692308819,2.26806692075584,12.9874161102312,0.134
2024-11-11,"BEX",9.16675,14.9793492977892,8.73433660224449,21.4310839322382,4.16849839136042,12.6967473299937,0.0357142857142857
2024-11-11,"SEND",8.25870833333333,15.3170614530222,8.89832624360841,21.8761760971143,5.28525257041735,38.562566264509,0.0131428571428571
2024-11-11,"HUL2",7.70541666666667,17.8351114032834,11.3227879487318,24.2193314050993,8.23952258118919,157.591394738972,0.000571428571428571
2024-11-11,"PEMB",6.39445833333333,9.25740791598368,2.77051580790728,15.5117743406461,1.6420533303038,12.7412585327388,0.199428571428571
2024-11-11,"WFEN",7.96983333333333,14.3996243151561,8.08227144819227,20.754350029591,4.70323918660873,17.1696031757563,0.022
2024-11-11,"OSY",8.16529166666667,14.7579677339586,8.40419094998125,21.1713723457494,4.86723997386143,22.3231527283513,0.0217142857142857
2024-11-11,"ACTH",5.86770833333333,7.82947588041802,1.41132858623729,14.3281135285494,1.20464043691289,12.9167849423121,0.268571428571429
2024-11-11,"COPP",10.425625,13.6399578659717,7.19493282509069,19.8861270585114,1.88861444960325,12.6911942334207,0.169714285714286
2024-11-12,"EB",4.79175,6.54935595284291,0.0451021929415639,12.9143224899198,1.10193254359587,12.8692202969783,0.301714285714286
2024-11-12,"IMGM",10.6800833333333,5.84293896336385,-0.71179391825251,11.8332260459301,3.34538024142862,12.5450199641827,0.943714285714286
2024-11-12,"PRES",13.447375,7.19726533424574,0.79680583353638,13.5842489395358,4.47871599770206,12.7874431059994,0.972285714285714
2024-11-12,"BIRR",10.4540833333333,7.79335625450313,1.50923839162491,14.4582256685526,1.55098265694818,12.9489872769276,0.776
2024-11-12,"BLC2",10.1709166666667,7.06914109191302,0.601344120351689,13.5888821107523,1.8920323595466,12.9875379904006,0.834
2024-11-12,"BOTR",8.86408333333333,6.76139923378817,0.237232574117436,13.3094681440091,1.30457901815622,13.0722355698916,0.735142857142857
2024-11-12,"GHSR",10.3361666666667,6.36845250547792,-0.100252154330981,13.0178958232846,2.3980735522245,13.1181479776156,0.882
2024-11-12,"LEAM",8.22533333333333,6.55911606748015,0.345438232711,13.0207568846205,1.10081791823476,12.6753186519095,0.688285714285714
2024-11-12,"NPT3",7.97070833333333,6.66992699991724,0.204317939007586,13.3333577405017,0.98183740871366,13.1290398014941,0.644
2024-11-12,"REA1",6.686375,6.37050758269315,0.0176434064265852,12.7281843949458,0.78445022796969,12.7105409885193,0.546
2024-11-12,"SOUT",6.80033333333333,6.13258522143245,-0.509086766595456,12.6965939397094,0.815813718941199,13.2056807063049,0.580285714285714
2024-11-12,"WREX",9.22570833333333,6.21239466758639,-0.23531126241834,12.5808687353742,1.80445140985985,12.8161799977925,0.820857142857143
2024-11-12,"LEAR",7.464625,6.27013820156123,-0.15410713500259,13.0306664335612,0.934792962771468,13.1847735685638,0.639714285714286
2024-11-12,"PLYM",6.68345833333333,7.88892079611997,1.21210663549283,14.3424270229824,0.971468923300108,13.1303203874895,0.352285714285714
2024-11-12,"SHDG",10.7017083333333,7.16791429308492,0.910432237301006,13.7694637083593,2.14802604501912,12.8590314710583,0.856
2024-11-12,"SHE",10.6752083333333,6.43337111046635,-0.0266572641101058,13.0468332981271,2.75968883015176,13.0734905622372,0.897714285714286
2024-11-12,"BEL2",19.4615833333333,8.50673503832235,1.94439745896872,14.9727198196069,9.11590990301382,192.582862909696,0.999142857142857
2024-11-12,"GLKP",10.282125,6.05643245908695,-0.220780605705106,12.4520821280753,2.61687603069207,12.6728627337804,0.905714285714286
2024-11-12,"LECU",8.718625,6.78057344264047,0.482997783448584,13.200018011042,1.19446987482954,12.7170202275934,0.726285714285714
2024-11-12,"SUN2",10.5346666666667,6.15006138631062,-0.119665191664463,12.6213461266848,2.75609126907638,12.7410113183493,0.908285714285714
2024-11-12,"TRAN",13.420875,6.93858247175251,0.541742723093366,13.2510836634713,4.6372409912571,19.500994401527,0.977142857142857
2024-11-12,"STOK",12.6139583333333,7.67956835773912,1.21825699433672,14.2131705795373,3.27754334214388,12.9949135852006,0.929714285714286
2024-11-12,"BEX",6.423,7.04684111225453,0.852113526430648,13.4919443403351,0.822993730675262,12.6398308139044,0.416857142857143
2024-11-12,"SEND",5.52579166666667,6.48991501782187,0.164335315036295,13.1211794710961,0.907021401707705,12.9568441560598,0.376571428571429
2024-11-12,"HUL2",10.789125,6.65804737932791,0.125553442806448,13.3318682392744,2.65023291166986,13.206314796468,0.898
2024-11-12,"PEMB",5.95129166666667,5.197366385834,-1.05768909240728,11.4792596391984,0.8256030093478,12.5369487316057,0.591714285714286
2024-11-12,"WFEN",5.95420833333333,6.05090392645536,-0.346330150287968,12.499288567638,0.764184102520986,12.845618717926,0.496571428571429
2024-11-12,"OSY",4.9354347826087,6.41130597222989,-0.337202284390099,13.0725942983294,0.997261910052062,13.4097965827195,0.330857142857143
2024-11-12,"ACTH",3.02879166666667,4.10193128269949,-2.40976923265209,10.715974270084,0.898839730262188,13.1257435027361,0.372857142857143
2024-11-12,"COPP",13.1034166666667,7.29156470370048,0.905716786728825,13.3588764733076,4.11610534714067,12.4531596865788,0.969142857142857
2024-11-13,"EB",9.50079166666667,6.73931165057559,0.308057114701709,13.4270773664175,1.64618824750194,13.1190202517158,0.809714285714286
2024-11-13,"IMGM",12.341875,9.20465352484793,2.75344458282314,15.6433510276189,1.93688795436244,12.8899064447958,0.831428571428571
2024-11-13,"PRES",16.556625,9.9525596119901,3.1099324019474,16.2910054184711,4.85456919689959,23.8058562776813,0.978571428571429
2024-11-13,"BIRR",15.9975,9.42729525051854,3.07801548416393,15.9195449952943,4.75721623669281,15.9597296993566,0.976857142857143
2024-11-13,"BLC2",11.4219583333333,9.17307342771617,2.80818905693711,15.7617643775782,1.36993787005357,12.9535753206411,0.75
2024-11-13,"BOTR",11.8720833333333,8.45178310463119,2.08809318526502,15.0334751004644,2.04408423223818,12.9453819151993,0.841142857142857
2024-11-13,"GHSR",3.69591666666667,8.2978070514704,1.5928739023595,14.6601132417883,2.95446480308093,13.0672393394288,0.088
2024-11-13,"LEAM",15.121,7.98068963675193,1.2142272398025,14.2900843494112,5.4698275039568,46.3124831331623,0.983714285714286
2024-11-13,"NPT3",12.012625,7.95769638122152,1.53798347021023,14.3832392136989,2.53577490787679,12.8452557434886,0.894571428571429
2024-11-13,"REA1",9.79720833333333,7.3658355167721,0.864364309691314,13.7926134746546,1.42427472592669,12.9282491649632,0.774571428571429
2024-11-13,"SOUT",8.10241666666667,7.60910526998074,0.87926618298071,13.8963646174408,0.792069464838594,13.01709843446,0.566857142857143
2024-11-13,"WREX",8.184,8.16014355860637,1.66152004419208,14.6342908820317,0.786614041953746,12.9727708378396,0.516857142857143
2024-11-13,"LEAR",13.8237083333333,7.60406341830912,1.17450135837959,14.1292102992204,4.42828995634625,12.9547089408408,0.968571428571429
2024-11-13,"PLYM",11.0202083333333,8.07409196798339,1.57361854801575,14.5667361850936,1.7776504602078,12.9931176370778,0.817142857142857
2024-11-13,"SHDG",8.03466666666667,9.41738920416243,3.02738822158374,15.7730731591925,0.957845079449754,12.7456849376088,0.338857142857143
2024-11-13,"SHE",10.9189166666667,9.36621916269313,2.92676605293189,15.8243764942928,1.00572223698754,12.8976104413609,0.665142857142857
2024-11-13,"BEL2",8.79729166666667,12.4887976389942,5.8134158263332,18.805866458653,2.23740892178488,12.9924506323198,0.131428571428571
2024-11-13,"GLKP",2.935375,8.08252502203753,1.73337463738096,14.4257584901673,3.51437819492047,12.6923838527864,0.0571428571428571
2024-11-13,"LECU",15.326375,8.24779835577765,1.74272286310006,14.4758477930511,5.30957630612031,46.7542132079075,0.984571428571429
2024-11-13,"SUN2",5.6575,8.95785888136172,2.45880954413753,15.4251445952052,1.92213238894378,12.9663350510676,0.161428571428571
2024-11-13,"TRAN",8.30775,9.95861494811525,3.61829590013751,16.2376607979069,1.12622818220788,12.6193648977694,0.302285714285714
2024-11-13,"STOK",14.9323333333333,9.85730842563563,3.12663328659678,16.4955781453637,3.39423822854186,13.3689448587669,0.934285714285714
2024-11-13,"BEX",9.88995833333333,7.78220483457424,1.2619261177182,14.3173369637411,1.28792466853107,13.0554108460229,0.732571428571429
2024-11-13,"SEND",9.49295833333333,7.26139368383485,0.835573392592822,13.5642798839399,1.35753546640614,12.7287064913471,0.760857142857143
2024-11-13,"HUL2",15.5100833333333,9.66453539384614,3.09179767615817,15.7269498144516,4.01602397209165,12.6351521382935,0.969714285714286
2024-11-13,"PEMB",6.918375,6.64335351629689,0.0775964552123531,13.2860771359314,0.779426385354629,13.208480680719,0.536857142857143
2024-11-13,"WFEN",9.9175,7.07124744970955,0.569667249616304,13.7599053649759,1.6915852827318,13.1902381153596,0.807714285714286
2024-11-13,"OSY",8.10145833333333,6.97964250577177,0.444383539425104,13.7005590338612,0.918135322238915,13.2561754944361,0.627428571428571
2024-11-13,"ACTH",1.68433333333333,4.64261823198548,-1.76870425966009,10.8826151899569,1.78233423719212,12.651319449617,0.183714285714286
2024-11-13,"COPP",15.4412916666667,9.98195446561427,3.6127205780217,16.5026656983154,3.77577988275716,12.8899451202937,0.951714285714286
2024-11-14,"EB",14.483125,9.1279720588032,2.44037162058317,15.6261229641971,3.70530830164247,13.185751343614,0.948285714285714
2024-11-14,"IMGM",9.44191666666667,10.3502066096581,3.84346649780025,16.7880078996087,0.842767010534704,12.9445414018084,0.405428571428571
2024-11-14,"PRES",7.91966666666667,11.652863431052,5.34020517522002,18.2569375533143,2.3175026294114,12.9167323780943,0.131428571428571
2024-11-14,"BIRR",12.705375,12.070848439661,5.53992106856599,18.4212120394858,0.812867907032569,12.8812909709198,0.567428571428571
2024-11-14,"BLC2",11.0495,10.2109406407388,3.33421217168237,16.5388496405078,0.846932811717103,13.2046374688255,0.599714285714286
2024-11-14,"BOTR",9.90179166666667,10.1563668828317,3.85617596290334,16.7345780881174,0.793557090427515,12.878402125214,0.472857142857143
2024-11-14,"GHSR",5.29983333333333,6.41477102114012,0.033845394629003,12.6960593692799,0.912690397379965,12.6622139746509,0.38
2024-11-14,"LEAM",9.218875,11.1343229202215,4.77087263076785,17.6917392823911,1.16549920702267,12.9208666516233,0.291714285714286
2024-11-14,"NPT3",10.188875,10.0626952460028,3.76796638197339,16.5149483510435,0.792082900605015,12.7469819690701,0.512571428571429
2024-11-14,"REA1",10.959125,9.13435245726362,3.04544835280269,15.5117724182427,1.18220168159907,12.46632406544,0.716
2024-11-14,"SOUT",12.9256666666667,8.68722593840718,2.281184024981,15.1076907383312,2.66140700926189,12.8265067133502,0.900571428571429
2024-11-14,"WREX",10.0560416666667,8.35073222219589,2.26120730222085,14.8230412113831,1.08888654133139,12.5618339091622,0.698285714285714
2024-11-14,"LEAR",8.18491666666667,10.5621842936061,4.08163139498535,17.1472000933787,1.4212390675347,13.0655686983933,0.237142857142857
2024-11-14,"PLYM",8.12504166666667,10.3224973688161,3.85688693870416,16.9415511832422,1.36079962656363,13.0846642445381,0.242857142857143
2024-11-14,"SHDG",10.56025,8.99721660565422,2.49643486241505,15.2431502548327,1.09376773219599,12.7467153924176,0.693428571428571
2024-11-14,"SHE",10.5503333333333,10.0001704652462,3.79995492252434,16.5120096346369,0.777929588853423,12.7120547121126,0.563714285714286
2024-11-14,"BEL2",4.354375,9.03528877975524,2.32600394620268,15.5466596738781,3.00219697387902,13.2206557276754,0.0782857142857143
2024-11-14,"GLKP",4.22558333333333,5.93400443587525,-0.42659677161599,12.4655197302427,1.10925359550763,12.8921165018586,0.306571428571429
2024-11-14,"LECU",9.4675,11.2938610208641,4.84891902038148,17.5986182238824,1.16286901880425,12.7496992035009,0.288285714285714
2024-11-14,"SUN2",9.16279166666667,7.69374990373647,1.49487956973329,13.9554151079845,0.999645169055865,12.4605355382512,0.668571428571429
2024-11-14,"TRAN",13.1152083333333,8.60325698796799,2.089888150707,15.058593045933,2.97260176020898,12.968704895226,0.913142857142857
2024-11-14,"STOK",11.697125,11.2874754300782,4.9214544796555,17.6254729430081,0.797121306300016,12.7040184633526,0.544
2024-11-14,"BEX",14.11175,9.69308542823917,3.43947790867478,16.2956404138669,2.81550111205291,12.8561625051921,0.901714285714286
2024-11-14,"SEND",12.6514583333333,9.35740268744174,2.78032820371678,15.8614834632192,1.98684233080406,13.0811552595024,0.844285714285714
2024-11-14,"HUL2",10.9660416666667,11.9581306280603,5.39563640020532,18.2999221504245,0.87013342849847,12.9042857502192,0.378857142857143
2024-11-14,"PEMB",5.51495833333333,7.59598063263825,1.33962282873282,13.9162305375822,1.25366003511157,12.5766077088494,0.269714285714286
2024-11-14,"WFEN",11.693375,9.15575556847068,2.94450515835305,15.7209675004616,1.45704425253226,12.7764623421086,0.772
2024-11-14,"OSY",10.342,8.78587629812821,2.34826245584421,15.0213707518437,1.05393374809071,12.6731082959995,0.684857142857143
2024-11-14,"ACTH",2.19920833333333,4.77265413964493,-1.8733490261758,11.3515538190035,1.54020070312298,13.2249028451793,0.220857142857143
2024-11-14,"COPP",13.0121666666667,11.3985361990335,5.04716468037575,17.9845941746543,1.05240118333196,12.9374294942785,0.681142857142857
2024-11-15,"EB",10.0484583333333,10.413756273674,4.09288081705488,16.6553192906939,0.770259960510429,12.562438473639,0.457714285714286
2024-11-15,"IMGM",11.9762916666667,8.75909978243144,1.84812800889627,15.0622964228864,2.01309952051177,13.2141684139902,0.837714285714286
2024-11-15,"PRES",9.77791666666667,7.91642257198597,1.56960496559027,14.3148185801918,1.18843901634926,12.7452136146015,0.724571428571429
2024-11-15,"BIRR",15.15725,10.2800107280877,3.72060855297646,16.5768618751095,3.20249971498098,12.856253322133,0.932
2024-11-15,"BLC2",7.55604166666667,9.56180025214445,3.36062212496622,16.1230869733316,1.31200414724858,12.7624648483654,0.254857142857143
2024-11-15,"BOTR",13.1565,8.89072367952562,2.51105267926447,15.2667802457379,2.74598751151808,12.7557275664734,0.905142857142857
2024-11-15,"GHSR",1.963375,6.60842918819119,0.470000954249558,13.0916723122188,3.0283243074811,12.6216713579693,0.0762857142857143
2024-11-15,"LEAM",13.6115,8.35774841726415,1.94395974459667,14.8009201033635,3.49477418729352,12.8569603587668,0.941428571428571
2024-11-15,"NPT3",13.9505833333333,8.83682336003485,2.38490933920075,15.3125676363731,3.42493442549555,12.9276582971724,0.937428571428571
2024-11-15,"REA1",14.9606666666667,9.02745663003583,2.34423296864833,15.3785512277481,4.21300309275098,13.0343182590997,0.968285714285714
2024-11-15,"SOUT",11.91725,9.96189357131766,3.6462489630641,16.3286381787423,1.23060255324648,12.6823892156782,0.725142857142857
2024-11-15,"WREX",11.7187083333333,8.56514282122943,2.20016498871586,15.0336640814278,1.87414433381391,12.8334990927119,0.821428571428571
2024-11-15,"LEAR",12.71725,7.8906799043965,1.55252437893536,14.2261227717148,3.20021247758456,12.6735983927795,0.928857142857143
2024-11-15,"PLYM",12.54825,8.69562844087576,2.37262313935355,15.2490299017195,2.33645163563936,12.876406762366,0.875142857142857
2024-11-15,"SHDG",11.2579583333333,9.47651116539064,3.15489583775771,15.8740594740363,1.15989115007699,12.7191636362786,0.711714285714286
2024-11-15,"SHE",10.7647083333333,9.36660103759821,2.84690505639679,15.960035705497,0.992878482658452,13.1131306491002,0.662285714285714
2024-11-15,"BEL2",5.32229166666667,7.04562870283985,0.343962279689897,13.5069810285248,1.10851575999486,13.1630187488349,0.307428571428571
2024-11-15,"GLKP",1.537125,6.02137711193015,-0.404313480633108,12.576769437082,2.88939903811027,12.9810829177151,0.0885714285714286
2024-11-15,"LECU",12.5806666666667,8.53734685672041,1.91759773515421,14.9368327895082,2.52289287939357,13.019235054354,0.892
2024-11-15,"SUN2",2.71825,8.5669489091351,1.84189799244844,14.9808760722547,4.01878764144228,13.1389780798062,0.0422857142857143
2024-11-15,"TRAN",6.68920833333333,9.96209816436242,3.61449743502558,16.0755272090946,1.96128432673185,12.461029774069,0.157142857142857
2024-11-15,"STOK",14.0546666666667,9.56297615894388,2.96657137492075,15.9020175813073,2.8700648773421,12.9354462063865,0.908285714285714
2024-11-15,"BEX",14.1392083333333,10.7145898650438,4.47663359916905,17.2151585995091,2.08082179436833,12.7385250003401,0.847142857142857
2024-11-15,"SEND",10.9217916666667,9.97803766358634,3.34395151944203,16.4891427148853,0.862754128423534,13.1451911954432,0.612
2024-11-15,"HUL2",16.1902083333333,9.71511614766652,3.30610320401979,16.334300097721,4.60005831289141,13.0281968937013,0.971428571428571
2024-11-15,"PEMB",8.63995833333333,6.5689512593741,0.201004420527417,13.0256553538804,1.28348684470891,12.824650933353,0.735714285714286
2024-11-15,"WFEN",10.89325,9.26431159802469,2.86343393152163,15.7349583553234,1.09874074219574,12.8715244238018,0.687142857142857
2024-11-15,"OSY",9.25125,9.07773574095995,2.49649781902582,15.742084842718,0.784744546758998,13.2455870236922,0.508571428571429
2024-11-15,"ACTH",0.8225,4.48860975677634,-2.17469195948125,11.1278137370544,2.28362694243439,13.3025056965357,0.128285714285714
2024-11-15,"COPP",11.229375,9.97234181708652,3.12693640574187,16.3720217259743,1.01511642900076,13.2450853202325,0.664285714285714
2024-11-16,"EB",8.97608333333333,9.02999240420271,2.12516234956119,15.5509271862244,0.76553409901193,13.4257648366632,0.496571428571429
2024-11-16,"IMGM",5.97679166666667,10.0673244909819,3.58902831571526,16.1725050847995,2.56011913431855,12.5834767690842,0.105428571428571
2024-11-16,"PRES",5.14441666666667,9.05471193409292,2.61470268668186,15.3541347055543,2.4108475356982,12.7394320188724,0.116857142857143
2024-11-16,"BIRR",7.55108333333333,11.5631800667664,5.23111601804549,18.1041520314778,2.50716930842517,12.8730360134323,0.110285714285714
2024-11-16,"BLC2",5.72029166666667,8.60180843213221,2.00992563402254,15.0064144185298,1.68272993860619,12.9964887845073,0.198571428571429
2024-11-16,"BOTR",5.551375,10.4527187954757,3.88095840793967,16.6515797041998,3.18913684241299,12.7706212962601,0.0702857142857143
2024-11-16,"GHSR",6.30116666666667,5.67885725807324,-0.633118484526285,12.0822734458376,0.807274530520838,12.7153919303639,0.576
2024-11-16,"LEAM",9.59025,10.3964096444776,3.88653324275262,16.8647260621651,0.882489356919999,12.9781928194125,0.387714285714286
2024-11-16,"NPT3",10.960125,10.584558205323,3.85441026918891,16.9408882395189,0.809124736754736,13.08647797033,0.551714285714286
2024-11-16,"REA1",11.569375,10.8221302560615,4.51787660920074,17.1781658600823,0.827598754421689,12.6602892508815,0.583714285714286
2024-11-16,"SOUT",10.3665833333333,9.84946743585804,3.48471425190963,16.4457364662526,0.814524461882675,12.961022214343,0.563142857142857
2024-11-16,"WREX",3.429625,9.4835168914069,2.99277722962767,16.0224868600422,4.3725074728469,13.0297096304145,0.032
2024-11-16,"LEAR",9.032125,9.97739472475659,3.34977725368219,16.2099253378271,0.866642024167598,12.8601480841449,0.391714285714286
2024-11-16,"PLYM",10.3244166666667,10.7034221030122,4.2684473564018,17.2592834755332,0.807734038526394,12.9908361191314,0.446
2024-11-16,"SHDG",4.33470833333333,10.028287398217,3.32544040586031,16.7251138358942,3.91997192367648,13.3996734300339,0.0465714285714286
2024-11-16,"SHE",3.83558333333333,9.77996050583326,3.45791438686388,16.2682593048984,4.20111335731837,12.8103449180346,0.0334285714285714
2024-11-16,"BEL2",7.3105,7.79527893767393,1.39645591029087,14.273722878741,0.792443458106371,12.8772669684502,0.435142857142857
2024-11-16,"GLKP",5.22108333333333,5.33623079486962,-1.15070333321359,11.6719388945037,0.78275873871721,12.8226422277173,0.491428571428571
2024-11-16,"LECU",6.997875,10.1014814516194,3.69313502943537,16.7468041448282,1.94291728396283,13.0536691153929,0.163714285714286
2024-11-16,"SUN2",4.04083333333333,6.45944114802875,-0.186156137983661,13.1249853570965,1.42595227812632,13.3111414950801,0.247714285714286
2024-11-16,"TRAN",4.41825,7.84318540568039,1.58630255932023,14.211102253267,2.03014607736726,12.6247996939467,0.150857142857143
2024-11-16,"STOK",5.19566666666667,10.8104051191514,4.13520046520438,17.264109202816,3.80235149476606,13.1289087376116,0.0494285714285714
2024-11-16,"BEX",12.9914166666667,10.9942986917907,4.55071191706389,17.1339822630329,1.24759347562163,12.583270345969,0.722285714285714
2024-11-16,"SEND",12.8046666666667,9.62181680660414,3.14410821667092,16.1196739055124,1.90622423261462,12.9755656888415,0.824571428571429
2024-11-16,"HUL2",6.53795833333333,12.0427282197515,5.65241425827035,18.7937062493523,3.74101154739052,13.141291991082,0.0457142857142857
2024-11-16,"PEMB",3.867,8.07494675890364,1.61138718429611,14.3174253036162,2.61704230931837,12.70603811932,0.103714285714286
2024-11-16,"WFEN",9.10283333333333,9.27180104273981,2.86621429781518,15.6269053404266,0.765811459381094,12.7606910426115,0.495428571428571
2024-11-16,"OSY",12.1158333333333,8.97105524757286,2.64878423686694,15.3611311537855,1.89232865132474,12.7123469169186,0.835714285714286
2024-11-16,"ACTH",3.79325,4.30022424311435,-2.43092186042309,10.8886326039932,0.800575344839478,13.3195544644163,0.444
2024-11-16,"COPP",4.99504166666667,9.67485274065009,3.22074482533688,16.0557294614011,3.02545365921134,12.8349846360642,0.0837142857142857
2024-11-17,"EB",3.2725,7.11048916674174,0.879464182791373,13.5366334876489,2.44076799592558,12.6571693048575,0.113428571428571
2024-11-17,"IMGM",3.530875,6.22498732471727,-0.280976414900434,12.509553883937,1.59146772498342,12.7905302988374,0.208285714285714
2024-11-17,"PRES",4.04295833333333,5.72783796162429,-0.562132194016635,12.2568471802427,1.10372596930352,12.8189793742593,0.302
2024-11-17,"BIRR",4.03491666666667,7.12688078173241,0.462475552094229,13.3155899492361,1.86625775594704,12.8531143971418,0.178571428571429
2024-11-17,"BLC2",3.220375,6.3863383912092,0.128232495648423,13.0632752443514,1.9610901286963,12.935042748703,0.158
2024-11-17,"BOTR",3.779625,6.00553940799212,-0.348125009960727,12.361600480598,1.41278975548789,12.7097254905587,0.238
2024-11-17,"GHSR",5.0305,5.74790420237355,-0.945024389734064,12.0452616069022,0.81734516568162,12.9902859966363,0.412285714285714
2024-11-17,"LEAM",4.00458333333333,7.26075287022829,1.03647708731207,13.5822521252264,1.97546112894926,12.5457750379144,0.157428571428571
2024-11-17,"NPT3",4.329875,7.83956687424602,1.53200393336812,14.0754405283565,2.15627951859476,12.5434365949884,0.147428571428571
2024-11-17,"REA1",4.07241666666667,7.92530212619571,1.4186409821718,14.4671682473557,2.4538846532982,13.0485272651839,0.118857142857143
2024-11-17,"SOUT",3.75008333333333,7.70472220593182,0.998338532372965,14.1088602995317,2.38477287172561,13.1105217671587,0.122285714285714
2024-11-17,"WREX",3.68420833333333,4.80533556277431,-1.50960092568028,11.1969786444794,0.903836348235747,12.7065795701597,0.378857142857143
2024-11-17,"LEAR",4.61979166666667,6.96428035497976,0.315554339103408,13.4092547263654,1.38306970162125,13.093700387262,0.256857142857143
2024-11-17,"PLYM",5.012875,8.23311102493549,1.59678737679702,14.8387782811697,1.96612823847843,13.2419909043726,0.163428571428571
2024-11-17,"SHDG",2.47933333333333,5.86956064884561,-0.385129146671184,12.3053534811891,2.06847905659027,12.6904826278602,0.150285714285714
2024-11-17,"SHE",2.949125,5.62584010379262,-0.949447129153443,11.9077545953679,1.59704716001062,12.8572017245213,0.203428571428571
2024-11-17,"BEL2",3.89041666666667,6.93362275344496,0.694946336632622,13.3988396081577,1.77738313919598,12.7038932715251,0.176285714285714
2024-11-17,"GLKP",4.54804166666667,5.15400039701791,-1.5849658414729,11.6872982537846,0.821466727089919,13.2722640952575,0.437142857142857
2024-11-17,"LECU",3.85129166666667,6.40537374498906,-0.0792052610375605,12.8732799284174,1.51483527424224,12.952485189455,0.228571428571429
2024-11-17,"SUN2",3.6665,5.45525013858783,-0.859556416208466,12.0256360719161,1.12447142348868,12.8851924881245,0.303142857142857
2024-11-17,"TRAN",4.96166666666667,5.50766292021848,-0.795701460796147,12.0807181571214,0.829946500547887,12.8764196179175,0.430571428571429
2024-11-17,"STOK",5.24575,5.9113719451939,-0.58513820650202,12.2357867921436,0.838283069894392,12.8209249986457,0.414
2024-11-17,"BEX",4.316125,8.98424483801474,2.25533378976186,15.4264047393827,2.96875806571372,13.1710709496208,0.0825714285714286
2024-11-17,"SEND",4.15,8.75899892408431,2.38833860569774,15.1796864580271,2.99473644960977,12.7913478523293,0.0797142857142857
2024-11-17,"HUL2",3.69783333333333,6.8096434971062,0.381884115707982,13.1141144239468,1.83017819982333,12.7322303082388,0.183142857142857
2024-11-17,"PEMB",3.36283333333333,4.67864055018965,-1.88266853695981,11.2861588024186,1.008871010507,13.1688273393784,0.342
2024-11-17,"WFEN",3.67345833333333,7.03532794762827,0.834829503056814,13.4892112537009,2.03170181036546,12.6543817506441,0.15
2024-11-17,"OSY",3.64875,8.46290279421274,2.16229766788256,15.019144831856,3.16660681189446,12.8568471639734,0.0677142857142857
2024-11-17,"ACTH",2.272,3.83540939175294,-2.76750601349227,10.2163553863724,1.03613423792669,12.9838613998647,0.320571428571429
2024-11-17,"COPP",5.05991666666667,5.80611340491353,-0.586824640634548,12.4208332701265,0.862464903039063,13.0076579107611,0.404285714285714
2024-11-18,"EB",2.56595833333333,3.83305865810468,-2.66582137045135,10.2026575276086,0.976713993784324,12.86847889806,0.346285714285714
2024-11-18,"IMGM",6.671625,4.22335881966471,-2.01001491214397,10.4992790551301,1.50792089189202,12.5092939672741,0.775714285714286
2024-11-18,"PRES",8.60947826086957,4.20503688978312,-2.14244125352856,10.5001565938818,2.88202551275141,12.6425978474104,0.906285714285714
2024-11-18,"BIRR",7.87145833333333,4.7513706098063,-1.82740831083403,11.2164208690535,1.86133581344149,13.0438291798875,0.825428571428571
2024-11-18,"BLC2",5.84908695652174,4.30627915845515,-2.53227921515913,10.5747221669361,1.09283239032042,13.1070013820953,0.675142857142857
2024-11-18,"BOTR",6.32179166666667,4.27615793654697,-1.89865625269837,10.8067577890982,1.25108946644561,12.7054140417966,0.720857142857143
2024-11-18,"GHSR",7.52266666666667,4.03653555502269,-2.68311845148518,10.6046144003452,2.09799204527204,13.2877328518303,0.844285714285714
2024-11-18,"LEAM",7.59833333333333,4.06838022814793,-2.67248782636837,10.6360611099316,2.15828260214323,13.3085489362999,0.854
2024-11-18,"NPT3",3.32254166666667,4.24580892815144,-2.28246793165856,10.7692540632511,0.86507710551675,13.0517219949097,0.392857142857143
2024-11-18,"REA1",3.90133333333333,4.01613454257424,-2.41723970596818,10.3604201046935,0.773933814344834,12.7776598106617,0.479714285714286
2024-11-18,"SOUT",2.68079166666667,4.09585314333084,-2.2807842499544,10.5375263634065,1.02293533665244,12.8183106133609,0.325714285714286
2024-11-18,"WREX",5.201625,3.83611898436399,-2.97821839180665,10.349017929153,0.97379130642412,13.3272363209597,0.657428571428571
2024-11-18,"LEAR",7.31133333333333,4.20180128605507,-2.52415543222015,10.4699346731379,1.93839376364435,12.994090105358,0.834
2024-11-18,"PLYM",3.98783333333333,5.11705341093139,-1.45057516073115,11.5751730907927,0.894249814358411,13.0257482515239,0.378857142857143
2024-11-18,"SHDG",5.76941666666667,4.09963536456746,-2.30919087435651,10.6799300701113,1.10444068636207,12.9891209444678,0.690571428571429
2024-11-18,"SHE",5.49133333333333,4.21489031856426,-2.20482683546207,10.846491164929,0.984217461215123,13.051318000391,0.641714285714286
2024-11-18,"BEL2",4.60108333333333,4.4590672111662,-2.1195668887544,11.2491766454065,0.802710851742545,13.3687435341609,0.526
2024-11-18,"GLKP",7.50208333333333,3.67317101590605,-2.61035238450123,9.79066180043596,2.34567072069737,12.4010141849372,0.884285714285714
2024-11-18,"LECU",6.17433333333333,4.13836617874298,-2.25472750410386,10.42424146841,1.24603457415704,12.6789689725138,0.730857142857143
2024-11-18,"SUN2",7.446,4.11820080899079,-2.52236452626203,10.7816621520801,2.05231095690793,13.3040266783421,0.841714285714286
2024-11-18,"TRAN",6.15279166666667,4.56098137640562,-1.73649099499456,11.1413895364071,1.03780643279687,12.8778805314017,0.674
2024-11-18,"STOK",8.19970833333333,4.87440471828009,-1.48289522789426,11.4337154882086,2.05858889593407,12.9166107161029,0.846857142857143
2024-11-18,"BEX",5.574,4.60713247011651,-1.95435216719866,11.2160034698638,0.908022905773826,13.1703556370625,0.622571428571429
2024-11-18,"SEND",4.613875,4.34699766683519,-1.87823393012258,10.5056824868448,0.775332970550972,12.3839164169674,0.534285714285714
2024-11-18,"HUL2",7.93054166666667,4.71325570344205,-1.72368459255893,11.1489980524443,1.9160967601009,12.8726826450032,0.837142857142857
2024-11-18,"PEMB",1.64604166666667,3.37903719077742,-3.10995000065104,9.83741587155792,1.09188763514586,12.947365872209,0.308571428571429
2024-11-18,"WFEN",7.48625,3.86954207932487,-2.76089701761002,10.4674922366209,2.17676132057351,13.2283892542309,0.863428571428571
2024-11-18,"OSY",5.40391666666667,4.10660758087707,-2.27869102527579,10.6153954150415,1.02188407506165,12.8940864403173,0.649142857142857
2024-11-18,"ACTH",2.50691666666667,2.05040636756505,-4.44937490519231,8.53436294270266,0.776824380162255,12.983737847895,0.562857142857143
2024-11-18,"COPP",8.35308333333333,4.73779387187713,-1.57138702567345,11.3163284246179,2.18002564089203,12.8877154502913,0.852
2024-11-19,"EB",3.117125,5.13892637710608,-1.40974014437393,11.7222475140668,1.25472536172112,13.1319876584407,0.272571428571429
2024-11-19,"IMGM",3.587875,6.90857452711709,0.469622751444679,13.5743002321903,1.99331703649515,13.1046774807456,0.16
2024-11-19,"PRES",6.31095833333333,7.39950066397296,0.829159839634988,14.192825457896,0.918726590142816,13.363665618261,0.371142857142857
2024-11-19,"BIRR",6.997875,7.70933061972062,1.10027247499147,13.9986914125507,0.823741893937183,12.8984189375593,0.415428571428571
2024-11-19,"BLC2",2.9815,6.80259040025785,0.337820799308982,13.0170681735199,2.29403129800765,12.6792473742109,0.129428571428571
2024-11-19,"BOTR",5.91008333333333,6.7301940726834,0.168693727134184,13.2689993995404,0.854871603652025,13.1003056724062,0.42
2024-11-19,"GHSR",6.30116666666667,6.46501979823248,-0.0375149342506727,12.8385557364122,0.78370307351601,12.8760706706629,0.471428571428571
2024-11-19,"LEAM",6.15866666666667,6.9654493528192,0.540872623166403,13.4753216872707,0.877384154003366,12.9344490641043,0.402
2024-11-19,"NPT3",3.03466666666667,5.45326511295126,-1.0592102434861,11.9134044537353,1.43869598382352,12.9726146972214,0.225428571428571
2024-11-19,"REA1",5.17429166666667,5.54550546813082,-0.874694652094455,12.3249975707773,0.797210207445123,13.1996922228717,0.457714285714286
2024-11-19,"SOUT",4.372,5.28016660708233,-1.33435062807107,11.6512742693911,0.8657801187527,12.9856248974622,0.405428571428571
2024-11-19,"WREX",5.738125,5.88214604619651,-0.667096123121773,12.2993157380442,0.768374637365008,12.966411861166,0.488571428571429
2024-11-19,"LEAR",5.46395833333333,6.74822148731666,0.61259984135994,13.3420641462463,1.00935148767954,12.7294643048863,0.332857142857143
2024-11-19,"PLYM",4.87820833333333,6.29944523685222,-0.122649807035879,12.7897106149528,1.03302129091302,12.9123604219887,0.318285714285714
2024-11-19,"SHDG",6.49666666666667,6.83187820212105,0.351259515797304,13.3515662348038,0.809039970054819,13.0003067190065,0.448571428571429
2024-11-19,"SHE",6.46033333333333,6.65651883028124,0.112488553260546,13.2589920165766,0.816307122303052,13.146503463316,0.461428571428571
2024-11-19,"BEL2",6.116375,6.25783440932957,-0.150785615576069,12.811512097218,0.768108530082189,12.9622977127941,0.471428571428571
2024-11-19,"GLKP",5.03841666666667,6.26435046379184,-0.364655108430278,12.7566996875662,0.933636980667883,13.1213547959964,0.354285714285714
2024-11-19,"LECU",5.918875,6.53052964836195,0.022508938604779,12.9096926787072,0.826440138577198,12.8871837401024,0.422571428571429
2024-11-19,"SUN2",5.06091666666667,7.01094371764077,0.676677608933436,13.3465564085645,1.31728092600174,12.669878799631,0.252285714285714
2024-11-19,"TRAN",4.24241666666667,6.48209475554345,-0.0939012128312313,13.1377413537579,1.36148061613218,13.2316425665891,0.245142857142857
2024-11-19,"STOK",6.97720833333333,7.45540588181321,1.06339757808806,13.9379761299676,0.819430811464772,12.8745785518796,0.424285714285714
2024-11-19,"BEX",3.96220833333333,6.68233412045229,0.495693845574808,13.0718816151008,1.61544681750999,12.576187769526,0.204857142857143
2024-11-19,"SEND",2.908875,6.12780711025946,-0.640390528664879,12.5914157983516,1.87753292325942,13.2318063270165,0.176571428571429
2024-11-19,"HUL2",4.42116666666667,7.80847172270322,1.22680282937233,14.3437222138662,2.06629727051105,13.1169193844939,0.152857142857143
2024-11-19,"PEMB",1.85013043478261,4.23773971166521,-2.05774630270885,10.7340499421152,1.42679397010292,12.7917962448241,0.236857142857143
2024-11-19,"WFEN",3.26566666666667,6.84555246825966,0.47492567004638,13.247408009515,2.23641149364274,12.7724823394686,0.128571428571429
2024-11-19,"OSY",2.236625,6.36308757890452,0.00627415455748423,13.0040060284759,2.55983485620972,12.9977318739184,0.104285714285714
2024-11-19,"ACTH",2.20716666666667,3.64630684730384,-2.87949054579248,9.92396368578741,1.01568437954316,12.8034542315799,0.334285714285714
2024-11-19,"COPP",5.573875,7.44423244840031,1.0981217520295,13.7342889149229,1.18882196355608,12.6361671628934,0.287714285714286
2024-11-20,"EB",3.682125,4.51767523840974,-2.03523743629359,10.8647034573524,0.814097066631025,12.8999408936459,0.415714285714286
2024-11-20,"IMGM",3.93370833333333,4.88693853130028,-1.4011405609521,11.4428703841177,0.857532600605133,12.8440109450698,0.393428571428571
2024-11-20,"PRES",7.54625,5.64871156866003,-0.598470978264438,11.9295764025311,1.1948273717448,12.5280473807955,0.723714285714286
2024-11-20,"BIRR",4.84570833333333,6.49659092554817,0.226441366617065,13.0005695538863,1.11420091264109,12.7741281872692,0.3
2024-11-20,"BLC2",1.92216666666667,4.86820789757917,-1.7315806313597,11.3681180822092,1.71123007429527,13.0996987135689,0.189142857142857
2024-11-20,"BOTR",4.913625,5.70669950641315,-0.671866856405611,12.0963200263936,0.841028464513182,12.7681868827993,0.408
2024-11-20,"GHSR",3.74216666666667,5.14227475014039,-1.45226741230543,11.3913055403648,0.980519074995486,12.8435729526702,0.357428571428571
2024-11-20,"LEAM",4.73566666666667,5.54643572721105,-0.741240413262112,11.9305047218545,0.862194926484588,12.6717451351166,0.408857142857143
2024-11-20,"NPT3",5.158875,4.52544839302727,-1.8672756531885,10.833603038551,0.813234490091012,12.7008786917395,0.573428571428571
2024-11-20,"REA1",3.8895,5.18409673172082,-1.39293223619668,11.8627157522018,1.00015030308144,13.2556479883984,0.337714285714286
2024-11-20,"SOUT",4.83295833333333,5.08628471440157,-1.32286333203254,11.2139130846983,0.782763160047707,12.5367764167308,0.477714285714286
2024-11-20,"WREX",2.83916666666667,5.22425407389807,-1.2068697449392,11.6197090467137,1.40534511147818,12.8265787916529,0.241428571428571
2024-11-20,"LEAR",4.74,5.19085047924121,-1.37590135048216,11.7288971253894,0.799868191109046,13.1047984758716,0.441142857142857
2024-11-20,"PLYM",6.81008333333333,5.80830850277484,-0.458713339124778,12.4195583816445,0.894315220297848,12.8782717207693,0.614857142857143
2024-11-20,"SHDG",3.15254166666667,6.21976592381144,0.00773377224903037,12.6403026292515,1.818971853709,12.6325688570024,0.170857142857143
2024-11-20,"SHE",3.5515,6.14444705688724,-0.571535101558679,12.5498888666174,1.51867755245717,13.1214239681761,0.222571428571429
2024-11-20,"BEL2",5.26829166666667,5.97381416234823,-0.473310334248578,12.2325441807558,0.811871693509683,12.7058545150044,0.425142857142857
2024-11-20,"GLKP",2.72204166666667,4.47501740892659,-1.8805305228696,10.7948988952765,1.11011063554733,12.6754294181461,0.292285714285714
2024-11-20,"LECU",5.00291666666667,5.56798602356222,-0.901026078907183,11.9327428285107,0.799840565222968,12.8337689074179,0.452571428571429
2024-11-20,"SUN2",2.8145,5.23913500922583,-1.17848932160848,11.6094752373586,1.45820278764132,12.7879645589671,0.231428571428571
2024-11-20,"TRAN",2.850875,4.9224430767488,-1.42932841252464,11.2750125868397,1.31687051143623,12.7043409993643,0.261714285714286
2024-11-20,"STOK",4.94204166666667,6.12581022989224,-0.131549635017131,12.640532619929,0.943770340249255,12.7720822549461,0.357142857142857
2024-11-20,"BEX",4.8625,5.23234297230726,-1.41672451860147,11.7633615603458,0.796941900081294,13.1800860789472,0.457428571428571
2024-11-20,"SEND",4.44770833333333,4.65443297395132,-1.76970781869968,11.1796227472401,0.779386779513477,12.9493305659398,0.487714285714286
2024-11-20,"HUL2",5.215125,5.61385829378629,-0.67904566823042,12.1275878356092,0.793379920264691,12.8066335038396,0.46
2024-11-20,"PEMB",2.37225,3.50210521866366,-2.77110893318615,9.98560668917954,0.921274677402141,12.7567156223657,0.379428571428571
2024-11-20,"WFEN",3.76958333333333,4.39339540789899,-1.96569430781553,10.7064936925836,0.794789189760496,12.6721880003991,0.425714285714286
2024-11-20,"OSY",2.84879166666667,4.32995071992997,-2.14547471533125,10.6222106628173,1.02624221569989,12.7676853781485,0.328
2024-11-20,"ACTH",1.6795,2.69665939230733,-3.84437057052803,9.38249991873166,0.907497583598694,13.2268704892597,0.373714285714286
2024-11-20,"COPP",4.50475,5.53326185166985,-0.850525023920542,12.1677991663859,0.895703589051509,13.0183241903064,0.372285714285714
2024-11-21,"EB",4.71891666666667,4.57088847957148,-1.87253243274776,11.2551221934154,0.761086836808603,13.1276546261632,0.524285714285714
2024-11-21,"IMGM",5.34691666666667,4.90997880922346,-1.88386752577537,11.4272841714532,0.830322110836526,13.3111516972286,0.565714285714286
2024-11-21,"PRES",5.969125,5.99019409732307,-0.27138049832055,12.4064538893876,0.741166761761032,12.6778343877081,0.492285714285714
2024-11-21,"BIRR",12.3162916666667,5.56334103096304,-1.11897452686617,12.059545876046,4.91891546896884,23.4483520277388,0.979142857142857
2024-11-21,"BLC2",5.45108333333333,4.367731914236,-2.05333390169115,10.6421807203348,0.910509062527881,12.695514622026,0.627142857142857
2024-11-21,"BOTR",6.41308333333333,5.1950501542888,-1.07173857621478,11.4993903564185,0.931359189578737,12.5711289326333,0.634285714285714
2024-11-21,"GHSR",2.71325,4.06321335406543,-2.35104162829387,10.4585293838862,0.998875651139563,12.8095710121801,0.344857142857143
2024-11-21,"LEAM",8.26654166666667,4.89121761870985,-1.62755712004371,11.3053280211774,2.02183663471032,12.9328851412211,0.844857142857143
2024-11-21,"NPT3",6.19404166666667,5.16797662101505,-1.28061201781561,11.3728783749696,0.886184507237937,12.6534903927852,0.62
2024-11-21,"REA1",5.91495833333333,4.54200636043068,-1.6211125813985,11.0094140773193,1.01146171614061,12.6305266587178,0.659714285714286
2024-11-21,"SOUT",5.86666666666667,5.08496234749178,-1.29533958907112,11.7719175894915,0.8464403904918,13.0672571785626,0.584
2024-11-21,"WREX",3.649875,3.99460035494574,-2.46108839472992,10.3505786382376,0.792497239087371,12.8116670329675,0.474
2024-11-21,"LEAR",7.37133333333333,4.80028322676752,-1.81923356672386,11.2562937712523,1.58573051791321,13.0755273379762,0.789142857142857
2024-11-21,"PLYM",4.57654166666667,6.36306114595412,-0.0162221728801561,12.9836710178658,1.15507823811392,12.999893190746,0.292857142857143
2024-11-21,"SHDG",4.29445833333333,4.82254282318532,-1.49631439650419,11.1933863015689,0.828647572977649,12.6897006980731,0.433714285714286
2024-11-21,"SHE",5.31445833333333,4.90506641820482,-1.37077190685153,11.3402004933319,0.815569412004206,12.7109724001834,0.523142857142857
2024-11-21,"BEL2",5.49245833333333,5.49008280982217,-0.821506418693403,12.116539570935,0.776316225689275,12.9380459896284,0.499142857142857
2024-11-21,"GLKP",2.04591666666667,3.50325688447207,-2.71898649615054,10.0701757281321,1.04943284086818,12.7891622242826,0.311714285714286
2024-11-21,"LECU",7.708375,5.08396178290162,-1.58787398769316,11.3923809647829,1.5926516213089,12.980254952476,0.791428571428571
2024-11-21,"SUN2",2.078375,4.29218476938769,-2.2693152800334,10.730281944728,1.31784297660184,12.9995972247614,0.251428571428571
2024-11-21,"TRAN",4.71208333333333,4.28548266268986,-2.2657568027244,10.8802865835245,0.811349173218035,13.1460433862489,0.552
2024-11-21,"STOK",6.660875,5.24079415190255,-1.32041278380572,11.8414790429845,1.02301814957917,13.1618918267902,0.672
2024-11-21,"BEX",7.40170833333333,5.44010264309601,-1.20322736336786,11.5056514215175,1.22153560938949,12.7088787848853,0.724571428571429
2024-11-21,"SEND",7.66716666666667,5.10002061266334,-1.70607311142337,11.5589987864136,1.51690118151583,13.265071897837,0.785142857142857
2024-11-21,"HUL2",6.64029166666667,5.80885967657558,-0.819233645081372,12.0749692740379,0.879148039191496,12.8942029191193,0.611428571428571
2024-11-21,"PEMB",2.55008333333333,3.54430571701625,-2.92020745709792,9.9562736071144,0.868926244650534,12.8764810642123,0.395142857142857
2024-11-21,"WFEN",6.02,4.49094365824662,-1.93334843024156,11.1084994061749,1.06244052922522,13.0418478364165,0.682285714285714
2024-11-21,"OSY",5.52970833333333,4.45281492025577,-1.9100520062143,10.8290727359927,0.920375470541339,12.739124742207,0.628285714285714
2024-11-21,"ACTH",1.10158333333333,2.35708245203943,-4.13029685842889,8.53847681034096,0.953855888372001,12.6687736687699,0.362285714285714
2024-11-21,"COPP",4.99504166666667,5.02791877782339,-1.39149862830514,11.9029305198373,0.759722271906238,13.2944291481424,0.488571428571429
2024-11-22,"EB",3.676375,5.74528622982399,-0.661256281192557,12.2127595739889,1.28677324058121,12.8740158551814,0.257714285714286
2024-11-22,"IMGM",4.50570833333333,6.22687925584892,-0.114111842195856,12.6277319404294,1.12795067510888,12.7418437826253,0.297714285714286
2024-11-22,"PRES",5.89333333333333,6.18697403376267,-0.0233415748887517,12.7003386631911,0.773596608800356,12.7236802380798,0.447428571428571
2024-11-22,"BIRR",4.59220833333333,9.1589864667772,2.90357320439778,15.5336784724375,2.94104750963402,12.6301052680397,0.0774285714285714
2024-11-22,"BLC2",4.46245833333333,6.48802285826197,-0.0140892856656048,13.0856068269591,1.24647924993496,13.0996961126247,0.278571428571429
2024-11-22,"BOTR",4.2395,6.56273417897466,0.10290912893297,12.9835124936797,1.42119638252824,12.8806033647467,0.230285714285714
2024-11-22,"GHSR",3.89254166666667,4.51629750156109,-2.04407011164257,11.0624544709371,0.834621084078863,13.1065245825797,0.423714285714286
2024-11-22,"LEAM",4.39270833333333,7.01733717795476,0.638297640043421,13.4476931603933,1.59795413510545,12.8093955203499,0.209428571428571
2024-11-22,"NPT3",10.1985416666667,6.31989251270059,-0.0835070903134688,12.4491320066404,2.44445806291562,12.5326390969538,0.884857142857143
2024-11-22,"REA1",5.406,6.10857032146838,-0.35666157607822,12.5077727491047,0.826491743170498,12.8644343251829,0.424571428571429
2024-11-22,"SOUT",7.35545833333333,6.2596779994656,-0.241994684414611,12.8064657807143,0.895384447607782,13.0484604651289,0.624857142857143
2024-11-22,"WREX",4.065625,5.13386415152797,-1.55715198541889,11.5951217887961,0.922992365898458,13.152273774215,0.37
2024-11-22,"LEAR",4.68554166666667,6.58339721975435,-0.131955684774183,12.8912766609569,1.15976471344238,13.0232323457311,0.285428571428571
2024-11-22,"PLYM",7.18554166666667,6.30692509996594,0.125451047659214,12.7879555556426,0.880137715303503,12.6625045079834,0.595714285714286
2024-11-22,"SHDG",4.303375,6.09073525118003,-0.60791320507179,12.7264525333218,1.11902292917194,13.3343657383935,0.305142857142857
2024-11-22,"SHE",4.23745833333333,6.39718840264785,-0.0434247016428825,12.9862421781542,1.30198677679399,13.0296668797971,0.259142857142857
2024-11-22,"BEL2",7.104,6.38330837208595,0.103981564254559,12.7302922318188,0.816670584562301,12.6263106675642,0.581714285714286
2024-11-22,"GLKP",3.05620833333333,4.08361267685446,-2.23597052982098,10.4701776154583,0.90475040193794,12.7061481452793,0.385142857142857
2024-11-22,"LECU",4.31804166666667,6.89722644361365,0.490547217105803,13.2847845307724,1.49828996284601,12.7942373136665,0.222571428571429
2024-11-22,"SUN2",5.67525,4.84933446386113,-1.66321742736635,11.294477607816,0.879846638811419,12.9576950351823,0.608
2024-11-22,"TRAN",4.880125,5.7927053456024,-0.534165316314636,12.2628011951112,0.858459105762462,12.7969665114258,0.394285714285714
2024-11-22,"STOK",4.29633333333333,6.70431202082256,0.139123370584856,13.1749117020097,1.45326197788199,13.0357883314248,0.232
2024-11-22,"BEX",5.68791666666667,7.1663002748058,0.782706492097172,13.838525807888,1.03088482174454,13.0558193157908,0.321714285714286
2024-11-22,"SEND",4.852625,7.0692268017343,0.45586034530124,13.6343626262179,1.33065350764356,13.1785022809166,0.264857142857143
2024-11-22,"HUL2",5.3685,7.12390115123807,0.840922447571616,14.1381534872716,1.16796615273716,13.2972310396999,0.285142857142857
2024-11-22,"PEMB",3.95429166666667,4.40114142430839,-2.06032738966405,10.9983452472824,0.802386717245159,13.0586726369464,0.454571428571429
2024-11-22,"WFEN",3.42670833333333,6.11573319483274,-0.842597771768255,12.6616665105919,1.62851120164853,13.5042642823601,0.213142857142857
2024-11-22,"OSY",3.58381818181818,6.23554542349903,-0.397729681182561,12.9769150848769,1.61582935541201,13.3746447660594,0.216285714285714
2024-11-22,"ACTH",1.38570833333333,2.94871479276267,-3.62927041767936,9.20048171676329,1.05411169506059,12.8297521344426,0.310571428571429
2024-11-22,"COPP",4.31808333333333,6.02282059469796,-0.454747578261497,12.5885473673769,1.11568482384673,13.0432949456384,0.302285714285714
2024-11-23,"EB",7.41758333333333,4.78298730953081,-1.90636506292077,11.2202535504619,1.5651555332713,13.1266186133827,0.782857142857143
2024-11-23,"IMGM",3.779125,5.33387336311657,-1.13652687866242,11.8037927381389,1.07693918753176,12.9403196168013,0.316285714285714
2024-11-23,"PRES",3.53583333333333,5.61944600691704,-0.798060065830806,12.0050475660686,1.30933523395498,12.8031076318994,0.263714285714286
2024-11-23,"BIRR",3.84833333333333,5.63151725269588,-0.829238501507434,12.1196788639189,1.14888136923654,12.9489173654263,0.292571428571429
2024-11-23,"BLC2",4.57058333333333,5.51072370847402,-0.791860377937619,12.0368355204741,0.900994072442107,12.8286958984117,0.385142857142857
2024-11-23,"BOTR",3.33525,5.1749975678988,-1.38832032046339,11.7878101950637,1.10311811828453,13.1761305155271,0.300571428571429
2024-11-23,"GHSR",3.69208333333333,4.40596767345817,-1.92489148358151,10.7779773098805,0.812609012958167,12.702868793462,0.432571428571429
2024-11-23,"LEAM",3.277375,4.97131055102535,-1.43141869798306,11.3236102604969,1.10708925181376,12.75502895848,0.309142857142857
2024-11-23,"NPT3",6.45829166666667,7.22707356739622,0.688862320688245,13.7846387818672,0.871117298864839,13.095776461179,0.402
2024-11-23,"REA1",4.93125,5.33004045878005,-0.893932188200224,11.9777482208424,0.814046930110511,12.8716804090426,0.446857142857143
2024-11-23,"SOUT",7.70825,6.23504473364224,-0.730356190118173,12.8037318608187,1.06504147016194,13.5340880509368,0.670571428571429
2024-11-23,"WREX",3.18195833333333,4.71489854794937,-1.91098118631711,11.3212474130539,1.07106511115354,13.2322285993711,0.317714285714286
2024-11-23,"LEAR",3.35595833333333,4.99005200407852,-1.32314000756669,11.635191953483,1.11828483055245,12.9583319610497,0.307714285714286
2024-11-23,"PLYM",19.1442916666667,6.74307274536965,0.301547161286281,13.2428175470256,10.6355953397604,249.000235171382,1
2024-11-23,"SHDG",3.75104166666667,5.5164281690445,-0.864006700350133,12.1263566675379,1.16258216455438,12.9903633678881,0.284857142857143
2024-11-23,"SHE",4.110625,5.41193579077673,-1.15962834909451,11.7064906740719,0.946786031351408,12.8661190231664,0.361714285714286
2024-11-23,"BEL2",6.46525,6.41550258616963,0.0502111614436501,13.1683431203372,0.786374496772528,13.1181319588936,0.491714285714286
2024-11-23,"GLKP",3.58983333333333,3.9057335159641,-2.31316928006826,10.1995744070622,0.784888633432202,12.5127436871305,0.455142857142857
2024-11-23,"LECU",2.72308333333333,5.04187422052389,-1.52258433942655,11.6442339928952,1.40130273031429,13.1668183323217,0.246857142857143
2024-11-23,"SUN2",5.00491666666667,5.63038461417585,-0.758755972991658,11.9794045290142,0.803488444588315,12.7381605020058,0.424285714285714
2024-11-23,"TRAN",3.258625,5.26724557694881,-1.28674071526327,12.0096487695142,1.262207581065,13.2963894847774,0.274
2024-11-23,"STOK",3.67533333333333,5.24276476691056,-1.53928566093264,11.6531191618996,1.03809442317464,13.1924048228322,0.314571428571429
2024-11-23,"BEX",5.61316666666667,5.93428296784349,-0.598644829652981,12.3905458371288,0.767806472103261,12.9891906667818,0.456571428571429
2024-11-23,"SEND",5.10125,5.41993874706813,-0.97970091973239,12.1803406767222,0.813186931573016,13.1600415964546,0.454857142857143
2024-11-23,"HUL2",5.04029166666667,6.07123657367551,-0.410818025357667,12.5567509425533,0.862897155690137,12.967568967911,0.383714285714286
2024-11-23,"PEMB",8.36179166666667,4.35718820171671,-1.94888730803103,10.6739892331808,2.45833805912456,12.6228765412118,0.887714285714286
2024-11-23,"WFEN",3.98966666666667,4.56199588318546,-1.87958943929455,11.0501140318716,0.808612823980397,12.9297034711661,0.421428571428571
2024-11-23,"OSY",6.15283333333333,4.91556876837065,-1.24308291394322,11.6037299001597,0.952974119901322,12.8468128141029,0.646
2024-11-23,"ACTH",1.90458333333333,2.50048062843774,-3.77765477632214,8.94739053853575,0.804713188605776,12.7250453148579,0.425428571428571
2024-11-23,"COPP",2.99233333333333,5.20360501336169,-1.47253948263225,11.7333637444336,1.34828946797538,13.2059032270659,0.251714285714286
2024-11-24,"EB",9.05958333333333,6.37619542909184,-0.00694571473230004,12.6587494665854,1.61036867872367,12.6656951813177,0.792
2024-11-24,"IMGM",3.15354166666667,5.26935703512753,-1.26394280161991,11.5396234166504,1.27491991317993,12.8035662182703,0.262285714285714
2024-11-24,"PRES",4.36525,4.94008661711672,-1.77221179996122,11.4386602970613,0.828379667200551,13.2108720970225,0.448571428571429
2024-11-24,"BIRR",4.06941666666667,5.65718149798676,-1.17821814561619,12.3266438804136,1.07193586029362,13.5048620260298,0.310571428571429
2024-11-24,"BLC2",6.98516666666667,5.75745745283263,-0.677479436686645,12.3520463818484,0.932434732335821,13.029525818535,0.64
2024-11-24,"BOTR",3.08966666666667,5.06336920434368,-1.66133653504545,11.5763716175211,1.20286308466591,13.2377081525665,0.276285714285714
2024-11-24,"GHSR",5.49820833333333,4.50797835021498,-1.47297277654807,10.8898776780581,0.886222158137074,12.3628504546061,0.609714285714286
2024-11-24,"LEAM",4.8575,4.80535469065663,-1.70445708925951,11.4559834939138,0.776251378495282,13.1604405831733,0.506285714285714
2024-11-24,"NPT3",6.70104166666667,5.97827692625568,-0.485324070447886,12.3027695116335,0.851284482451701,12.7880935820814,0.591714285714286
2024-11-24,"REA1",10.8353333333333,5.3541424667928,-1.18637249108222,11.9385990322679,3.71959884113988,13.1249715233501,0.948285714285714
2024-11-24,"SOUT",12.8920416666667,6.5376396914518,0.282208963173146,12.9790935292841,4.49758870536605,12.696884566111,0.972285714285714
2024-11-24,"WREX",4.134375,4.57455897249369,-1.81819472487296,10.8940549319493,0.804295812130245,12.7122496568223,0.442285714285714
2024-11-24,"LEAR",4.67083333333333,4.72806507872881,-2.03095506343851,11.1229253408898,0.770095984319893,13.1538804043283,0.494571428571429
2024-11-24,"PLYM",18.1633333333333,11.3288708337859,4.77572224170014,17.8599191061024,5.0066262645092,25.2207659536395,0.982
2024-11-24,"SHDG",1.872,5.50452560453963,-1.05033555605295,11.9817496586876,2.16010805058634,13.0320852147405,0.140857142857143
2024-11-24,"SHE",2.013625,5.57287957748528,-1.07668934687083,12.1434359346109,2.07373811172485,13.2201252814817,0.155142857142857
2024-11-24,"BEL2",5.54545833333333,6.34910152207273,0.00992862302319392,12.7743178332063,0.855723988815381,12.7643892101831,0.409428571428571
2024-11-24,"GLKP",5.2025,4.28202498142751,-2.13136086090391,10.6516345289718,0.910031844694389,12.7829953898757,0.61
2024-11-24,"LECU",4.08520833333333,4.69147730552126,-2.01814851554402,11.1991235453436,0.812960303443941,13.2172720608876,0.429428571428571
2024-11-24,"SUN2",3.82870833333333,5.5244252326928,-0.888850147165405,11.8807148622173,1.09644418905367,12.7695650093827,0.308571428571429
2024-11-24,"TRAN",4.34066666666667,4.85708374341744,-1.66759366195903,11.0713365572,0.796706493012654,12.7389302191591,0.426285714285714
2024-11-24,"STOK",2.33983333333333,5.23873371846557,-1.33579363924978,11.6037765756351,1.72196088316007,12.9395702148848,0.19
2024-11-24,"BEX",10.0550833333333,6.1234546860035,-0.244797837781219,12.4005057761728,2.40284622869323,12.645303613954,0.883714285714286
2024-11-24,"SEND",9.54895833333333,5.74433720209045,-0.7996822489477,12.0713123493337,2.33148961840694,12.8709945982814,0.875142857142857
2024-11-24,"HUL2",3.33929166666667,6.16032320481736,-0.206530259147544,12.7928214529515,1.76678992574615,12.9993517120991,0.184571428571429
2024-11-24,"PEMB",8.76279166666667,6.16286052339879,-0.354411620515917,12.7343089686587,1.59107908241085,13.0887205891747,0.791428571428571
2024-11-24,"WFEN",8.99175,4.9997207150194,-1.31646607579497,11.3784351637269,2.49660162501042,12.6949012395219,0.892571428571429
2024-11-24,"OSY",11.5222916666667,6.08726532777097,-0.41935506397031,12.5687413736449,3.68864616350269,12.9880964376152,0.953714285714286
2024-11-24,"ACTH",3.82179166666667,2.88149869766445,-4.03965727918062,9.08484163647832,0.91146404178453,13.1244989156589,0.615714285714286
2024-11-24,"COPP",2.79870833333333,4.91484856596768,-1.6093725047142,11.4239909053749,1.30328526793346,13.0333634100891,0.259142857142857
2024-11-25,"EB",5.30954166666667,7.51727414374862,1.05714753390158,13.6557966318147,1.31961423959795,12.5986490979132,0.240857142857143
2024-11-25,"IMGM",4.09691666666667,5.63320339379328,-0.77096058223191,12.0393680180263,1.05040261487512,12.8103286002582,0.318285714285714
2024-11-25,"PRES",5.72633333333333,5.86576068310708,-0.409006428367391,12.0479290044656,0.776007019189538,12.456935432833,0.473714285714286
2024-11-25,"BIRR",5.288875,6.33488136485213,0.0538117065346314,12.7422700506873,0.882049701159246,12.6884583441527,0.388857142857143
2024-11-25,"BLC2",7.41458333333333,7.23568815003177,0.836744386861835,13.4826801802831,0.761860828709003,12.6459357934212,0.540571428571429
2024-11-25,"BOTR",4.315125,5.57046319118231,-0.867554496436099,12.2871507069888,0.975371837702887,13.1547052034249,0.344285714285714
2024-11-25,"GHSR",4.2285,5.76516237605406,-0.596468429238003,12.1462725542942,1.02536303577353,12.7427409835322,0.323714285714286
2024-11-25,"LEAM",4.8625,5.99166503447723,-0.555911155682142,12.4572441418799,0.937396398052269,13.013155297562,0.364857142857143
2024-11-25,"NPT3",5.98275,6.70604958614854,0.107197257802136,13.1693038800735,0.831947548975707,13.0621066222713,0.415714285714286
2024-11-25,"REA1",5.95329166666667,8.13308606439307,1.67317059331491,14.708556110406,1.30133433910737,13.0353855170911,0.264285714285714
2024-11-25,"SOUT",6.68141666666667,9.03816988695833,2.50270955990336,15.5306879018599,1.40515676540125,13.0279783419566,0.231142857142857
2024-11-25,"WREX",4.63145833333333,5.52511113749279,-0.902439708859629,11.9481183527282,0.855492799657234,12.8505580615878,0.396285714285714
2024-11-25,"LEAR",4.60595833333333,5.81913160363382,-0.717656796344208,12.3299746498475,0.97005208912694,13.0476314461917,0.354285714285714
2024-11-25,"PLYM",8.88270833333333,11.3830741285094,4.62574226451251,18.07721692652,1.46052377241902,13.4514746620075,0.236
2024-11-25,"SHDG",4.15191666666667,5.40163761307839,-1.13949519073082,11.6955612567373,0.953725122809029,12.8350564474681,0.352285714285714
2024-11-25,"SHE",4.49591666666667,5.38328747071742,-1.0283245394207,11.9828966127633,0.897858182994767,13.011221152184,0.388285714285714
2024-11-25,"BEL2",4.81920833333333,6.60273865262024,0.0154578870749171,12.9121247545434,1.16317657431418,12.8966668674684,0.286
2024-11-25,"GLKP",3.87391666666667,5.45724958557039,-0.964657478794036,11.8432915557963,1.07850178702294,12.8079490345903,0.314285714285714
2024-11-25,"LECU",4.47129166666667,5.8037694742461,-0.842315698469144,12.1035994183547,1.00280607876092,12.9459151168238,0.330571428571429
2024-11-25,"SUN2",4.83891666666667,5.68352715681363,-0.957925136002138,11.9899481225291,0.842686243283446,12.9478732585312,0.404285714285714
2024-11-25,"TRAN",3.93766666666667,5.86600366958475,-0.423642295315422,12.1715810217619,1.26421271700756,12.5952233170773,0.268571428571429
2024-11-25,"STOK",4.33183333333333,5.33814068837279,-0.951746154707735,11.5805171647731,0.879471083149114,12.5322633194808,0.383142857142857
2024-11-25,"BEX",5.93941666666667,8.35518911615171,1.71635264000505,14.7187408202104,1.4213182586254,13.0023881802053,0.240285714285714
2024-11-25,"SEND",4.892875,7.97367906963689,1.67877312611296,14.3587789513745,1.93433990552701,12.6800058252615,0.162571428571429
2024-11-25,"HUL2",5.40195833333333,6.1202379232593,-0.416628742553261,12.5327225765122,0.819240311552365,12.9493513190655,0.415428571428571
2024-11-25,"PEMB",5.14341666666667,6.83491484854787,0.146185211519187,13.2374715670959,1.06733584172216,13.0912863555767,0.31
2024-11-25,"WFEN",4.43404166666667,7.42999574610396,0.926217797982213,13.7805296843777,1.77331710323221,12.8543118863955,0.189714285714286
2024-11-25,"OSY",5.33116666666667,8.62546800480848,2.19833344963377,14.9159341746434,1.98482232763222,12.7176007250096,0.161428571428571
2024-11-25,"ACTH",2.45966666666667,4.16973450542112,-2.36713163507182,10.6194077932248,1.12720390623247,12.9865394282966,0.301714285714286
2024-11-25,"COPP",4.59904166666667,5.44710305383248,-0.926727773365283,11.8890522388006,0.854473653524104,12.8157800121658,0.393714285714286
2024-11-26,"EB",6.14983333333333,5.31101041391337,-1.19880263609197,11.8996406541094,0.885885450045513,13.0984432902014,0.607142857142857
2024-11-26,"IMGM",5.304625,5.19723221025343,-1.29642751623424,11.631762181808,0.771178079561198,12.9281896980422,0.495142857142857
2024-11-26,"PRES",10.5945833333333,5.56409377165792,-0.83190965783338,11.7318586823878,3.33707825631659,12.5637683402212,0.941428571428571
2024-11-26,"BIRR",11.2687083333333,5.98929220591168,-0.583002616606467,12.4118686695234,3.50069454952599,12.9948712861299,0.947142857142857
2024-11-26,"BLC2",6.58808333333333,6.56668161070183,0.0570969157553216,12.8792413528596,0.78392153003013,12.8221444371042,0.507714285714286
2024-11-26,"BOTR",8.75204166666667,5.23364507825595,-1.00448385596339,11.7552411188296,2.18427191256488,12.759724974793,0.868571428571429
2024-11-26,"GHSR",6.51833333333333,4.47532717862317,-2.13970128435208,10.7973214145568,1.27687556579813,12.9370226989089,0.726857142857143
2024-11-26,"LEAM",5.46391666666667,5.17716151958159,-1.22060449678363,11.4614212116328,0.772971892296844,12.6820257084164,0.516857142857143
2024-11-26,"NPT3",6.40041666666667,5.6424011384233,-0.742418539898311,12.1933851518641,0.84705716698019,12.9358036917624,0.598
2024-11-26,"REA1",7.15520833333333,5.4477134864967,-0.710785905687217,11.9269890017396,1.11468203028376,12.6377749074268,0.697714285714286
2024-11-26,"SOUT",6.9655,5.870789029415,-0.581386715989073,12.3622369410985,0.926689379980526,12.9436236570876,0.629714285714286
2024-11-26,"WREX",6.56445833333333,4.90168696166251,-1.88625135104444,11.3115166090166,1.13387362291338,13.197767960061,0.694
2024-11-26,"LEAR",5.05116666666667,4.98246811407487,-1.54401394096769,11.4933447727058,0.777945767618123,13.0373587136735,0.504
2024-11-26,"PLYM",5.99058333333333,7.1650535012142,0.741986682402417,13.380806365189,0.950323553921856,12.6388196827865,0.361714285714286
2024-11-26,"SHDG",6.76983333333333,5.47831962661068,-0.775278152509198,12.0535139092796,0.984988818834375,12.8287920617888,0.646857142857143
2024-11-26,"SHE",7.84,5.53798905522832,-0.803679933183131,12.2221750971821,1.39083707087723,13.0258550303652,0.750571428571429
2024-11-26,"BEL2",11.8642083333333,5.55245601842374,-0.77114790554448,12.2072613634574,4.41395226622766,12.9784092690019,0.966857142857143
2024-11-26,"GLKP",5.504125,4.14832145226418,-2.17005809416772,10.7042887114893,1.0227651433638,12.874346805657,0.66
2024-11-26,"LECU",6.16154166666667,5.13348084799565,-1.18658709197986,11.4776777562755,0.892842334248809,12.6642648482553,0.630285714285714
2024-11-26,"SUN2",5.562,5.28003824750781,-1.07832989899292,11.5989218042713,0.78317133494306,12.6772517032642,0.530857142857143
2024-11-26,"TRAN",6.88379166666667,4.90736376038681,-1.71004680153835,11.228016553872,1.22084739013627,12.9380633554103,0.723714285714286
2024-11-26,"STOK",5.74395833333333,5.3005491166468,-1.42565836791701,11.6330086659131,0.8000630955194,13.0586670338302,0.546571428571429
2024-11-26,"BEX",7.90104166666667,5.97420502839672,-0.55414444180617,12.7237560639347,1.24938520084378,13.2779005057409,0.728571428571429
2024-11-26,"SEND",6.286375,5.39243984874258,-1.06114275519002,11.7216895404938,0.890187794462363,12.7828322956838,0.613142857142857
2024-11-26,"HUL2",6.87208333333333,6.1139507084994,-0.300984420050229,12.6005749034348,0.846698277858964,12.9015593234851,0.604
2024-11-26,"PEMB",2.90875,4.6944655214764,-2.14010080511255,11.2313587055241,1.17703220711537,13.3714595106366,0.283714285714286
2024-11-26,"WFEN",5.32820833333333,4.87741587310656,-1.55536321712483,11.2282483225351,0.788734531977969,12.7836115396599,0.558
2024-11-26,"OSY",4.83491666666667,5.46270466451432,-0.990353715134239,11.6653198382872,0.812115651445581,12.6556735534215,0.418857142857143
2024-11-26,"ACTH",1.41808333333333,2.84410876920804,-3.59572121673413,9.29887467489529,1.01229816961093,12.8945958916294,0.333428571428571
2024-11-26,"COPP",6.14495833333333,5.32249327549878,-1.4301220773373,11.8250744384127,0.85629993404748,13.25519651575,0.598857142857143
2024-11-27,"EB",4.45566666666667,6.63451215706323,0.268264892889107,13.1142787572794,1.29474206055056,12.8460138643903,0.257142857142857
2024-11-27,"IMGM",5.18275,6.59096604054162,-0.0487281414356096,13.1064697013886,0.992111253971705,13.1551978428242,0.328285714285714
2024-11-27,"PRES",15.4864583333333,8.30785453721209,1.76862494329857,14.9031081472266,5.36336367607834,36.4684906481953,0.984
2024-11-27,"BIRR",9.210875,9.14677807789212,2.73389403394327,15.5000469947181,0.775522300508821,12.7661529607749,0.513142857142857
2024-11-27,"BLC2",7.79575,7.2141436364821,0.620810693909354,13.5464923118149,0.79907978361976,12.9256816179056,0.580285714285714
2024-11-27,"BOTR",10.3450833333333,7.81954035100356,1.39587056965285,14.3527500897113,1.50610256461508,12.9568795200585,0.774857142857143
2024-11-27,"GHSR",5.9375,6.30094276979794,-0.281709683619138,12.6897693702761,0.77677507362511,12.9714790538953,0.464857142857143
2024-11-27,"LEAM",9.30625,6.35948892175424,-0.0120739070796059,13.0278865666325,1.73705935476004,13.0399604737121,0.809714285714286
2024-11-27,"NPT3",6.48691666666667,6.76681609731997,0.47651021264068,13.1626446005347,0.761252310734605,12.686134387894,0.473714285714286
2024-11-27,"REA1",5.57795833333333,6.9210485389201,0.487306764758873,13.3181019596908,0.973807790455775,12.8307951949319,0.335428571428571
2024-11-27,"SOUT",5.40891666666667,7.02279627496401,0.50332071849195,13.5102722144326,1.0470371665395,13.0069514959407,0.319428571428571
2024-11-27,"WREX",9.259125,6.57033624875312,0.167060396420308,13.0602486567307,1.64407885282511,12.8931882603104,0.791714285714286
2024-11-27,"LEAR",8.81379166666667,6.10791546705689,-0.518052540702982,12.7119291351294,1.63788015812359,13.2299816758324,0.798857142857143
2024-11-27,"PLYM",5.11895833333333,7.1836529291936,0.703004576333107,13.6505173764184,1.25317199524416,12.9475128000853,0.272285714285714
2024-11-27,"SHDG",9.66295833333333,7.37564850002182,0.956991172297872,13.8072284146756,1.41097353398604,12.8502372423777,0.754857142857143
2024-11-27,"SHE",10.4314583333333,7.70145492762205,1.24252565685176,14.2451849032249,1.59367137615953,13.0026592463731,0.779714285714286
2024-11-27,"BEL2",24.42025,9.13179017303863,2.44027203920409,15.747036127007,13.4255549244961,360.235319007523,1
2024-11-27,"GLKP",5.54045833333333,5.73043381545174,-0.771917703534746,12.2892082965812,0.767313143410244,13.0611260001159,0.476571428571429
2024-11-27,"LECU",8.85229166666667,6.71377158374528,0.242431585624973,13.1998109777358,1.29351442543301,12.9573793921108,0.738571428571429
2024-11-27,"SUN2",5.87858333333333,6.49332596093809,0.0157876646584436,12.7257580261265,0.790725128702746,12.709970361468,0.427714285714286
2024-11-27,"TRAN",8.842375,6.96391178490183,0.385088372182477,13.4787560042674,1.21404772399113,13.0936676320849,0.722571428571429
2024-11-27,"STOK",10.6938333333333,6.75528514392688,0.229398067970876,13.2606453105682,2.50417644140712,13.0312472425974,0.889714285714286
2024-11-27,"BEX",6.45054166666667,7.71818667289524,1.27108131834501,13.8371151131487,0.933809354665076,12.5660337948037,0.360857142857143
2024-11-27,"SEND",5.05016666666667,6.93356780610954,0.316450240325998,13.4123065612092,1.18759645756493,13.0958563208832,0.282571428571429
2024-11-27,"HUL2",8.65279166666667,7.58917866812336,1.27167640247376,13.7695327594597,0.892914359449092,12.4978563569859,0.631714285714286
2024-11-27,"PEMB",3.387375,4.87714901996187,-1.4040528242576,11.4721723362026,1.0692143932049,12.8762251604602,0.318571428571429
2024-11-27,"WFEN",5.29191666666667,6.2322070352982,-0.0726021957195304,12.5566704430061,0.893147405874532,12.6292726387257,0.394571428571429
2024-11-27,"OSY",4.355375,6.32539771249789,-0.216321988192584,12.6985751319466,1.19945656813165,12.9148971201392,0.288
2024-11-27,"ACTH",1.82004166666667,3.43704274328579,-2.84498184519313,9.95698782806085,1.07357640538691,12.801969673254,0.315142857142857
2024-11-27,"COPP",9.84670833333333,6.82947621566317,0.684337911948934,13.5200276610124,1.78870241785624,12.8356897490635,0.819428571428571
2024-11-28,"EB",10.18275,6.42765345970286,-0.372772882286264,12.8586601690938,2.33782861150924,13.2314330513801,0.869428571428571
2024-11-28,"IMGM",7.44895833333333,6.96133857924487,0.480226252542072,13.4955928474787,0.784090175103819,13.0153665949366,0.554571428571429
2024-11-28,"PRES",8.507375,10.4839854079944,3.76095325215444,16.9970903896281,1.22966752800268,13.2361371374736,0.278
2024-11-28,"BIRR",17.06675,8.73309307852447,1.99461658437997,15.0070634506341,6.46731681232464,95.3999088408916,0.996
2024-11-28,"BLC2",8.578,8.1055325797229,1.79964722799908,14.5509939566727,0.822460233365918,12.7513467286736,0.554571428571429
2024-11-28,"BOTR",14.1294166666667,8.77981460973331,2.4328777246857,15.3460962058083,3.60705164521213,12.9132184811226,0.945714285714286
2024-11-28,"GHSR",6.12433333333333,6.48612897969292,-0.103038602659339,13.0650360814289,0.799807696738281,13.1680746840882,0.445714285714286
2024-11-28,"LEAM",16.1920833333333,8.2067380253477,1.85382388129508,14.4756971077456,6.25681356643595,81.2773222499595,0.993714285714286
2024-11-28,"NPT3",9.640375,7.22545853652902,0.692304118436565,13.6213601447556,1.43586336710793,12.9290560263191,0.770571428571429
2024-11-28,"REA1",17.1177916666667,6.75242195230883,0.342980381102865,13.2243028705056,8.44485308707333,168.620874335847,0.998571428571429
2024-11-28,"SOUT",9.35729166666667,6.87470446297636,0.403135892122691,13.5661703119987,1.49772263050604,13.163034419876,0.776285714285714
2024-11-28,"WREX",7.51875,7.97379638097659,1.40549200402745,14.5719788832777,0.795219924338515,13.1664868792502,0.444285714285714
2024-11-28,"LEAR",15.4992083333333,7.92783211298952,1.5685679126494,14.4177447423463,5.71548784356005,56.107720469176,0.989714285714286
2024-11-28,"PLYM",8.01891666666667,7.33384502483011,0.682571320527015,13.9653400824166,0.811611852824847,13.2827687618896,0.572857142857143
2024-11-28,"SHDG",9.54016666666667,8.8430076441533,2.41786372045037,15.311430389938,0.827596350638862,12.8935666694876,0.589428571428571
2024-11-28,"SHE",9.16479166666667,9.04688466962916,2.41789126651884,15.7985730089495,0.776081151848191,13.3806817424306,0.517428571428571
2024-11-28,"BEL2",11.244125,14.1162326529462,7.63901004279787,20.4858979328559,1.70279607157256,12.846887890058,0.193714285714286
2024-11-28,"GLKP",6.27066666666667,6.15347892534234,-0.196061392182261,12.5336318663228,0.773827282096686,12.7296932585051,0.515142857142857
2024-11-28,"LECU",14.1775,8.11918740203347,1.3743386371093,14.3263005995678,4.2967823608765,12.9519619624585,0.970857142857143
2024-11-28,"SUN2",7.20333333333333,7.03290693909628,0.693746823094349,13.4167482589853,0.784492377613278,12.7230014358909,0.526857142857143
2024-11-28,"TRAN",11.9262083333333,8.08050493801765,1.60038491252215,14.8058488803123,2.41340657429504,13.2054639677901,0.878857142857143
2024-11-28,"STOK",12.2150833333333,9.00139845867288,2.58489954039416,15.6283581056242,1.8943516653433,13.0434585652301,0.830571428571429
2024-11-28,"BEX",18.4553333333333,7.58584833234763,1.04120943574464,14.0261422939104,8.9562959368462,190.152574435081,0.999142857142857
2024-11-28,"SEND",11.0839583333333,6.88857684157601,0.50941791291039,13.3305763781521,2.59428334006687,12.8211584652417,0.892285714285714
2024-11-28,"HUL2",9.16091666666667,8.66059806834627,2.14215617376292,15.2420806542575,0.802642995330853,13.0999244804946,0.564285714285714
2024-11-28,"PEMB",5.06579166666667,5.5182565931191,-1.03211162773571,12.3084275012194,0.793337315234535,13.3405391289551,0.444285714285714
2024-11-28,"WFEN",11.073125,6.63868004444158,0.0585634479408567,13.1058052071705,2.79443733353353,13.0472417592297,0.914571428571429
2024-11-28,"OSY",10.4304583333333,6.58719936911175,0.0524680351335722,12.9429664909888,2.38287151786069,12.8904984558552,0.883142857142857
2024-11-28,"ACTH",1.95566666666667,4.03301026769587,-2.38666897000146,10.438639264022,1.24818809992904,12.8253082340234,0.276571428571429
2024-11-28,"COPP",14.5460416666667,8.61139842258235,2.04701042818325,15.1310764756099,4.18519722620474,13.0840660474266,0.963428571428571
2024-11-29,"EB",4.48308333333333,9.71160759691373,3.24422391744108,16.0963680684433,3.56273986136992,12.8521441510022,0.0557142857142857
2024-11-29,"IMGM",5.50725,8.94129848694013,2.77366034076241,15.5376132576163,2.12037452045987,12.7639529168539,0.148
2024-11-29,"PRES",6.18025,8.96907234996455,2.95688255303023,15.1623551010137,1.69030702335456,12.2054725479834,0.191428571428571
2024-11-29,"BIRR",7.75154166666667,12.8106687779576,6.27223177799805,19.5483743642013,3.37851730157581,13.2761425862032,0.0657142857142857
2024-11-29,"BLC2",7.02054166666667,9.51716753813202,3.17962948112546,15.92436813256,1.52842186108265,12.7447386514345,0.224
2024-11-29,"BOTR",9.082125,11.2980329643536,4.63883872732436,17.8173090939183,1.2852704828667,13.178470366594,0.267428571428571
2024-11-29,"GHSR",5.52391666666667,7.70231525468224,1.3926815731219,14.1369855943107,1.34171437683929,12.7443040211887,0.250857142857143
2024-11-29,"LEAM",5.28008333333333,11.842208520914,5.09477686926412,18.143344082219,4.78118081496022,13.0485672129549,0.028
2024-11-29,"NPT3",6.36008333333333,9.53113756477669,2.96657637480402,16.0186653073239,1.85585790143832,13.0520889325199,0.171142857142857
2024-11-29,"REA1",7.88633333333333,12.1878159653309,5.69674168671085,18.7461356744382,2.78592102233627,13.0493939877274,0.0894285714285714
2024-11-29,"SOUT",5.348875,9.49788275552088,2.93488007622192,15.6057792439538,2.6106436298906,12.6708991677318,0.104857142857143
2024-11-29,"WREX",6.85541666666667,8.4301679080066,1.97101004413523,14.7656583678713,1.07408445722565,12.7946483237361,0.307428571428571
2024-11-29,"LEAR",4.83104166666667,11.4901854926837,5.08651413599626,17.8336309275529,4.86339952732528,22.9660155647401,0.0217142857142857
2024-11-29,"PLYM",11.0249583333333,9.55907110711454,3.03861742689917,16.259769627931,1.03594517930787,13.2211522010318,0.69
2024-11-29,"SHDG",8.34916666666667,9.89575768266715,3.80751089211273,16.4555712609704,1.04615064939648,12.6480603688577,0.310571428571429
2024-11-29,"SHE",10.0806666666667,9.68016914945501,3.36519512979027,16.3588492093364,0.766788539771706,12.9936540795461,0.547428571428571
2024-11-29,"BEL2",8.47183333333333,10.1983457442008,4.0060411993618,16.5538732793176,1.09392130263898,12.5478320799558,0.303428571428571
2024-11-29,"GLKP",5.60629166666667,7.56227431398846,0.99844803989373,14.2388093117702,1.29089185275149,13.2403612718764,0.272285714285714
2024-11-29,"LECU",6.13416666666667,11.1927520693165,4.59785329220105,17.5304191948132,3.41965252644669,12.9325659026122,0.0642857142857143
2024-11-29,"SUN2",10.8815416666667,8.65799176893254,2.6244742080231,15.309003500833,1.32131150227186,12.6845292928099,0.746857142857143
2024-11-29,"TRAN",7.126625,10.3341239738315,4.1285221388949,16.9973006244903,1.90293595977771,12.8687784855954,0.161142857142857
2024-11-29,"STOK",8.04241666666667,10.6342504446918,4.35075743745622,17.3886947523737,1.57663017877848,13.0379373149174,0.206
2024-11-29,"BEX",7.95995833333333,13.1916872980926,6.76645805805807,19.9092828748414,3.5075915940226,13.1428248167834,0.0542857142857143
2024-11-29,"SEND",5.45208333333333,10.279711341947,3.77897774194137,16.6987121975985,3.14192567326939,12.9197344556571,0.0742857142857143
2024-11-29,"HUL2",6.486875,9.96265399933403,3.35088905058271,16.2320526258899,2.04454428670613,12.8811635753072,0.155142857142857
2024-11-29,"PEMB",5.70270833333333,7.27206797762941,0.982177042072818,13.8603592917109,1.05321481637153,12.878182249638,0.320285714285714
2024-11-29,"WFEN",6.02408333333333,9.9194179243338,3.46965794938204,16.4012367785237,2.4685561340048,12.9315788291417,0.119142857142857
2024-11-29,"OSY",5.369625,9.98301047403763,3.63581202167416,16.4356688422125,3.024747170893,12.7998568205383,0.0842857142857143
2024-11-29,"ACTH",3.20258333333333,5.21643739271791,-1.6883854806402,11.5386097424115,1.22517629279415,13.2269952230517,0.290285714285714
2024-11-29,"COPP",8.28529166666667,11.4389478162253,5.09650238358363,17.7912511097515,1.8587151883929,12.6947487261679,0.172571428571429
2024-11-30,"EB",7.90779166666667,5.1883006085944,-1.28876946464313,11.4895103317684,1.62946278792559,12.7782797964115,0.802857142857143
2024-11-30,"IMGM",8.44545833333333,5.85852931172466,-0.511263301171923,12.1262739152403,1.58620119459197,12.6375372164122,0.789428571428571
2024-11-30,"PRES",5.81270833333333,5.87327899835367,-0.68062593521523,12.3565868807436,0.761974425874464,13.0372128159589,0.491428571428571
2024-11-30,"BIRR",8.45920833333333,6.91826880371333,0.213677598601231,13.6387810650434,1.04487194489967,13.4251034664422,0.677142857142857
2024-11-30,"BLC2",5.71825,6.59755105575064,0.0615795400369665,13.2510414074465,0.845097722197221,13.1894618674095,0.403142857142857
2024-11-30,"BOTR",8.18995833333333,7.04363201784625,0.514419953952013,13.4863812487622,0.904690743305085,12.9719612948102,0.618285714285714
2024-11-30,"GHSR",3.408,5.14554857228045,-1.31923371223766,11.7689037917504,1.135043849581,13.0881375039881,0.292857142857143
2024-11-30,"LEAM",7.194375,5.37195882401227,-1.19953616826704,11.7142435889725,1.17489206461358,12.9137797572395,0.705714285714286
2024-11-30,"NPT3",9.12341666666667,5.94009784812234,-0.550809438047539,12.3040548594078,1.95008947117563,12.8548642974554,0.844
2024-11-30,"REA1",8.82075,6.27474154880602,-0.101663682769188,12.4856545723851,1.5326983726957,12.5873182551543,0.783428571428571
2024-11-30,"SOUT",9.809375,5.62598593676639,-1.02674135170049,11.7806497530966,2.67818223097522,12.8073911047971,0.903142857142857
2024-11-30,"WREX",4.43591666666667,5.87714047388449,-0.499010192686727,12.2898460342376,1.05698688530701,12.7888562269243,0.315428571428571
2024-11-30,"LEAR",6.63529166666667,5.11306564654222,-1.26168110306594,11.8207954600836,1.00465188047925,13.0824765631495,0.661142857142857
2024-11-30,"PLYM",16.791625,8.30008758037376,1.68016984450204,14.6534589470209,6.63130890908874,98.4999312216825,0.994571428571429
2024-11-30,"SHDG",7.71429166666667,7.12457996298877,0.707650685879965,13.5382220366026,0.797868143622835,12.8305713507227,0.563714285714286
2024-11-30,"SHE",9.87633333333333,7.70544336771905,1.23467880585374,14.2052252519655,1.34165794299585,12.9705464461117,0.752571428571429
2024-11-30,"BEL2",7.15904166666667,7.02462116014169,0.448731413324898,13.7327274012955,0.772384719000151,13.2839959879706,0.530285714285714
2024-11-30,"GLKP",3.511125,4.97419201340081,-1.60259014703739,11.2405505579599,1.0412128410747,12.8431407049973,0.328571428571429
2024-11-30,"LECU",7.56483333333333,5.80697505516733,-0.682571711282859,12.2656709911346,1.15337349311882,12.9482427024175,0.706857142857143
2024-11-30,"SUN2",7.95020833333333,7.67008763390683,1.14314520855129,14.4389692323766,0.765893847950237,13.2958240238253,0.522285714285714
2024-11-30,"TRAN",5.25845833333333,6.18130573725688,-0.176528883170406,12.7418006265427,0.919154543514903,12.9183295097131,0.379714285714286
2024-11-30,"STOK",8.41595833333333,6.73557354131422,0.303969100583998,13.1555238053873,1.0935954694667,12.8515547048033,0.702
2024-11-30,"BEX",11.1162916666667,6.80392526526668,0.253009273137662,13.2991291616888,2.75623459379215,13.0461198885511,0.908857142857143
2024-11-30,"SEND",12.3005833333333,5.77721087447235,-0.572080529783926,12.3588824743353,4.64683132876401,12.9309630041192,0.973428571428571
2024-11-30,"HUL2",10.7617083333333,6.63329448496746,0.292528525410561,13.1728707176856,2.56236224275136,12.880342192275,0.892285714285714
2024-11-30,"PEMB",7.961,5.15268665242906,-1.08628036138776,11.5924236718003,1.64019070837794,12.678704033188,0.802857142857143
2024-11-30,"WFEN",10.9219166666667,5.63634716072772,-0.901329340500381,12.0968991024756,3.54689410580018,12.998228442976,0.95
2024-11-30,"OSY",10.6446666666667,5.69144813191401,-0.722535129765617,12.2081818095976,3.32885696407615,12.9307169393632,0.934571428571429
2024-11-30,"ACTH",1.31095833333333,3.34465362588379,-3.25343343687715,9.95038365089383,1.24061981147239,13.203817087771,0.268857142857143
2024-11-30,"COPP",6.41804166666667,6.72223403665238,-0.311988915369904,13.0442815837949,0.766458572214627,13.3562704991648,0.462285714285714
2024-12-01,"EB",7.67304166666667,7.71228634716666,1.12500691879155,13.9135271356439,0.773892945474926,12.7885202168524,0.501428571428571
2024-12-01,"IMGM",6.55470833333333,8.14957786445367,1.81543465283421,14.8634229624377,1.12230998693386,13.0479883096035,0.301428571428571
2024-12-01,"PRES",4.07233333333333,6.94526462441769,0.546546545842737,13.4367126348461,1.67959448684673,12.8901660890034,0.194571428571429
2024-12-01,"BIRR",4.69445833333333,8.48658049305985,2.23772040306931,14.9764320149642,2.31074013431095,12.7387116118949,0.124
2024-12-01,"BLC2",4.30525,7.31249865762596,0.81390524295053,13.7464974493114,1.87948600450857,12.9325922063609,0.175142857142857
2024-12-01,"BOTR",8.68133333333333,7.95946448166201,1.51132221030319,14.2984808034544,0.822917808260732,12.7871585931512,0.589428571428571
2024-12-01,"GHSR",4.565625,5.54569425787204,-0.760282379087375,12.0303977539255,0.908038794070732,12.7906801330129,0.372285714285714
2024-12-01,"LEAM",4.31408333333333,7.40961963283913,0.876920079506473,13.9963553437559,1.83452197610402,13.1194352642494,0.190857142857143
2024-12-01,"NPT3",5.51895833333333,8.18515553669693,1.65175106521319,14.5594019335885,1.54018143387342,12.9076508683753,0.221714285714286
2024-12-01,"REA1",5.55825,7.92586767693751,1.3637522931234,14.2331876820503,1.39661789679939,12.8694353889269,0.235428571428571
2024-12-01,"SOUT",6.63520833333333,8.50990281566764,2.39305236561031,15.0901613000403,1.22636773999599,12.69710893443,0.278571428571429
2024-12-01,"WREX",3.81591666666667,6.16571980406728,-0.507930434329784,12.5578527457093,1.37666586608595,13.0657831800391,0.246
2024-12-01,"LEAR",4.17645833333333,7.10654465678919,0.732238615811992,13.5404053211242,1.78473869550536,12.8081667053123,0.190285714285714
2024-12-01,"PLYM",9.572625,11.5693851243158,5.2237491385123,18.20737720584,1.26759703241812,12.9836280673277,0.263428571428571
2024-12-01,"SHDG",3.95054166666667,8.08160064348058,1.60247649613452,14.6469815307933,2.6671192316781,13.0445050346588,0.102285714285714
2024-12-01,"SHE",7.02941666666667,8.79237428551977,2.12815170631244,15.4444462102425,1.14538814773952,13.3162945039301,0.304857142857143
2024-12-01,"BEL2",5.12575,7.75272692041095,1.29864760741388,14.4401807261004,1.61264082696,13.1415331186866,0.205428571428571
2024-12-01,"GLKP",4.05658333333333,5.38292114437053,-1.28133231129335,11.843145187857,0.967241293804979,13.1244774991503,0.362285714285714
2024-12-01,"LECU",4.46154166666667,7.62524278585464,1.26083310773351,13.8887936729289,1.86380338831971,12.6279605651954,0.168571428571429
2024-12-01,"SUN2",4.60591666666667,7.70815687949424,1.24505125889475,14.1633720324803,1.86139422723242,12.9183207735856,0.18
2024-12-01,"TRAN",3.67625,6.73214540750383,0.129089601648988,13.2014876622691,1.83975525015078,13.0723980606202,0.173714285714286
2024-12-01,"STOK",3.80808333333333,8.10795925659731,1.74261172864048,14.1952752009423,2.80766829186301,12.4526634723018,0.0954285714285714
2024-12-01,"BEX",7.69266666666667,9.29580002764383,2.89292773594491,15.6597125002399,1.06108455458913,12.766784764295,0.31
2024-12-01,"SEND",8.87779166666667,9.568440088959,3.08019123118595,16.0511430163803,0.794563639375208,12.9709517851944,0.427714285714286
2024-12-01,"HUL2",7.821375,9.42971429609051,3.01589463378942,16.0362588156841,1.05980512879966,13.0203641818947,0.323142857142857
2024-12-01,"PEMB",3.7195,7.155704488729,0.668761314805825,13.6938048696162,2.15918616523314,13.0250435548104,0.151714285714286
2024-12-01,"WFEN",7.86566666666667,8.69685796905357,2.40967020652295,15.048010720983,0.839150708864068,12.6383405144601,0.415714285714286
2024-12-01,"OSY",10.819625,8.89184483794103,2.52492973587325,15.3899528954598,1.16554393141616,12.8650231595866,0.703428571428571
2024-12-01,"ACTH",1.359125,3.80195528060327,-2.70384784600602,10.2771294176517,1.50646543730071,12.9809772636578,0.214571428571429
2024-12-01,"COPP",3.431625,7.2939174020399,0.705525927747653,13.723282042856,2.29625598814453,13.0177561151084,0.130857142857143
2024-12-02,"EB",2.54329166666667,6.20195892802011,-0.243378648910199,12.5330058655471,2.25745967829841,12.7763845144573,0.128285714285714
2024-12-02,"IMGM",3.62320833333333,6.03268416041425,-0.182365640151449,12.6256837678708,1.47807853534116,12.8080494080223,0.230571428571429
2024-12-02,"PRES",4.20304166666667,4.93045949558818,-1.30143907130834,11.2610828330618,0.8145808079883,12.5625219043702,0.423428571428571
2024-12-02,"BIRR",3.74016666666667,5.70684554543023,-0.659816597207779,12.209468797645,1.2457824472877,12.8692853948528,0.273428571428571
2024-12-02,"BLC2",4.03791666666667,5.4320724587536,-0.98133638700484,11.918020644401,0.96774773694562,12.8993570314059,0.338571428571429
2024-12-02,"BOTR",3.50433333333333,6.77867603832615,0.400149918250331,13.2404993637849,1.99800846260288,12.8403494455346,0.151428571428571
2024-12-02,"GHSR",2.96870833333333,4.62886171476532,-1.98906561343335,11.0899973877242,1.06044362101894,13.0790630011576,0.313428571428571
2024-12-02,"LEAM",2.58058333333333,4.94056158250715,-1.8696755421925,11.4263504896208,1.40471024619562,13.2960260318133,0.240857142857143
2024-12-02,"NPT3",2.23083333333333,5.43594705530876,-1.02794178015627,11.6881933245766,1.84769375665399,12.7161351047328,0.174857142857143
2024-12-02,"REA1",2.98345833333333,5.32898748584264,-0.792567205558144,11.4982361594936,1.41819693924716,12.2908033650517,0.230285714285714
2024-12-02,"SOUT",2.793875,5.89626129595849,-0.431303087641135,12.3471947698375,1.90049875019208,12.7784978574786,0.165142857142857
2024-12-02,"WREX",2.19429166666667,4.59470346229848,-1.88706465254963,10.9653029547847,1.42129057179724,12.8523676073343,0.234857142857143
2024-12-02,"LEAR",2.436125,4.79514170856891,-1.47273405251817,11.4154985751914,1.40067454507514,12.8882326277096,0.245142857142857
2024-12-02,"PLYM",5.8195,7.43918185734074,0.991648282780899,13.9051784974037,1.12285406679909,12.9135302146228,0.303714285714286
2024-12-02,"SHDG",3.85908333333333,5.32107562572711,-0.996415318143672,11.8609835251254,0.980993899439041,12.8573988432691,0.342
2024-12-02,"SHE",3.17804166666667,6.36540864343359,-0.0727094960281989,12.7119414433354,1.89785145625725,12.7846509393636,0.177714285714286
2024-12-02,"BEL2",4.54991666666667,5.64268798365455,-1.08792338515537,11.7766638076888,0.90727547067869,12.8645871928442,0.375142857142857
2024-12-02,"GLKP",2.623875,4.23904689362536,-2.21043247770327,10.6462369719067,1.07534746253687,12.8566694496099,0.318
2024-12-02,"LECU",3.126,5.08037065871134,-1.19068900887891,11.5079825902654,1.22084966391999,12.6986715991443,0.28
2024-12-02,"SUN2",3.81195833333333,5.13522754331599,-1.39301725155148,11.9008060712894,1.01595842332719,13.2938233228408,0.338571428571429
2024-12-02,"TRAN",3.816875,4.79698410817205,-1.52782512323375,11.2535699159417,0.876522807582052,12.7813950391755,0.383428571428571
2024-12-02,"STOK",3.40904166666667,5.02061399205698,-1.39430207026867,11.3979301498521,1.07515054848411,12.7922322201207,0.316
2024-12-02,"BEX",3.07791666666667,6.60805853060527,0.0600313381671307,13.2413086966554,2.20759104784229,13.1812773584883,0.140285714285714
2024-12-02,"SEND",2.84308333333333,6.82919608985118,0.531608426987833,13.2918883075739,2.50578153112904,12.760279880586,0.109714285714286
2024-12-02,"HUL2",4.34945833333333,6.90529157912635,0.443235555096944,13.275475863261,1.49450131331777,12.8322403081641,0.22
2024-12-02,"PEMB",3.6655,4.17761872931803,-2.20641391788887,10.6795256509926,0.793080595736068,12.8859395688814,0.440857142857143
2024-12-02,"WFEN",2.39775,6.12075657209678,-0.499794539390906,12.7525589933119,2.24203164539419,13.2523535327028,0.142
2024-12-02,"OSY",2.74183333333333,7.50731083315217,0.675692915302845,14.1260491275802,3.09652888432751,13.4503562122774,0.0774285714285714
2024-12-02,"ACTH",1.45254166666667,2.4710247060098,-3.92416061371848,9.03342786526128,0.891847673795964,12.9575884789798,0.386
2024-12-02,"COPP",2.56095833333333,4.83861530843207,-1.56523201414488,11.2216738922276,1.3673566089666,12.7869059063725,0.247428571428571
2024-12-03,"EB",10.7675833333333,3.50090440447806,-3.01821103317476,10.2811868333507,5.35803427395187,32.7552578658278,0.983142857142857
2024-12-03,"IMGM",6.90458333333333,4.1691139824824,-2.26232184739,10.8216928845795,1.59323342973956,13.0840147319695,0.791428571428571
2024-12-03,"PRES",6.40041666666667,4.19904109757066,-2.22373877717889,10.6219043459562,1.36048925046435,12.8456431231351,0.745142857142857
2024-12-03,"BIRR",14.3180416666667,4.6019435721098,-1.95003293142927,10.9310361221343,7.90830119946327,148.361290834858,0.997428571428571
2024-12-03,"BLC2",5.97,4.5486228650172,-2.05576966638565,10.7877519074081,0.995510078031096,12.8435215737938,0.667428571428571
2024-12-03,"BOTR",9.9755,4.04993029108769,-2.51486492547573,10.8479492697046,4.18841206675692,13.3628141951803,0.957142857142857
2024-12-03,"GHSR",3.74404166666667,3.21685289318353,-3.36374610275923,9.77712581462147,0.821196728356693,13.1408719173807,0.581142857142857
2024-12-03,"LEAM",9.31016666666667,3.53462439309452,-2.94004930868243,10.0420926517487,4.04408624308782,12.9821419604311,0.956571428571429
2024-12-03,"NPT3",8.1545,3.4643286545266,-3.07097182123062,9.81614236232319,3.06261420979153,12.8871141835538,0.923428571428571
2024-12-03,"REA1",7.39291666666667,3.61679379853585,-2.55586273128595,10.0562087991206,2.34631001526633,12.6120715304066,0.875142857142857
2024-12-03,"SOUT",8.60070833333333,3.71369275177045,-2.97925020344569,10.2971492107181,3.16405403833919,13.2763994141638,0.932571428571429
2024-12-03,"WREX",5.962,3.19848744264553,-2.9091102139949,9.63706898820009,1.63686216724507,12.546179202195,0.803428571428571
2024-12-03,"LEAR",9.495875,3.38075919732616,-3.17224512996314,9.51266021587307,4.34699323808579,12.6849053458362,0.974285714285714
2024-12-03,"PLYM",11.97825,5.34604630542016,-1.30991119694877,11.8151573209622,4.90538354290616,19.6487756794225,0.978
2024-12-03,"SHDG",8.06695833333333,4.53575871744719,-1.63102556174742,10.9445921553096,2.14858129747716,12.5756177170571,0.855142857142857
2024-12-03,"SHE",9.04975,4.17452838981932,-2.1755813349143,10.6517453606479,3.23071584787154,12.8273266955622,0.93
2024-12-03,"BEL2",11.06825,4.65367236140245,-1.7494779975498,11.263163904399,4.68185033133736,13.0126419019488,0.972285714285714
2024-12-03,"GLKP",3.37566666666667,2.89645227930451,-3.45639679993247,9.51516897130569,0.817178512281943,12.9715657712382,0.557428571428571
2024-12-03,"LECU",9.08020833333333,3.82496913172003,-2.49510005808499,10.8460712926152,3.47164568841911,13.3411713507002,0.932285714285714
2024-12-03,"SUN2",6.75229166666667,4.08381390520631,-2.44433970166214,10.5906102518647,1.5423799401402,13.0349499535268,0.778571428571429
2024-12-03,"TRAN",7.425375,4.06701939824024,-2.27042092301101,10.5675229237322,1.97608089394281,12.8379438467432,0.835428571428571
2024-12-03,"STOK",11.1528333333333,4.13321158708004,-2.44996913212165,10.5554839142644,5.20242847865649,36.8994298091404,0.983142857142857
2024-12-03,"BEX",10.7469583333333,4.14251198672332,-2.08922512321217,10.5422705272197,4.76515591607486,20.8190078949767,0.978
2024-12-03,"SEND",8.70970833333333,3.8376760182981,-2.46634557538313,10.3047511411084,3.27407553142655,12.7710967164915,0.934571428571429
2024-12-03,"HUL2",7.75941666666667,4.85627605940024,-1.46321253325751,11.2569086443995,1.68520223073553,12.720121177657,0.799428571428571
2024-12-03,"PEMB",3.148625,3.41288076843802,-2.99701296590955,9.93702776349919,0.802917151402461,12.9340407294087,0.462285714285714
2024-12-03,"WFEN",6.41316666666667,3.3340362530579,-3.09362298097569,9.75143070529874,1.8470862316418,12.8450536862744,0.824
2024-12-03,"OSY",7.034125,3.70853311049252,-2.9779551637743,9.98014505054682,2.11061982775263,12.9581002143211,0.854285714285714
2024-12-03,"ACTH",2.32316666666667,1.7006951108086,-4.76443789699064,8.02906185017405,0.830732780688114,12.7934997471647,0.573714285714286
2024-12-03,"COPP",9.66795833333333,3.75376644015174,-2.86313082979377,10.2915281511345,4.09737020826027,13.1546589809283,0.961714285714286
2024-12-04,"EB",7.09808333333333,9.41603163203585,2.92983948308348,15.852069178581,1.39588228647576,12.9222296954975,0.244857142857143
2024-12-04,"IMGM",11.6440416666667,8.22250517131056,1.72265691466971,14.7086583981944,2.12182075968087,12.9860014835247,0.851714285714286
2024-12-04,"PRES",6.958625,7.8079404722821,1.49105161345854,14.3521182056482,0.848627332424832,12.8610665921897,0.398571428571429
2024-12-04,"BIRR",9.89491666666667,11.3302603513578,4.64741091097367,17.802196259902,0.995315784183818,13.1547853489284,0.328571428571429
2024-12-04,"BLC2",7.40770833333333,8.06484208585447,1.46316750699298,14.7131148727149,0.834667550440967,13.249947365722,0.431142857142857
2024-12-04,"BOTR",9.813375,9.31635162368291,2.72228881802464,15.4118271583364,0.786009225373287,12.6895383403117,0.574285714285714
2024-12-04,"GHSR",4.34458333333333,6.32326204730202,-0.0717023420529599,12.7384898614888,1.24765806408743,12.8101922035418,0.258857142857143
2024-12-04,"LEAM",8.37658333333333,8.84844324329054,2.47713467143289,15.3923051091344,0.78766131089961,12.9151704377016,0.436857142857143
2024-12-04,"NPT3",8.84925,8.50144634302849,2.00752882891938,15.014664625296,0.798597205656168,13.0071357963767,0.556285714285714
2024-12-04,"REA1",8.01508333333333,8.08302882486684,1.52803821203226,14.3707752629392,0.75530543849638,12.8427370509069,0.482571428571429
2024-12-04,"SOUT",10.6781666666667,8.71529763372713,2.21274626249294,15.2342912862457,1.21161804893012,13.0215450237527,0.717142857142857
2024-12-04,"WREX",5.24870833333333,7.41363855122412,0.998580064608233,13.9022763034104,1.33369674906247,12.9036962388022,0.252857142857143
2024-12-04,"LEAR",7.92858333333333,8.81696982593445,2.35337533367649,15.5156791811309,0.854027507195344,13.1623038474544,0.395714285714286
2024-12-04,"PLYM",6.08891666666667,10.4767656137861,3.96246744006722,16.9454661776429,2.80214443382252,12.9829987375757,0.0868571428571429
2024-12-04,"SHDG",8.71170833333333,8.89247801789126,2.25770784309847,15.1880131713284,0.769809615327397,12.9303053282299,0.483428571428571
2024-12-04,"SHE",9.56670833333333,9.20030430715603,2.49112925204245,15.6171547541739,0.773620527119473,13.1260255021314,0.539142857142857
2024-12-04,"BEL2",5.98270833333333,9.87299761033906,3.31604307000732,16.2983689449283,2.38433681069003,12.982325874921,0.129714285714286
2024-12-04,"GLKP",4.40154166666667,5.99183715541227,-0.473813890171985,12.6344755828337,1.04768838931739,13.1082894730057,0.324
2024-12-04,"LECU",9.421375,8.8459995801557,2.27397160476228,15.2781313788052,0.796639946539248,13.0041597740429,0.558857142857143
2024-12-04,"SUN2",8.18495833333333,7.98088549207612,1.41588454504152,14.5398167137984,0.788820013773675,13.1239321687568,0.520857142857143
2024-12-04,"TRAN",5.21325,8.19846952447068,1.88580136496472,14.8121905301148,1.87139494633771,12.9263891651501,0.172285714285714
2024-12-04,"STOK",8.84345833333333,9.80397373083909,3.36286265549466,16.1989902016188,0.870407193765581,12.8361275461241,0.390285714285714
2024-12-04,"BEX",9.44975,9.84474413513352,3.36802297653879,16.8110985379407,0.815767796398871,13.4430755614019,0.460857142857143
2024-12-04,"SEND",8.83070833333333,8.89220716072792,2.34957204090751,15.4517936423901,0.778544750999639,13.1022216014826,0.498
2024-12-04,"HUL2",13.28225,8.96487887468601,2.52208574550599,15.4459771114795,2.70399532656959,12.9238913659735,0.908
2024-12-04,"PEMB",2.239625,6.01899619114128,-0.540270585226324,12.4769694380938,2.36142250270278,13.0172400233201,0.131714285714286
2024-12-04,"WFEN",9.52445833333333,7.69491411344849,0.986401432029173,14.0841890197205,1.1840284536716,13.0977875876913,0.721142857142857
2024-12-04,"OSY",7.99641666666667,8.20859094639155,1.98814665873138,14.8486873516963,0.799680459672164,12.8605406929649,0.470571428571429
2024-12-04,"ACTH",2.54320833333333,4.81868093061274,-1.96032067591366,11.1303573271932,1.28947182853956,13.0906780031068,0.268857142857143
2024-12-04,"COPP",5.46683333333333,9.19527498049291,2.64068459328928,15.6055824517228,2.28296645676012,12.9648978584335,0.127428571428571
2024-12-05,"EB",3.66945833333333,7.00753333240466,0.353965369279147,13.3812944111542,2.06541912135848,13.027329041875,0.154
2024-12-05,"IMGM",2.96983333333333,8.99810252761253,2.64453460475624,15.224419014278,4.25858388205922,12.5798844095217,0.034
2024-12-05,"PRES",5.49529166666667,7.049987018735,0.619429283842805,13.5068630120472,1.08533060106741,12.8874337282044,0.312285714285714
2024-12-05,"BIRR",2.42441666666667,8.60958723630565,2.17108508915343,14.9160059590521,4.32536661460585,12.7449208698986,0.0302857142857143
2024-12-05,"BLC2",6.615625,7.63638393824021,1.02393555957267,14.0434278971652,0.893701736147222,13.0194923375925,0.371714285714286
2024-12-05,"BOTR",2.00575,8.23160904219675,2.02527197773611,14.569273969063,4.43648446039947,13.3248811007713,0.0237142857142857
2024-12-05,"GHSR",5.79025,5.60094426200493,-1.23323689401407,11.7898987485352,0.791165502218307,13.0231356425493,0.531714285714286
2024-12-05,"LEAM",1.58716666666667,7.4743211693281,1.19221998963933,13.8728987912492,4.08712631970035,12.6806788016098,0.0328571428571429
2024-12-05,"NPT3",2.84191666666667,7.74177877287472,1.2002796781111,14.2156358763065,3.17555573038064,13.0153561981954,0.0737142857142857
2024-12-05,"REA1",1.91816666666667,7.31772438950399,0.859612910214363,13.9050565768288,3.62839685151822,13.0454436666144,0.0514285714285714
2024-12-05,"SOUT",3.660625,8.46943374470151,1.76077386639488,14.8498166023576,3.24450826558477,13.0890427359627,0.0685714285714286
2024-12-05,"WREX",2.789875,6.16267713742428,-0.436828449068904,12.6261913789848,2.03385657425648,13.0630198280537,0.162571428571429
2024-12-05,"LEAR",1.45245833333333,7.20348491018846,0.82463816551452,13.6277601703238,4.0421607703741,12.8031220048093,0.0397142857142857
2024-12-05,"PLYM",7.294625,7.27501174660713,0.557936675128337,13.6682581195099,0.775634352913586,13.1103214443816,0.523142857142857
2024-12-05,"SHDG",2.72595833333333,8.13836736086368,1.66718909028698,14.4253912703955,3.67282070637585,12.7582021801085,0.0471428571428571
2024-12-05,"SHE",3.56233333333333,8.37551066055829,1.95491745706036,14.9366020173527,3.10572670611414,12.9816845602924,0.0734285714285714
2024-12-05,"BEL2",7.1335,6.96392748681144,0.569375513803961,13.5767025838251,0.784679319047237,13.0073270700211,0.525428571428571
2024-12-05,"GLKP",5.49529166666667,5.42739596645968,-1.10440182990588,12.2110228705136,0.78136808049573,13.3154247004195,0.494571428571429
2024-12-05,"LECU",1.93504166666667,7.95493385281605,1.43746020467052,14.3533383913696,4.18827555993228,12.9158781866991,0.0342857142857143
2024-12-05,"SUN2",4.38779166666667,7.53641137923319,1.07683328897638,13.943580299143,1.94482552937898,12.8667470101667,0.169714285714286
2024-12-05,"TRAN",4.69045833333333,6.39456458957195,-0.0501497989351575,12.8965429419404,1.14076232625517,12.9466927408755,0.299428571428571
2024-12-05,"STOK",2.95991666666667,7.90601733405555,1.41764358983116,14.3359580973482,3.3035258768251,12.918314507517,0.0662857142857143
2024-12-05,"BEX",2.12654166666667,8.32274982387028,1.87881760799051,15.0487522469212,4.45212287327304,13.1699346389307,0.0294285714285714
2024-12-05,"SEND",2.51866666666667,7.92081929636253,1.48471722085939,14.4617166587241,3.69103278815914,12.9769994378647,0.054
2024-12-05,"HUL2",4.16083333333333,10.0288390684547,3.50220408957043,16.6111240298624,4.09799463832606,13.108919940292,0.0388571428571429
2024-12-05,"PEMB",4.16779166666667,4.75566753012484,-1.40180195041856,11.3179724147625,0.830817180150353,12.719774365181,0.406857142857143
2024-12-05,"WFEN",1.597875,7.85712730275818,1.36759063386512,14.2156386656397,4.53222043465842,12.8480480317746,0.0294285714285714
2024-12-05,"OSY",3.731375,7.57091519886262,0.948978036561139,13.7969455582228,2.36607710789596,12.8479675216617,0.126857142857143
2024-12-05,"ACTH",2.961875,3.95408625992912,-2.73044379958026,10.4241288877855,0.898093355423524,13.1545726873658,0.376571428571429
2024-12-05,"COPP",2.71229166666667,6.60553796246895,-0.116189132280297,13.0359011534521,2.31604605419237,13.1520902857324,0.132
2024-12-06,"EB",4.84766666666667,3.74947281112184,-2.79751480732158,10.2867887296302,0.941297896009899,13.0843035369518,0.635142857142857
2024-12-06,"IMGM",5.74583333333333,3.67904307217309,-2.57095580586991,10.0563713403873,1.30890953653083,12.6273271462572,0.738857142857143
2024-12-06,"PRES",6.878,4.4605570716148,-1.94137651976932,11.0606768715264,1.44772411486557,13.0020533912957,0.755428571428571
2024-12-06,"BIRR",7.35254166666667,3.86496525193974,-2.56785334136157,10.5550266019599,2.12176348376096,13.1228799433215,0.845428571428571
2024-12-06,"BLC2",7.16595833333333,5.28324758675786,-0.913546193943432,11.813543756524,1.23376134841824,12.7270899504674,0.723714285714286
2024-12-06,"BOTR",6.71491666666667,3.30232029947962,-3.0482629373667,9.57377320148685,2.10794267501411,12.6220361388536,0.856
2024-12-06,"GHSR",4.39179166666667,4.0884328476766,-2.5301680806288,10.4481315514125,0.77498014668603,12.9782996320413,0.545142857142857
2024-12-06,"LEAM",6.02983333333333,2.93300910411261,-3.23870381568604,9.36721390075686,1.79949134028031,12.6059177164429,0.817428571428571
2024-12-06,"NPT3",6.73154166666667,3.46730551807823,-2.88731264354987,9.96875597284891,2.00027685793954,12.8560686163988,0.840285714285714
2024-12-06,"REA1",5.31829166666667,3.0110874256388,-3.28881986584238,9.26136299321811,1.40319574546983,12.5501828590605,0.758857142857143
2024-12-06,"SOUT",6.457375,3.80136955902597,-2.76527932587027,10.2860260807468,1.53633533412665,13.051305406617,0.778
2024-12-06,"WREX",6.274625,3.22235010827517,-3.01151925692931,9.93023517525831,1.77845823170373,12.9417544321876,0.820857142857143
2024-12-06,"LEAR",5.51395833333333,2.78711078023209,-3.708006382435,9.12555503913084,1.6277956113421,12.8335614215658,0.809428571428571
2024-12-06,"PLYM",9.36620833333333,5.76468885654922,-1.03568713722202,12.3827851679816,2.24026790502362,13.4184723052036,0.861428571428571
2024-12-06,"SHDG",6.75416666666667,3.87259035004192,-2.60173167835942,10.4757236407505,1.71378727617912,13.0774553191099,0.808285714285714
2024-12-06,"SHE",6.305125,4.10462809400831,-2.39673566789726,10.6329973742758,1.33997560562471,13.029733042173,0.748857142857143
2024-12-06,"BEL2",6.19695833333333,5.42198371440497,-1.01663393271819,11.9019994510706,0.861147892406357,12.9186333837888,0.599714285714286
2024-12-06,"GLKP",4.15391666666667,3.77856373469494,-2.60690982782007,10.2495678119589,0.783661548943673,12.856477639779,0.541714285714286
2024-12-06,"LECU",7.02054166666667,3.13759108472053,-3.35598979730131,9.47891579563371,2.45228414894433,12.834905592935,0.876285714285714
2024-12-06,"SUN2",5.80891666666667,4.07024329737286,-2.2646053810486,10.6071372711079,1.11056246268912,12.8717426521565,0.689428571428571
2024-12-06,"TRAN",8.13083333333333,4.19239275088034,-2.43456051641697,10.7468249460399,2.48275856171644,13.1813854624568,0.885142857142857
2024-12-06,"STOK",7.45583333333333,3.71955339243377,-2.87067003256882,10.1692613432357,2.28119328579338,13.0399313758045,0.866285714285714
2024-12-06,"BEX",6.03,3.5888204927154,-2.95219736700369,9.98473996864802,1.50036790803438,12.9369373356517,0.776571428571429
2024-12-06,"SEND",6.125125,3.54153136453468,-3.04243041720318,10.1854056028583,1.55955866668371,13.2278360200615,0.773142857142857
2024-12-06,"HUL2",6.797375,4.5331378386731,-1.74447062968573,10.9526046096546,1.36084154245295,12.6970752393403,0.745428571428571
2024-12-06,"PEMB",6.35904166666667,3.4430602538219,-2.7319872703563,10.0463829972316,1.74934330532894,12.7783702675879,0.815714285714286
2024-12-06,"WFEN",6.32866666666667,2.83784064810242,-3.40316720739205,9.44745645599878,2.14834904550013,12.8506236633908,0.851428571428571
2024-12-06,"OSY",6.20879166666667,3.93804380840611,-2.50782781399141,10.4996099332166,1.3329728260064,13.007437747208,0.743428571428571
2024-12-06,"ACTH",3.189875,2.06650679647435,-4.67803976016961,8.57198671731505,0.949592182763744,13.2500264774847,0.626285714285714
2024-12-06,"COPP",6.68733333333333,3.60462245666078,-2.84171829434892,10.0301531967958,1.86325542840937,12.8718714911447,0.829428571428571
2024-12-07,"EB",3.94558333333333,6.27333752390557,-0.118827392074813,12.7102447940673,1.47172421804755,12.8290721861421,0.232
2024-12-07,"IMGM",2.70833333333333,6.86835009519376,0.459213355800918,13.4221572692481,2.63966539055287,12.9629439134472,0.104285714285714
2024-12-07,"PRES",1.90166666666667,7.03259151370454,0.774071775995538,13.5252694973723,3.50365278394637,12.7511977213768,0.0531428571428571
2024-12-07,"BIRR",2.43316666666667,7.83454210754785,1.20617867771221,14.2648488775057,3.56473231469517,13.0586701997935,0.0514285714285714
2024-12-07,"BLC2",4.311125,7.53754542719835,1.22127610749239,14.0309016478974,1.94583046340421,12.809625540405,0.163428571428571
2024-12-07,"BOTR",1.56054166666667,7.19552434319157,0.840181289432469,13.8733612906644,3.82333091404998,13.0331800012319,0.0465714285714286
2024-12-07,"GHSR",0.951333333333333,5.58948379712878,-0.929534125069447,11.9113905781118,3.02623322161632,12.8409247031812,0.0814285714285714
2024-12-07,"LEAM",2.749625,6.7132115669829,0.176643444900867,13.0339023280783,2.48654544556946,12.8572588831774,0.116857142857143
2024-12-07,"NPT3",3.671375,7.03168297484864,0.623473345583122,13.5806917764526,2.01916524991357,12.9572184308695,0.162
2024-12-07,"REA1",2.332,6.39540798642654,-0.0615857932733637,12.8877716284603,2.5690144340843,12.9493574217337,0.111142857142857
2024-12-07,"SOUT",3.905375,6.97511496312718,0.607226629778683,13.5845361640387,1.88703677155167,12.97730953426,0.168857142857143
2024-12-07,"WREX",4.43004166666667,6.58696408393479,0.272297313466313,12.897523698904,1.35122953852594,12.6252263854377,0.249142857142857
2024-12-07,"LEAR",2.17675,6.42173028511447,-0.111097281214807,12.781253636075,2.75019952536673,12.8923509172898,0.0951428571428571
2024-12-07,"PLYM",11.2126666666667,8.55443315609978,1.96664241529254,15.2777569882482,1.58294815701998,13.3111145729556,0.788571428571429
2024-12-07,"SHDG",1.30404166666667,7.48799710484727,0.993559697008876,13.8339905674494,4.34935320731724,12.8404308704405,0.0322857142857143
2024-12-07,"SHE",1.2235,7.24416948605222,0.960588744739124,13.6479583190485,4.27151735625866,12.6873695743094,0.0345714285714286
2024-12-07,"BEL2",5.62004166666667,7.09826951275114,0.686061814125019,13.4907585090302,0.986085244596861,12.8046966949052,0.337142857142857
2024-12-07,"GLKP",0.638708333333333,5.30569707456244,-1.26886174436859,11.6787315908343,3.0197271140899,12.9475933352029,0.0788571428571429
2024-12-07,"LECU",1.71191666666667,7.16568285227943,0.777575265353057,13.7196081595685,3.6965858302766,12.9420328942155,0.0488571428571429
2024-12-07,"SUN2",3.753,6.68925757416058,0.270022298988774,13.0099419769429,1.79032252812726,12.7399196779541,0.176571428571429
2024-12-07,"TRAN",6.97129166666667,7.51340198893747,1.01720586988591,14.2306672662239,0.817539022949143,13.213461396338,0.429142857142857
2024-12-07,"STOK",2.84395833333333,7.50676810446627,0.768884938534142,13.8726559331485,3.00027784490111,13.1037709946144,0.0817142857142857
2024-12-07,"BEX",2.04004166666667,7.17678722367661,0.94212842857666,13.7268143947896,3.55992517083758,12.7846859662129,0.0542857142857143
2024-12-07,"SEND",2.039125,7.0052979294022,0.406767392817572,13.5209659699043,3.21581021711537,13.1141985770867,0.0697142857142857
2024-12-07,"HUL2",3.01204166666667,7.67706413821955,1.11595115229256,14.0366827434459,2.8700201508947,12.9207315911534,0.0845714285714286
2024-12-07,"PEMB",7.50960869565217,6.26699180569597,-0.208373475261076,12.8865049043199,0.942658752061693,13.0948783795809,0.646857142857143
2024-12-07,"WFEN",1.35908333333333,6.74072404299682,0.332449434751422,13.0408490285897,3.72871841670848,12.7083995938383,0.0488571428571429
2024-12-07,"OSY",2.59925,6.95488097526621,0.542124574079743,13.4519181352327,2.82610827454779,12.9097935611529,0.0894285714285714
2024-12-07,"ACTH",0.452958333333333,4.18442013999652,-2.40649332540328,10.5846870662699,2.31619403079618,12.9911803916732,0.130571428571429
2024-12-07,"COPP",3.00520833333333,7.15499326033878,0.555816398081799,13.7234174107368,2.5773839683111,13.167601012655,0.111714285714286
2024-12-08,"EB",1.52020833333333,3.90480075923633,-2.68332773575742,10.2173576098468,1.39366997834669,12.9006853456042,0.234571428571429
2024-12-08,"IMGM",6.934875,3.68641968341566,-2.71738812753685,10.1207074032735,1.93176792736475,12.8380955308103,0.834285714285714
2024-12-08,"PRES",2.46366666666667,3.15205626621156,-3.22151943953821,9.60485103841717,0.814252620721445,12.8263704779554,0.426857142857143
2024-12-08,"BIRR",2.38795833333333,3.92535272725125,-2.40004721195663,10.2161023784518,1.00120778879798,12.6161495904084,0.328571428571429
2024-12-08,"BLC2",2.25625,4.45450811801818,-2.1724037082466,11.0610640436965,1.32992508333497,13.2334677519431,0.262571428571429
2024-12-08,"BOTR",2.550125,3.20236201216532,-2.8615127277142,9.75529884669504,0.816365192736219,12.6168115744092,0.414
2024-12-08,"GHSR",1.3975,2.31687403128118,-4.39535410766223,8.88933422701233,0.875825057206957,13.2846883346746,0.403142857142857
2024-12-08,"LEAM",2.51479166666667,3.41799252292269,-3.03378593470658,9.93422419777908,0.873385404774583,12.9680101324857,0.390285714285714
2024-12-08,"NPT3",2.200375,3.82572948399989,-2.7064345587429,10.0957821825701,1.08378617047813,12.802216741313,0.312
2024-12-08,"REA1",2.08916666666667,3.22368729854236,-3.32869201009485,9.90248442182078,0.97027393048499,13.2311764319156,0.356571428571429
2024-12-08,"SOUT",1.71783333333333,3.97272574073789,-2.53516041820939,10.3694262361506,1.34752522275602,12.90458665436,0.254857142857143
2024-12-08,"WREX",3.74120833333333,3.83695209415019,-2.89379055423606,10.5765944183949,0.786213797208316,13.470384972631,0.488857142857143
2024-12-08,"LEAR",2.20804166666667,3.11074687758432,-3.32930096298678,9.57279645683272,0.890486295482129,12.9020974198195,0.384285714285714
2024-12-08,"PLYM",5.14358333333333,7.19143767330053,0.802628836513724,13.5249669584699,1.27073421952907,12.7223381219562,0.266571428571429
2024-12-08,"SHDG",3.694,3.39484274740686,-2.90841840792876,9.80457943631679,0.788048651934577,12.7129978442455,0.528857142857143
2024-12-08,"SHE",3.79725,3.30554783725763,-3.17164345749497,10.0486187623374,0.788072708257374,13.2202622198323,0.549428571428571
2024-12-08,"BEL2",3.804125,4.87985231715408,-1.62322255401127,11.2393192532954,0.887717392058625,12.8625418073067,0.379428571428571
2024-12-08,"GLKP",1.09075,2.00459838592864,-4.4989984491794,8.56191352165989,0.841869714841435,13.0609119708393,0.395714285714286
2024-12-08,"LECU",3.04245833333333,3.11010433090053,-3.30543692675777,9.61789617740459,0.802805139465405,12.9233331041624,0.475142857142857
2024-12-08,"SUN2",9.4635,3.88992462882316,-2.40949673813862,10.3413839192976,3.83393725347256,12.7508806574362,0.953142857142857
2024-12-08,"TRAN",3.83258333333333,5.017756605617,-1.5685321873024,11.5161129713408,0.925667689699172,13.0846451586432,0.369428571428571
2024-12-08,"STOK",2.60708333333333,3.71754379340831,-3.02634613515651,10.023427901993,0.928081997910365,13.0497740371495,0.372857142857143
2024-12-08,"BEX",3.06604166666667,3.62623871198453,-2.73119956877989,10.0119164938064,0.796171137170653,12.7431160625863,0.424571428571429
2024-12-08,"SEND",3.508375,3.42334267808715,-3.10519428426591,9.91772700915547,0.784532468647361,13.0229212934214,0.510285714285714
2024-12-08,"HUL2",5.61725,4.22008836019098,-2.07428615597554,10.5700136728369,1.00834773237176,12.6442998288125,0.660285714285714
2024-12-08,"PEMB",4.624625,4.64455439227496,-1.69022564077415,11.2655746442114,0.797547709297634,12.9558002849855,0.502857142857143
2024-12-08,"WFEN",4.59420833333333,2.81570629354422,-3.72652933380215,9.19178570152059,1.17969780287021,12.9183150353227,0.711428571428571
2024-12-08,"OSY",3.42275,3.56525253583745,-2.90328357449357,9.96471066944091,0.789133872173493,12.8679942439345,0.496285714285714
2024-12-08,"ACTH",1.46233333333333,1.14958315001555,-5.13761559926511,7.75161353800889,0.809961243752466,12.889229137274,0.556571428571429
2024-12-08,"COPP",2.60720833333333,3.71746371480778,-2.86392627449054,10.1894882324443,0.905347978196216,13.0534145069349,0.374857142857143
2024-12-09,"EB",3.7805,3.61779076436221,-2.95004167105369,10.1482402042571,0.780988582450747,13.0982818753108,0.504857142857143
2024-12-09,"IMGM",5.947375,5.89328875756782,-0.45587013497147,12.2634266573653,0.756131329733944,12.7192967923368,0.511428571428571
2024-12-09,"PRES",3.79620833333333,4.02876231385907,-2.1487070872552,10.762925627086,0.773811862859706,12.9116327143412,0.477714285714286
2024-12-09,"BIRR",5.59658333333333,4.57634556455813,-1.84070780221676,11.1514620196066,0.890239615947321,12.9921698218234,0.621714285714286
2024-12-09,"BLC2",3.01895833333333,4.33213615264705,-2.092018821928,11.0008809919157,0.954341840482587,13.0928998138437,0.351714285714286
2024-12-09,"BOTR",5.10520833333333,4.23994612746857,-2.40602442037869,10.6941201735931,0.87779002235297,13.1001445939717,0.617142857142857
2024-12-09,"GHSR",4.01241666666667,3.12912213868087,-3.23874707002932,9.62967696969059,0.876959586786508,12.8684240397199,0.608
2024-12-09,"LEAM",4.94595833333333,3.97574504109839,-2.54650625393733,10.641590744588,0.898693277481762,13.1880969985254,0.619714285714286
2024-12-09,"NPT3",3.93870833333333,3.92251001618467,-2.28904235155507,10.3444959267695,0.772628189936996,12.6335382783246,0.501428571428571
2024-12-09,"REA1",4.20495833333333,3.7743521115823,-2.83280431031675,9.98746505416318,0.792843832049252,12.8202693644799,0.551714285714286
2024-12-09,"SOUT",3.72533333333333,3.79696359811976,-3.02146509503549,10.3713121479002,0.784979600216827,13.3927772429357,0.491142857142857
2024-12-09,"WREX",4.81520833333333,4.20639431285016,-2.48172219804116,10.7992434763892,0.81178876045708,13.2809656744304,0.571142857142857
2024-12-09,"LEAR",4.51354166666667,3.76787369812138,-2.88299730734764,9.86310326243361,0.85123754845213,12.7461005697812,0.601142857142857
2024-12-09,"PLYM",3.70779166666667,5.51620479156006,-1.32057513113811,11.9910029187703,1.15571837255294,13.3115780499084,0.298571428571429
2024-12-09,"SHDG",5.52191666666667,4.95528508156237,-1.68173218334431,11.6932492414867,0.807440252016522,13.374981424831,0.557714285714286
2024-12-09,"SHE",4.663875,4.92889674359635,-1.37411451151122,11.4630758226727,0.764206065949262,12.8371903341839,0.462
2024-12-09,"BEL2",5.623125,4.81402669074409,-1.61118226359677,10.9180473827246,0.832297257445825,12.5292296463214,0.591428571428571
2024-12-09,"GLKP",3.918125,2.82007157816141,-3.52144479653027,9.30299283204646,0.922673238829148,12.8244376285767,0.628
2024-12-09,"LECU",5.11104166666667,4.27614618650916,-2.11845789861492,11.0036384288307,0.853916371513467,13.1220963274456,0.591428571428571
2024-12-09,"SUN2",5.832375,6.63268726150248,0.106825369595837,12.9443123531057,0.852091214434514,12.8374869835099,0.41
2024-12-09,"TRAN",4.44191666666667,4.47013613166888,-1.80473369196311,10.9807519592454,0.758863515018692,12.7854856512085,0.484571428571429
2024-12-09,"STOK",4.19425,4.29322698234839,-2.13200163584179,10.8736901815342,0.776520520946331,13.005691817376,0.485142857142857
2024-12-09,"BEX",5.550375,4.66097185478625,-1.77482141889488,10.9393060457183,0.870045913354778,12.7141274646132,0.621714285714286
2024-12-09,"SEND",5.28108333333333,4.623606240347,-1.9550659845406,10.9015378619109,0.816251059743561,12.8566038464516,0.570571428571429
2024-12-09,"HUL2",7.09220833333333,5.83689912886799,-0.372271036937415,12.2060858466206,0.969165992882007,12.578356883558,0.648857142857143
2024-12-09,"PEMB",2.667125,4.15849805076959,-2.24398354019949,10.8654002119133,1.11324521602699,13.1093837521128,0.315142857142857
2024-12-09,"WFEN",5.09441666666667,4.68246056586714,-1.65386083678575,11.4128031673423,0.795059075588957,13.066664004128,0.557428571428571
2024-12-09,"OSY",5.24770833333333,4.51964007308291,-2.03511795161549,10.8236248723833,0.850037394206963,12.8587428239988,0.584857142857143
2024-12-09,"ACTH",3.63804166666667,2.16057469021133,-4.31906405498157,8.31552153171504,1.00833378764695,12.6345855866966,0.662571428571429
2024-12-09,"COPP",4.173625,4.22041822243175,-2.37256805271508,10.7247652635483,0.77570628967453,13.0973333162634,0.497428571428571
2024-12-10,"EB",3.87866666666667,5.12838387695482,-1.41023067910628,11.243829417304,0.954947543173649,12.6540600964103,0.366285714285714
2024-12-10,"IMGM",4.50570833333333,6.10753409702141,-0.335755887626173,12.5447538008975,1.08828513518081,12.8805096885236,0.312571428571429
2024-12-10,"PRES",3.93766666666667,5.15378974795332,-1.19021010941164,11.6167379873073,0.916478612208456,12.8069480967189,0.365714285714286
2024-12-10,"BIRR",5.54833333333333,6.40480729916269,0.0133612536805367,13.1092415510744,0.873638056123996,13.0958802973939,0.398571428571429
2024-12-10,"BLC2",4.02420833333333,5.28281549881959,-1.19938291945021,11.7462904236,0.971563825262633,12.9456733430502,0.352
2024-12-10,"BOTR",4.68754166666667,5.81181081252874,-0.73446788686272,12.0125617108982,0.897678535678631,12.7470295977609,0.378571428571429
2024-12-10,"GHSR",12.0469583333333,4.73077509970294,-1.74182778413309,11.1981133439848,5.59900690414595,46.8937407020577,0.987428571428571
2024-12-10,"LEAM",4.56475,5.51889209134813,-0.840802621709051,12.1008765771651,0.883929465424486,12.9416791988741,0.389428571428571
2024-12-10,"NPT3",4.20304166666667,5.22637386993949,-1.36440844333605,11.7233448105351,0.888707833637129,13.0877532538712,0.385428571428571
2024-12-10,"REA1",3.55929166666667,5.20079446543433,-1.60420252549788,11.553463401286,1.09523145009829,13.1576659267839,0.313714285714286
2024-12-10,"SOUT",3.51029166666667,5.21058357687806,-1.13256166298798,11.7246581894985,1.1415469856111,12.8572198524865,0.288
2024-12-10,"WREX",5.33616666666667,5.25320883145571,-1.43873956843658,11.5431049599691,0.781158062780787,12.9818445284057,0.524857142857143
2024-12-10,"LEAR",4.13520833333333,5.2607385349011,-1.37338100756539,11.5720708979932,0.914475884067708,12.9454519055585,0.380857142857143
2024-12-10,"PLYM",4.436875,5.70887568728069,-0.736339780514357,12.2217469538792,0.949713517350608,12.9580867343936,0.347714285714286
2024-12-10,"SHDG",7.43320833333333,6.23815140474432,-0.134195244464886,12.561383292306,0.955319191790665,12.6955785367709,0.646571428571429
2024-12-10,"SHE",5.16020833333333,5.8531152611275,-0.620750079445222,12.1096837413472,0.814421602636204,12.7304338207924,0.414857142857143
2024-12-10,"BEL2",7.99441666666667,6.1526101263898,-0.233802326577261,12.6615907810069,1.16614586387385,12.8953931075841,0.702857142857143
2024-12-10,"GLKP",13.110375,4.50033805013266,-1.93648937173849,11.3061882895137,6.64209094393765,85.4101460807053,0.995142857142857
2024-12-10,"LECU",4.677625,5.66302352064352,-0.814950302072252,12.308798973592,0.895092386597073,13.1237492756643,0.381142857142857
2024-12-10,"SUN2",3.78058333333333,5.8468926627795,-0.530130277320354,12.2625080040087,1.28363639817731,12.7926382813291,0.260285714285714
2024-12-10,"TRAN",4.595125,5.37921351629517,-1.05328865000878,11.8336219301353,0.856933005719508,12.886910580144,0.413142857142857
2024-12-10,"STOK",4.60295833333333,5.52377957456215,-1.03054101847274,11.8999444963174,0.864855687176343,12.9304855147902,0.390571428571429
2024-12-10,"BEX",4.01345833333333,6.2061192528976,-0.448535132351267,12.8475176606329,1.33002260920198,13.2960527929841,0.259428571428571
2024-12-10,"SEND",4.36029166666667,5.89894308706591,-0.531309654594278,12.2854010714687,1.00074177375737,12.816710726063,0.341142857142857
2024-12-10,"HUL2",6.01520833333333,6.98600683696139,0.457092477907499,13.2081199852126,0.890743588551668,12.7510275073051,0.378857142857143
2024-12-10,"PEMB",3.42970833333333,4.11324316774812,-2.39355598110703,10.305884872088,0.847812163684526,12.699440853195,0.428
2024-12-10,"WFEN",4.27275,5.46167506259481,-1.10629446782915,11.9625537480157,0.94496691220815,13.0688482158448,0.354857142857143
2024-12-10,"OSY",3.87579166666667,5.82339229553805,-0.578626179784154,12.41368193515,1.18344956728139,12.9923081149341,0.274
2024-12-10,"ACTH",4.87720833333333,3.59163866826486,-2.97614719571452,9.97060619384522,0.960283491047498,12.9467533895597,0.644857142857143
2024-12-10,"COPP",4.75933333333333,5.44554590268148,-0.965664429442602,11.855440777142,0.830173248891894,12.8211052065846,0.412
2024-12-11,"EB",9.84466666666667,5.18573375242097,-1.34719919355789,11.6824674511616,3.03077217864282,13.0296666447195,0.92
2024-12-11,"IMGM",4.40641666666667,5.64009503665292,-0.768787442729958,12.1103204376257,0.962102499339879,12.8791078803556,0.350285714285714
2024-12-11,"PRES",5.97095833333333,5.24019400359614,-1.02366489825016,11.6868719642943,0.798689861456761,12.7105368625445,0.568857142857143
2024-12-11,"BIRR",5.05120833333333,6.39461578109013,0.193035308279167,13.0052032402391,0.986389184030627,12.81216793196,0.338285714285714
2024-12-11,"BLC2",6.78754166666667,5.69717014188216,-0.741778751078082,12.07868453096,0.902376863104687,12.8204632820381,0.618571428571429
2024-12-11,"BOTR",5.06883333333333,5.67395592328564,-0.986543025166171,12.3074517167119,0.822994298973599,13.2939947418781,0.43
2024-12-11,"GHSR",10.01675,7.72283371376102,1.14514176788279,14.0248259270947,1.36262659500569,12.8796841592119,0.754857142857143
2024-12-11,"LEAM",3.921,5.39628049570864,-1.02922745867643,11.7782077745477,1.03004652987188,12.8074352332242,0.324571428571429
2024-12-11,"NPT3",5.39408695652174,5.35259746302069,-1.10804682231337,11.9608396971901,0.79823238410924,13.0688865195035,0.510285714285714
2024-12-11,"REA1",4.45266666666667,4.98465134909711,-1.345386326844,11.4594115353523,0.819575146115037,12.8047978621963,0.427142857142857
2024-12-11,"SOUT",5.01483333333333,5.15546639853453,-1.2285270328006,11.5539652634641,0.791630199788493,12.7824922962647,0.492
2024-12-11,"WREX",9.71108333333333,5.48381040896438,-1.0486632066192,12.0151875944774,2.70887281925167,13.0638508010966,0.900571428571429
2024-12-11,"LEAR",3.755,5.14095530429961,-0.974950536867933,11.7008287509649,1.01590916436572,12.6757792878328,0.331714285714286
2024-12-11,"PLYM",6.77779166666667,6.05178734932334,-0.348534725506599,12.5808589452243,0.848658138196964,12.9293936707309,0.586571428571429
2024-12-11,"SHDG",6.40720833333333,6.97316201438663,0.507523117731787,13.3262061605692,0.799205443478343,12.8186830428374,0.445714285714286
2024-12-11,"SHE",6.1695,6.07750561509801,-0.428035291154278,12.33929619361,0.783003336188957,12.7673314847642,0.510285714285714
2024-12-11,"BEL2",8.20466666666667,7.05813286329344,0.489266679327333,13.5720498856788,0.968955449062185,13.0827832063515,0.640285714285714
2024-12-11,"GLKP",10.07975,7.91823801619002,1.46689742031614,14.3782615576571,1.32948723309113,12.9113641373409,0.749142857142857
2024-12-11,"LECU",3.98775,5.52616165125906,-0.921840277429009,11.994649683131,1.04790249385253,12.91648996056,0.321142857142857
2024-12-11,"SUN2",6.89866666666667,5.1905565937009,-1.07507893310339,11.5167590191129,1.09635672488361,12.5918379522163,0.700571428571429
2024-12-11,"TRAN",6.93204166666667,5.48011863515813,-0.844346404139759,11.7421885627756,1.02079245989692,12.5865349669153,0.668
2024-12-11,"STOK",7.46666666666667,5.70560189074065,-0.725532252642357,11.9564606963616,1.1208417663329,12.681992949004,0.698857142857143
2024-12-11,"BEX",4.84670833333333,5.65467967467666,-0.751620892113338,12.138424580048,0.814384991983981,12.8900454721614,0.414571428571429
2024-12-11,"SEND",4.75920833333333,5.58570627061593,-0.705453868264468,12.227848984358,0.867866242529268,12.9333028526225,0.384857142857143
2024-12-11,"HUL2",5.82941666666667,6.61908767943663,0.306422018965077,13.2714682525592,0.866124520482868,12.9650462335942,0.394285714285714
2024-12-11,"PEMB",6.20183333333333,4.47588444006875,-1.69087709018962,10.7226828088869,1.13549248249714,12.4135598990765,0.701142857142857
2024-12-11,"WFEN",4.08408333333333,5.20301144068796,-1.25819299326184,11.428515142601,0.920391320083142,12.6867081358629,0.365714285714286
2024-12-11,"OSY",3.77458333333333,5.34232262482522,-0.990849515123231,12.1363063396887,1.07489127667653,13.127155854812,0.312571428571429
2024-12-11,"ACTH",3.013,4.07280932522362,-2.54978065283917,10.4786377887191,0.871203272769449,13.0284184415583,0.388571428571429
2024-12-11,"COPP",15.81375,5.6932213531401,-0.673941172295505,12.2072907236487,8.3030441501904,157.139602949997,0.998571428571429
2024-12-12,"EB",14.631625,7.89697606775758,1.55519462786777,14.3580392189419,4.87868660862914,23.7462758333973,0.981428571428571
2024-12-12,"IMGM",2.31129166666667,6.12632179862564,-0.598902891795093,12.5557513958612,2.37489615197958,13.1546542876563,0.128857142857143
2024-12-12,"PRES",8.59079166666667,6.49412798603531,0.0751131402158194,12.7785699720281,1.35339180741887,12.7034568318123,0.745714285714286
2024-12-12,"BIRR",7.562,6.71392904158283,0.290376911481064,12.9846814195012,0.843787440088651,12.6943045080201,0.587428571428571
2024-12-12,"BLC2",9.83295833333333,7.20939496776853,0.694951579863062,13.8357537483498,1.56840068470577,13.1408021684868,0.787428571428571
2024-12-12,"BOTR",7.02933333333333,6.32382437387915,-0.131175198206305,12.7382779483797,0.846768150476689,12.869453146586,0.595142857142857
2024-12-12,"GHSR",11.373,7.36085927739347,0.925193888776555,13.8576859655195,2.4601144146051,12.9324920767429,0.886571428571429
2024-12-12,"LEAM",5.913875,5.66595521333628,-0.845664464544394,12.0951635794687,0.805413694526529,12.9408280440131,0.525142857142857
2024-12-12,"NPT3",6.06329166666667,6.29283361916934,-0.0259580301592485,12.8213257163345,0.754990952346306,12.8472837464938,0.466285714285714
2024-12-12,"REA1",5.42545833333333,5.82739827056992,-0.676472186583786,12.1712385684802,0.802591991759011,12.847710755064,0.450857142857143
2024-12-12,"SOUT",6.170375,6.21855059807708,-0.104192029480631,12.7669946920447,0.769309480571418,12.8711867215254,0.492
2024-12-12,"WREX",14.0989583333333,7.59977215288644,0.821024570238922,14.1792237884351,4.70859227762427,13.3581992181962,0.973142857142857
2024-12-12,"LEAR",5.39891666666667,5.5082072311148,-0.896467590986791,11.684343808398,0.754250179743388,12.5808113993848,0.492857142857143
2024-12-12,"PLYM",12.286875,7.41142165704766,0.900378115327896,14.0622380116549,3.15048013126973,13.161859896327,0.929428571428571
2024-12-12,"SHDG",10.2849583333333,7.06907880615705,0.729057937112376,13.6760177034529,1.8939764278707,12.9469597663406,0.831142857142857
2024-12-12,"SHE",9.67570833333333,6.94716344991749,0.680438188905251,13.4946336032274,1.62326702570565,12.8141954143222,0.796285714285714
2024-12-12,"BEL2",17.8666666666667,7.60550966786332,1.04385315867956,14.0682094169852,8.39063454075093,164.962646245564,1
2024-12-12,"GLKP",12.2887916666667,7.16945691020012,0.337875802687258,13.6106712303468,3.44960680271685,13.2727954276596,0.940285714285714
2024-12-12,"LECU",5.21529166666667,5.77948399325351,-0.639247824556177,12.2531773483463,0.803188455590987,12.8924251729025,0.435428571428571
2024-12-12,"SUN2",12.4853333333333,6.87708177197207,0.123605275828175,13.5554951240114,3.83734788486732,13.4318898481833,0.953714285714286
2024-12-12,"TRAN",16.4534166666667,6.84635241457741,0.287004293441974,13.155078309363,7.82150200806606,144.801608308071,0.998857142857143
2024-12-12,"STOK",8.02683333333333,7.263377379236,0.734571094566893,13.5969257673394,0.876903676015634,12.8623546727725,0.596571428571429
2024-12-12,"BEX",7.637625,6.48766257345767,0.0594393333538175,12.8279904787208,0.943701254906977,12.768551145367,0.633714285714286
2024-12-12,"SEND",7.82825,6.24916335300232,0.0393375533460327,12.5631220530508,1.0760218345734,12.5237844997048,0.692285714285714
2024-12-12,"HUL2",3.98091666666667,7.06815700838443,0.471999399134883,13.5223951942086,1.84882237221323,13.0503957950737,0.177142857142857
2024-12-12,"PEMB",7.63366666666667,5.99477103223074,-0.732658374246292,12.7296728944857,1.08507907020034,13.462331268732,0.695714285714286
2024-12-12,"WFEN",4.41633333333333,5.64743282740698,-0.817335553314749,12.0886470211024,0.960191560903948,12.9059825744171,0.352285714285714
2024-12-12,"OSY",3.59179166666667,5.82686065810967,-0.791655598110939,12.395443459186,1.34286212148118,13.187099057297,0.259142857142857
2024-12-12,"ACTH",5.93945833333333,3.8676800278988,-2.83739966090336,10.304662510979,1.26583869434132,13.1420621718823,0.726571428571429
2024-12-12,"COPP",11.0357916666667,10.2824048702325,3.805721276104,16.943706597886,0.834356181114525,13.137985321782,0.591142857142857
2024-12-13,"EB",20.7390416666667,10.5721740622044,4.07180484562528,16.9928108594361,8.20836533004552,162.770238303033,0.999142857142857
2024-12-13,"IMGM",7.12954166666667,6.33746380604626,0.110243081927751,12.935778398017,0.863106123830915,12.8255353160892,0.582857142857143
2024-12-13,"PRES",7.22879166666667,8.421795367381,2.01384322335343,14.7866177535202,0.962469323687737,12.7727745301667,0.353428571428571
2024-12-13,"BIRR",9.04679166666667,8.63671532924185,2.07635285704273,14.9696193919143,0.784913723951705,12.8932665348715,0.534571428571429
2024-12-13,"BLC2",7.1945,9.28445671641137,2.6914247670141,15.8176032116109,1.28294601678457,13.1261784445968,0.272857142857143
2024-12-13,"BOTR",10.8825,8.03045245382737,1.68705613639995,14.618348815555,1.68461740015953,12.931292679155,0.799714285714286
2024-12-13,"GHSR",9.891875,8.87750913975958,2.36964384369102,15.1326005556219,0.896241982194257,12.7629567119309,0.621142857142857
2024-12-13,"LEAM",8.63508333333333,7.3989593364726,0.993052733991986,13.6730855818492,0.910676814664032,12.6800328478572,0.637714285714286
2024-12-13,"NPT3",7.46758333333333,7.50979444325126,0.973127823481009,13.884703821016,0.805866115418359,12.911575997535,0.484
2024-12-13,"REA1",12.9325,7.16098681114708,0.716082703365836,13.9344156386121,4.0067440758611,13.2183329352463,0.956
2024-12-13,"SOUT",12.562,7.61125459514059,0.886990215439479,14.3070063993959,3.1915372529011,13.4200161839564,0.932857142857143
2024-12-13,"WREX",10.6771666666667,10.1494743173299,3.748852033782,16.5677668725238,0.806990069653,12.8189148387418,0.563428571428571
2024-12-13,"LEAR",8.804125,7.10825670139755,0.644875430068924,13.4892788801955,1.12241605851524,12.8444034501266,0.7
2024-12-13,"PLYM",10.6780833333333,10.4049692762325,4.00949723499362,16.7656448715497,0.790916159047073,12.7561476365561,0.537428571428571
2024-12-13,"SHDG",8.68120833333333,9.50561694119102,3.06651685891236,15.6739641816764,0.857991054871037,12.607447322764,0.394
2024-12-13,"SHE",9.95875,9.21751943047916,2.6377955133401,15.6644710456588,0.871252705089699,13.0266755323187,0.599142857142857
2024-12-13,"BEL2",17.2564166666667,12.1672237914066,5.81654474062038,18.8067211585099,3.46006934118425,12.9901764178895,0.936857142857143
2024-12-13,"GLKP",8.67333333333333,9.01602494741584,2.69214126280849,15.5258166539094,0.774058690543422,12.8336753911009,0.451428571428571
2024-12-13,"LECU",6.82979166666667,7.22965091455796,0.606351126851422,13.5998510311169,0.79857754543039,12.9934999042655,0.448571428571429
2024-12-13,"SUN2",6.28545833333333,9.88846099495116,3.34289483745094,16.147024611593,2.25171925680512,12.8041297741421,0.131714285714286
2024-12-13,"TRAN",12.3182916666667,11.3261351834011,4.72674008576787,17.9636436437157,0.90549804855422,13.2369035579478,0.618571428571429
2024-12-13,"STOK",9.83304166666667,8.41647777323891,1.96836040954835,14.6535128448879,1.02512192784844,12.6851524353396,0.666857142857143
2024-12-13,"BEX",24.31225,8.49554019748046,1.82989970683301,14.9533095858652,14.0163876474891,387.481026444423,1
2024-12-13,"SEND",26.7572083333333,8.36615517410297,1.76526297140322,15.1504776498452,16.4156095893073,477.654442017967,1
2024-12-13,"HUL2",9.52929166666667,7.37186435640853,0.637695319566993,13.7797048765975,1.29581874743666,13.1420095570305,0.743714285714286
2024-12-13,"PEMB",4.833,7.47202761241429,1.08700880412644,13.9132357548347,1.56633140373474,12.8262269507083,0.203428571428571
2024-12-13,"WFEN",10.742,6.75894455173958,0.430502423554314,13.2487543380489,2.43727740660504,12.8182519144946,0.882
2024-12-13,"OSY",19.93225,6.7463703087078,0.481344552205172,12.9975984895899,11.3818181412924,289.902314353788,1
2024-12-13,"ACTH",2.91270833333333,5.9636158715603,-0.755382126006905,12.3790025624049,1.86230748406452,13.1343846884118,0.169428571428571
2024-12-13,"COPP",8.275375,9.3432909358909,2.8832823540104,15.9247197444485,0.933993066490912,13.0414373904381,0.353142857142857
2024-12-14,"EB",5.95716666666667,13.5529293805893,7.27357817620055,20.1385005495494,5.7442070082208,65.5213827547039,0.0111428571428571
2024-12-14,"IMGM",5.98179166666667,8.93727778783881,2.43113358729903,15.3601812008707,1.77582957536805,12.9290476135716,0.179714285714286
2024-12-14,"PRES",4.21979166666667,8.66624068261974,2.28271937986321,15.0387408710329,2.84909277464196,12.7560214911697,0.0922857142857143
2024-12-14,"BIRR",5.31545833333333,9.93716100896505,3.6395728130044,16.3656110712263,2.97207047575002,12.7260382582219,0.08
2024-12-14,"BLC2",4.35233333333333,9.05012143886867,2.75390423597832,15.589028204299,3.03471167154754,12.8351239683207,0.076
2024-12-14,"BOTR",5.53470833333333,10.215881784076,3.69140298888348,16.8296591030573,3.11657074693976,13.1382561141738,0.0797142857142857
2024-12-14,"GHSR",3.59683333333333,9.09556130001136,2.71648862532806,15.2366724063594,3.65786716345913,12.5201837810313,0.0491428571428571
2024-12-14,"LEAM",6.08691666666667,9.16464960296263,2.63846151787743,15.8891488252014,1.82223288247502,13.250687307324,0.184285714285714
2024-12-14,"NPT3",3.873875,8.80626488825802,2.17571612595144,15.3861733287985,3.16462368610745,13.210457202847,0.0745714285714286
2024-12-14,"REA1",7.32508333333333,10.7136955310041,4.32024361114006,17.2868465744504,2.02906895459212,12.9666029633103,0.156
2024-12-14,"SOUT",6.139,10.748241220908,4.47596055349435,17.0102493309433,2.9285916685135,12.5342887774489,0.08
2024-12-14,"WREX",2.61595833333333,9.60614890690226,3.31171441261245,16.1316523371824,5.152259991907,40.6501810957349,0.016
2024-12-14,"LEAR",5.622125,9.13220186958796,2.6381343707033,15.573114003035,2.15128827955308,12.9349796323317,0.140285714285714
2024-12-14,"PLYM",6.688375,10.5174572853039,4.34765411642367,16.9429241894553,2.36565315254988,12.5952700730316,0.116285714285714
2024-12-14,"SHDG",3.700875,9.64286447503843,3.22156752821131,15.9336588374202,4.17680840551246,12.7120913092088,0.0328571428571429
2024-12-14,"SHE",3.47983333333333,10.0588606549268,3.70774789078568,16.5036433783005,4.84532814804053,21.912477785609,0.0214285714285714
2024-12-14,"BEL2",6.49275,12.5913013965353,6.38219425646418,19.2127319574788,4.30962981239131,12.8305377010146,0.0271428571428571
2024-12-14,"GLKP",2.809625,8.43153911738406,1.87650512858314,15.1471099542071,3.7594578235673,13.2706048256239,0.0494285714285714
2024-12-14,"LECU",7.39395833333333,8.59614890692327,2.39788942043183,15.0734317790238,0.959298589291804,12.6755423585919,0.348
2024-12-14,"SUN2",2.70345833333333,8.29929306871264,1.72475678138421,14.6252452742747,3.79280304440715,12.9004884928905,0.0488571428571429
2024-12-14,"TRAN",3.52883333333333,10.4465494366766,3.94193824093913,17.036813485036,5.04850007671034,29.6190715483287,0.0214285714285714
2024-12-14,"STOK",4.796625,9.86335087591716,3.37395919866376,16.463108633639,3.45903561437462,13.0891494349752,0.0614285714285714
2024-12-14,"BEX",10.4129166666667,15.4184683589629,9.19398353779788,22.3235407811627,3.41102107129853,13.1295572433648,0.06
2024-12-14,"SEND",10.3715416666667,16.1202002619441,9.53890849997255,22.3383822445795,3.93441767459063,12.799473744607,0.044
2024-12-14,"HUL2",6.57633333333333,10.2386605814263,3.73838961616305,16.948473682009,2.2529780291758,13.2100840658459,0.130571428571429
2024-12-14,"PEMB",2.99433333333333,7.20025228718576,0.653314430668941,13.5018996796744,2.69053503311465,12.8485852490054,0.100571428571429
2024-12-14,"WFEN",7.6455,9.88305280920505,3.53508336783741,16.4707096177801,1.34278178228851,12.9356262499427,0.239714285714286
2024-12-14,"OSY",9.778125,13.5872501990883,6.99962978026439,19.9559373533529,2.31915998886726,12.9563075730885,0.130285714285714
2024-12-14,"ACTH",1.39745833333333,5.58712413663053,-0.839909629193912,12.2047019365348,2.62147672909803,13.0446115657287,0.110285714285714
2024-12-14,"COPP",4.5225,9.17356479681316,2.62458314888102,15.8568683783021,3.0302290626107,13.2322852294211,0.078
2024-12-15,"EB",3.20179166666667,4.77613059666375,-1.95312662071211,11.1923612578641,1.04351529236494,13.1454878785762,0.320571428571429
2024-12-15,"IMGM",2.40470833333333,5.22873841064354,-1.27009287738267,11.8332097251018,1.63263850715751,13.1033026024845,0.203428571428571
2024-12-15,"PRES",5.107125,4.35500793162794,-2.02490093474442,10.867454835333,0.840302502689445,12.8923557700774,0.578857142857143
2024-12-15,"BIRR",1.33654166666667,5.31842302123299,-1.12895338417922,11.8487461986511,2.5658022974584,12.9776995828303,0.109714285714286
2024-12-15,"BLC2",6.52525,4.8185970371899,-1.50827107494283,11.3535202500452,1.10141759120847,12.861791324988,0.693428571428571
2024-12-15,"BOTR",1.337375,4.96516231570417,-1.58057964438487,11.6160136466874,2.21874424570768,13.1965932910723,0.133428571428571
2024-12-15,"GHSR",1.82975,3.56882891885617,-2.77337671469703,9.9596027608557,1.18588669786436,12.7329794755527,0.285142857142857
2024-12-15,"LEAM",1.696125,4.96681397026872,-1.42233513804174,11.5575787265897,1.94896966379422,12.9799138646315,0.164285714285714
2024-12-15,"NPT3",1.97904166666667,4.2396337333897,-2.28431029171614,10.8279381868218,1.39897124882015,13.1122484785379,0.234857142857143
2024-12-15,"REA1",1.91333333333333,5.31553543064946,-1.30150259848369,11.7864139413428,2.0564516973291,13.0879165398265,0.148571428571429
2024-12-15,"SOUT",2.24554166666667,5.0636360709319,-1.48550386264695,11.3036853513082,1.68958814387467,12.7891892139552,0.197142857142857
2024-12-15,"WREX",1.088,3.45244971526292,-2.95261979115667,9.66109107491619,1.36658279813624,12.6137108660729,0.239714285714286
2024-12-15,"LEAR",1.70308333333333,4.68999184702469,-2.02471929975588,11.04025947426,1.81581507098329,13.0649787740159,0.172857142857143
2024-12-15,"PLYM",2.95891666666667,5.84642692782821,-0.41867128572772,12.2979620639381,1.73583595968528,12.7166333496658,0.187428571428571
2024-12-15,"SHDG",2.30645833333333,4.60482940411214,-1.74531918762204,11.1406309996265,1.34517046331305,12.8859501872485,0.244571428571429
2024-12-15,"SHE",1.536875,4.43926370104439,-2.26462405734069,10.8953779403137,1.74255946573514,13.1600019976544,0.198857142857143
2024-12-15,"BEL2",2.083375,5.39714039897707,-1.23770825105369,11.5983535168685,1.96315476006335,12.8360617679222,0.165714285714286
2024-12-15,"GLKP",1.47991666666667,3.09452593911826,-3.23989152361052,9.3656742165193,1.0563871705031,12.6055657401298,0.321714285714286
2024-12-15,"LECU",1.56845833333333,5.56667199099341,-1.09189382192094,11.7021600416081,2.5088187289454,12.7940538635291,0.108285714285714
2024-12-15,"SUN2",0.7145,3.84370596685908,-2.48821391174415,10.1756277388582,1.90877390651108,12.6638416506024,0.161142857142857
2024-12-15,"TRAN",2.93525,4.03311170560228,-2.35064744644686,10.706848416115,0.929463169268845,13.0574958625619,0.360571428571429
2024-12-15,"STOK",1.74333333333333,4.75669115119041,-1.92595411688328,11.2483766195903,1.76583180275641,13.1743307364736,0.183428571428571
2024-12-15,"BEX",2.60629166666667,6.82028199750123,0.478703476717233,13.300675390559,2.65607855515899,12.8219719138418,0.101428571428571
2024-12-15,"SEND",2.985375,6.5694253585844,0.283502426933304,13.2259283185435,2.22366999055254,12.9424258916102,0.131142857142857
2024-12-15,"HUL2",2.153125,5.85121461000158,-0.754599864294072,12.4295630385597,2.29827557443334,13.1841629028537,0.124571428571429
2024-12-15,"PEMB",2.869625,3.3427070602213,-2.98311692132925,9.9095077092278,0.791195876572459,12.8926246305571,0.434571428571429
2024-12-15,"WFEN",1.69129166666667,5.43153054435692,-1.08669920876964,12.0714661266016,2.33529937471327,13.1581653353713,0.123142857142857
2024-12-15,"OSY",3.680375,6.38100271688576,-0.142580942332867,12.7638291229478,1.61141758036357,12.9064100652807,0.209428571428571
2024-12-15,"ACTH",0.536541666666667,1.85254711985431,-4.77398659475913,8.5736802408982,0.965754686452193,13.3476668356573,0.358857142857143
2024-12-15,"COPP",2.343625,4.60641949315691,-2.15694378002938,10.8959709383334,1.32765182707701,13.0529147183628,0.250571428571429
2024-12-16,"EB",1.86320833333333,3.32623832306607,-3.11088092038909,10.0312587136811,1.02043053817792,13.1421396340702,0.338
2024-12-16,"IMGM",2.46658333333333,3.28315602669443,-3.44543738682595,9.71921903363601,0.859732700959067,13.164656420462,0.403714285714286
2024-12-16,"PRES",5.92079166666667,4.08919303391188,-2.50852639490676,10.6975099482902,1.1764203529899,13.206036343197,0.701714285714286
2024-12-16,"BIRR",3.47095833333333,3.26025367284377,-3.00884246579084,9.62793426328558,0.754471927815898,12.6367767290764,0.523428571428571
2024-12-16,"BLC2",7.46958333333333,5.0266294692824,-1.3158401734398,11.2321351816616,1.48009397453929,12.5479753551014,0.780857142857143
2024-12-16,"BOTR",2.99225,2.84877333022624,-3.68057381598926,9.46676089536824,0.791275443625268,13.1473347113575,0.512
2024-12-16,"GHSR",4.38091666666667,2.36591289642522,-4.02422674651342,9.00456350990011,1.20349820532613,13.0287902564135,0.718857142857143
2024-12-16,"LEAM",2.54820833333333,2.73948037669368,-3.61548757013532,9.11334690073721,0.766642363056854,12.7288344708725,0.470285714285714
2024-12-16,"NPT3",3.48470833333333,2.95149119867926,-3.70973738090754,9.29146000388702,0.822728667957443,13.0011973847946,0.566285714285714
2024-12-16,"REA1",2.11083333333333,2.75296183346053,-3.7924629700066,9.45913232063964,0.829872030947313,13.2515952906462,0.422
2024-12-16,"SOUT",3.27841666666667,3.07489247576758,-3.50167940394696,9.62702676347316,0.767115855280553,13.1287061674201,0.520571428571429
2024-12-16,"WREX",2.78295833333333,2.36289129159483,-4.0610351064779,9.02548120045056,0.792862557168139,13.0865163069285,0.544571428571429
2024-12-16,"LEAR",2.27791666666667,2.64629194361205,-3.84763671676394,8.96250349685429,0.774118206020483,12.8101402136182,0.465428571428571
2024-12-16,"PLYM",3.54466666666667,3.88428428049338,-2.9280737217441,10.2566210867272,0.80195966592414,13.1846948084713,0.456571428571429
2024-12-16,"SHDG",2.773125,3.5215026014196,-2.8543176052852,9.92471387534545,0.859975195289666,12.7790314806306,0.411428571428571
2024-12-16,"SHE",3.39029166666667,3.17378269884253,-3.47234547105824,9.61944333395397,0.774812065558231,13.0917888050122,0.526857142857143
2024-12-16,"BEL2",5.737125,3.27820930237296,-3.15758074966175,10.0347811895397,1.45632015574117,13.1923619392015,0.763142857142857
2024-12-16,"GLKP",4.16275,2.04756368735875,-4.38073733262628,8.54254312850095,1.32505911327221,12.9232804611272,0.747428571428571
2024-12-16,"LECU",2.55708333333333,2.76423853726975,-3.59625847759413,9.31722456942954,0.787051380819637,12.9134830470237,0.468
2024-12-16,"SUN2",2.123625,2.52053461799289,-4.21953428766112,8.95204374509415,0.784192133504933,13.1715780327553,0.464857142857143
2024-12-16,"TRAN",2.71529166666667,3.29987121481703,-3.14568534637807,9.81595142625141,0.824359197769076,12.9616367726295,0.430285714285714
2024-12-16,"STOK",2.82816666666667,3.059693224411,-3.55527138094008,9.69063174247757,0.785967411765493,13.2459031234177,0.477142857142857
2024-12-16,"BEX",2.165875,3.4869892899478,-3.23583012718489,10.038300818123,0.942928655346549,13.2741309453079,0.359142857142857
2024-12-16,"SEND",1.9635,3.42676320354713,-2.96480163569703,9.92607182673022,0.996359437712983,12.8908734624273,0.326285714285714
2024-12-16,"HUL2",3.35491666666667,3.61755400328339,-2.70331935600866,9.92356079600539,0.774245522543352,12.626880152014,0.463714285714286
2024-12-16,"PEMB",3.78929166666667,2.68560235381136,-3.62385284404958,9.32182356565305,0.89900661310995,12.9456764097026,0.635714285714286
2024-12-16,"WFEN",1.74233333333333,2.63279182719008,-4.01143109356633,9.14163686575733,0.866313913314685,13.1530679593237,0.395142857142857
2024-12-16,"OSY",2.43225,3.62813296844326,-2.96517074620345,10.41600556151,0.932019576330856,13.3811763077135,0.358857142857143
2024-12-16,"ACTH",2.14133333333333,0.918207623636423,-5.64457438326341,7.84562869121533,1.02012774275595,13.4902030744787,0.654
2024-12-16,"COPP",3.15733333333333,3.21529961406975,-3.43938172994269,9.84523178053619,0.788093531404245,13.2846135104789,0.489714285714286
2024-12-17,"EB",3.75020833333333,3.83424903447876,-2.45608833749133,10.1867930099464,0.772967890569111,12.6428813474377,0.488285714285714
2024-12-17,"IMGM",4.905625,4.32143645491525,-2.27678889178804,10.9722306528138,0.823782757490328,13.2490195446018,0.577142857142857
2024-12-17,"PRES",4.61966666666667,5.34329405275073,-1.00640455418058,11.7954332382128,0.843744553818294,12.8018377923933,0.394
2024-12-17,"BIRR",6.38466666666667,5.07185587867226,-1.43158107904748,11.3292887989068,0.970377434742921,12.7608698779543,0.651142857142857
2024-12-17,"BLC2",4.74354166666667,6.31109003172832,0.146203834797334,12.5437221470372,1.0754861402556,12.3975183122399,0.328285714285714
2024-12-17,"BOTR",5.584625,4.48581515497976,-2.09517093197298,11.0125711172856,0.901620638617681,13.1077420492586,0.631428571428571
2024-12-17,"GHSR",3.757875,4.30084396437527,-1.95460135847065,10.8517408883139,0.827024078006706,12.8063422467845,0.424857142857143
2024-12-17,"LEAM",4.87029166666667,4.0818776772207,-2.47255689411631,10.7279153969392,0.842800057689661,13.2004722910555,0.579142857142857
2024-12-17,"NPT3",7.43425,4.50095492451727,-2.11463330435033,10.7417092215873,1.79356679956941,12.8563425259376,0.818571428571429
2024-12-17,"REA1",5.07966666666667,3.86722402690788,-2.76726794221122,9.96281291293187,0.961830819223724,12.7300808551431,0.651142857142857
2024-12-17,"SOUT",5.28491666666667,4.47727724564893,-1.95329766249241,10.9492142648363,0.839452650867886,12.9025119273287,0.594
2024-12-17,"WREX",4.039875,3.97732162869522,-2.47959628755776,10.6194121364427,0.791395182218664,13.0990084240005,0.506
2024-12-17,"LEAR",4.43291666666667,3.87937409482911,-2.52144138737892,10.2908446141866,0.801636866615993,12.8122860015655,0.563428571428571
2024-12-17,"PLYM",9.34941666666667,5.11874966475376,-1.19299733313065,11.51987020511,2.70630332493444,12.7128675382407,0.903142857142857
2024-12-17,"SHDG",5.891375,4.67909173498021,-1.68752010776171,11.195432377581,0.93807730304971,12.8829524853428,0.636571428571429
2024-12-17,"SHE",7.01341666666667,4.85273061928087,-1.41749618703762,11.3050688669593,1.31165070186958,12.7225650539969,0.746285714285714
2024-12-17,"BEL2",6.4535,5.65862299561005,-0.802222640782345,11.9392432598387,0.860403201414674,12.741465900621,0.598285714285714
2024-12-17,"GLKP",3.603625,4.02512738310061,-2.60114664198898,10.6906509986158,0.819229672645589,13.2917976406048,0.436857142857143
2024-12-17,"LECU",5.59354166666667,4.17734463544496,-2.23181696835671,10.3591719345483,1.01828136880221,12.590988902905,0.672285714285714
2024-12-17,"SUN2",6.55270833333333,4.03555951105344,-2.36849519463269,10.6249022875996,1.50171231376623,12.9933974822323,0.770571428571429
2024-12-17,"TRAN",3.93379166666667,4.19189209013882,-2.4476670290784,10.337496676572,0.792918483614758,12.7851637056504,0.473428571428571
2024-12-17,"STOK",5.74683333333333,4.46953386892472,-2.18827655580187,10.8692008781279,0.990749332364037,13.0574774339298,0.656571428571429
2024-12-17,"BEX",5.44420833333333,4.39856961864192,-1.93066078728238,10.8416260407509,0.911289905727852,12.7722868280333,0.624285714285714
2024-12-17,"SEND",5.2015,4.11706739296916,-2.43718652318768,10.7751543148652,0.908605354156727,13.2123408380528,0.641142857142857
2024-12-17,"HUL2",6.29233333333333,5.0899404470737,-1.77243100532407,11.6905698702312,0.976277551436109,13.4630008755553,0.646285714285714
2024-12-17,"PEMB",4.67083333333333,3.9931681708599,-2.52682592772225,10.6183113213624,0.827260415678784,13.1451372490847,0.585714285714286
2024-12-17,"WFEN",5.623,3.70041706891428,-2.81851242067639,10.0318799153701,1.21392141091247,12.8503923360465,0.73
2024-12-17,"OSY",5.0265,4.21655267939765,-2.28575591138735,10.6342057936582,0.862331276963755,12.9199617050456,0.606857142857143
2024-12-17,"ACTH",2.18858333333333,2.48987922402413,-4.13769920505424,8.94685011090305,0.797795408199781,13.0845493159573,0.458
2024-12-17,"COPP",4.97645833333333,4.51244333704526,-1.80415045526254,10.7443116976925,0.781286723436488,12.548462152955,0.560285714285714
2024-12-18,"EB",6.77091666666667,5.45593680833393,-1.19923144390236,11.9899355624158,0.986773250959504,13.1891670063182,0.652571428571429
2024-12-18,"IMGM",2.83904166666667,6.12795181265271,-0.189016050880529,12.6831437418473,2.02124377594701,12.8721597927279,0.151428571428571
2024-12-18,"PRES",4.56766666666667,5.75387757902652,-0.950554308733377,12.4458776086618,0.944266190241959,13.3964319173952,0.364
2024-12-18,"BIRR",3.39733333333333,7.02510745205293,0.84824267488941,13.5888780431736,2.21719645177284,12.7406353682841,0.134285714285714
2024-12-18,"BLC2",5.65154166666667,6.19204151532784,-0.61152277780179,12.5876717354689,0.821018952411739,13.1991945132707,0.426285714285714
2024-12-18,"BOTR",3.05041666666667,6.32677204282033,-0.0488607994584871,12.6340012454671,2.0021712248795,12.6828620449256,0.159142857142857
2024-12-18,"GHSR",3.090625,4.93821211608888,-1.47634310411263,11.3796552649504,1.16033805587923,12.855998369063,0.284571428571429
2024-12-18,"LEAM",3.27833333333333,5.83398212560945,-0.715610156545575,12.3327014217582,1.56141478547413,13.0483115783038,0.226285714285714
2024-12-18,"NPT3",6.11045833333333,6.8467090030609,0.464663704449451,13.2920264741256,0.857636569687376,12.8273627696762,0.411142857142857
2024-12-18,"REA1",4.24620833333333,5.8680744866865,-0.279576400005697,12.4883657775699,1.09258512049463,12.7679421775756,0.307714285714286
2024-12-18,"SOUT",7.34966666666667,6.10995056732204,-0.458134894093211,12.6635275718298,0.948401036331861,13.121662465923,0.648571428571429
2024-12-18,"WREX",2.35258333333333,5.32305355572404,-1.02307890007686,11.9453629760116,1.76431916657194,12.9684418760884,0.186857142857143
2024-12-18,"LEAR",2.91558333333333,5.5734803602256,-0.761580340283124,12.1851827257448,1.61834738170186,12.9467630660279,0.211142857142857
2024-12-18,"PLYM",13.6055416666667,8.16459395886213,1.42128100333499,14.9560736595063,3.6612186760041,13.5347926561713,0.943142857142857
2024-12-18,"SHDG",2.84495833333333,6.73150996034586,0.0319192665228571,13.0668070759542,2.42237889363314,13.0348878094314,0.119714285714286
2024-12-18,"SHE",3.22429166666667,7.07269795269842,0.558060338127922,13.3970259144181,2.39064031348876,12.8389655762902,0.122285714285714
2024-12-18,"BEL2",3.789375,6.77664756898994,0.308594459556067,13.2378052195721,1.75289155816016,12.9292107600161,0.186857142857143
2024-12-18,"GLKP",2.55025,4.68432304263768,-1.397403075308,11.3029615803921,1.33334914930607,12.7003646557001,0.248857142857143
2024-12-18,"LECU",2.90295833333333,6.19214219385151,0.0958527023837341,12.7967356437274,2.01870381961369,12.7008829413436,0.151714285714286
2024-12-18,"SUN2",2.16779166666667,6.56029369560306,0.306421674694208,13.0784447535223,2.85472711552842,12.7720230788281,0.0874285714285714
2024-12-18,"TRAN",3.52983333333333,5.55026573971446,-0.974735018389597,12.0594562768266,1.21954616546158,13.0341912952162,0.273142857142857
2024-12-18,"STOK",2.728875,6.43935055978795,-0.264676876392613,12.9022601300667,2.25572677384371,13.1669370064593,0.128571428571429
2024-12-18,"BEX",4.76033333333333,6.52301261000193,0.192358657411153,12.9889401949447,1.12359937304082,12.7965815375335,0.297142857142857
2024-12-18,"SEND",4.93904166666667,6.234730101639,-0.284888589193882,12.7635277961365,0.957661891338803,13.0484163853304,0.362857142857143
2024-12-18,"HUL2",3.91895833333333,7.06506101571154,0.279268671581973,13.2794778430704,1.85726443754854,13.0002091714884,0.172285714285714
2024-12-18,"PEMB",6.49670833333333,5.21073820591876,-1.42227545806045,11.7451825315595,0.953203797192065,13.16745798962,0.659142857142857
2024-12-18,"WFEN",3.79720833333333,6.04107175634896,-0.349728380003201,12.4079093410668,1.38209399030884,12.75763772107,0.234857142857143
2024-12-18,"OSY",5.75383333333333,6.09894109169785,-0.289976867954686,12.4801439632854,0.800638570713625,12.7701208312401,0.45
2024-12-18,"ACTH",1.32570833333333,3.38880800747711,-2.88100540704551,9.75160300561376,1.28549751776825,12.6326084126593,0.259714285714286
2024-12-18,"COPP",2.39783333333333,6.07878724228862,-0.37027087273383,12.5432926030816,2.3021619795387,12.9135634758155,0.120571428571429
2024-12-19,"EB",2.75554166666667,5.66629415161776,-0.816352961138032,12.417999103485,1.75098244505267,13.234352064623,0.190571428571429
2024-12-19,"IMGM",2.03220833333333,4.44619647035621,-2.11735460866478,10.9720168255451,1.42115911515655,13.0893714342098,0.232
2024-12-19,"PRES",3.79620833333333,4.87082179632255,-1.84990530082044,11.3288623474916,0.902648950859287,13.1787676483121,0.375428571428571
2024-12-19,"BIRR",3.62620833333333,4.99563943198432,-1.68957024715497,11.4103906783694,1.00560996105992,13.0999609255244,0.335428571428571
2024-12-19,"BLC2",4.06841666666667,5.68457146726422,-0.793442882618241,12.0171632310949,1.06301002631794,12.8106061137131,0.316571428571429
2024-12-19,"BOTR",3.33629166666667,4.46965366355629,-1.91348708864801,11.0003248711154,0.930816971395183,12.9138119597634,0.360285714285714
2024-12-19,"GHSR",3.73920833333333,3.81774835844229,-2.63094036924791,10.266711036816,0.784218126379613,12.897651406064,0.477714285714286
2024-12-19,"LEAM",3.109375,4.32967222544799,-2.16846732448106,11.026024551873,0.955204798918261,13.1944918763541,0.354571428571429
2024-12-19,"NPT3",3.06308333333333,5.41889210465241,-1.13143096907618,11.8575500711827,1.4251535447757,12.9889810402589,0.234285714285714
2024-12-19,"REA1",2.78004166666667,4.63564226925155,-1.73724497091913,11.1520308154711,1.21348055562284,12.8892757863902,0.278857142857143
2024-12-19,"SOUT",2.88033333333333,5.96453779396252,-0.339291892303115,12.3010603386151,1.82322489838199,12.6403522309182,0.176571428571429
2024-12-19,"WREX",3.59079166666667,3.79837876187227,-2.54576706658091,10.1133281787545,0.804185391712148,12.6590952453354,0.478
2024-12-19,"LEAR",2.58158333333333,4.0991566822221,-2.47170957222963,10.5816557331699,1.03040175198881,13.0533653053995,0.322571428571429
2024-12-19,"PLYM",6.51141666666667,8.77758097421687,2.12049409481364,15.296149077597,1.36806999885897,13.1756549827834,0.246571428571429
2024-12-19,"SHDG",2.62670833333333,4.67728681024243,-1.89023008263992,11.4012165772709,1.28838301463063,13.2914466599108,0.259142857142857
2024-12-19,"SHE",2.555,4.73628601475368,-1.5001354742232,11.0480027111267,1.31133394359179,12.5481381853499,0.258857142857143
2024-12-19,"BEL2",5.34404166666667,4.89773260808091,-1.47433665452879,11.3625506370158,0.791130445123714,12.8368872915446,0.552
2024-12-19,"GLKP",2.92045833333333,3.41993913976584,-2.88219694619403,9.76500976256225,0.798394708194576,12.6472067087563,0.435714285714286
2024-12-19,"LECU",3.43854166666667,4.2708697929782,-2.05349328865914,10.6334698440601,0.833363543664128,12.6869631327193,0.403142857142857
2024-12-19,"SUN2",2.81641666666667,3.99188684115508,-2.43282846280517,10.9114281997442,0.957010587742474,13.3442566625494,0.357142857142857
2024-12-19,"TRAN",4.919375,4.50148507860983,-1.94308234084426,11.1043515868745,0.7831250814734,13.0474339277188,0.542857142857143
2024-12-19,"STOK",4.78679166666667,4.39846926090379,-1.9080399085665,11.0835852422707,0.799744588831309,12.9916251508371,0.542285714285714
2024-12-19,"BEX",3.231125,5.3416439058396,-1.01867104632578,11.7563464186452,1.29810450475542,12.7750174649709,0.255714285714286
2024-12-19,"SEND",3.01883333333333,5.21002286783391,-1.00894318582246,11.6307486344206,1.36430273388134,12.6396918202431,0.244857142857143
2024-12-19,"HUL2",2.67195833333333,5.26267447656518,-1.24962159515045,11.5869996184321,1.55845132475334,12.8366212135825,0.206571428571429
2024-12-19,"PEMB",4.77879166666667,4.99263080899418,-1.87149765821946,11.2964624176042,0.782418246728732,13.1679600758236,0.487428571428571
2024-12-19,"WFEN",2.52170833333333,4.42827728594995,-2.13271532744234,10.7115340443845,1.15289545221646,12.8442493718269,0.284
2024-12-19,"OSY",2.48429166666667,5.44989272017569,-0.846792171654396,12.1224996708959,1.7503118720713,12.9692918425502,0.196285714285714
2024-12-19,"ACTH",1.53883333333333,2.18647745183004,-4.40188741976119,8.84350689846766,0.846980419518119,13.2453943182289,0.420285714285714
2024-12-19,"COPP",3.6655,4.21606744749726,-1.98248773611296,10.6964257393085,0.810179703986704,12.6789134754214,0.429428571428571
2024-12-20,"EB",3.74625,3.89102321677478,-2.49009874937824,10.2471236752797,0.768386398025444,12.7372224246579,0.491714285714286
2024-12-20,"IMGM",4.780875,3.93077889391824,-2.56267423920584,10.4333322193814,0.854778986842344,12.9960064585872,0.607714285714286
2024-12-20,"PRES",5.088375,4.34023724883211,-2.10233762323336,10.9263230713431,0.834037140066003,13.0286606945765,0.574
2024-12-20,"BIRR",5.75966666666667,4.87677561675506,-1.60085927832852,11.1135270318489,0.84781080938205,12.7143863101775,0.610285714285714
2024-12-20,"BLC2",6.70891666666667,4.83986886944749,-1.78059704936123,10.9760944950821,1.15239966302135,12.7566915444433,0.719428571428571
2024-12-20,"BOTR",4.39866666666667,4.36554444000761,-2.10827061970036,11.0524439699412,0.776570772674281,13.1607145896416,0.506571428571429
2024-12-20,"GHSR",5.15429166666667,3.82179014839632,-2.60899743788311,10.5059920501692,0.975035411715329,13.1149894880523,0.652
2024-12-20,"LEAM",4.78770833333333,4.0438674279778,-2.26759847793204,10.4091432638956,0.854161073332944,12.6767417418276,0.597428571428571
2024-12-20,"NPT3",5.751875,4.06313987830514,-2.66136096409459,10.428678405809,1.13386258453494,13.0900393699036,0.702571428571429
2024-12-20,"REA1",4.02920833333333,3.85869921422376,-2.62204109493371,10.2620083173226,0.76478073072336,12.8840494122564,0.523714285714286
2024-12-20,"SOUT",4.71804166666667,4.03453243399374,-2.27452062112375,10.4914648004382,0.809575777482212,12.7659854215619,0.570857142857143
2024-12-20,"WREX",3.54958333333333,4.03513546814609,-2.50766490253524,10.5787946381774,0.823074028712495,13.0864595407126,0.429714285714286
2024-12-20,"LEAR",4.28366666666667,3.75117218190839,-2.77056634100419,10.049825968161,0.819552042209457,12.8203923091652,0.571714285714286
2024-12-20,"PLYM",8.62820833333333,5.84458467929229,-0.772000159766626,12.366172196721,1.75777734338473,13.1381723564876,0.813714285714286
2024-12-20,"SHDG",4.51858333333333,4.39363407734836,-1.9176867851581,10.7345380964634,0.766317549091821,12.6522248816215,0.517142857142857
2024-12-20,"SHE",5.23383333333333,4.29598672964766,-2.22884059419491,10.7769794205037,0.857533641930825,13.0058200146986,0.597142857142857
2024-12-20,"BEL2",6.50454166666667,5.26541518374431,-1.2055801736104,11.7426529571674,0.940646251368259,12.9482331307778,0.638
2024-12-20,"GLKP",4.37104166666667,3.32628740043974,-3.25897140191764,9.79270892114559,0.910344223117493,13.0516803230632,0.628
2024-12-20,"LECU",4.19125,4.26144853375977,-2.36319359602757,10.759748231619,0.778984132751787,13.1229418276465,0.499428571428571
2024-12-20,"SUN2",3.26945833333333,4.04811307347786,-2.34917403112092,10.5683560318748,0.823020445152113,12.9175300629957,0.408285714285714
2024-12-20,"TRAN",6.08391666666667,4.77628797034096,-1.6994441190425,11.3475152697848,0.97945203883452,13.0469593888274,0.653142857142857
2024-12-20,"STOK",4.663875,4.95752416819399,-1.7317764592882,11.6448166557792,0.796630674646298,13.3765931150674,0.464571428571429
2024-12-20,"BEX",4.768125,4.53925074367382,-2.00621043808025,11.0599589813807,0.789122054751549,13.066169419461,0.522
2024-12-20,"SEND",4.41625,4.25688712801763,-2.09331608267536,10.5827674418263,0.762986847339882,12.6760835245017,0.505142857142857
2024-12-20,"HUL2",5.53654166666667,4.58852141844839,-1.9561237288065,11.1032695658608,0.875305947616432,13.0593932946673,0.606571428571429
2024-12-20,"PEMB",5.07770833333333,4.08512020704366,-2.34806483295832,10.3538240837174,0.889429825977238,12.7018889166757,0.615142857142857
2024-12-20,"WFEN",4.30141666666667,3.73588355332435,-2.72334489081147,10.1302331647795,0.791853904378926,12.8535780555909,0.574285714285714
2024-12-20,"OSY",4.14708333333333,3.9830656293456,-2.3218557765042,10.5306561084561,0.76944362024385,12.8525118849603,0.513142857142857
2024-12-20,"ACTH",2.35741666666667,2.03196778579518,-4.44979491912553,8.58894956488317,0.809599399620841,13.0387444840087,0.533714285714286
2024-12-20,"COPP",3.976125,4.47624355178705,-1.88016509888117,10.7351439766264,0.800189828414652,12.6153090755075,0.436285714285714
2024-12-21,"EB",6.814125,5.18285116643322,-1.31701095674556,11.6517766319804,1.09061309086531,12.968787588726,0.694285714285714
2024-12-21,"IMGM",4.97558333333333,5.82874148757125,-0.549994860052358,12.2228362540172,0.875163771223821,12.7728311140695,0.400285714285714
2024-12-21,"PRES",7.286875,5.69820632915233,-0.737022615614537,12.1330384911034,1.03682856972675,12.8700611067179,0.667428571428571
2024-12-21,"BIRR",4.88016666666667,6.53232721437002,-0.0379007651649179,13.1332815530303,1.1066861830134,13.1711823181952,0.310571428571429
2024-12-21,"BLC2",9.98333333333333,6.70865931440602,0.146647246148769,13.1976078485639,1.98866999669118,13.0509606024151,0.843428571428571
2024-12-21,"BOTR",5.04520833333333,5.62355991520088,-0.745711031357227,12.0706094024551,0.809507902320897,12.8163204338123,0.423714285714286
2024-12-21,"GHSR",7.052,5.20536130439438,-1.10172835919608,11.7545582099382,1.19048561648489,12.8562865691343,0.714
2024-12-21,"LEAM",5.53066666666667,5.53642044265883,-0.912567922372208,12.1746437596718,0.791832702969095,13.087211682044,0.512857142857143
2024-12-21,"NPT3",7.31733333333333,5.97036529516843,-0.473400554711315,12.5603526221743,1.03376823946129,13.0337531768856,0.668285714285714
2024-12-21,"REA1",6.07995833333333,5.21048946767374,-1.00181677820066,11.7302398499355,0.836797444699858,12.7320566281362,0.606857142857143
2024-12-21,"SOUT",6.64908333333333,5.64646498568099,-0.576096736493696,12.5114794665044,0.896145603100746,13.0875762029981,0.610285714285714
2024-12-21,"WREX",4.682625,4.87101263880162,-1.83865305035703,11.3566607713304,0.762958602053536,13.1953138216875,0.477714285714286
2024-12-21,"LEAR",5.08270833333333,5.25483833656728,-1.22151924523882,11.7400087056664,0.788007790457288,12.9615279509053,0.472285714285714
2024-12-21,"PLYM",9.59020833333333,7.59672450910744,1.08059791150844,14.119545627398,1.21617714233558,13.0389477158896,0.718285714285714
2024-12-21,"SHDG",5.38216666666667,5.96597601559737,-0.731814425655344,12.6644100949741,0.824752543076718,13.3962245206295,0.444285714285714
2024-12-21,"SHE",5.32616666666667,6.16615251594976,-0.404079730123599,12.7776779607683,0.828695262403491,13.1817576908919,0.402571428571429
2024-12-21,"BEL2",6.6795,6.5419721897423,0.0511804689992408,13.2240029656211,0.787473998073664,13.1728224966218,0.499428571428571
2024-12-21,"GLKP",6.29708333333333,4.7269143490504,-1.84603827545883,11.0809057802796,1.09466797106759,12.9269440557384,0.692857142857143
2024-12-21,"LECU",4.85754166666667,5.40125736527923,-1.35543399601032,11.8002581653044,0.805960604121588,13.1556921613147,0.437428571428571
2024-12-21,"SUN2",4.920375,5.07533713288009,-1.48756539277195,11.6311527066832,0.797660403867218,13.1187180994551,0.485142857142857
2024-12-21,"TRAN",7.13054166666667,6.05665919042188,-0.446598924389369,12.6234018653111,0.921401992828778,13.0700007897004,0.622
2024-12-21,"STOK",5.250625,5.75163329404776,-0.464793232807408,12.1143739089687,0.810795686468896,12.5791671417761,0.429428571428571
2024-12-21,"BEX",6.25391666666667,5.9985409888977,-0.380332287040395,12.6151984868364,0.785552315387764,12.9955307738768,0.536285714285714
2024-12-21,"SEND",6.37979166666667,5.66996159264351,-0.835309935806804,12.07966741381,0.83927089155707,12.9149773496168,0.586571428571429
2024-12-21,"HUL2",5.9955,6.53559704147929,-0.0866421889444166,13.1207709516853,0.81223623266255,13.2074131406297,0.448285714285714
2024-12-21,"PEMB",8.60666666666667,5.08846439840426,-1.36556396117644,11.6581996934506,2.10759431288622,13.0237636546271,0.853714285714286
2024-12-21,"WFEN",4.594125,5.28151432891941,-1.09725312872518,11.7622723396656,0.835229755052032,12.8595254683908,0.413428571428571
2024-12-21,"OSY",6.18116666666667,5.51337155485389,-0.71380749377771,12.263026400437,0.828836339887159,12.9768338942147,0.586571428571429
2024-12-21,"ACTH",3.77845833333333,3.20070211763251,-3.26239881640962,9.45413426019667,0.826590375419269,12.7165330766063,0.58
2024-12-21,"COPP",5.15533333333333,5.44202870446877,-0.945576540114793,11.9943951744838,0.790080159858745,12.9399717145986,0.467428571428571
2024-12-22,"EB",4.54604166666667,6.71874299172604,0.0578548783706781,12.876239256255,1.28325984318872,12.8183843778843,0.255142857142857
2024-12-22,"IMGM",4.54208333333333,6.27572467555822,-0.356156804445588,12.6974467022329,1.0610964313742,13.0536035066785,0.323714285714286
2024-12-22,"PRES",8.356,6.90784569755973,0.632543657992267,13.3752863522265,0.994166530442533,12.7427426942342,0.668571428571429
2024-12-22,"BIRR",6.95070833333333,6.59004967689896,0.239998424269427,12.9820175206158,0.763505594293446,12.7420190963463,0.535714285714286
2024-12-22,"BLC2",9.78195833333333,8.2979044416552,1.79425247849451,14.7670651509853,1.04272169528978,12.9728126724907,0.670571428571429
2024-12-22,"BOTR",7.21104166666667,6.26156839258705,-0.24066688874882,12.5802469004408,0.879271033315482,12.8209137891897,0.61
2024-12-22,"GHSR",7.56783333333333,6.30186062014377,-0.34112669202481,12.7437943638237,0.95886042268753,13.0849210558485,0.646285714285714
2024-12-22,"LEAM",6.66079166666667,6.20149870626839,-0.312257474165781,12.710309298282,0.792835782231012,13.0225667724478,0.544285714285714
2024-12-22,"NPT3",6.364,6.92592343871853,0.586549941802046,13.2856773063627,0.823592462686727,12.6991273645607,0.411714285714286
2024-12-22,"REA1",5.47370833333333,6.36600467916745,0.019765821031758,12.8634362302503,0.864088544761031,12.8436704092186,0.402
2024-12-22,"SOUT",5.66725,6.74938060355583,0.338920200022293,13.3710745097693,0.914170534477704,13.032154309747,0.374285714285714
2024-12-22,"WREX",7.202375,5.70471017705037,-0.935171006911175,12.1948064228253,1.0584207020392,13.1299774297365,0.688857142857143
2024-12-22,"LEAR",6.12425,5.9403569555465,-0.34546055251094,12.5490823050776,0.777723862637004,12.8945428575885,0.506285714285714
2024-12-22,"PLYM",8.39033333333333,8.33678446862058,1.79124311347023,14.6426291943287,0.765566793664447,12.8513860808585,0.500571428571429
2024-12-22,"SHDG",6.99770833333333,6.67273799410716,0.310044478344912,13.4010851730725,0.798177748762277,13.0910406947276,0.544857142857143
2024-12-22,"SHE",6.51933333333333,6.5761952880478,0.288967813644089,13.2029875416944,0.782107891163101,12.9140197280503,0.486857142857143
2024-12-22,"BEL2",7.50195833333333,7.00392616124003,0.657214750926357,13.3468909168525,0.808244703599037,12.6896761659261,0.562
2024-12-22,"GLKP",6.94183333333333,5.83341035449937,-0.593800952920934,12.2316805229132,0.913618978729307,12.8254814758341,0.626857142857143
2024-12-22,"LECU",6.41608333333333,6.05092683996651,-0.116357697595723,12.2736829824015,0.798542113838647,12.3900406799973,0.543714285714286
2024-12-22,"SUN2",4.64029166666667,6.09392327463528,-0.438839791732959,12.6893813254198,1.00070583866009,13.1282211171528,0.328285714285714
2024-12-22,"TRAN",10.61425,6.84142746839171,-0.0424321127194343,13.393091120474,2.34893577419859,13.4355232331934,0.874857142857143
2024-12-22,"STOK",8.45416666666667,6.38412742460078,-0.0775395105336909,12.6115837987087,1.31033359029646,12.6891233092424,0.736571428571429
2024-12-22,"BEX",6.08091666666667,6.94075285948384,0.31097434653195,13.1291816012703,0.835352771392341,12.8182072547383,0.408285714285714
2024-12-22,"SEND",6.073125,6.79109391625243,0.384938802944411,13.2322507583862,0.82727904961993,12.8473119554418,0.412285714285714
2024-12-22,"HUL2",5.39604166666667,7.07883352687167,0.586711036799211,13.8475101854757,1.07766687374598,13.2607991486765,0.319142857142857
2024-12-22,"PEMB",6.83375,6.80485222449601,0.418958637600215,13.4602775002609,0.778406337982384,13.0413188626607,0.494571428571429
2024-12-22,"WFEN",5.49041666666667,5.77839448616554,-0.707329379843011,11.97611713712,0.770790246182464,12.6834465169631,0.477428571428571
2024-12-22,"OSY",5.407875,6.65690903671922,0.2453402348448,13.218592782511,0.95779235647404,12.9732525476662,0.357428571428571
2024-12-22,"ACTH",3.730375,4.12901151201774,-2.47072883847483,10.6710052671083,0.81605740101092,13.1417341055831,0.452
2024-12-22,"COPP",8.03566666666667,6.28788949553594,-0.399742164550785,13.0591044086842,1.17834261561029,13.458846573235,0.701142857142857
2024-12-23,"EB",6.84941666666667,5.89358589466184,-0.577821458713128,12.1463844773576,0.88469479168294,12.7242059360707,0.604571428571429
2024-12-23,"IMGM",7.05195833333333,6.17042758733,-0.314047699782073,12.6011916490319,0.872580898845964,12.915239348814,0.602571428571429
2024-12-23,"PRES",7.25541666666667,7.33101205051548,0.85659230499564,13.8350106573089,0.787965127865014,12.9784183523133,0.501714285714286
2024-12-23,"BIRR",7.86266666666667,7.42734003852024,0.786986621161148,14.1589101562385,0.810609167084897,13.3719235350774,0.554857142857143
2024-12-23,"BLC2",6.76304166666667,8.23537125597006,1.49832733064706,14.6063664581806,1.02273589420474,13.1080391275335,0.335142857142857
2024-12-23,"BOTR",8.33333333333333,7.11274088032568,0.41422637722047,13.6154754471111,0.941895195093696,13.2012490698907,0.631142857142857
2024-12-23,"GHSR",4.93816666666667,6.52430505676001,0.11493986597293,12.7361578019757,1.04057539856845,12.6212179360028,0.322285714285714
2024-12-23,"LEAM",7.582625,6.66768507905239,0.339757610741904,12.9315229615154,0.884747634887696,12.5917653507735,0.608
2024-12-23,"NPT3",6.21466666666667,6.60884132799278,0.262245542125968,13.0180961211878,0.786959959324141,12.7558505790619,0.447714285714286
2024-12-23,"REA1",7.31629166666667,6.17067453384216,-0.21339348619596,12.5228864139826,0.921263673568316,12.7362799001785,0.640285714285714
2024-12-23,"SOUT",6.41516666666667,6.41661177499525,-0.196381120598747,12.795843486804,0.773551448316076,12.9922246074028,0.506857142857143
2024-12-23,"WREX",5.00195833333333,6.68014878523832,0.37792449919636,13.1287150753992,1.0853077408026,12.7507905762028,0.302
2024-12-23,"LEAR",7.2495,6.37294448132625,-0.0017895777924749,12.9550498627754,0.875011472879788,12.9568394405679,0.594
2024-12-23,"PLYM",8.25266666666667,7.93684988279954,1.72231322011039,14.5882334431035,0.777441795148145,12.8659202229931,0.526857142857143
2024-12-23,"SHDG",6.42975,7.3170331702627,0.962971427639784,13.9653033667693,0.877920736713868,13.0023319391295,0.398
2024-12-23,"SHE",7.46566666666667,7.07486274988472,0.847389486074663,13.6009301622159,0.782169934018703,12.7535406761413,0.548
2024-12-23,"BEL2",5.27616666666667,7.36412138282744,0.877052033771166,14.0595388320399,1.32177084516965,13.1824867982687,0.254571428571429
2024-12-23,"GLKP",4.61379166666667,6.10320877180916,0.0537359385363475,12.6782780667718,1.03447263103721,12.6245421282355,0.314571428571429
2024-12-23,"LECU",7.73291666666667,6.67687738461134,0.32637235774154,12.9251971275509,0.890345660585246,12.5988247698093,0.614857142857143
2024-12-23,"SUN2",5.87366666666667,6.02501814410547,-0.572509549209473,12.4885499392827,0.792720040240568,13.0610594884922,0.497428571428571
2024-12-23,"TRAN",6.538,8.17513519598301,1.78741550927533,14.7704012694351,1.1256583247828,12.9829857601598,0.301428571428571
2024-12-23,"STOK",7.82045833333333,7.62051289164777,1.12786458662356,14.1680220239264,0.774732898418875,13.0401574373029,0.524857142857143
2024-12-23,"BEX",8.82079166666667,6.91382924885031,0.148584914214901,13.6454302597957,1.19072658210928,13.4968453455808,0.717142857142857
2024-12-23,"SEND",7.79679166666667,6.70795516366862,0.397677660125647,12.9503484939202,0.934057082836187,12.5526708337945,0.644
2024-12-23,"HUL2",8.57216666666667,6.9083562402518,0.494602872426242,13.5119409542256,1.13927725087254,13.0173380817994,0.704857142857143
2024-12-23,"PEMB",4.541125,6.15663783491481,-0.281024791306441,12.5550314257042,1.08462634917817,12.8360562170107,0.302571428571429
2024-12-23,"WFEN",7.03816666666667,6.16428570244042,-0.255674418066562,12.6481370390192,0.855032721703386,12.9038114570858,0.613428571428571
2024-12-23,"OSY",6.72375,6.39993944671413,-0.296192168096096,12.9596840220128,0.791313588008306,13.2558761901089,0.538
2024-12-23,"ACTH",2.82733333333333,4.14926646916158,-2.0904520767808,10.5439360504283,0.980717443388133,12.6343881272091,0.339714285714286
2024-12-23,"COPP",6.47108333333333,7.39624267934178,0.856316064903378,13.7236750819805,0.871125046211321,12.8673590170771,0.387714285714286
2024-12-24,"EB",4.47333333333333,6.71745396360104,0.0945953141821546,13.4694812365944,1.3765256175423,13.3748859224123,0.257714285714286
2024-12-24,"IMGM",5.78604166666667,7.0450403932446,0.630319590102485,13.6149087676156,0.954721999924096,12.9845891775131,0.348
2024-12-24,"PRES",4.986375,6.84720159747538,0.631433237929376,13.8067984327021,1.22677133814356,13.1753651947728,0.270571428571429
2024-12-24,"BIRR",5.52483333333333,7.67493554457203,1.00608765790915,14.0525208701126,1.27500541899362,13.0464332122035,0.264571428571429
2024-12-24,"BLC2",5.05220833333333,7.058826198825,0.352066253775706,13.5413799408462,1.24193792470098,13.1893136870705,0.284857142857143
2024-12-24,"BOTR",5.631875,7.43690802360883,0.99861778463562,13.8853290710291,1.17855469797106,12.8867112863935,0.294
2024-12-24,"GHSR",1.7305,5.48187634981201,-1.30329141619569,11.8806514734357,2.267214735411,13.1839428896314,0.130571428571429
2024-12-24,"LEAM",6.60479166666667,6.93213496176096,0.494182032258214,13.3652874727987,0.830467177389298,12.8711054405405,0.433142857142857
2024-12-24,"NPT3",3.37558333333333,6.50576069274929,0.195317531352537,13.0398635361011,1.95352233841112,12.8445460047486,0.158285714285714
2024-12-24,"REA1",5.593625,6.80054230541368,0.35358751236395,13.1367168574498,0.97795542396498,12.7831293450858,0.342
2024-12-24,"SOUT",3.91708333333333,6.64627832824369,0.0965808839583062,13.110404677033,1.56441979540668,13.0138237930747,0.215428571428571
2024-12-24,"WREX",1.66570833333333,5.76859666022379,-0.617174352544936,12.1630538794302,2.56648975980335,12.7802282319751,0.103428571428571
2024-12-24,"LEAR",6.42891666666667,6.71398429083348,0.410180984201305,12.9546275778916,0.772124316590627,12.5444465936903,0.459714285714286
2024-12-24,"PLYM",2.99625,7.84155030941956,1.47810804408861,14.4057559602857,3.18470724986589,12.9276479161971,0.0688571428571429
2024-12-24,"SHDG",5.24475,7.02284277629689,0.817868213977198,13.4353419682906,1.15565732677729,12.6174737543134,0.296571428571429
2024-12-24,"SHE",4.59808333333333,7.34750294586482,0.822974282584163,13.9386159923045,1.59694054250026,13.1156417097204,0.214285714285714
2024-12-24,"BEL2",2.97070833333333,6.46698782616301,-0.0461043211339621,12.9021162290124,2.1383681669083,12.9482205501464,0.139428571428571
2024-12-24,"GLKP",1.65195833333333,5.17069488071008,-1.15302181709186,11.4363376865676,2.1248876825707,12.5893595036595,0.141714285714286
2024-12-24,"LECU",6.18225,7.08162599023258,0.47279007754908,13.727286446568,0.872502382793571,13.2544963690189,0.392
2024-12-24,"SUN2",1.16258333333333,6.4246541647035,0.200319497490914,12.8090653744099,3.63277388649133,12.608745876919,0.048
2024-12-24,"TRAN",9.03,6.55523519602689,0.310711274569459,13.2441946689422,1.47562712484951,12.9334833943727,0.777714285714286
2024-12-24,"STOK",3.013,7.27968429496132,0.680758165083331,13.9153591889553,2.70275868785747,13.234601023872,0.098
2024-12-24,"BEX",8.34520833333333,7.86998002991349,1.2453777804819,14.3173074574005,0.80164813180959,13.0719296769186,0.563714285714286
2024-12-24,"SEND",8.63316666666667,7.28957145409889,0.716829345262354,13.9471543429985,0.992026075061338,13.2303249977362,0.655714285714286
2024-12-24,"HUL2",6.7315,8.03208124262216,1.66077496820443,14.510708629299,1.00115699873774,12.8499336610945,0.341714285714286
2024-12-24,"PEMB",2.46175,5.27116896938083,-1.5806170105658,11.6860984949192,1.64316587726723,13.266715505485,0.198285714285714
2024-12-24,"WFEN",5.94741666666667,6.66386052319031,-0.229945306377784,13.4319900322882,0.827870125904236,13.661935338666,0.428
2024-12-24,"OSY",8.2105,6.83705506460261,0.46748483150894,13.2352975334623,0.972424777354113,12.7678127019534,0.651428571428571
2024-12-24,"ACTH",0.515041666666667,3.75430422042306,-2.80958785248476,10.0272544583277,1.93128867005012,12.8368423108124,0.163428571428571
2024-12-24,"COPP",4.43104166666667,6.7151474024377,0.207187793113617,13.2070978286473,1.33983673913196,12.9999100355337,0.252
2024-12-25,"EB",5.11504166666667,4.81212996904685,-2.04535070873726,11.3890578690911,0.779375174918909,13.4344085778283,0.539142857142857
2024-12-25,"IMGM",6.13208333333333,5.54803161876238,-0.868188673849786,12.0294076435082,0.791820177920768,12.897596317358,0.567142857142857
2024-12-25,"PRES",4.053625,5.02929335958348,-1.58427663703271,11.6469322539168,0.882808274845691,13.2312088909496,0.39
2024-12-25,"BIRR",3.77854166666667,5.8033049726272,-0.625595488369096,12.0934290156253,1.23174057658055,12.7190245039944,0.276571428571429
2024-12-25,"BLC2",2.93929166666667,5.47460142238663,-1.01888784108479,12.0047124090964,1.52061198458581,13.0236002501812,0.217428571428571
2024-12-25,"BOTR",6.6755,5.42763682787918,-1.04551458555372,11.8052471761545,0.929507310271266,12.8507617617082,0.642571428571429
2024-12-25,"GHSR",1.341375,3.33775249817994,-3.1705097772511,9.79561064889765,1.22100895175379,12.9661204261488,0.272571428571429
2024-12-25,"LEAM",4.31408333333333,5.56411869237546,-0.759449106940581,12.1313333349897,0.963958907321348,12.8907824419303,0.346285714285714
2024-12-25,"NPT3",1.95758333333333,4.46335666782509,-1.97385739497142,10.7143638741226,1.46581775400548,12.688221269094,0.229142857142857
2024-12-25,"REA1",2.818375,5.14371427315481,-1.4021276932958,11.8663596654751,1.4680839138217,13.2684873587709,0.220285714285714
2024-12-25,"SOUT",1.82191666666667,4.71759206270989,-1.73396196204531,10.8811101370345,1.71010149872523,12.6150720990798,0.202285714285714
2024-12-25,"WREX",3.35691666666667,3.57082115383885,-2.82111846791439,10.053586558767,0.788348003503805,12.8747050266814,0.473142857142857
2024-12-25,"LEAR",5.34091666666667,5.40135995675456,-1.09871877140806,11.7632197170578,0.764162352614051,12.8619384884658,0.492857142857143
2024-12-25,"PLYM",2.00083333333333,4.90358652643255,-1.40410675370244,11.2593644889632,1.74096428946957,12.6634712426657,0.188285714285714
2024-12-25,"SHDG",7.17570833333333,5.59899646423962,-0.845106381953469,11.8695505297159,1.02667655646768,12.7146569116693,0.69
2024-12-25,"SHE",6.301125,5.27916714155784,-1.12176673972591,11.9581312652818,0.898513106193178,13.0798980050077,0.623714285714286
2024-12-25,"BEL2",2.10291666666667,4.65138036085729,-2.04115644939961,11.0396131307773,1.52534249133762,13.0807695801769,0.211142857142857
2024-12-25,"GLKP",1.27058333333333,3.11339667824702,-3.01010958913302,9.73690184350948,1.15823950119451,12.7470114326425,0.283142857142857
2024-12-25,"LECU",5.21625,5.49588558775616,-1.03047259844655,11.9837640054163,0.782319090499361,13.0142366038629,0.481142857142857
2024-12-25,"SUN2",3.47679166666667,3.66944595126234,-2.80913879002273,10.4062682207828,0.79209461476549,13.2154070108055,0.468285714285714
2024-12-25,"TRAN",12.0372083333333,6.54260458728139,-0.0562784703393514,12.9379418228336,3.8657859165971,12.9942202931729,0.956285714285714
2024-12-25,"STOK",4.040875,4.51497842694452,-2.15769463347317,10.9581560540311,0.792206219744761,13.1158506875043,0.446285714285714
2024-12-25,"BEX",7.51583333333333,6.66248835237964,0.191856344461731,12.9908712946061,0.851021356399287,12.7990149501444,0.596857142857143
2024-12-25,"SEND",10.860875,6.58229788158243,0.212766813708222,13.0122450788928,2.73249959676569,12.7994782651845,0.903428571428571
2024-12-25,"HUL2",8.76866666666667,6.31283201147168,-0.0680335100456523,12.5306235669277,1.48282081751956,12.5986570769734,0.780571428571429
2024-12-25,"PEMB",1.12033333333333,3.54024210028111,-2.88740369930634,9.87987176997686,1.44811515552724,12.7672754692832,0.226285714285714
2024-12-25,"WFEN",4.950875,5.2452358645982,-1.0781214807201,11.8316694627501,0.78491765357106,12.9097909434702,0.471142857142857
2024-12-25,"OSY",9.438875,6.37640706656149,-0.33168974877835,12.8206561961479,1.84514668202903,13.1523459449263,0.824
2024-12-25,"ACTH",0.64075,1.91760385159882,-4.48528376590846,8.25560846164972,0.928672322318112,12.7408922275582,0.352571428571429
2024-12-25,"COPP",5.22408333333333,4.98857344531256,-1.37057750202688,11.6223823697408,0.780127216593708,12.9929598717677,0.515142857142857
2024-12-26,"EB",4.18141666666667,5.38660049608088,-0.864876215893565,11.7733652600763,0.983177659518364,12.6382414759699,0.342571428571429
2024-12-26,"IMGM",7.70345833333333,5.99740661490226,-0.7755567615941,12.1545563369176,1.15575197162303,12.9301130985117,0.692857142857143
2024-12-26,"PRES",10.9070833333333,5.01907215787734,-1.4252913112032,11.4627145423329,4.12083604345109,12.8880058535361,0.962285714285714
2024-12-26,"BIRR",4.35725,5.49270796299102,-0.933415441502015,11.9518637837504,0.954036882043701,12.8852792252524,0.360285714285714
2024-12-26,"BLC2",11.3935833333333,5.01940559897925,-1.41355554599046,11.4241230457006,4.54830576571201,12.8376785916911,0.974285714285714
2024-12-26,"BOTR",5.05608333333333,6.15554581046353,-0.394102541101635,12.5737500567009,0.893076627242711,12.9678525978026,0.379714285714286
2024-12-26,"GHSR",2.01458333333333,3.54206501456651,-2.97613400284571,10.2041819115696,1.03805647927914,13.1803159144153,0.324571428571429
2024-12-26,"LEAM",3.619375,5.03278168497352,-1.31388883250417,11.4147484127294,1.04381375159541,12.7286372452335,0.327714285714286
2024-12-26,"NPT3",4.25525,4.28139493944989,-2.24787435024204,10.6424041875976,0.761171589931635,12.8902785378397,0.521142857142857
2024-12-26,"REA1",4.21475,4.44335191445921,-1.97352357082767,11.0999724907119,0.776366506923241,13.0734960615396,0.459142857142857
2024-12-26,"SOUT",4.17645833333333,4.28001822103205,-2.1320163835926,10.7102246160612,0.758789792975637,12.8422409996538,0.493142857142857
2024-12-26,"WREX",4.714125,4.54750708882393,-1.8333351152006,10.9589929056717,0.76853932849976,12.7923280208723,0.514285714285714
2024-12-26,"LEAR",3.45225,5.31330731861405,-1.16015825261147,11.7463770426543,1.15412708341563,12.9065352952658,0.293714285714286
2024-12-26,"PLYM",2.84008333333333,4.9120742061424,-1.5283921637957,11.277955727407,1.30569122567896,12.8063478912027,0.268
2024-12-26,"SHDG",12.8549166666667,6.63429945568969,0.300990676680503,13.011459255836,4.49632666347035,12.7104685791555,0.972285714285714
2024-12-26,"SHE",10.8255,6.2536595481231,-0.262699248816872,12.7512631412073,2.88415944418508,13.0139623900241,0.909714285714286
2024-12-26,"BEL2",5.96404166666667,4.66573117496853,-1.61021958101399,11.1660207089672,0.978673139931331,12.7762402899812,0.662285714285714
2024-12-26,"GLKP",1.95270833333333,3.31713013267195,-3.23540784559645,9.49316033578683,0.985098697648398,12.7285681813833,0.337142857142857
2024-12-26,"LECU",4.2295,5.4632676073713,-0.771403123016993,11.8971695324886,0.952917663863372,12.6685726555056,0.36
2024-12-26,"SUN2",6.55266666666667,4.89618781568419,-1.49346296192713,11.4568802030875,1.07592102873987,12.9503431650146,0.689714285714286
2024-12-26,"TRAN",17.4923333333333,7.92495925820219,1.67141559284283,14.3637929986632,7.73834152798304,137.833990792625,0.996571428571429
2024-12-26,"STOK",6.41629166666667,5.2666064339672,-1.16414021858081,11.9438057828049,0.930584113137318,13.1079460013857,0.632285714285714
2024-12-26,"BEX",5.9945,6.66539081060418,0.00652202497337665,13.4246862733902,0.829555107394292,13.4181642484168,0.422
2024-12-26,"SEND",6.818,7.69915360217214,1.16694682523553,14.3193276672343,0.871085772002858,13.1523808419988,0.396285714285714
2024-12-26,"HUL2",12.88825,7.39667605536825,1.12155392813343,13.8216340701873,3.75936487816635,12.7000801420538,0.955428571428571
2024-12-26,"PEMB",0.688833333333333,3.37598655723391,-3.21177002443916,9.90001858338531,1.6533154655972,13.1117886078245,0.199428571428571
2024-12-26,"WFEN",6.84954166666667,5.1948511656204,-1.1812208276983,11.5439036117249,1.05402188362208,12.7251244394232,0.674285714285714
2024-12-26,"OSY",6.37295833333333,7.11397666243378,0.659161543540563,13.832644160106,0.839985909742774,13.1734826165654,0.408857142857143
2024-12-26,"ACTH",0.563166666666667,2.30004943989646,-4.02788964783003,8.61846411625484,1.14467320930694,12.6463537640849,0.295142857142857
2024-12-26,"COPP",4.62375,5.61438324502526,-1.04093013707496,12.1229579235895,0.880633088798622,13.1638880606644,0.376857142857143
2024-12-27,"EB",6.70495833333333,5.74447310618259,-0.645412056618488,12.1745540453965,0.846680441519956,12.819966102015,0.598
2024-12-27,"IMGM",2.88733333333333,7.28729658356817,0.783179714934318,13.7045852500011,2.87165253248659,12.9214055350668,0.0897142857142857
2024-12-27,"PRES",7.38891666666667,8.28342520250898,1.51517290405448,14.7888381805623,0.870764135864684,13.2736652765079,0.410571428571429
2024-12-27,"BIRR",4.856625,6.4442688664885,-0.0711012951483631,12.8999417520399,1.07478655345592,12.9710430471882,0.322571428571429
2024-12-27,"BLC2",6.12133333333333,8.89327871676646,2.55589593790672,15.4161409793431,1.68313015085178,12.8602450414364,0.203428571428571
2024-12-27,"BOTR",4.49495833333333,6.25375672389975,-0.327961426624123,12.8313218717612,1.22215500106046,13.1592832983853,0.282857142857143
2024-12-27,"GHSR",3.83745833333333,4.50958458278747,-2.07096853985428,10.9678225122068,0.855419301995108,13.0387910520611,0.418857142857143
2024-12-27,"LEAM",5.39320833333333,5.52030039598222,-0.950467440477964,12.1217932481497,0.766503790032742,13.0722606886276,0.488857142857143
2024-12-27,"NPT3",7.10704166666667,5.8650624000551,-0.355704737285585,12.3759046752339,0.948920635234433,12.7316094125194,0.642571428571429
2024-12-27,"REA1",4.488,5.71222098104318,-0.65012476565277,12.1803961819148,0.971763163782906,12.8305209475675,0.356857142857143
2024-12-27,"SOUT",7.28575,5.89425504912637,-0.411622774233667,11.9669919302999,1.00572046365884,12.3786147045336,0.668571428571429
2024-12-27,"WREX",10.2870416666667,5.73919196717873,-0.726821665328363,12.2697411633966,2.88335277003706,12.996562828725,0.914857142857143
2024-12-27,"LEAR",5.00104166666667,5.34169879075348,-0.792233728904662,11.8941562749003,0.795201367441435,12.686390003805,0.460857142857143
2024-12-27,"PLYM",6.68245833333333,5.9496046179731,-0.578978324728048,12.4784876929826,0.847829328184801,13.0574660177106,0.585142857142857
2024-12-27,"SHDG",17.6828333333333,9.42351699390884,3.20171472321746,15.8479581132623,6.37475498769809,86.0412521928849,0.996
2024-12-27,"SHE",8.80108333333333,8.61831757570818,2.29203403864246,15.0275787895955,0.784101540655238,12.735544750953,0.517714285714286
2024-12-27,"BEL2",6.15470833333333,6.82079288140397,0.464097507678073,13.3263268091853,0.847574661875511,12.8622293015072,0.414857142857143
2024-12-27,"GLKP",3.696,4.28784373876945,-2.22081721437461,10.8683836470012,0.791684325246093,13.0892008613759,0.446285714285714
2024-12-27,"LECU",3.190875,5.82402290608088,-0.59902440173704,12.5794079046229,1.64883215061817,13.1784323063599,0.203714285714286
2024-12-27,"SUN2",11.252,6.7157356537407,0.138334968934721,13.4550768499893,2.91760878684055,13.3167418810546,0.910857142857143
2024-12-27,"TRAN",35.8885,10.6160721427588,4.28002865010081,16.9144785011173,23.4341503418548,771.595309806324,1
2024-12-27,"STOK",6.841625,6.84475070100288,0.436013978818866,13.3027401440591,0.764470942691273,12.8667261652402,0.504857142857143
2024-12-27,"BEX",7.673,6.8262157322032,0.148356890685244,13.3530914412346,0.879714016828879,13.2047345505493,0.603142857142857
2024-12-27,"SEND",4.52441666666667,6.88308381223952,0.147484124004527,13.1723678599216,1.42279860839608,13.024883735917,0.236
2024-12-27,"HUL2",9.76725,9.60670792226137,3.22424932153172,16.2407811029533,0.762442427959498,13.0165317814216,0.522571428571429
2024-12-27,"PEMB",2.54820833333333,3.94767820000458,-2.27849387160826,10.4713835802255,1.01952346856625,12.7498774518337,0.322857142857143
2024-12-27,"WFEN",11.022,6.62481221166772,0.18123390719959,13.399882308655,2.86001454294512,13.2186484014554,0.902571428571429
2024-12-27,"OSY",2.35820833333333,6.67380198890903,0.505389041856281,13.308134147254,2.85578392878588,12.8027451053977,0.0842857142857143
2024-12-27,"ACTH",0.669208333333333,2.98224635826253,-3.49268389118473,9.41527903628645,1.40630136496383,12.9079629274712,0.234
2024-12-27,"COPP",5.78820833333333,6.09358564396726,-0.310533305972729,12.9067261560264,0.802788381379731,13.2172594619991,0.472
2024-12-28,"EB",11.0111666666667,7.07111658614598,0.572758865321289,13.4538520723503,2.4291650968179,12.881093207029,0.877428571428571
2024-12-28,"IMGM",6.99095833333333,5.86012764329605,-0.506215235312644,12.5251860331314,0.954144966808707,13.031401268444,0.649142857142857
2024-12-28,"PRES",7.73108333333333,7.26290645590417,0.940425292012115,13.9903023970765,0.780668702524256,13.0498771050643,0.538
2024-12-28,"BIRR",4.90566666666667,6.99992563902365,0.545815005818904,13.5437584472341,1.25097413801145,12.9979434414152,0.272857142857143
2024-12-28,"BLC2",7.52558333333333,7.20057199552838,0.344993716186349,13.9203469959314,0.786517939940995,13.5753532797451,0.546
2024-12-28,"BOTR",6.48195833333333,6.44744306768607,0.158754137196413,12.8575871145238,0.783455857504504,12.6988329773274,0.487428571428571
2024-12-28,"GHSR",4.65508333333333,5.55414829998251,-1.00418373680455,11.993210455295,0.847331037310793,12.9973941920995,0.388857142857143
2024-12-28,"LEAM",6.40345833333333,6.56589436363133,0.103331280128796,13.1242452160523,0.770595027508524,13.0209139359235,0.483428571428571
2024-12-28,"NPT3",8.38058333333333,7.26794798206723,1.00933844268283,13.8701120588035,0.926780923537995,12.8607736161207,0.629428571428571
2024-12-28,"REA1",4.609,6.17264548309283,-0.279914964111459,12.7127029795837,1.0304058130409,12.9926179436951,0.324285714285714
2024-12-28,"SOUT",9.08425,7.3917222001982,0.835065102228483,13.7960168642782,1.09422168629718,12.9609517620497,0.692
2024-12-28,"WREX",8.31270833333333,8.16319720495556,1.55679268196003,14.6926411588769,0.782463506395607,13.1358484769169,0.513428571428571
2024-12-28,"LEAR",5.95225,6.3206903500841,-0.253232022314355,12.7071233068578,0.805887873152247,12.9603553291721,0.458571428571429
2024-12-28,"PLYM",10.8963333333333,7.73987429730875,1.38844703815787,14.2187208158341,1.84244347596393,12.8302737776762,0.819714285714286
2024-12-28,"SHDG",12.5572083333333,11.5109199149552,5.033543718709,18.0210735308291,0.95204741137966,12.9875298121201,0.640285714285714
2024-12-28,"SHE",11.1517083333333,8.18377697293655,1.87746366258236,14.7180932595419,1.75847757363565,12.8406295969596,0.815142857142857
2024-12-28,"BEL2",7.175875,7.21604080907569,0.939240079045681,13.9047568043321,0.775918380798076,12.9655167252864,0.506857142857143
2024-12-28,"GLKP",4.43791666666667,5.30280414474699,-1.37654275437458,11.6321250440585,0.842789171722824,13.008667798433,0.404857142857143
2024-12-28,"LECU",6.658875,5.8319620936958,-0.712014143834756,12.3713507820814,0.861419503023268,13.0833649259161,0.592
2024-12-28,"SUN2",4.497875,8.7920423400537,2.40133075736858,15.235773219254,2.67615104932185,12.8344424618854,0.100571428571429
2024-12-28,"TRAN",13.7991666666667,17.7323879148604,11.249049115989,24.0161261435686,2.39298248958829,12.7670770275796,0.116
2024-12-28,"STOK",7.046,7.34776923589313,0.663729993919562,13.8673235719088,0.783448394418656,13.2035935779892,0.458
2024-12-28,"BEX",8.8955,7.84809741560377,1.41522132327742,14.2787589351346,0.886587934304059,12.8635376118572,0.630857142857143
2024-12-28,"SEND",7.02545833333333,6.46906401681002,-0.0171440322821733,12.9766451714033,0.82304923620132,12.9937892036855,0.573428571428571
2024-12-28,"HUL2",10.0392916666667,8.77166602795021,2.02101464444127,15.057245608856,0.951094606054176,13.0362309644147,0.652
2024-12-28,"PEMB",5.57395833333333,5.0212638280506,-1.34449415818656,11.6042361264992,0.804405577196836,12.9487302846857,0.562857142857143
2024-12-28,"WFEN",5.427625,8.52248040493245,2.24043723931013,15.0181791857129,1.86479379768904,12.7777419464028,0.174857142857143
2024-12-28,"OSY",4.09591666666667,5.60854143579449,-0.705172727386464,12.033950283526,1.05344211484513,12.7391230109125,0.309428571428571
2024-12-28,"ACTH",1.15370833333333,3.40141946021135,-2.92407988715776,10.0761684172513,1.30788385712191,13.0002483044091,0.254285714285714
2024-12-28,"COPP",6.676625,6.91213879585949,0.316878433961527,13.2553602695681,0.792855496227815,12.9384818356066,0.476857142857143
2024-12-29,"EB",5.13658333333333,8.41027701684306,1.98988010613146,15.0064148124528,1.91673179428682,13.0165347063213,0.164
2024-12-29,"IMGM",5.38129166666667,7.22724543832974,0.917618896218197,13.6159761845135,1.13692210552747,12.6983572882953,0.291428571428571
2024-12-29,"PRES",3.90825,7.2185416383771,0.496910990318949,13.420646537081,1.9118805467231,12.923735546762,0.166571428571429
2024-12-29,"BIRR",3.2135,6.7906083351113,0.46161421625239,13.442483782529,2.18213693179684,12.9808695662766,0.140285714285714
2024-12-29,"BLC2",5.24283333333333,7.5742243521559,1.0869479502908,14.2561885043532,1.39132303599193,13.1692405540624,0.244
2024-12-29,"BOTR",3.91120833333333,6.97083988720466,0.449826841826007,13.0999546169411,1.80107593896451,12.6501277751151,0.177142857142857
2024-12-29,"GHSR",4.26595833333333,5.61094696193436,-1.27512521125566,12.0493296359772,0.948412292621943,13.3244548472329,0.36
2024-12-29,"LEAM",3.53570833333333,6.69473077112725,0.151186706616833,12.9595592532477,1.86299348705594,12.8083725466308,0.172857142857143
2024-12-29,"NPT3",7.83120833333333,7.4791826440738,1.11147619904028,13.8517046221243,0.769972978204883,12.740228423084,0.541142857142857
2024-12-29,"REA1",3.72358333333333,5.99315516630839,-0.532772693087193,12.5041889483733,1.31117195010255,13.0369616414604,0.252
2024-12-29,"SOUT",3.7785,7.79379142719136,1.29576834404841,14.1961680463495,2.42478894947879,12.9003997023011,0.120857142857143
2024-12-29,"WREX",2.49316666666667,7.13321296073946,0.637499605527744,13.5444719502574,2.97124068713943,12.9069723447297,0.0851428571428571
2024-12-29,"LEAR",3.49258333333333,6.43081528764052,-0.0265108721413723,12.782442792462,1.75799497540458,12.8089536646034,0.191142857142857
2024-12-29,"PLYM",4.1205,9.02632702801109,2.62688206953402,15.7207548980944,3.33362620114458,13.0938728285604,0.0597142857142857
2024-12-29,"SHDG",3.25770833333333,9.32413105424268,2.96571492126809,15.6039923476825,4.3160823518965,12.6382774264145,0.032
2024-12-29,"SHE",3.018,8.86239684095223,2.4831381207172,15.4910453926967,4.1191980765276,13.0079072719795,0.0354285714285714
2024-12-29,"BEL2",5.18779166666667,7.37113696991044,0.977363099425187,13.8370151925013,1.37613689795675,12.8596520930761,0.250857142857143
2024-12-29,"GLKP",3.90441666666667,5.33267671728525,-1.39322695640423,11.8306007266257,1.0382572147939,13.2238276830299,0.327714285714286
2024-12-29,"LECU",4.12345833333333,6.91063160674072,0.578039856008322,13.6038548638715,1.67136288289928,13.0258150078632,0.200571428571429
2024-12-29,"SUN2",2.155125,6.0038508263414,-0.430248223753569,12.64220543115,2.38705072799901,13.0724536549035,0.120571428571429
2024-12-29,"TRAN",3.070875,9.07173120240209,2.39089191178612,15.6012350853743,4.15825463044707,13.2103431735881,0.0371428571428571
2024-12-29,"STOK",2.81745833333333,7.19702741903964,0.979341391662236,13.7027000254981,2.78948005313436,12.7233586338359,0.098
2024-12-29,"BEX",6.39158333333333,8.05689039513452,1.7238553021109,14.6876502720991,1.15256738456824,12.9637949699882,0.295142857142857
2024-12-29,"SEND",6.61370833333333,7.20717634270544,0.514158663589962,13.5423008425355,0.812885471785826,13.0281421789455,0.432857142857143
2024-12-29,"HUL2",5.204375,8.69575312057447,2.27565366217668,15.2745427152936,2.12069135493649,12.9988890531169,0.142571428571429
2024-12-29,"PEMB",3.0445,5.89545420626466,-0.340258120600235,12.5022229507542,1.70527499734294,12.8424810713544,0.192285714285714
2024-12-29,"WFEN",4.78679166666667,6.17126135416827,-0.027757155423484,12.6044273211736,0.988666017437171,12.6321844765971,0.338571428571429
2024-12-29,"OSY",5.407,6.08806277864564,-0.0742666896973653,12.7391358842035,0.830899480098788,12.8134025739008,0.412
2024-12-29,"ACTH",2.24754166666667,3.35891830495883,-2.99126659814717,9.9870155037115,0.930738570568953,12.9782821018587,0.352857142857143
2024-12-29,"COPP",2.6465,7.00439853578967,0.591943687511665,13.4435502658218,2.77075778603589,12.8516065783101,0.0908571428571429
2024-12-30,"EB",2.47741666666667,4.58532518999441,-2.15680455017671,10.9042173717528,1.30757197853658,13.0610219219295,0.264571428571429
2024-12-30,"IMGM",1.71779166666667,4.9848893759208,-1.34178873379352,11.5588681950633,1.9914889158833,12.9006569288568,0.155714285714286
2024-12-30,"PRES",3.57320833333333,4.20919772421479,-2.1660734189442,10.4648559828225,0.812095789929242,12.6309294017667,0.423428571428571
2024-12-30,"BIRR",1.95758333333333,4.57459060331816,-2.02155159426194,10.8592766007098,1.51758857681318,12.8808281949717,0.226
2024-12-30,"BLC2",6.14195833333333,5.12043342812619,-1.39241615855002,11.6173784525086,0.905886179986397,13.0097946110586,0.631142857142857
2024-12-30,"BOTR",1.78358333333333,4.4021943107908,-2.36098549174234,10.8886932842176,1.51053153196281,13.24967877596,0.228
2024-12-30,"GHSR",3.31370833333333,3.8667990458922,-2.51282041370566,10.3542382041409,0.824922717007573,12.8670586178465,0.425428571428571
2024-12-30,"LEAM",1.529125,4.02978092443363,-2.66666284316085,10.5520987924166,1.54225578994312,13.2187616355775,0.218
2024-12-30,"NPT3",1.973375,5.66927932717341,-0.762571925666758,11.9095657338075,2.24454197165302,12.6721376594743,0.132857142857143
2024-12-30,"REA1",1.75225,4.07495312781249,-2.26116294686069,10.450974637432,1.40821178487051,12.7121375842927,0.243142857142857
2024-12-30,"SOUT",2.15308333333333,4.21472917077946,-2.32109980278176,10.5979759417984,1.25684134881557,12.9190757445801,0.251714285714286
2024-12-30,"WREX",1.37091666666667,3.4167820654849,-2.86037553315439,10.0617008169386,1.32727593270521,12.922076350093,0.261428571428571
2024-12-30,"LEAR",1.50045833333333,3.91785068659156,-2.21820336329036,10.4468179876023,1.49152010040546,12.6650213508927,0.218
2024-12-30,"PLYM",2.91575,4.86884200798355,-1.56251516912932,11.3349256468955,1.22573717092682,12.8974408160248,0.275428571428571
2024-12-30,"SHDG",1.727625,4.3629221029836,-1.94917927380468,10.8215819803181,1.55032396536528,12.7707612541227,0.214285714285714
2024-12-30,"SHE",1.57329166666667,4.22809254130312,-2.1700870278301,10.7319916554295,1.56234381762353,12.9020786832596,0.215714285714286
2024-12-30,"BEL2",3.7175,5.03186820688758,-1.62417941626765,11.4599851286959,0.98280436162248,13.0841645449635,0.338285714285714
2024-12-30,"GLKP",3.04829166666667,3.53611375353262,-3.05201224995762,9.95660478240106,0.7891086407507,13.0086170323587,0.439714285714286
2024-12-30,"LECU",1.61758333333333,4.33429125597294,-1.87682506038741,10.7444918577989,1.64074574373434,12.6213169181863,0.205428571428571
2024-12-30,"SUN2",3.52591666666667,3.64231977600914,-2.88849722838325,10.1240661133193,0.778740366411448,13.0125633417026,0.488571428571429
2024-12-30,"TRAN",2.836,3.81933561459885,-2.69694345274657,10.4783094510069,0.904999645866078,13.1752529037534,0.373428571428571
2024-12-30,"STOK",1.73845833333333,4.03934008355311,-2.32067266782459,10.6500158289391,1.45520567452447,12.9706884967637,0.231142857142857
2024-12-30,"BEX",2.62970833333333,5.52372834286481,-0.76929102212236,11.8177234716691,1.7210158315959,12.5870144937915,0.189428571428571
2024-12-30,"SEND",2.48133333333333,5.4310250491657,-0.721631752113253,11.9750120895141,1.78028050040852,12.6966438416273,0.181142857142857
2024-12-30,"HUL2",3.56133333333333,5.31251097971306,-1.21277201054285,11.8184927586072,1.12728641218232,13.0312647691501,0.295142857142857
2024-12-30,"PEMB",1.65091666666667,3.32752683543986,-3.04467358481487,9.99814409899031,1.1256185981585,13.0428176838052,0.300285714285714
2024-12-30,"WFEN",2.04195833333333,4.42385688694344,-2.12211690843244,11.1426542946377,1.42897151510831,13.2647712030701,0.229428571428571
2024-12-30,"OSY",3.468,4.96077184527356,-1.56726984551605,11.466714149251,1.03385117468137,13.0339839947671,0.320285714285714
2024-12-30,"ACTH",1.871125,2.16874248664415,-4.43899233241218,8.86055975612873,0.810212324483108,13.2995520885409,0.453428571428571
2024-12-30,"COPP",1.524125,3.91060705724379,-2.43004564347524,10.3531014354558,1.41410540314064,12.7831470789311,0.236857142857143
2024-12-31,"EB",6.12125,3.3550469576623,-2.96684843153154,9.69461988054063,1.67787742691319,12.6614683120722,0.808
2024-12-31,"IMGM",1.7365,3.32275110265215,-3.11999285115051,9.81488424083859,1.08467816805872,12.9348770919891,0.314571428571429
2024-12-31,"PRES",2.070625,3.81099890812218,-2.66771140646445,10.3367422345669,1.1750995941925,13.0044536410314,0.291142857142857
2024-12-31,"BIRR",2.62579166666667,3.80539460945024,-2.78617088757002,10.435165915991,0.934130507474016,13.2213368035611,0.376285714285714
2024-12-31,"BLC2",6.28729166666667,5.15776642787968,-1.15371695145565,11.675534172432,0.947456063039591,12.8292511238877,0.645714285714286
2024-12-31,"BOTR",2.15304166666667,3.32244078303369,-3.27062810256596,9.66099342372135,0.935425226612381,12.9316215262873,0.369428571428571
2024-12-31,"GHSR",4.2305,3.19179793661992,-3.12120443330283,9.60251498126441,0.89382089266346,12.7237194145672,0.622571428571429
2024-12-31,"LEAM",2.14720833333333,2.99902974046964,-3.63530999940008,9.40239603355001,0.866453584102955,13.0377060329501,0.404285714285714
2024-12-31,"NPT3",3.13495833333333,3.17946688078077,-3.47621614453638,9.5104160388291,0.774948413647455,12.9866321833655,0.486571428571429
2024-12-31,"REA1",3.147625,3.02944122748978,-3.50870593642032,9.51034867477168,0.788827687016778,13.019054611192,0.507714285714286
2024-12-31,"SOUT",5.41179166666667,3.35937640100211,-3.33304515598108,9.82902105275844,1.1998946174912,13.1620662087395,0.722571428571429
2024-12-31,"WREX",1.56154166666667,2.75501541206322,-3.80182124020169,9.14483756680541,0.942814083630957,12.9466588070071,0.359714285714286
2024-12-31,"LEAR",2.17575,2.88672844083648,-3.54097260297149,9.59734475408487,0.850228527536741,13.1383173570564,0.407142857142857
2024-12-31,"PLYM",6.21954166666667,4.18993619792487,-2.42941702357038,10.5535310964406,1.254827502965,12.982948120011,0.736571428571429
2024-12-31,"SHDG",1.2825,3.59892463340161,-2.86226953519799,9.93301948901874,1.37635078560375,12.7952890242167,0.241714285714286
2024-12-31,"SHE",1.360125,3.47935929040034,-2.94158593396889,10.0467338612874,1.2945040929435,12.9883197952563,0.255714285714286
2024-12-31,"BEL2",4.30916666666667,4.18741883232906,-2.5385684212502,10.9104218379239,0.777201647714582,13.4489902591741,0.510285714285714
2024-12-31,"GLKP",4.011375,2.89874394684639,-3.67932215438807,9.25785196692786,0.956677959610365,12.9371741213159,0.658857142857143
2024-12-31,"LECU",2.097125,3.1139356365551,-3.37889421656391,9.6814894545889,0.929490046869987,13.0603836711528,0.368285714285714
2024-12-31,"SUN2",1.253,3.85520315106935,-2.61675958459791,10.7196311101206,1.59981510202448,13.3363906947185,0.202
2024-12-31,"TRAN",1.73058333333333,3.55514161081633,-3.0350996588665,10.0561711369937,1.13902264337713,13.0912707958601,0.298857142857143
2024-12-31,"STOK",1.67945833333333,3.37126744058976,-2.86532051279009,9.65267876147358,1.08931108420327,12.5179992742637,0.300857142857143
2024-12-31,"BEX",4.37108333333333,3.8377000954606,-2.79802577797367,10.430163971556,0.820096842303189,13.2281897495296,0.562285714285714
2024-12-31,"SEND",4.044875,3.57840237596015,-2.75248453757942,10.1758250198099,0.81222385244892,12.9283095573893,0.552857142857143
2024-12-31,"HUL2",2.28291666666667,4.44402271834937,-1.98377511107823,10.7392103687938,1.31912621790116,12.722985479872,0.258285714285714
2024-12-31,"PEMB",5.578875,2.51908769681944,-3.735974276688,8.98814190702086,1.78204851662025,12.7241161837089,0.822571428571429
2024-12-31,"WFEN",2.3005,3.08840336690423,-3.53526346149235,9.53571581544912,0.81741817595883,13.0709792769415,0.421142857142857
2024-12-31,"OSY",4.325875,3.89641353343438,-2.73572905088252,10.1576426082103,0.792924486144785,12.8933716590928,0.553714285714286
2024-12-31,"ACTH",1.97425,1.68622384971819,-5.02583195769679,7.99178502373359,0.791028966176879,13.0176169814304,0.546857142857143
2024-12-31,"COPP",1.752125,3.22368370389448,-3.23052025080572,9.8947555423277,1.06168070897601,13.1252757931334,0.326
