"date","site_id","observed","fitted","residual"
2024-01-03,"EB",8.50733333333333,6.83685634192953,1.6704769914038
2024-01-03,"IMGM",6.301125,5.25157634133152,1.04954865866848
2024-01-03,"PRES",4.89875,5.7679749095948,-0.8692249095948
2024-01-03,"BIRR",3.71945833333333,5.8263387048671,-2.10688037153376
2024-01-03,"BLC2",5.120875,6.81504674746453,-1.69417174746453
2024-01-03,"BOTR",3.73825,5.15171100736358,-1.41346100736358
2024-01-03,"GHSR",4.29845833333333,4.98916331138911,-0.690704978055778
2024-01-03,"LEAM",3.61233333333333,4.87792954299534,-1.26559620966201
2024-01-03,"NPT3",5.36370833333333,6.08564622001881,-0.721937886685483
2024-01-03,"REA1",5.18975,5.1374449401002,0.0523050598997958
2024-01-03,"SOUT",6.46820833333333,5.93247318659433,0.535735146738996
2024-01-03,"WREX",3.431625,4.93366052170716,-1.50203552170716
2024-01-03,"LEAR",3.64295833333333,4.77597334585847,-1.13301501252514
2024-01-03,"PLYM",9.60504166666667,8.17503058426318,1.43001108240349
2024-01-03,"SHDG",2.99520833333333,5.61835316833806,-2.62314483500473
2024-01-03,"SHE",4.21295833333333,5.64931959299329,-1.43636125965996
2024-01-03,"BEL2",6.91433333333333,7.7935276632447,-0.879194329911376
2024-01-03,"GLKP",3.74129166666667,4.65191140268108,-0.910619736014411
2024-01-03,"LECU",4.22766666666667,4.87330519432657,-0.645638527659901
2024-01-03,"SUN2",5.45008333333333,6.83115238250432,-1.38106904917099
2024-01-03,"TRAN",3.72545833333333,5.52666142815562,-1.80120309482229
2024-01-03,"STOK",4.2914347826087,5.40680434445843,-1.11536956184973
2024-01-03,"BEX",5.71145833333333,5.48460223926873,0.226856094064599
2024-01-03,"SEND",5.11152173913043,5.13858746233711,-0.0270657232066815
2024-01-03,"HUL2",8.92891666666667,6.17213133121708,2.75678533544959
2024-01-03,"PEMB",4.90870833333333,5.27042149224484,-0.361713158911509
2024-01-03,"WFEN",3.16433333333333,4.55734118263792,-1.39300784930459
2024-01-03,"OSY",5.13470833333333,5.50760254482067,-0.372894211487341
2024-01-03,"ACTH",4.33175,4.41794477149935,-0.0861947714993541
2024-01-03,"COPP",3.31175,5.33454868456334,-2.02279868456334
2024-01-04,"EB",7.307375,6.65044774327113,0.656927256728874
2024-01-04,"IMGM",8.59279166666667,6.15830457338683,2.43448709327985
2024-01-04,"PRES",7.47841666666667,5.39194608519069,2.08647058147598
2024-01-04,"BIRR",9.257,5.55614884805479,3.70085115194521
2024-01-04,"BLC2",7.70829166666667,5.85568732667746,1.85260433998921
2024-01-04,"BOTR",8.20854166666667,5.15612501372932,3.05241665293735
2024-01-04,"GHSR",4.10579166666667,4.66214365970892,-0.556351993042245
2024-01-04,"LEAM",7.46275,4.89037579721812,2.57237420278188
2024-01-04,"NPT3",6.674625,5.5668261580636,1.1077988419364
2024-01-04,"REA1",5.159125,5.39886123689954,-0.239736236899538
2024-01-04,"SOUT",6.017125,6.0409451899265,-0.0238201899265009
2024-01-04,"WREX",7.20625,4.61161698498337,2.59463301501663
2024-01-04,"LEAR",6.59108333333333,4.79636615210126,1.79471718123207
2024-01-04,"PLYM",6.728625,7.68511870677554,-0.956493706775539
2024-01-04,"SHDG",10.4325,5.1705559769949,5.2619440230051
2024-01-04,"SHE",10.8382916666667,5.55023835363521,5.28805331303149
2024-01-04,"BEL2",7.23558333333333,6.40976854600085,0.825814787332484
2024-01-04,"GLKP",3.82470833333333,4.26371458088532,-0.439006247551986
2024-01-04,"LECU",7.03925,5.20527093293457,1.83397906706543
2024-01-04,"SUN2",4.39370833333333,5.59249791297296,-1.19878957963963
2024-01-04,"TRAN",8.73129166666667,4.96793199635554,3.76335967031113
2024-01-04,"STOK",9.16575,5.41126315134141,3.75448684865859
2024-01-04,"BEX",5.20926086956522,6.12696461756784,-0.917703748002622
2024-01-04,"SEND",4.94691666666667,5.7110608232304,-0.764144156563731
2024-01-04,"HUL2",11.1389583333333,7.54978617617403,3.58917215715927
2024-01-04,"PEMB",6.55758333333333,4.79537717243624,1.76220616089709
2024-01-04,"WFEN",4.39079166666667,4.65014275892254,-0.259351092255871
2024-01-04,"OSY",5.22108333333333,5.63846607184037,-0.417382738507043
2024-01-04,"ACTH",2.36825,3.64463188367753,-1.27638188367753
2024-01-04,"COPP",9.28758333333333,4.97610377097315,4.31147956236018
2024-01-05,"EB",4.30525,7.23443868485132,-2.92918868485132
2024-01-05,"IMGM",6.538,7.99449042712764,-1.45649042712764
2024-01-05,"PRES",10.9669583333333,7.38447541959354,3.58248291373976
2024-01-05,"BIRR",8.81104166666667,8.64070462729565,0.170337039371022
2024-01-05,"BLC2",9.37608333333333,7.87294918720188,1.50313414613145
2024-01-05,"BOTR",10.0718333333333,7.83464222527613,2.23719110805717
2024-01-05,"GHSR",5.45795833333333,5.62607892576683,-0.168120592433497
2024-01-05,"LEAM",9.19520833333333,7.33903665512566,1.85617167820767
2024-01-05,"NPT3",3.50341666666667,7.09422680518498,-3.59081013851831
2024-01-05,"REA1",5.35473913043478,6.40006726536675,-1.04532813493197
2024-01-05,"SOUT",4.52629166666667,6.89173515035388,-2.36544348368721
2024-01-05,"WREX",3.574,7.04522886240692,-3.47122886240692
2024-01-05,"LEAR",8.53775,6.91023510116832,1.62751489883168
2024-01-05,"PLYM",6.37683333333333,7.65945324200691,-1.28261990867358
2024-01-05,"SHDG",7.519625,8.96579501430482,-1.44617001430482
2024-01-05,"SHE",10.3400833333333,9.03080768184939,1.30927565148392
2024-01-05,"BEL2",6.61266666666667,7.60190467743568,-0.989238010769006
2024-01-05,"GLKP",4.374,5.3322152473208,-0.958215247320802
2024-01-05,"LECU",9.93416666666667,7.25683690939,2.67732975727667
2024-01-05,"SUN2",6.502625,6.26930664197985,0.233318358020149
2024-01-05,"TRAN",4.938125,7.86672734521859,-2.92860234521859
2024-01-05,"STOK",12.5590833333333,8.23925853979555,4.31982479353775
2024-01-05,"BEX",6.86320833333333,6.93910618929779,-0.0758978559644623
2024-01-05,"SEND",3.9465,6.6509876186958,-2.7044876186958
2024-01-05,"HUL2",7.9245,9.33737607518908,-1.41287607518908
2024-01-05,"PEMB",3.385375,6.4464607305642,-3.0610857305642
2024-01-05,"WFEN",3.356875,6.12378190660514,-2.76690690660514
2024-01-05,"OSY",1.93891666666667,6.68866327561582,-4.74974660894915
2024-01-05,"ACTH",2.59341666666667,3.97747532065831,-1.38405865399164
2024-01-05,"COPP",7.8175,8.22617117669288,-0.408671176692883
2024-01-06,"EB",4.43495833333333,5.61313076024377,-1.17817242691044
2024-01-06,"IMGM",6.31675,6.67388702651772,-0.357137026517717
2024-01-06,"PRES",9.99420833333333,8.1134984881078,1.88070984522552
2024-01-06,"BIRR",9.87520833333333,7.86942637649787,2.00578195683546
2024-01-06,"BLC2",8.08275,7.92728313931705,0.155466860682955
2024-01-06,"BOTR",8.54270833333333,7.93429566186401,0.60841267146932
2024-01-06,"GHSR",9.385,5.60350697017817,3.78149302982183
2024-01-06,"LEAM",9.77508333333333,7.39914287542401,2.37594045790932
2024-01-06,"NPT3",4.898875,5.37411952884327,-0.47524452884327
2024-01-06,"REA1",7.347875,5.94666587894382,1.40120912105618
2024-01-06,"SOUT",4.98441666666667,5.819568890106,-0.83515222343933
2024-01-06,"WREX",4.48020833333333,5.1188325007996,-0.638624167466266
2024-01-06,"LEAR",8.98683333333333,7.06269669372572,1.92413663960761
2024-01-06,"PLYM",7.976625,7.04421863705883,0.932406362941165
2024-01-06,"SHDG",6.173375,7.25318302365423,-1.07980802365423
2024-01-06,"SHE",7.06570833333333,8.2245076231074,-1.15879928977407
2024-01-06,"BEL2",6.99004166666667,6.84017551804617,0.149866148620505
2024-01-06,"GLKP",7.88125,5.00820725240502,2.87304274759498
2024-01-06,"LECU",8.34804166666667,7.76258584447148,0.585455822195193
2024-01-06,"SUN2",6.34947826086957,6.53954308658952,-0.19006482571995
2024-01-06,"TRAN",9.34258333333333,5.86298368850546,3.47959964482787
2024-01-06,"STOK",11.8632083333333,8.89996604175706,2.96324229157624
2024-01-06,"BEX",4.32791666666667,7.03279934161452,-2.70488267494785
2024-01-06,"SEND",3.02775,5.75639284739955,-2.72864284739955
2024-01-06,"HUL2",5.87558333333333,7.58829811485891,-1.71271478152558
2024-01-06,"PEMB",3.13679166666667,4.72111658358276,-1.58432491691609
2024-01-06,"WFEN",3.01595833333333,5.19674518341862,-2.18078685008529
2024-01-06,"OSY",2.49804166666667,4.94507915727603,-2.44703749060936
2024-01-06,"ACTH",2.65729166666667,3.56285510161098,-0.905563434944306
2024-01-06,"COPP",14.630625,7.06914932703473,7.56147567296527
2024-01-07,"EB",3.628125,5.95576601624453,-2.32764101624453
2024-01-07,"IMGM",4.292375,6.87285324268185,-2.58047824268185
2024-01-07,"PRES",13.2184583333333,7.95421789637698,5.26424043695632
2024-01-07,"BIRR",7.00775,8.52146602308586,-1.51371602308586
2024-01-07,"BLC2",11.6992083333333,7.67544584050126,4.02376249283204
2024-01-07,"BOTR",5.55925,7.5922838207381,-2.0330338207381
2024-01-07,"GHSR",11.143,7.29033371494716,3.85266628505284
2024-01-07,"LEAM",5.74391666666667,7.8403874551376,-2.09647078847093
2024-01-07,"NPT3",5.51308333333333,6.18814265040595,-0.675059317072622
2024-01-07,"REA1",4.23733333333333,6.93364511387547,-2.69631178054214
2024-01-07,"SOUT",5.365625,6.26211905383693,-0.896494053836934
2024-01-07,"WREX",8.44633333333333,5.75822997428721,2.68810335904612
2024-01-07,"LEAR",5.20641666666667,7.45239924644145,-2.24598257977478
2024-01-07,"PLYM",6.212625,7.89334836270408,-1.68072336270408
2024-01-07,"SHDG",6.04279166666667,7.04769896908019,-1.00490730241352
2024-01-07,"SHE",5.720375,7.26989461819958,-1.54951961819958
2024-01-07,"BEL2",35.652625,7.2403108403729,28.4123141596271
2024-01-07,"GLKP",10.551375,6.55106444039413,4.00031055960587
2024-01-07,"LECU",5.32720833333333,7.38460111023839,-2.05739277690506
2024-01-07,"SUN2",5.42454166666667,6.70378652934822,-1.27924486268155
2024-01-07,"TRAN",9.87529166666667,7.80077998812248,2.07451167854419
2024-01-07,"STOK",11.5281666666667,8.84463700009793,2.68352966656877
2024-01-07,"BEX",4.23754166666667,6.32102288990163,-2.08348122323496
2024-01-07,"SEND",3.96120833333333,5.68175697763808,-1.72054864430475
2024-01-07,"HUL2",9.79854166666667,7.1268226563132,2.67171901035347
2024-01-07,"PEMB",3.16525,4.92604601562497,-1.76079601562497
2024-01-07,"WFEN",3.39425,5.33667565570715,-1.94242565570715
2024-01-07,"OSY",3.23116666666667,5.45084326110916,-2.21967659444249
2024-01-07,"ACTH",5.68595833333333,3.83462861791137,1.85132971542196
2024-01-07,"COPP",19.0183333333333,9.86589206757049,9.15244126576281
2024-01-08,"EB",4.86441666666667,6.12397586210803,-1.25955919544136
2024-01-08,"IMGM",4.42216666666667,6.59502439216896,-2.17285772550229
2024-01-08,"PRES",5.903125,9.63179586532977,-3.72867086532977
2024-01-08,"BIRR",7.09716666666667,7.91277044240144,-0.815603775734772
2024-01-08,"BLC2",5.26833333333333,9.50295095453499,-4.23461762120166
2024-01-08,"BOTR",6.45941666666667,6.97795258333272,-0.518535916666049
2024-01-08,"GHSR",11.3867083333333,8.35412063942247,3.03258769391083
2024-01-08,"LEAM",4.830125,6.80751803371499,-1.97739303371499
2024-01-08,"NPT3",4.775,6.86461439091255,-2.08961439091255
2024-01-08,"REA1",3.98691304347826,6.22151199876063,-2.23459895528237
2024-01-08,"SOUT",5.16220833333333,6.86576259890601,-1.70355426557268
2024-01-08,"WREX",9.05958333333333,7.68361265572609,1.37597067760725
2024-01-08,"LEAR",4.62466666666667,6.51431458759672,-1.88964792093005
2024-01-08,"PLYM",5.55425,7.68576517433649,-2.13151517433649
2024-01-08,"SHDG",7.16783333333333,7.48770841768466,-0.319875084351328
2024-01-08,"SHE",7.16008333333333,7.28760982322328,-0.127526489889952
2024-01-08,"BEL2",15.5514166666667,18.3232057509271,-2.77178908426038
2024-01-08,"GLKP",9.892,7.95883321284809,1.93316678715191
2024-01-08,"LECU",5.21720833333333,6.75724341013656,-1.54003507680323
2024-01-08,"SUN2",5.34991666666667,6.83231271447831,-1.48239604781164
2024-01-08,"TRAN",7.91283333333333,8.40372883354144,-0.49089550020811
2024-01-08,"STOK",6.613625,9.199530829273,-2.585905829273
2024-01-08,"BEX",4.945,6.79305071041258,-1.84805071041258
2024-01-08,"SEND",4.32395833333333,6.5098320961361,-2.18587376280277
2024-01-08,"HUL2",6.05645833333333,9.078764177398,-3.02230584406467
2024-01-08,"PEMB",4.02129166666667,5.40917382383676,-1.38788215717009
2024-01-08,"WFEN",3.94466666666667,5.95074426352481,-2.00607759685814
2024-01-08,"OSY",4.07133333333333,6.18341559689297,-2.11208226355964
2024-01-08,"ACTH",4.67966666666667,5.42481736010333,-0.745150693436664
2024-01-08,"COPP",6.87208333333333,11.8624132861533,-4.99032995282002
2024-01-09,"EB",8.068125,5.53783903210156,2.53028596789844
2024-01-09,"IMGM",5.30958333333333,5.6164673983229,-0.306884064989573
2024-01-09,"PRES",4.18960869565217,5.81928566851726,-1.62967697286509
2024-01-09,"BIRR",6.41129166666667,6.93139458265771,-0.520102915991044
2024-01-09,"BLC2",3.92121739130435,6.01248000043725,-2.0912626091329
2024-01-09,"BOTR",5.95816666666667,6.29862531158523,-0.340458644918563
2024-01-09,"GHSR",3.290125,7.36330542612532,-4.07318042612532
2024-01-09,"LEAM",5.495375,5.47121582090525,0.0241591790947462
2024-01-09,"NPT3",5.805875,5.52652079094779,0.279354209052206
2024-01-09,"REA1",6.48391666666667,5.11772871818483,1.36618794848184
2024-01-09,"SOUT",7.68283333333333,5.72911500441639,1.95371832891694
2024-01-09,"WREX",7.64729166666667,6.79791498999811,0.84937667666856
2024-01-09,"LEAR",5.18275,5.29742129012881,-0.114671290128811
2024-01-09,"PLYM",8.89969565217391,6.41144768462979,2.48824796754412
2024-01-09,"SHDG",6.57725,6.85061654285608,-0.27336654285608
2024-01-09,"SHE",6.59491666666667,6.78459175511275,-0.189675088446078
2024-01-09,"BEL2",6.259875,9.40730640799809,-3.14743140799809
2024-01-09,"GLKP",3.41304166666667,6.62029676350322,-3.20725509683655
2024-01-09,"LECU",5.81766666666667,5.70419330784175,0.113473358824922
2024-01-09,"SUN2",3.66066666666667,5.76218932262995,-2.10152265596328
2024-01-09,"TRAN",5.77933333333333,6.61318480439514,-0.833851471061811
2024-01-09,"STOK",5.80966666666667,6.3277517374761,-0.518085070809434
2024-01-09,"BEX",7.94829166666667,6.00066761173186,1.94762405493481
2024-01-09,"SEND",6.873,5.57499399770956,1.29800600229044
2024-01-09,"HUL2",6.10354166666667,6.58006184916966,-0.476520182502989
2024-01-09,"PEMB",4.947,4.67012888390364,0.276871116096364
2024-01-09,"WFEN",5.17491666666667,5.093429630524,0.081487036142665
2024-01-09,"OSY",6.68629166666667,5.42834232610673,1.25794934055994
2024-01-09,"ACTH",2.64258333333333,3.9525874957543,-1.31000416242097
2024-01-09,"COPP",5.1995,6.24332290477788,-1.04382290477788
2024-01-10,"EB",12.2955833333333,6.77208127111329,5.52350206222001
2024-01-10,"IMGM",1.61858333333333,6.0084696138187,-4.38988628048537
2024-01-10,"PRES",2.210125,5.35486188066692,-3.14473688066692
2024-01-10,"BIRR",4.25616666666667,6.74108255526194,-2.48491588859527
2024-01-10,"BLC2",1.820875,5.67106984870404,-3.85019484870404
2024-01-10,"BOTR",3.57016666666667,6.16504153342775,-2.59487486676108
2024-01-10,"GHSR",2.04304166666667,4.42514640343008,-2.38210473676341
2024-01-10,"LEAM",3.11029166666667,5.79593345904075,-2.68564179237408
2024-01-10,"NPT3",3.66758333333333,5.98417032879212,-2.3165869954588
2024-01-10,"REA1",4.77604166666667,6.11154854888799,-1.33550688222132
2024-01-10,"SOUT",5.909,6.73100959984308,-0.822009599843081
2024-01-10,"WREX",5.49733333333333,6.33092686497482,-0.833593531641485
2024-01-10,"LEAR",2.78304166666667,5.57765310741243,-2.79461144074576
2024-01-10,"PLYM",7.03525,7.72548474033639,-0.690234740336388
2024-01-10,"SHDG",4.59416666666667,6.68069722151261,-2.08653055484594
2024-01-10,"SHE",4.4605,6.6195581724991,-2.1590581724991
2024-01-10,"BEL2",3.31966666666667,6.31937545273406,-2.99970878606739
2024-01-10,"GLKP",1.78475,4.29446240718625,-2.50971240718625
2024-01-10,"LECU",3.22920833333333,5.99333193388753,-2.7641236005542
2024-01-10,"SUN2",3.290125,5.20249465473397,-1.91236965473397
2024-01-10,"TRAN",3.99439130434783,5.9160815882312,-1.92169028388337
2024-01-10,"STOK",4.269875,6.16574419473355,-1.89586919473355
2024-01-10,"BEX",6.54866666666667,7.16827146538604,-0.619604798719367
2024-01-10,"SEND",7.21016666666667,6.57926438125936,0.630902285407307
2024-01-10,"HUL2",2.90979166666667,6.71647778056129,-3.80668611389462
2024-01-10,"PEMB",4.21583333333333,5.06586042481891,-0.850027091485579
2024-01-10,"WFEN",4.53916666666667,5.60639292492598,-1.06722625825931
2024-01-10,"OSY",6.77379166666667,6.45015997580231,0.323631690864362
2024-01-10,"ACTH",1.42691666666667,3.27743793915688,-1.85052127249021
2024-01-10,"COPP",3.00616666666667,5.86362655264058,-2.85745988597391
2024-01-11,"EB",16.4928333333333,7.56698558584583,8.92584774748747
2024-01-11,"IMGM",7.5325,3.90298321038228,3.62951678961772
2024-01-11,"PRES",4.0585,3.92093424904831,0.13756575095169
2024-01-11,"BIRR",5.84029166666667,5.22728346449536,0.613008202171307
2024-01-11,"BLC2",3.82017391304348,4.187088834875,-0.366914921831522
2024-01-11,"BOTR",5.10708333333333,4.56230510156827,0.544778231765061
2024-01-11,"GHSR",2.88625,3.35448088200247,-0.46823088200247
2024-01-11,"LEAM",4.486875,4.17748080763083,0.309394192369175
2024-01-11,"NPT3",6.03970833333333,4.45188782851641,1.58782050481692
2024-01-11,"REA1",5.28595833333333,4.7176216942674,0.568336639065928
2024-01-11,"SOUT",7.22195833333333,5.31230542559392,1.90965290773941
2024-01-11,"WREX",5.400875,4.82950191405797,0.571373085942032
2024-01-11,"LEAR",3.81779166666667,3.95532510573874,-0.137533439072066
2024-01-11,"PLYM",11.1005833333333,6.26133234571954,4.83925098761376
2024-01-11,"SHDG",5.32633333333333,5.2292664530199,0.0970668803134256
2024-01-11,"SHE",4.72391666666667,5.11169328136656,-0.387776614699892
2024-01-11,"BEL2",3.50833333333333,4.63862335568452,-1.13029002235119
2024-01-11,"GLKP",2.679875,3.05926863655988,-0.379393636559884
2024-01-11,"LECU",4.40929166666667,4.30046295856298,0.108828708103694
2024-01-11,"SUN2",5.44716666666667,4.36432147708068,1.08284518958599
2024-01-11,"TRAN",4.30529166666667,4.56027802513119,-0.254986358464523
2024-01-11,"STOK",6.27854166666667,4.8816229267973,1.39691873986937
2024-01-11,"BEX",9.95679166666667,5.88125927019454,4.07553239647213
2024-01-11,"SEND",9.01041666666667,5.94226452187478,3.06815214479189
2024-01-11,"HUL2",6.44558333333333,4.8073199184086,1.63826341492473
2024-01-11,"PEMB",6.27558333333333,4.05642406599604,2.21915926733729
2024-01-11,"WFEN",4.66195833333333,4.6279227000854,0.0340356332479326
2024-01-11,"OSY",8.69695833333333,5.71971087974281,2.97724745359052
2024-01-11,"ACTH",1.3335,2.13115932449374,-0.797659324493738
2024-01-11,"COPP",5.27129166666667,4.34987943859926,0.921412228067409
2024-01-12,"EB",4.29845833333333,10.1803368258564,-5.88187849252304
2024-01-12,"IMGM",7.37041666666667,7.26637024803627,0.104046418630399
2024-01-12,"PRES",4.1795,5.75341651537161,-1.57391651537161
2024-01-12,"BIRR",10.1120416666667,6.96439172698028,3.14764993968642
2024-01-12,"BLC2",3.84533333333333,6.07722783799901,-2.23189450466568
2024-01-12,"BOTR",9.350625,6.2852761908719,3.0653488091281
2024-01-12,"GHSR",3.44154166666667,4.80400853359627,-1.3624668669296
2024-01-12,"LEAM",10.9229166666667,5.84100731058066,5.08190935608603
2024-01-12,"NPT3",10.803875,6.4807032212769,4.3231717787231
2024-01-12,"REA1",5.80291666666667,6.05030177361365,-0.247385106946981
2024-01-12,"SOUT",7.70629166666667,6.94345763238842,0.762834034278253
2024-01-12,"WREX",9.30616666666667,5.94388921139346,3.36227745527321
2024-01-12,"LEAR",10.293,5.49241489280252,4.80058510719748
2024-01-12,"PLYM",8.35591666666667,8.91352859639162,-0.557611929724947
2024-01-12,"SHDG",9.795625,6.64825171142526,3.14737328857474
2024-01-12,"SHE",9.75829166666667,6.35918843010307,3.3991032365636
2024-01-12,"BEL2",6.933,5.87002692117364,1.06297307882636
2024-01-12,"GLKP",2.51870833333333,4.5335202656375,-2.01481193230418
2024-01-12,"LECU",9.60995833333333,5.89411579428453,3.7158425390488
2024-01-12,"SUN2",5.32333333333333,6.2879952878515,-0.964661954518173
2024-01-12,"TRAN",6.054375,5.82033340960984,0.234041590390163
2024-01-12,"STOK",9.553875,6.76716106992948,2.78671393007052
2024-01-12,"BEX",6.32083333333333,8.28327046074622,-1.96243712741289
2024-01-12,"SEND",5.61320833333333,7.72355851738641,-2.11035018405308
2024-01-12,"HUL2",7.93541666666667,7.28246509557811,0.652951571088561
2024-01-12,"PEMB",8.25370833333333,5.94924462882842,2.30446370450491
2024-01-12,"WFEN",4.33575,5.80173727784429,-1.46598727784429
2024-01-12,"OSY",4.85258333333333,7.55013983606483,-2.6975565027315
2024-01-12,"ACTH",2.17770833333333,3.23322036038353,-1.0555120270502
2024-01-12,"COPP",8.17520833333333,6.33984450337342,1.83536382995991
2024-01-13,"EB",15.5219583333333,5.91724139138727,9.60471694194603
2024-01-13,"IMGM",4.76708333333333,7.43645159207226,-2.66936825873893
2024-01-13,"PRES",4.76229166666667,6.08691973395619,-1.32462806728952
2024-01-13,"BIRR",11.9379583333333,8.83952924294305,3.09842909039025
2024-01-13,"BLC2",4.06954166666667,6.37304946232615,-2.30350779565948
2024-01-13,"BOTR",7.50108333333333,8.15064244849358,-0.649559115160255
2024-01-13,"GHSR",4.34845833333333,5.31288807987636,-0.96442974654303
2024-01-13,"LEAM",17.7172083333333,8.52099104470512,9.19621728862818
2024-01-13,"NPT3",17.218,8.52693163370153,8.69106836629847
2024-01-13,"REA1",12.8145,6.54977821728622,6.26472178271378
2024-01-13,"SOUT",15.2202083333333,7.41928343056309,7.80092490277021
2024-01-13,"WREX",5.10808333333333,7.70745528640154,-2.59937195306821
2024-01-13,"LEAR",17.8980416666667,8.191831827972,9.7062098386947
2024-01-13,"PLYM",17.0440833333333,8.15339587750714,8.89068745582616
2024-01-13,"SHDG",7.36041666666667,8.60884492773256,-1.24842826106589
2024-01-13,"SHE",7.15225,8.5358914978964,-1.3836414978964
2024-01-13,"BEL2",10.3097083333333,7.45141855540361,2.85828977792969
2024-01-13,"GLKP",3.25179166666667,4.77620850783052,-1.52441684116385
2024-01-13,"LECU",10.7351666666667,8.11922958566615,2.61593708100055
2024-01-13,"SUN2",3.09258333333333,6.52634455293836,-3.43376121960503
2024-01-13,"TRAN",4.19520833333333,6.77917086252058,-2.58396252918725
2024-01-13,"STOK",7.75070833333333,8.26701875787154,-0.516310424538208
2024-01-13,"BEX",20.3577916666667,7.20238261261662,13.1554090540501
2024-01-13,"SEND",17.581625,6.75427852248034,10.8273464775197
2024-01-13,"HUL2",5.73991666666667,8.0988155972574,-2.35889893059073
2024-01-13,"PEMB",9.2895,6.96775843949554,2.32174156050446
2024-01-13,"WFEN",13.292125,5.99439960986643,7.29772539013357
2024-01-13,"OSY",15.001,6.41341721526819,8.58758278473181
2024-01-13,"ACTH",1.67854166666667,3.86262866887976,-2.18408700221309
2024-01-13,"COPP",6.133125,7.69840159806486,-1.56527659806486
2024-01-14,"EB",9.148,11.4939774589243,-2.34597745892431
2024-01-14,"IMGM",3.36883333333333,7.71716749763783,-4.3483341643045
2024-01-14,"PRES",5.8775,7.54400062186809,-1.66650062186809
2024-01-14,"BIRR",4.92816666666667,10.6974128216039,-5.76924615493726
2024-01-14,"BLC2",3.72733333333333,7.69865730519503,-3.9713239718617
2024-01-14,"BOTR",4.600125,8.6471957960283,-4.0470707960283
2024-01-14,"GHSR",4.53625,6.88380192462221,-2.34755192462221
2024-01-14,"LEAM",8.515125,12.1884649412227,-3.67333994122268
2024-01-14,"NPT3",8.55841666666667,12.0776298354787,-3.51921316881204
2024-01-14,"REA1",10.354875,10.3829883232231,-0.0281133232230761
2024-01-14,"SOUT",10.01775,11.4390749584505,-1.42132495845053
2024-01-14,"WREX",3.051375,7.33875787726356,-4.28738287726356
2024-01-14,"LEAR",7.173875,12.1591200151811,-4.98524501518114
2024-01-14,"PLYM",17.290875,12.6547358160888,4.63613918391117
2024-01-14,"SHDG",3.86991666666667,8.88516145499906,-5.01524478833239
2024-01-14,"SHE",3.015,8.7407784205797,-5.7257784205797
2024-01-14,"BEL2",5.47170833333333,9.89605906754532,-4.42435073421199
2024-01-14,"GLKP",3.83254166666667,6.29303461687847,-2.4604929502118
2024-01-14,"LECU",6.18920833333333,9.70412892611208,-3.51492059277875
2024-01-14,"SUN2",2.64141666666667,6.94454969016981,-4.30313302350314
2024-01-14,"TRAN",2.10979166666667,7.30807675135767,-5.198285084691
2024-01-14,"STOK",4.93816666666667,8.79469533840278,-3.85652867173611
2024-01-14,"BEX",12.6809166666667,13.698253458559,-1.01733679189232
2024-01-14,"SEND",12.7555416666667,12.4803286014453,0.275213065221417
2024-01-14,"HUL2",4.50770833333333,8.50684492703107,-3.99913659369774
2024-01-14,"PEMB",5.05408333333333,8.56593188059565,-3.51184854726232
2024-01-14,"WFEN",5.531625,10.5602850114436,-5.0286600114436
2024-01-14,"OSY",11.40925,11.4716065474878,-0.0623565474877879
2024-01-14,"ACTH",1.39154166666667,4.90843642536232,-3.51689475869565
2024-01-14,"COPP",3.11229166666667,8.14290906634852,-5.03061739968185
2024-01-15,"EB",5.59754166666667,6.67258157891952,-1.07503991225285
2024-01-15,"IMGM",3.42675,4.93834051024451,-1.51159051024451
2024-01-15,"PRES",7.43120833333333,5.6505175632029,1.78069077013043
2024-01-15,"BIRR",7.501,5.77576328750328,1.72523671249672
2024-01-15,"BLC2",4.267875,5.27037302162671,-1.00249802162671
2024-01-15,"BOTR",6.186125,5.30076981499016,0.885355185009836
2024-01-15,"GHSR",3.658625,4.64204907911665,-0.983424079116651
2024-01-15,"LEAM",5.693875,6.38304249908255,-0.689167499082549
2024-01-15,"NPT3",7.46270833333333,6.47867470686982,0.984033626463505
2024-01-15,"REA1",4.99116666666667,7.07247949723233,-2.08131283056566
2024-01-15,"SOUT",5.85795833333333,7.10512871170889,-1.24717037837556
2024-01-15,"WREX",5.8225,4.33893916614559,1.48356083385441
2024-01-15,"LEAR",6.325625,5.77810008976695,0.547524910233052
2024-01-15,"PLYM",10.6320416666667,10.3227972850193,0.309244381647447
2024-01-15,"SHDG",3.06604166666667,5.32874685120047,-2.2627051845338
2024-01-15,"SHE",4.229625,4.94720650638159,-0.717581506381586
2024-01-15,"BEL2",6.0545,5.75671562269154,0.297784377308461
2024-01-15,"GLKP",3.10929166666667,4.19937368431391,-1.09008201764724
2024-01-15,"LECU",6.90054166666667,5.70540536796936,1.19513629869731
2024-01-15,"SUN2",3.07975,4.51124673889331,-1.43149673889331
2024-01-15,"TRAN",4.94995833333333,4.26394291397164,0.68601541936169
2024-01-15,"STOK",9.00645833333333,5.48035946028687,3.52609887304646
2024-01-15,"BEX",6.62109090909091,8.35362242448565,-1.73253151539474
2024-01-15,"SEND",4.90475,8.22168530015375,-3.31693530015375
2024-01-15,"HUL2",4.123375,5.78366290288205,-1.66028790288205
2024-01-15,"PEMB",2.9225,4.68354978491641,-1.76104978491641
2024-01-15,"WFEN",6.018125,5.25782842786697,0.76029657213303
2024-01-15,"OSY",3.412,7.69648352276468,-4.28448352276468
2024-01-15,"ACTH",1.81908333333333,2.51102263660102,-0.691939303267687
2024-01-15,"COPP",6.654,4.75484255203334,1.89915744796666
2024-01-16,"EB",9.659,5.57871599345595,4.08028400654405
2024-01-16,"IMGM",5.44220833333333,5.10971043681516,0.332497896518166
2024-01-16,"PRES",5.714625,6.33987766014158,-0.625252660141584
2024-01-16,"BIRR",9.426125,6.95969802437332,2.46642697562669
2024-01-16,"BLC2",7.05095833333333,5.60534646523869,1.44561186809464
2024-01-16,"BOTR",7.90595833333333,6.05992393275179,1.84603440058154
2024-01-16,"GHSR",3.65470833333333,4.44396818773401,-0.78925985440068
2024-01-16,"LEAM",8.731375,5.60006758280268,3.13130741719732
2024-01-16,"NPT3",9.88504166666667,6.32719152505632,3.55785014161035
2024-01-16,"REA1",13.6439166666667,5.25045128824978,8.39346537841692
2024-01-16,"SOUT",20.7715,5.76863976648862,15.0028602335114
2024-01-16,"WREX",2.877375,5.52501871609652,-2.64764371609652
2024-01-16,"LEAR",7.782,5.74802744689086,2.03397255310914
2024-01-16,"PLYM",8.92304166666667,7.98196201931747,0.941079647349198
2024-01-16,"SHDG",4.53025,5.21095488101179,-0.68070488101179
2024-01-16,"SHE",6.075125,5.58657008019597,0.488554919804026
2024-01-16,"BEL2",6.30320833333333,6.17207887556525,0.131129457768077
2024-01-16,"GLKP",3.158375,4.05282951267178,-0.894454512671781
2024-01-16,"LECU",9.267875,6.16418737069112,3.10368762930888
2024-01-16,"SUN2",3.219375,4.80992150408761,-1.59054650408761
2024-01-16,"TRAN",3.45616666666667,5.47601538982531,-2.01984872315864
2024-01-16,"STOK",6.84845833333333,7.15791538381886,-0.309457050485527
2024-01-16,"BEX",11.9025833333333,6.34881161522979,5.55377171810351
2024-01-16,"SEND",9.401625,5.51228229245196,3.88934270754804
2024-01-16,"HUL2",6.74233333333333,5.7887908291459,0.953542504187431
2024-01-16,"PEMB",3.472,4.08457573406372,-0.612575734063719
2024-01-16,"WFEN",7.744,5.67959823156789,2.06440176843211
2024-01-16,"OSY",7.23675,4.91504495230981,2.32170504769019
2024-01-16,"ACTH",1.54870833333333,2.80333525931266,-1.25462692597933
2024-01-16,"COPP",5.45508333333333,6.24030160706141,-0.785218273728078
2024-01-17,"EB",10.6014166666667,8.22693950826045,2.37447715840625
2024-01-17,"IMGM",5.349,6.94794437410995,-1.59894437410995
2024-01-17,"PRES",6.91359090909091,6.77387297170652,0.139717937384393
2024-01-17,"BIRR",10.2270833333333,8.72825083980666,1.49883249352664
2024-01-17,"BLC2",6.61475,7.72103161944793,-1.10628161944793
2024-01-17,"BOTR",9.15504166666667,7.76662709992655,1.38841456674012
2024-01-17,"GHSR",4.203,5.54750635127948,-1.34450635127948
2024-01-17,"LEAM",9.73870833333333,7.85842024033897,1.88028809299436
2024-01-17,"NPT3",9.55683333333333,8.33278177269266,1.22405156064067
2024-01-17,"REA1",12.607125,9.62583185765816,2.98129314234184
2024-01-17,"SOUT",13.2911666666667,12.4462724439714,0.844894222695274
2024-01-17,"WREX",5.65454166666667,5.48631633184645,0.168225334820221
2024-01-17,"LEAR",9.28175,7.39217238860832,1.88957761139168
2024-01-17,"PLYM",7.25625,8.53702207738295,-1.28077207738295
2024-01-17,"SHDG",6.06916666666667,6.85736305755505,-0.788196390888383
2024-01-17,"SHE",6.89575,7.3451795869923,-0.449429586992304
2024-01-17,"BEL2",6.252,7.34818413164988,-1.09618413164988
2024-01-17,"GLKP",3.37641666666667,5.1737809770106,-1.79736431034392
2024-01-17,"LECU",9.94695833333333,8.12338022704828,1.82357810628505
2024-01-17,"SUN2",3.53877272727273,5.94769210985312,-2.40891938258039
2024-01-17,"TRAN",8.00416666666667,5.97402959844063,2.03013706822604
2024-01-17,"STOK",10.8108333333333,7.39215999469406,3.41867333863924
2024-01-17,"BEX",13.7894166666667,9.48518405325448,4.30423261341222
2024-01-17,"SEND",11.3630833333333,8.38374716018603,2.97933617314727
2024-01-17,"HUL2",6.63041666666667,7.85698619201377,-1.2265695253471
2024-01-17,"PEMB",2.53745833333333,5.41120779575504,-2.87374946242171
2024-01-17,"WFEN",6.51533333333333,7.40437187419583,-0.889038540862502
2024-01-17,"OSY",9.991125,7.53960023256849,2.45152476743151
2024-01-17,"ACTH",1.68645833333333,3.78935858935056,-2.10290025601723
2024-01-17,"COPP",8.776625,6.83746359071361,1.93916140928639
2024-01-18,"EB",7.964875,8.5254883022422,-0.5606133022422
2024-01-18,"IMGM",4.78183333333333,6.89226104042434,-2.11042770709101
2024-01-18,"PRES",10.73225,7.25067177703915,3.48157822296085
2024-01-18,"BIRR",9.810375,9.00515191176582,0.805223088234179
2024-01-18,"BLC2",10.1367083333333,7.52721544423368,2.60949288909962
2024-01-18,"BOTR",9.62270833333333,8.2125120003079,1.41019633302543
2024-01-18,"GHSR",6.03770833333333,5.75857278328229,0.279135550051044
2024-01-18,"LEAM",12.9570833333333,8.19576461248482,4.76131872084848
2024-01-18,"NPT3",9.14308333333333,8.18417354459134,0.958909788741988
2024-01-18,"REA1",9.36720833333333,9.12498365735983,0.242224675973498
2024-01-18,"SOUT",9.02125,9.46797744021688,-0.446727440216879
2024-01-18,"WREX",6.45841666666667,6.5655197305194,-0.10710306385273
2024-01-18,"LEAR",11.78375,7.93472148923748,3.84902851076252
2024-01-18,"PLYM",10.7154583333333,7.95196480169544,2.76349353163786
2024-01-18,"SHDG",4.05758333333333,7.41431039065217,-3.35672705731884
2024-01-18,"SHE",5.69866666666667,7.63051359442048,-1.93184692775382
2024-01-18,"BEL2",6.50954166666667,7.33350158983292,-0.823959923166254
2024-01-18,"GLKP",4.24029166666667,5.26172849701698,-1.02143683035031
2024-01-18,"LECU",12.8961666666667,8.34875979720528,4.54740686946142
2024-01-18,"SUN2",2.50195833333333,6.07188773388922,-3.56992940055589
2024-01-18,"TRAN",5.75690476190476,7.68841843803549,-1.93151367613073
2024-01-18,"STOK",13.67825,8.8991422622749,4.7791077377251
2024-01-18,"BEX",10.7312083333333,10.1160661684833,0.615142164849967
2024-01-18,"SEND",7.64258333333333,9.05357538518785,-1.41099205185452
2024-01-18,"HUL2",4.62654166666667,7.78568152663045,-3.15913985996378
2024-01-18,"PEMB",1.94379166666667,5.06492407598034,-3.12113240931367
2024-01-18,"WFEN",6.77170833333333,6.93217749299736,-0.160469159664031
2024-01-18,"OSY",6.59736363636364,8.5128777289086,-1.91551409254496
2024-01-18,"ACTH",2.23579166666667,3.85215849199578,-1.61636682532911
2024-01-18,"COPP",14.5597916666667,8.09321058707308,6.46658107959361
2024-01-19,"EB",7.65829166666667,7.47148419983149,0.18680746683518
2024-01-19,"IMGM",6.91629166666667,6.61986092284974,0.296430743816931
2024-01-19,"PRES",4.12445833333333,8.58458870930593,-4.4601303759726
2024-01-19,"BIRR",8.255625,8.77562034292246,-0.519995342922458
2024-01-19,"BLC2",4.65995833333333,8.77475185984045,-4.11479352650712
2024-01-19,"BOTR",6.252,8.30418363666097,-2.05218363666097
2024-01-19,"GHSR",3.686125,6.3668165198095,-2.6806915198095
2024-01-19,"LEAM",8.04158333333333,9.3100390847727,-1.26845575143937
2024-01-19,"NPT3",8.70086956521739,7.97199727409959,0.728872291117801
2024-01-19,"REA1",11.20975,7.87593183855046,3.33381816144954
2024-01-19,"SOUT",19.0920833333333,7.93009921379109,11.1619841195422
2024-01-19,"WREX",3.87283333333333,6.75975125390967,-2.88691792057634
2024-01-19,"LEAR",8.93379166666667,8.77649262350438,0.157299043162293
2024-01-19,"PLYM",8.67154166666667,9.19397228467473,-0.522430618008064
2024-01-19,"SHDG",4.12154166666667,6.5832605917793,-2.46171892511263
2024-01-19,"SHE",5.251625,7.11157433860003,-1.85994933860003
2024-01-19,"BEL2",5.68208333333333,7.36604644795273,-1.6839631146194
2024-01-19,"GLKP",3.29808333333333,5.5150393854967,-2.21695605216336
2024-01-19,"LECU",8.48966666666667,9.36803613282789,-0.878369466161223
2024-01-19,"SUN2",2.88725,5.61954454976021,-2.73229454976021
2024-01-19,"TRAN",4.25608333333333,6.72672226013338,-2.47063892680005
2024-01-19,"STOK",4.83791666666667,9.84083802350522,-5.00292135683855
2024-01-19,"BEX",10.6565416666667,8.89223798887989,1.76430367778681
2024-01-19,"SEND",9.381875,7.58329735851452,1.79857764148548
2024-01-19,"HUL2",6.60675,6.98125852883974,-0.37450852883974
2024-01-19,"PEMB",2.64945833333333,4.7948205022678,-2.14536216893447
2024-01-19,"WFEN",6.48975,6.9812447284638,-0.491494728463802
2024-01-19,"OSY",8.25579166666667,7.1522370338317,1.10355463283497
2024-01-19,"ACTH",1.900625,3.99008962843798,-2.08946462843798
2024-01-19,"COPP",4.85854166666667,10.1244027191202,-5.26586105245357
2024-01-20,"EB",5.41870833333333,6.72521696032103,-1.3065086269877
2024-01-20,"IMGM",4.70616666666667,6.74818810974756,-2.04202144308089
2024-01-20,"PRES",3.99179166666667,5.41080899473654,-1.41901732806987
2024-01-20,"BIRR",6.94579166666667,7.53495032013028,-0.589158653463608
2024-01-20,"BLC2",4.24833333333333,6.02428894578236,-1.77595561244903
2024-01-20,"BOTR",5.738,6.37797696290679,-0.639976962906788
2024-01-20,"GHSR",3.09158333333333,4.79850536818701,-1.70692203485368
2024-01-20,"LEAM",5.650625,6.77188750331211,-1.12126250331211
2024-01-20,"NPT3",6.06125,7.14347300087752,-1.08222300087752
2024-01-20,"REA1",5.62,7.93459139146728,-2.31459139146728
2024-01-20,"SOUT",7.41345833333333,11.0521253583423,-3.63866702500901
2024-01-20,"WREX",3.36379166666667,5.11958775065411,-1.75579608398744
2024-01-20,"LEAR",5.136625,7.01392780996966,-1.87730280996966
2024-01-20,"PLYM",8.22525,7.71625815870042,0.508991841299581
2024-01-20,"SHDG",5.45395833333333,5.96527794635069,-0.511319613017359
2024-01-20,"SHE",5.41958333333333,6.29254083797786,-0.872957504644534
2024-01-20,"BEL2",3.46895833333333,6.38512509825039,-2.91616676491706
2024-01-20,"GLKP",2.913625,4.48287301460101,-1.56924801460101
2024-01-20,"LECU",4.93708333333333,7.02234197885628,-2.08525864552295
2024-01-20,"SUN2",3.6595,5.10657804952151,-1.44707804952151
2024-01-20,"TRAN",2.8745,5.53239122629469,-2.65789122629469
2024-01-20,"STOK",6.39158333333333,5.85361157785036,0.537971755482975
2024-01-20,"BEX",6.442625,8.23796627652845,-1.79534127652845
2024-01-20,"SEND",5.81666666666667,7.61062345548116,-1.79395678881449
2024-01-20,"HUL2",5.971,7.07312461699212,-1.10212461699212
2024-01-20,"PEMB",5.75870833333333,4.39417008377552,1.36453824955781
2024-01-20,"WFEN",5.72120833333333,6.20244482607045,-0.481236492737123
2024-01-20,"OSY",6.62933333333333,7.1448987932314,-0.515565459898075
2024-01-20,"ACTH",1.243125,3.18735793499845,-1.94423293499845
2024-01-20,"COPP",5.84225,5.77622667371857,0.0660233262814334
2024-01-21,"EB",11.0022916666667,5.35218821597902,5.65010345068768
2024-01-21,"IMGM",5.75383333333333,5.35092412597014,0.402909207363188
2024-01-21,"PRES",4.22766666666667,4.90911412428782,-0.681447457621148
2024-01-21,"BIRR",6.46820833333333,6.52436143779391,-0.0561531044605772
2024-01-21,"BLC2",9.62666666666667,5.40295534766313,4.22371131900355
2024-01-21,"BOTR",5.60933333333333,5.68838840329027,-0.0790550699569437
2024-01-21,"GHSR",4.59225,4.06440185355715,0.527848146442846
2024-01-21,"LEAM",6.99883333333333,5.40914053188615,1.58969280144718
2024-01-21,"NPT3",9.20295833333333,5.62418609587485,3.57877223745848
2024-01-21,"REA1",9.13133333333333,5.28939896981131,3.84193436352202
2024-01-21,"SOUT",13.409,6.03255741862924,7.37644258137076
2024-01-21,"WREX",3.76275,4.42053094496874,-0.657780944968741
2024-01-21,"LEAR",6.516375,5.10044621433034,1.41592878566966
2024-01-21,"PLYM",19.2915,7.03265022969081,12.2588497703092
2024-01-21,"SHDG",4.38195833333333,5.91031933550744,-1.52836100217411
2024-01-21,"SHE",4.83095833333333,5.81351509798459,-0.982556764651259
2024-01-21,"BEL2",4.92925,5.02939927122108,-0.100149271221085
2024-01-21,"GLKP",4.27091666666667,3.80631011313693,0.464606553529739
2024-01-21,"LECU",6.30808333333333,5.22189028724434,1.08619304608899
2024-01-21,"SUN2",3.16425,4.83945388666817,-1.67520388666817
2024-01-21,"TRAN",4.17358333333333,4.49444284121934,-0.320859507886012
2024-01-21,"STOK",5.06104166666667,6.00884074069145,-0.947799074024783
2024-01-21,"BEX",9.47733333333333,6.13011881248228,3.34721452085105
2024-01-21,"SEND",8.93191666666667,5.71699894068239,3.21491772598428
2024-01-21,"HUL2",6.33466666666667,6.26137871613568,0.0732879505309905
2024-01-21,"PEMB",13.54575,4.98827794389477,8.55747205610523
2024-01-21,"WFEN",6.68145833333333,5.37407407062814,1.30738426270519
2024-01-21,"OSY",10.336125,5.97073451181342,4.36539048818658
2024-01-21,"ACTH",1.4355,2.40089365041599,-0.965393650415987
2024-01-21,"COPP",4.24333333333333,5.7326861452699,-1.48935281193657
2024-01-22,"EB",12.090125,8.69945822176155,3.39066677823845
2024-01-22,"IMGM",5.66729166666667,7.01723861918331,-1.34994695251664
2024-01-22,"PRES",10.8382916666667,6.24475039609705,4.59354127056965
2024-01-22,"BIRR",6.86620833333333,7.61261587500204,-0.746407541668715
2024-01-22,"BLC2",14.1235,8.64786000538814,5.47563999461186
2024-01-22,"BOTR",6.6775,6.89445500813985,-0.21695500813985
2024-01-22,"GHSR",6.75620833333333,5.87528694009691,0.880921393236417
2024-01-22,"LEAM",6.73941666666667,7.18940788392349,-0.449991217256819
2024-01-22,"NPT3",10.7154166666667,8.07251555655984,2.64290111010686
2024-01-22,"REA1",7.16775,7.9171523169195,-0.749402316919497
2024-01-22,"SOUT",8.99766666666667,9.66837159723832,-0.670704930571651
2024-01-22,"WREX",6.52129166666667,5.82200821532506,0.699283451341607
2024-01-22,"LEAR",6.43375,6.9126480438268,-0.478898043826795
2024-01-22,"PLYM",14.8221666666667,12.3853948458313,2.43677182083535
2024-01-22,"SHDG",6.27358333333333,6.74029912653633,-0.466715793203
2024-01-22,"SHE",6.93877272727273,6.83935000717724,0.0994227200954914
2024-01-22,"BEL2",6.45541666666667,6.84863217860727,-0.393215511940602
2024-01-22,"GLKP",6.23929166666667,5.56105051650232,0.678241150164346
2024-01-22,"LECU",6.31095833333333,7.0273284533713,-0.716370120037974
2024-01-22,"SUN2",5.35483333333333,5.89118230233893,-0.536348969005596
2024-01-22,"TRAN",7.96783333333333,6.24197532814339,1.72585800518994
2024-01-22,"STOK",7.17875,6.73984646081764,0.438903539182358
2024-01-22,"BEX",7.38216666666667,8.56147421793981,-1.17930755127314
2024-01-22,"SEND",6.73545833333333,8.16885360498988,-1.43339527165655
2024-01-22,"HUL2",6.16458333333333,7.65160514081326,-1.48702180747993
2024-01-22,"PEMB",10.4766666666667,9.07489707254645,1.40176959412025
2024-01-22,"WFEN",5.61220833333333,6.98724334002108,-1.37503500668775
2024-01-22,"OSY",7.86275,8.61383528303148,-0.751085283031484
2024-01-22,"ACTH",3.3952380952381,3.72797067222764,-0.332732576989539
2024-01-22,"COPP",6.35033333333333,6.37246747675714,-0.02213414342381
2024-01-23,"EB",9.08025,8.98789226948553,0.0923577305144665
2024-01-23,"IMGM",6.19595833333333,6.93588760530165,-0.739929271968323
2024-01-23,"PRES",8.21158333333333,8.65635081232315,-0.444767478989824
2024-01-23,"BIRR",6.305125,7.73274738386416,-1.42762238386416
2024-01-23,"BLC2",13.4119583333333,10.2022646324092,3.20969370092409
2024-01-23,"BOTR",5.977875,7.25785528710793,-1.27998028710793
2024-01-23,"GHSR",7.67008333333333,6.62121047883585,1.04887285449748
2024-01-23,"LEAM",5.16708333333333,7.03968006448442,-1.87259673115109
2024-01-23,"NPT3",7.48133333333333,8.55343213607852,-1.07209880274519
2024-01-23,"REA1",4.88995833333333,7.10489286965503,-2.2149345363217
2024-01-23,"SOUT",6.553625,7.91346373794928,-1.35983873794928
2024-01-23,"WREX",6.08891666666667,6.80408536888559,-0.71516870221892
2024-01-23,"LEAR",4.84275,6.82796635245908,-1.98521635245908
2024-01-23,"PLYM",11.4849583333333,10.5359834723431,0.948974860990173
2024-01-23,"SHDG",5.76382608695652,7.42236941117507,-1.65854332421855
2024-01-23,"SHE",7.57670833333333,7.59455695285231,-0.0178486195189835
2024-01-23,"BEL2",8.17225,7.35883890484859,0.813411095151411
2024-01-23,"GLKP",7.24658333333333,6.23657604751079,1.01000728582254
2024-01-23,"LECU",5.61720833333333,6.97445002002724,-1.35724168669391
2024-01-23,"SUN2",6.78454166666667,6.67571013120321,0.108831535463458
2024-01-23,"TRAN",7.0225,7.594815325513,-0.572315325513006
2024-01-23,"STOK",7.225875,7.50940216374834,-0.283527163748344
2024-01-23,"BEX",5.60133333333333,7.70732697845897,-2.10599364512564
2024-01-23,"SEND",5.226,7.27601863229727,-2.05001863229727
2024-01-23,"HUL2",7.1885,7.54915156178339,-0.360651561783386
2024-01-23,"PEMB",8.64795833333333,7.79148879140136,0.856469541931966
2024-01-23,"WFEN",4.51330434782609,6.54306321883414,-2.02975887100805
2024-01-23,"OSY",6.19904166666667,7.60988645149671,-1.41084478483004
2024-01-23,"ACTH",4.55591666666667,4.41707030814761,0.138846358519062
2024-01-23,"COPP",6.197875,7.14192022545851,-0.944045225458513
2024-01-24,"EB",17.9215833333333,7.35628989703777,10.5652934362955
2024-01-24,"IMGM",10.81275,6.63220502162375,4.18054497837625
2024-01-24,"PRES",15.9455833333333,7.08718496624226,8.85839836709104
2024-01-24,"BIRR",12.732,7.01834154260444,5.71365845739556
2024-01-24,"BLC2",19.7524166666667,9.3730943469788,10.3793223196879
2024-01-24,"BOTR",12.80075,6.48247058969063,6.31827941030937
2024-01-24,"GHSR",10.0806666666667,6.42783968168595,3.65282698498075
2024-01-24,"LEAM",11.9831666666667,5.96007821347006,6.02308845319664
2024-01-24,"NPT3",17.4107083333333,6.83264753209719,10.5780608012361
2024-01-24,"REA1",14.2109166666667,5.78846158975957,8.42245507690713
2024-01-24,"SOUT",14.6821304347826,6.57068375839843,8.11144667638417
2024-01-24,"WREX",11.6274166666667,6.1033749955395,5.5240416711272
2024-01-24,"LEAR",11.8416666666667,5.738902924598,6.1027637420687
2024-01-24,"PLYM",21.0210416666667,8.86312548328834,12.1579161833784
2024-01-24,"SHDG",10.6162083333333,6.70547238181204,3.91073595152126
2024-01-24,"SHE",11.3325833333333,7.29976061491243,4.03282271842087
2024-01-24,"BEL2",14.2189166666667,7.47214338215937,6.74677328450733
2024-01-24,"GLKP",9.50183333333333,6.08063186471384,3.42120146861949
2024-01-24,"LECU",12.011625,6.21658147165124,5.79504352834876
2024-01-24,"SUN2",9.17345833333333,6.67306926845176,2.50038906488157
2024-01-24,"TRAN",13.4306666666667,6.68914329201342,6.74152337465328
2024-01-24,"STOK",12.7300833333333,6.995571389656,5.7345119436773
2024-01-24,"BEX",13.6439166666667,6.57691064808394,7.06700601858276
2024-01-24,"SEND",11.4404347826087,6.24760372924283,5.19283105336587
2024-01-24,"HUL2",12.1168333333333,7.43015923163598,4.68667410169732
2024-01-24,"PEMB",14.8752916666667,6.65735880118591,8.21793286548079
2024-01-24,"WFEN",9.38783333333333,5.65052531311238,3.73730802022095
2024-01-24,"OSY",12.3858260869565,6.52831021729182,5.85751586966468
2024-01-24,"ACTH",5.95309090909091,4.31807946706146,1.63501144202945
2024-01-24,"COPP",11.5989583333333,6.55429915418514,5.04465917914816
2024-01-25,"EB",6.35425,13.8277026614489,-7.47345266144893
2024-01-25,"IMGM",7.52558333333333,11.4874964628169,-3.96191312948357
2024-01-25,"PRES",5.72625,13.1428196809632,-7.41656968096317
2024-01-25,"BIRR",6.88770833333333,12.5599502447419,-5.67224191140861
2024-01-25,"BLC2",6.79045833333333,14.884852665935,-8.09439433260162
2024-01-25,"BOTR",6.9884347826087,12.1727899483304,-5.18435516572175
2024-01-25,"GHSR",4.172625,10.4601967356581,-6.28757173565807
2024-01-25,"LEAM",5.14941666666667,11.6604477206377,-6.51103105397107
2024-01-25,"NPT3",5.648625,13.7104019986031,-8.06177699860307
2024-01-25,"REA1",6.14091666666667,12.4270311738631,-6.28611450719639
2024-01-25,"SOUT",7.13066666666667,12.7698502142954,-5.63918354762872
2024-01-25,"WREX",4.77991666666667,11.3139924969967,-6.53407583033001
2024-01-25,"LEAR",4.72295833333333,11.507279929752,-6.78432159641869
2024-01-25,"PLYM",8.5515,15.596652555447,-7.04515255544699
2024-01-25,"SHDG",7.62383333333333,11.6630014102095,-4.03916807687622
2024-01-25,"SHE",8.66063636363636,11.8345139261938,-3.17387756255741
2024-01-25,"BEL2",5.0895,12.8400865664183,-7.75058656641832
2024-01-25,"GLKP",3.921125,10.0540936637967,-6.13296866379667
2024-01-25,"LECU",6.18116666666667,11.7480748580551,-5.56690819138847
2024-01-25,"SUN2",8.00116666666667,10.6899712870272,-2.68880462036049
2024-01-25,"TRAN",5.53858333333333,12.2293536087221,-6.69077027538873
2024-01-25,"STOK",7.65633333333333,12.1865795409602,-4.53024620762684
2024-01-25,"BEX",6.87891666666667,12.7346936929164,-5.85577702624971
2024-01-25,"SEND",6.73058333333333,11.7241605111808,-4.99357717784751
2024-01-25,"HUL2",9.32491666666667,12.3937438165612,-3.06882714989456
2024-01-25,"PEMB",2.278875,12.1432914115294,-9.86441641152939
2024-01-25,"WFEN",6.85533333333333,10.6247429055464,-3.76940957221306
2024-01-25,"OSY",7.06730434782609,11.9968437951325,-4.92953944730638
2024-01-25,"ACTH",2.71825,7.97142040739387,-5.25317040739387
2024-01-25,"COPP",5.39208333333333,11.709973947305,-6.31789061397167
2024-01-26,"EB",6.44566666666667,5.06614698361837,1.3795196830483
2024-01-26,"IMGM",4.87725,5.8545260548687,-0.9772760548687
2024-01-26,"PRES",7.57179166666667,4.89663520501985,2.67515646164682
2024-01-26,"BIRR",6.40629166666667,5.95351556305469,0.452776103611976
2024-01-26,"BLC2",10.3705,5.64260730079262,4.72789269920738
2024-01-26,"BOTR",5.61229166666667,5.57250022135769,0.0397914453089809
2024-01-26,"GHSR",5.32920833333333,3.88797498334019,1.44123334999314
2024-01-26,"LEAM",5.00304166666667,4.68182001047711,0.321221656189559
2024-01-26,"NPT3",7.235625,4.86102547330256,2.37459952669744
2024-01-26,"REA1",5.96495833333333,4.95431132630965,1.01064700702368
2024-01-26,"SOUT",7.97858333333333,5.50641562459001,2.47216770874332
2024-01-26,"WREX",5.16120833333333,4.34866684446967,0.812541488863659
2024-01-26,"LEAR",4.87229166666667,4.42044409847819,0.451847568188484
2024-01-26,"PLYM",10.9012083333333,6.49082988022589,4.41037845310741
2024-01-26,"SHDG",5.268375,6.13585729003983,-0.867482290039826
2024-01-26,"SHE",5.85995833333333,6.44187554781354,-0.581917214480207
2024-01-26,"BEL2",5.92470833333333,5.02200650105501,0.902701832278318
2024-01-26,"GLKP",4.78483333333333,3.60538374733234,1.17944958600099
2024-01-26,"LECU",5.01370833333333,5.14723272622417,-0.133524392890839
2024-01-26,"SUN2",4.318,5.87262996610773,-1.55462996610773
2024-01-26,"TRAN",6.75995833333333,4.86449314666914,1.89546518666419
2024-01-26,"STOK",5.82270833333333,5.87891195452573,-0.0562036211924033
2024-01-26,"BEX",6.81616666666667,5.76387667856245,1.05228998810422
2024-01-26,"SEND",5.00291666666667,5.54108847771115,-0.538171811044482
2024-01-26,"HUL2",5.8815,6.93977472362497,-1.05827472362497
2024-01-26,"PEMB",6.47016666666667,3.03810608040869,3.43206058625798
2024-01-26,"WFEN",4.07629166666667,5.26766095946794,-1.19136929280127
2024-01-26,"OSY",4.72083333333333,5.58866102731778,-0.867827693984449
2024-01-26,"ACTH",2.68279166666667,2.40419675512523,0.278594911541442
2024-01-26,"COPP",5.307625,4.98397492349483,0.323650076505166
2024-01-27,"EB",9.69554166666667,6.23041672949709,3.46512493716958
2024-01-27,"IMGM",7.49116666666667,5.88450508513447,1.6066615815322
2024-01-27,"PRES",6.18516666666667,6.69138798094037,-0.5062213142737
2024-01-27,"BIRR",8.94075,6.82314580401028,2.11760419598972
2024-01-27,"BLC2",8.166375,8.11947444851624,0.0469005514837555
2024-01-27,"BOTR",8.10241666666667,6.11017896090269,1.99223770576398
2024-01-27,"GHSR",6.74033333333333,5.36539286781739,1.37494046551594
2024-01-27,"LEAM",7.57075,5.68982882889754,1.88092117110246
2024-01-27,"NPT3",7.89608333333333,6.58220461083694,1.31387872249639
2024-01-27,"REA1",8.788375,5.96916086975401,2.81921413024599
2024-01-27,"SOUT",11.2875,6.89313845484291,4.39436154515709
2024-01-27,"WREX",6.50845833333333,5.55237115327801,0.956087180055318
2024-01-27,"LEAR",6.81216666666667,5.54211438429299,1.27005228237368
2024-01-27,"PLYM",8.246875,8.50477504998955,-0.257900049989548
2024-01-27,"SHDG",6.77191666666667,6.27010003751234,0.501816629154329
2024-01-27,"SHE",7.33795833333333,6.4065529776813,0.931405355652032
2024-01-27,"BEL2",7.26825,6.42674244346116,0.841507556538835
2024-01-27,"GLKP",6.19395833333333,4.96957972634917,1.22437860698416
2024-01-27,"LECU",7.605125,5.76248923992701,1.84263576007299
2024-01-27,"SUN2",5.458,5.48875633053245,-0.0307563305324461
2024-01-27,"TRAN",7.07241666666667,6.39448486210096,0.677931804565712
2024-01-27,"STOK",8.10925,6.23646140712249,1.87278859287751
2024-01-27,"BEX",10.7626666666667,6.80187812946098,3.96078853720572
2024-01-27,"SEND",8.27829166666667,5.93265499200055,2.34563667466612
2024-01-27,"HUL2",8.08658333333333,6.66804862781023,1.4185347055231
2024-01-27,"PEMB",6.65491666666667,5.73617431926374,0.918742347402928
2024-01-27,"WFEN",7.085375,5.23834659495821,1.84702840504179
2024-01-27,"OSY",7.64741666666667,5.75972849882503,1.88768816784164
2024-01-27,"ACTH",3.36783333333333,3.40147765881979,-0.0336443254864558
2024-01-27,"COPP",7.32216666666667,6.00589692972385,1.31626973694282
2024-01-28,"EB",11.9929166666667,8.29796327011592,3.69495339655078
2024-01-28,"IMGM",8.65275,7.75588326627986,0.89686673372014
2024-01-28,"PRES",8.01791666666667,7.01587939739576,1.00203726927091
2024-01-28,"BIRR",8.93383333333333,8.63388295863501,0.299950374698321
2024-01-28,"BLC2",9.442875,8.11611111154434,1.32676388845566
2024-01-28,"BOTR",8.87,7.91737433632848,0.95262566367152
2024-01-28,"GHSR",9.32783333333333,6.73635529423115,2.59147803910218
2024-01-28,"LEAM",7.599375,7.50806054119376,0.0913144588062451
2024-01-28,"NPT3",9.851625,7.66885159069107,2.18277340930893
2024-01-28,"REA1",9.55195833333333,7.88255704591675,1.66940128741658
2024-01-28,"SOUT",7.73583333333333,8.97166649790951,-1.23583316457618
2024-01-28,"WREX",9.27583333333333,6.91083194229111,2.36500139104221
2024-01-28,"LEAR",7.24954166666667,7.12347941239769,0.126062254268978
2024-01-28,"PLYM",13.0601666666667,8.35232807128995,4.70783859537675
2024-01-28,"SHDG",7.88816666666667,7.72587338900503,0.162293277661636
2024-01-28,"SHE",8.93275,7.85927415588629,1.07347584411371
2024-01-28,"BEL2",12.714375,7.77729321648086,4.93708178351914
2024-01-28,"GLKP",8.865,6.34401837029969,2.52098162970031
2024-01-28,"LECU",7.52258333333333,7.60420767911625,-0.081624345782922
2024-01-28,"SUN2",8.59279166666667,6.82895768303152,1.76383398363515
2024-01-28,"TRAN",9.37695833333333,7.35746457882965,2.01949375450368
2024-01-28,"STOK",8.471,7.97481775155117,0.496182248448825
2024-01-28,"BEX",13.5103333333333,9.1297401692737,4.3805931640596
2024-01-28,"SEND",9.823125,8.03584273367704,1.78728226632296
2024-01-28,"HUL2",9.99416666666667,8.39940505751934,1.59476160914733
2024-01-28,"PEMB",9.8065,6.60907399029594,3.19742600970406
2024-01-28,"WFEN",8.56041666666667,7.25801389252897,1.3024027741377
2024-01-28,"OSY",8.7205,7.74260128442261,0.977898715577388
2024-01-28,"ACTH",5.54641666666667,4.52059495007811,1.02582171658856
2024-01-28,"COPP",9.04295833333333,7.61829197851335,1.42466635481998
2024-01-29,"EB",13.411125,9.66262278152603,3.74850221847397
2024-01-29,"IMGM",16.0957916666667,8.70889580282819,7.3868958638385
2024-01-29,"PRES",5.91683333333333,8.27516051972391,-2.35832718639058
2024-01-29,"BIRR",17.477375,9.15511703712673,8.32225796287327
2024-01-29,"BLC2",7.13833333333333,9.1810762308668,-2.04274289753347
2024-01-29,"BOTR",17.8095416666667,8.72619463137939,9.08334703528731
2024-01-29,"GHSR",6.57629166666667,8.23498125142514,-1.65868958475847
2024-01-29,"LEAM",16.5969166666667,8.04198382708828,8.55493283957842
2024-01-29,"NPT3",13.3403333333333,8.9441496821184,4.3961836512149
2024-01-29,"REA1",13.68325,8.68509618429849,4.99815381570151
2024-01-29,"SOUT",13.3579583333333,8.16843917075397,5.18951916257933
2024-01-29,"WREX",8.84825,8.47702032187302,0.371229678126976
2024-01-29,"LEAR",15.6084166666667,7.81788263346107,7.79053403320563
2024-01-29,"PLYM",13.68925,10.734137093615,2.95511290638504
2024-01-29,"SHDG",18.1231666666667,8.67807884844669,9.44508781822002
2024-01-29,"SHE",19.4439166666667,8.98914436475497,10.4547723019117
2024-01-29,"BEL2",6.79345833333333,10.335996636225,-3.54253830289168
2024-01-29,"GLKP",6.38854166666667,7.87362483862055,-1.48508317195388
2024-01-29,"LECU",17.564875,8.09660296283749,9.46827203716251
2024-01-29,"SUN2",3.25975,8.53425611117754,-5.27450611117754
2024-01-29,"TRAN",8.63420833333333,8.7670761553914,-0.132867822058074
2024-01-29,"STOK",17.356625,8.63621056958426,8.72041443041575
2024-01-29,"BEX",16.6117083333333,10.6511992437088,5.9605090896245
2024-01-29,"SEND",15.3549565217391,9.12132265369995,6.23363386803915
2024-01-29,"HUL2",15.8049583333333,9.63469328144843,6.17026505188487
2024-01-29,"PEMB",6.21666666666667,8.3343486032368,-2.11768193657013
2024-01-29,"WFEN",16.1252083333333,8.32147082067151,7.80373751266179
2024-01-29,"OSY",15.6742083333333,8.65832288115024,7.01588545218306
2024-01-29,"ACTH",3.22325,5.87817472697655,-2.65492472697655
2024-01-29,"COPP",12.8155416666667,8.78711862600249,4.02842304066421
2024-01-30,"EB",4.936125,11.5924499251728,-6.65632492517281
2024-01-30,"IMGM",7.2395,12.8872440852881,-5.64774408528808
2024-01-30,"PRES",4.32679166666667,8.90780040538447,-4.5810087387178
2024-01-30,"BIRR",7.32416666666667,13.7580199383698,-6.43385327170312
2024-01-30,"BLC2",3.89158333333333,9.74634559282046,-5.85476225948713
2024-01-30,"BOTR",8.15245833333333,13.4646609934111,-5.31220266007774
2024-01-30,"GHSR",5.55820833333333,8.61576212286002,-3.05755378952669
2024-01-30,"LEAM",5.33404166666667,12.8125793702389,-7.4785377035722
2024-01-30,"NPT3",5.24483333333333,11.6460074758823,-6.40117414254894
2024-01-30,"REA1",2.53286956521739,11.6421908602069,-9.10932129498951
2024-01-30,"SOUT",4.18820833333333,11.740015863222,-7.55180752988871
2024-01-30,"WREX",4.3465,9.716224459952,-5.369724459952
2024-01-30,"LEAR",5.08945833333333,12.3459700788379,-7.25651174550458
2024-01-30,"PLYM",7.96970833333333,12.3353703771553,-4.36566204382194
2024-01-30,"SHDG",5.224,13.8914845872745,-8.66748458727448
2024-01-30,"SHE",6.34725,14.2979775999123,-7.95072759991225
2024-01-30,"BEL2",6.71083333333333,9.50137978437083,-2.7905464510375
2024-01-30,"GLKP",4.69245833333333,8.35511957611889,-3.66266124278556
2024-01-30,"LECU",7.246625,13.2558731665709,-6.00924816657088
2024-01-30,"SUN2",2.90783333333333,7.95072527421444,-5.04289194088111
2024-01-30,"TRAN",5.32816666666667,9.89617732930599,-4.56801066263932
2024-01-30,"STOK",7.0745,13.3605448446102,-6.28604484461024
2024-01-30,"BEX",5.38520833333333,13.1981461642552,-7.81293783092183
2024-01-30,"SEND",6.23720833333333,12.586059898976,-6.34885156564267
2024-01-30,"HUL2",8.08770833333333,13.1975603142294,-5.10985198089612
2024-01-30,"PEMB",4.211875,8.39642475234663,-4.18454975234663
2024-01-30,"WFEN",4.60291666666667,12.5404131932738,-7.93749652660711
2024-01-30,"OSY",6.31,12.6566502875714,-6.34665028757138
2024-01-30,"ACTH",2.6425,6.42355422937264,-3.78105422937264
2024-01-30,"COPP",6.15566666666667,11.5975307376794,-5.4418640710127
2024-01-31,"EB",6.04070833333333,4.29628813612625,1.74442019720708
2024-01-31,"IMGM",5.830375,5.36306228937757,0.46731271062243
2024-01-31,"PRES",5.27320833333333,4.21315199916315,1.06005633417018
2024-01-31,"BIRR",8.36895652173913,5.73749142057037,2.63146510116876
2024-01-31,"BLC2",7.97666666666667,4.44082583511135,3.53584083155532
2024-01-31,"BOTR",7.996375,5.62224182904577,2.37413317095423
2024-01-31,"GHSR",4.93725,4.14238719626926,0.794862803730736
2024-01-31,"LEAM",4.84279166666667,4.37438836289764,0.46840330376903
2024-01-31,"NPT3",6.36259090909091,4.46063444919248,1.90195645989843
2024-01-31,"REA1",4.16675,3.31574922891969,0.851000771080308
2024-01-31,"SOUT",5.65554166666667,4.12591953210084,1.52962213456583
2024-01-31,"WREX",3.68608333333333,3.91870738089014,-0.232624047556814
2024-01-31,"LEAR",4.78666666666667,4.19259234361146,0.594074323055205
2024-01-31,"PLYM",8.84041666666667,6.07145310975928,2.76896355690739
2024-01-31,"SHDG",4.84668181818182,4.82923824100298,0.017443577178839
2024-01-31,"SHE",5.23191666666667,5.15858200947808,0.0733346571885933
2024-01-31,"BEL2",5.888375,5.42022375329599,0.46815124670401
2024-01-31,"GLKP",4.36420833333333,3.62658848695279,0.737619846380536
2024-01-31,"LECU",5.6535,5.15261664169139,0.500883358308615
2024-01-31,"SUN2",3.83945833333333,3.76133320101206,0.0781251323212695
2024-01-31,"TRAN",4.5175,4.54620157990581,-0.0287015799058068
2024-01-31,"STOK",6.46729166666667,5.28732766128362,1.17996400538305
2024-01-31,"BEX",6.67454166666667,4.85833278526081,1.81620888140586
2024-01-31,"SEND",7.63558333333333,4.99253010967577,2.64305322365756
2024-01-31,"HUL2",6.99004166666667,6.11889029851199,0.871151368154681
2024-01-31,"PEMB",3.53970833333333,3.56955084423798,-0.0298425109046496
2024-01-31,"WFEN",5.2555,4.02674043782428,1.22875956217572
2024-01-31,"OSY",7.31716666666667,4.95133433100702,2.36583233565965
2024-01-31,"ACTH",2.96795652173913,2.10604049945466,0.861916022284472
2024-01-31,"COPP",4.51158333333333,4.93996099786348,-0.428377664530153
2024-02-01,"EB",7.5895,6.08320777783497,1.50629222216503
2024-02-01,"IMGM",8.670375,6.22415763512695,2.44621736487305
2024-02-01,"PRES",9.21391666666667,5.84233294699896,3.37158371966771
2024-02-01,"BIRR",11.119375,7.52642300788853,3.59295199211147
2024-02-01,"BLC2",11.3472916666667,7.25672043883034,4.09057122783636
2024-02-01,"BOTR",9.0975652173913,6.95911285703245,2.13845236035885
2024-02-01,"GHSR",6.83870833333333,5.182628797835,1.65607953549833
2024-02-01,"LEAM",8.66941666666667,5.61020438399343,3.05921228267324
2024-02-01,"NPT3",9.02520833333333,6.24697052397345,2.77823780935988
2024-02-01,"REA1",7.847,5.33729414452291,2.50970585547709
2024-02-01,"SOUT",7.1885,6.05723992626374,1.13126007373626
2024-02-01,"WREX",7.329,4.9944923887055,2.3345076112945
2024-02-01,"LEAR",8.22341666666667,5.48751919791488,2.73589746875179
2024-02-01,"PLYM",10.5699583333333,7.73204661753843,2.83791171579487
2024-02-01,"SHDG",8.73633333333333,6.1308268699147,2.60550646341863
2024-02-01,"SHE",8.45920833333333,6.18958409067297,2.26962424266036
2024-02-01,"BEL2",8.43266666666667,6.37234076978928,2.06032589687739
2024-02-01,"GLKP",6.22641666666667,4.78503961284185,1.44137705382482
2024-02-01,"LECU",9.44275,5.96659226615363,3.47615773384637
2024-02-01,"SUN2",5.84904166666667,5.3672057398979,0.481835926768775
2024-02-01,"TRAN",10.422625,5.54910240846539,4.87352259153461
2024-02-01,"STOK",9.217875,6.46605962836055,2.75181537163945
2024-02-01,"BEX",9.05266666666667,6.75332103036217,2.2993456363045
2024-02-01,"SEND",8.139625,6.89755304179162,1.24207195820838
2024-02-01,"HUL2",9.68166666666667,7.07897773955358,2.60268892711309
2024-02-01,"PEMB",7.57675,4.60502799645188,2.97172200354812
2024-02-01,"WFEN",6.958625,5.69007563296008,1.26854936703992
2024-02-01,"OSY",7.50995833333333,6.7149656631512,0.794992670182133
2024-02-01,"ACTH",3.614375,3.49062611259682,0.12374888740318
2024-02-01,"COPP",8.20479166666667,5.68237867084813,2.52241299581854
2024-02-02,"EB",4.622625,7.94896969812526,-3.32634469812526
2024-02-02,"IMGM",3.36879166666667,8.60450063694996,-5.23570897028329
2024-02-02,"PRES",4.83491666666667,8.59656388626758,-3.76164721960091
2024-02-02,"BIRR",3.52004166666667,9.83824181548426,-6.31820014881759
2024-02-02,"BLC2",7.77616666666667,9.75454402209895,-1.97837735543228
2024-02-02,"BOTR",3.16825,8.67719375123902,-5.50894375123902
2024-02-02,"GHSR",2.613,7.20389837069931,-4.59089837069931
2024-02-02,"LEAM",3.17516666666667,8.34286954547953,-5.16770287881286
2024-02-02,"NPT3",3.15641666666667,8.52520885344027,-5.3687921867736
2024-02-02,"REA1",2.784,7.98512772908515,-5.20112772908515
2024-02-02,"SOUT",3.79616666666667,7.91191232667032,-4.11574566000365
2024-02-02,"WREX",1.00633333333333,7.66153054536546,-6.65519721203213
2024-02-02,"LEAR",3.02566666666667,8.07302421360638,-5.04735754693971
2024-02-02,"PLYM",7.09808333333333,9.66814303022847,-2.57005969689514
2024-02-02,"SHDG",2.46458333333333,8.88520245409455,-6.42061912076122
2024-02-02,"SHE",2.60904166666667,8.70918604715209,-6.10014438048542
2024-02-02,"BEL2",2.36633333333333,8.63467790390017,-6.26834457056684
2024-02-02,"GLKP",2.20725,6.78755247762218,-4.58030247762218
2024-02-02,"LECU",3.19121739130435,8.70127647340459,-5.51005908210024
2024-02-02,"SUN2",1.32375,7.40617883798236,-6.08242883798236
2024-02-02,"TRAN",2.58445833333333,9.05643938941377,-6.47198105608044
2024-02-02,"STOK",1.595875,8.80172719437994,-7.20585219437994
2024-02-02,"BEX",3.51808333333333,8.92368595702485,-5.40560262369152
2024-02-02,"SEND",3.99475,8.37201062236739,-4.37726062236739
2024-02-02,"HUL2",3.528,9.39986385372801,-5.87186385372801
2024-02-02,"PEMB",5.01216666666667,7.41825641669175,-2.40608975002508
2024-02-02,"WFEN",3.529,7.61952567650171,-4.09052567650171
2024-02-02,"OSY",5.04329166666667,8.07974002969511,-3.03644836302844
2024-02-02,"ACTH",1.05845833333333,5.03328280824796,-3.97482447491463
2024-02-02,"COPP",1.09179166666667,8.38221375300205,-7.29042208633538
2024-02-03,"EB",11.8525833333333,3.85903261891044,7.99355071442286
2024-02-03,"IMGM",3.80804166666667,3.63097485083945,0.177066815827221
2024-02-03,"PRES",8.97025,3.94900050749141,5.02124949250859
2024-02-03,"BIRR",2.03816666666667,4.01470263487192,-1.97653596820525
2024-02-03,"BLC2",11.9772083333333,5.41450255963743,6.56270577369587
2024-02-03,"BOTR",4.65516666666667,3.49613458166341,1.15903208500326
2024-02-03,"GHSR",8.07,2.64249253309434,5.42750746690566
2024-02-03,"LEAM",2.679875,3.28375510793098,-0.603880107930982
2024-02-03,"NPT3",4.171625,3.34408979688266,0.82753520311734
2024-02-03,"REA1",2.718125,3.08789666740971,-0.369771667409714
2024-02-03,"SOUT",6.36304166666667,3.66457334379304,2.69846832287363
2024-02-03,"WREX",7.425375,2.29813772192144,5.12723727807856
2024-02-03,"LEAR",2.56983333333333,3.12937528201258,-0.559541948679246
2024-02-03,"PLYM",16.1370416666667,5.38850364226159,10.7485380244051
2024-02-03,"SHDG",3.3825,3.53712114759963,-0.154621147599628
2024-02-03,"SHE",3.14358333333333,3.52683651181805,-0.38325317848472
2024-02-03,"BEL2",6.62645833333333,3.38207459573554,3.24438373759779
2024-02-03,"GLKP",7.28375,2.30323432706617,4.98051567293383
2024-02-03,"LECU",3.70391666666667,3.36213131079278,0.341785355873886
2024-02-03,"SUN2",3.55054166666667,2.73222215048259,0.818319516184079
2024-02-03,"TRAN",4.95383333333333,3.09898813089166,1.85484520244167
2024-02-03,"STOK",5.79395833333333,2.96978776885489,2.82417056447844
2024-02-03,"BEX",2.49220833333333,3.87048569015352,-1.37827735682019
2024-02-03,"SEND",2.75945833333333,3.86067495024917,-1.10121661691585
2024-02-03,"HUL2",4.10570833333333,4.11278253968458,-0.00707420635125278
2024-02-03,"PEMB",5.37333333333333,3.44153695921479,1.93179637411854
2024-02-03,"WFEN",2.9305,3.3559200558018,-0.425420055801802
2024-02-03,"OSY",3.47083333333333,4.19465279615369,-0.723819462820358
2024-02-03,"ACTH",4.61666666666667,1.10859703135653,3.50806963531014
2024-02-03,"COPP",3.87975,2.72528275697659,1.15446724302341
2024-02-04,"EB",11.3827083333333,8.45338077720066,2.92932755613264
2024-02-04,"IMGM",6.26670833333333,5.74302244095974,0.523685892373591
2024-02-04,"PRES",10.252625,7.41714136588833,2.83548363411167
2024-02-04,"BIRR",5.539625,5.44807041599415,0.0915545840058476
2024-02-04,"BLC2",13.4630416666667,8.89535511657489,4.56768655009181
2024-02-04,"BOTR",6.02395833333333,6.00537563802885,0.0185826953044792
2024-02-04,"GHSR",4.32695833333333,6.59809607745016,-2.27113774411683
2024-02-04,"LEAM",5.38825,5.05233459719362,0.335915402806376
2024-02-04,"NPT3",9.916625,5.67769409898609,4.23893090101391
2024-02-04,"REA1",5.38429166666667,5.00936287526506,0.374928791401606
2024-02-04,"SOUT",8.51908333333333,6.53740196155013,1.98168137178319
2024-02-04,"WREX",6.49858333333333,6.64036704539714,-0.141783712063812
2024-02-04,"LEAR",5.438375,4.90830445563541,0.530070544364587
2024-02-04,"PLYM",15.7536666666667,10.6603476796666,5.0933189870001
2024-02-04,"SHDG",5.94245833333333,5.84048177374678,0.101976559586548
2024-02-04,"SHE",5.53658333333333,5.68208835950029,-0.145505026166959
2024-02-04,"BEL2",9.51266666666667,6.92074654027749,2.59192012638918
2024-02-04,"GLKP",3.828625,6.11489072178586,-2.28626572178586
2024-02-04,"LECU",4.86829166666667,5.51507008062656,-0.646778413959888
2024-02-04,"SUN2",5.23195833333333,5.49536567724622,-0.263407343912886
2024-02-04,"TRAN",7.05979166666667,5.96266117928382,1.09713048738285
2024-02-04,"STOK",6.255875,6.50787419908878,-0.251999199088784
2024-02-04,"BEX",4.206125,5.44306784481908,-1.23694284481908
2024-02-04,"SEND",3.78441666666667,5.33565854049966,-1.55124187383299
2024-02-04,"HUL2",6.94291666666667,6.28839759103683,0.654519075629843
2024-02-04,"PEMB",9.92629166666667,5.48524412979885,4.44104753686782
2024-02-04,"WFEN",4.28354166666667,5.05653221089467,-0.772990544227996
2024-02-04,"OSY",4.841875,5.52055296436427,-0.678677964364271
2024-02-04,"ACTH",1.772875,4.33666516559107,-2.56379016559107
2024-02-04,"COPP",5.81666666666667,5.7335966300893,0.0830700365773716
2024-02-05,"EB",10.3215,8.54454798687165,1.77695201312835
2024-02-05,"IMGM",7.65133333333333,7.01697939098415,0.634353942349176
2024-02-05,"PRES",9.94495833333333,8.20206778846201,1.74289054487132
2024-02-05,"BIRR",7.31041666666667,7.13603867733677,0.174377989329896
2024-02-05,"BLC2",15.52475,9.75471553819604,5.77003446180396
2024-02-05,"BOTR",9.59529166666667,6.86045439138015,2.73483727528652
2024-02-05,"GHSR",6.57054545454545,5.50210307616968,1.06844237837577
2024-02-05,"LEAM",7.4765,6.4322638462664,1.0442361537336
2024-02-05,"NPT3",8.79133333333333,8.16092544287044,0.630407890462889
2024-02-05,"REA1",8.65758333333333,6.36747086105491,2.29011247227842
2024-02-05,"SOUT",9.25616666666667,7.66860167805903,1.58756498860764
2024-02-05,"WREX",5.62995833333333,6.57392589157272,-0.943967558239387
2024-02-05,"LEAR",7.157125,6.34700637005512,0.810118629944876
2024-02-05,"PLYM",11.7837083333333,10.7575142447321,1.02619408860118
2024-02-05,"SHDG",6.92916666666667,7.14507422708867,-0.215907560422001
2024-02-05,"SHE",7.48820833333333,6.93034404599787,0.557864287335463
2024-02-05,"BEL2",5.75566666666667,8.29808717544151,-2.54242050877484
2024-02-05,"GLKP",6.0515,5.13104815647294,0.920451843527064
2024-02-05,"LECU",7.05191666666667,6.3084417070282,0.743474959638468
2024-02-05,"SUN2",7.34570833333333,6.45561650507168,0.890091828261652
2024-02-05,"TRAN",7.25058333333333,7.07814917487232,0.17243415846101
2024-02-05,"STOK",6.69125,6.98792191612856,-0.296671916128556
2024-02-05,"BEX",9.17070833333333,6.46219598509666,2.70851234823667
2024-02-05,"SEND",8.97908333333333,6.10254699735428,2.87653633597905
2024-02-05,"HUL2",8.88273913043478,7.70060836766755,1.18213076276723
2024-02-05,"PEMB",9.08308333333333,7.53624858171192,1.54683475162141
2024-02-05,"WFEN",7.76929166666667,5.935804298597,1.83348736806967
2024-02-05,"OSY",9.725875,6.42051830510851,3.30535669489149
2024-02-05,"ACTH",4.01533333333333,3.60118051914195,0.414152814191383
2024-02-05,"COPP",6.20779166666667,6.78042832644715,-0.572636659780477
2024-02-06,"EB",16.4545416666667,8.59733249065908,7.85720917600762
2024-02-06,"IMGM",3.17821739130435,7.93376217506236,-4.75554478375801
2024-02-06,"PRES",6.72075,8.50880395453396,-1.78805395453396
2024-02-06,"BIRR",6.137,8.18087850568543,-2.04387850568544
2024-02-06,"BLC2",9.737625,10.9363620032641,-1.19873700326413
2024-02-06,"BOTR",6.09375,8.60309365718809,-2.50934365718809
2024-02-06,"GHSR",4.75920833333333,6.82642693724372,-2.06721860391039
2024-02-06,"LEAM",6.02004166666667,7.60614005703394,-1.58609839036727
2024-02-06,"NPT3",10.478625,8.10047734930455,2.37814765069545
2024-02-06,"REA1",9.05270833333333,7.9810060427932,1.07170229054013
2024-02-06,"SOUT",12.616,8.3498315565146,4.2661684434854
2024-02-06,"WREX",4.00954166666667,6.7046407228535,-2.69509905618683
2024-02-06,"LEAR",5.41430434782609,7.38167863794361,-1.96737429011752
2024-02-06,"PLYM",17.7349583333333,9.7313778710188,8.0035804623145
2024-02-06,"SHDG",4.13329166666667,7.91297261590995,-3.77968094924328
2024-02-06,"SHE",3.85020833333333,8.05814266243934,-4.20793432910601
2024-02-06,"BEL2",6.181125,7.30377081720348,-1.12264581720348
2024-02-06,"GLKP",3.87859090909091,6.44355248496921,-2.5649615758783
2024-02-06,"LECU",5.20741666666667,7.53988639107858,-2.33246972441191
2024-02-06,"SUN2",3.48370833333333,7.65372784115585,-4.17001950782252
2024-02-06,"TRAN",5.7175,7.55770226410137,-1.84020226410137
2024-02-06,"STOK",6.09475,7.58176485147411,-1.48701485147411
2024-02-06,"BEX",10.1258333333333,8.71605688177637,1.40977645155693
2024-02-06,"SEND",9.92386363636364,8.45157300471405,1.47229063164959
2024-02-06,"HUL2",3.86016666666667,8.81763790554305,-4.95747123887638
2024-02-06,"PEMB",9.33479166666667,7.59747537017445,1.73731629649222
2024-02-06,"WFEN",5.85404166666667,7.64696221564011,-1.79292054897344
2024-02-06,"OSY",9.69541666666667,8.64946070808753,1.04595595857914
2024-02-06,"ACTH",2.05879166666667,4.91213756588404,-2.85334589921737
2024-02-06,"COPP",4.10470833333333,7.33663786462695,-3.23192953129362
2024-02-07,"EB",5.3105,10.1269080298012,-4.81640802980116
2024-02-07,"IMGM",8.95733333333333,5.49859824954463,3.4587350837887
2024-02-07,"PRES",8.144625,6.5607210762539,1.5839039237461
2024-02-07,"BIRR",10.3027083333333,6.96267385393412,3.34003447939918
2024-02-07,"BLC2",8.62120833333333,8.00461564183949,0.616592691493841
2024-02-07,"BOTR",10.2939166666667,6.49640532320227,3.79751134346443
2024-02-07,"GHSR",5.32825,5.36506844290864,-0.036818442908638
2024-02-07,"LEAM",7.96760869565217,6.27849888737057,1.6891098082816
2024-02-07,"NPT3",8.06008333333333,7.98385055124607,0.0762327820872546
2024-02-07,"REA1",6.90158333333333,7.32230215363464,-0.420718820301307
2024-02-07,"SOUT",5.37241666666667,8.82605496784481,-3.45363830117814
2024-02-07,"WREX",9.03891666666667,5.35883096604484,3.68008570062183
2024-02-07,"LEAR",7.63958333333333,5.95326241296463,1.6863209203687
2024-02-07,"PLYM",4.05266666666667,11.2354847062736,-7.18281803960695
2024-02-07,"SHDG",8.92108333333333,6.10494665863235,2.81613667470098
2024-02-07,"SHE",9.25704166666667,5.92422001992148,3.33282164674519
2024-02-07,"BEL2",11.5497083333333,6.75753680263917,4.79217153069413
2024-02-07,"GLKP",4.246375,4.84853187273345,-0.602156872733446
2024-02-07,"LECU",8.48866666666667,6.06710465358943,2.42156201307724
2024-02-07,"SUN2",4.47920833333333,5.43447997968711,-0.955271646353784
2024-02-07,"TRAN",10.1445416666667,6.22899411184535,3.91554755482135
2024-02-07,"STOK",10.417625,6.5965336603265,3.82109133967349
2024-02-07,"BEX",5.573875,8.2404763276087,-2.6666013276087
2024-02-07,"SEND",5.403875,7.96884675142103,-2.56497175142103
2024-02-07,"HUL2",10.195625,6.17090898711102,4.02471601288898
2024-02-07,"PEMB",5.71145833333333,6.94491129707825,-1.23345296374492
2024-02-07,"WFEN",6.775875,6.12921826725886,0.646656732741143
2024-02-07,"OSY",5.80383333333333,7.80988747998549,-2.00605414665216
2024-02-07,"ACTH",2.07941666666667,3.39699786694428,-1.31758120027761
2024-02-07,"COPP",10.8334583333333,5.79386328619439,5.03959504713891
2024-02-08,"EB",9.45658333333333,6.31956710292239,3.13701623041094
2024-02-08,"IMGM",5.892375,8.11391263522664,-2.22153763522664
2024-02-08,"PRES",5.20633333333333,7.54446001546794,-2.33812668213461
2024-02-08,"BIRR",7.11679166666667,8.93271640934233,-1.81592474267566
2024-02-08,"BLC2",6.35820833333333,8.08409526737325,-1.72588693403992
2024-02-08,"BOTR",6.3915,8.51273795432424,-2.12123795432424
2024-02-08,"GHSR",3.46691666666667,6.0117520826659,-2.54483541599923
2024-02-08,"LEAM",6.03775,7.43080831537856,-1.39305831537856
2024-02-08,"NPT3",4.52633333333333,7.47327361551207,-2.94694028217874
2024-02-08,"REA1",5.30654166666667,6.92940791706266,-1.62286625039599
2024-02-08,"SOUT",5.54741666666667,6.50374403857143,-0.956327371904759
2024-02-08,"WREX",8.25870833333333,7.65529361447656,0.603414718856769
2024-02-08,"LEAR",5.78325,7.21258596955458,-1.42933596955458
2024-02-08,"PLYM",10.8697083333333,6.49035426752554,4.37935406580776
2024-02-08,"SHDG",8.957375,8.32882987783428,0.628545122165718
2024-02-08,"SHE",8.49054166666667,8.38958069916798,0.100960967498693
2024-02-08,"BEL2",5.66345833333333,9.15021496374349,-3.48675663041016
2024-02-08,"GLKP",3.40020833333333,5.42585712216037,-2.02564878882704
2024-02-08,"LECU",5.48952173913043,7.71912358171261,-2.22960184258218
2024-02-08,"SUN2",4.52741666666667,6.26869219518788,-1.74127552852121
2024-02-08,"TRAN",6.66079166666667,8.30103814317232,-1.64024647650565
2024-02-08,"STOK",4.99504166666667,8.61649835385151,-3.62145668718484
2024-02-08,"BEX",7.02833333333333,6.95002336371079,0.0783099696225387
2024-02-08,"SEND",7.48925,6.69038733524845,0.798862664751546
2024-02-08,"HUL2",7.32716666666667,9.00025687545995,-1.67309020879328
2024-02-08,"PEMB",3.9525,6.00863734961976,-2.05613734961976
2024-02-08,"WFEN",6.2235,6.90810549009054,-0.684605490090542
2024-02-08,"OSY",7.33695833333333,6.77829144614892,0.558666887184411
2024-02-08,"ACTH",1.5675,3.84258709955823,-2.27508709955823
2024-02-08,"COPP",5.21916666666667,8.72688478939105,-3.50771812272438
2024-02-09,"EB",6.66475,7.24770245590808,-0.582952455908077
2024-02-09,"IMGM",6.10941666666667,6.12671578625173,-0.0172991195850569
2024-02-09,"PRES",2.749625,5.66690503331686,-2.91728003331686
2024-02-09,"BIRR",5.31933333333333,6.92393718743182,-1.60460385409849
2024-02-09,"BLC2",3.38441666666667,6.49331052649561,-3.10889385982894
2024-02-09,"BOTR",4.81525,6.23800337950895,-1.42275337950895
2024-02-09,"GHSR",1.54126086956522,4.54551307326153,-3.00425220369631
2024-02-09,"LEAM",3.06995833333333,5.91933119604015,-2.84937286270682
2024-02-09,"NPT3",4.12541666666667,5.43043296380181,-1.30501629713514
2024-02-09,"REA1",4.97654166666667,5.60099705561186,-0.624455388945189
2024-02-09,"SOUT",8.013,5.9044515791098,2.1085484208902
2024-02-09,"WREX",5.34295833333333,6.52537942190856,-1.18242108857523
2024-02-09,"LEAR",2.65133333333333,5.72435071048894,-3.07301737715561
2024-02-09,"PLYM",9.664875,8.44461361502209,1.22026138497791
2024-02-09,"SHDG",9.829125,7.50490293244995,2.32422206755005
2024-02-09,"SHE",7.69458333333333,7.25931021596575,0.435273117367583
2024-02-09,"BEL2",4.856625,6.1236569930566,-1.2670319930566
2024-02-09,"GLKP",1.62945454545455,4.33862956602608,-2.70917502057153
2024-02-09,"LECU",3.130875,5.79227784172658,-2.66140284172658
2024-02-09,"SUN2",5.43929166666667,5.50378679715557,-0.0644951304888997
2024-02-09,"TRAN",4.49883333333333,6.17815033781502,-1.67931700448169
2024-02-09,"STOK",3.907375,5.77678375449073,-1.86940875449073
2024-02-09,"BEX",5.52279166666667,6.78600532268776,-1.26321365602109
2024-02-09,"SEND",5.24966666666667,6.75965998911757,-1.5099933224509
2024-02-09,"HUL2",8.75304166666667,7.07785119688602,1.67519046978065
2024-02-09,"PEMB",2.11879166666667,4.64069512089656,-2.52190345422989
2024-02-09,"WFEN",4.21583333333333,5.92174813344627,-1.70591480011294
2024-02-09,"OSY",6.44866666666667,6.63390999485926,-0.185243328192587
2024-02-09,"ACTH",0.929583333333333,2.88419612889807,-1.95461279556474
2024-02-09,"COPP",3.400125,5.78150033495735,-2.38137533495735
2024-02-10,"EB",4.66104166666667,5.7351834171904,-1.07414175052373
2024-02-10,"IMGM",9.793625,5.83280205288897,3.96082294711103
2024-02-10,"PRES",8.01695833333333,4.38055821273855,3.63640012059478
2024-02-10,"BIRR",7.21695833333333,5.88540437922141,1.33155395411192
2024-02-10,"BLC2",8.90633333333333,5.00566351818243,3.9006698151509
2024-02-10,"BOTR",9.02616666666667,5.29174412671707,3.7344225399496
2024-02-10,"GHSR",2.87645833333333,3.44041071036468,-0.563952377031354
2024-02-10,"LEAM",5.95129166666667,4.42911013931189,1.52218152735478
2024-02-10,"NPT3",6.79245833333333,4.91431947161889,1.87813886171444
2024-02-10,"REA1",5.59166666666667,5.08324166828218,0.508424998384495
2024-02-10,"SOUT",7.056875,6.3969564915203,0.659918508479705
2024-02-10,"WREX",8.03858333333333,5.03788530241744,3.00069803091589
2024-02-10,"LEAR",6.022,4.17226355798191,1.84973644201809
2024-02-10,"PLYM",10.1366666666667,7.48160901976705,2.65505764689965
2024-02-10,"SHDG",22.7683333333333,7.40889896619574,15.3594343671376
2024-02-10,"SHE",12.5285416666667,6.55698946411192,5.97155220255478
2024-02-10,"BEL2",12.0106666666667,5.49102812709354,6.51963853957316
2024-02-10,"GLKP",2.83420833333333,3.27629978859152,-0.442091455258187
2024-02-10,"LECU",6.062375,4.54313853086669,1.51923646913331
2024-02-10,"SUN2",5.920875,5.42247732312237,0.498397676877626
2024-02-10,"TRAN",8.85225,5.00886095517155,3.84338904482845
2024-02-10,"STOK",7.22879166666667,5.03343124232452,2.19536042434215
2024-02-10,"BEX",4.49675,5.7888076507087,-1.2920576507087
2024-02-10,"SEND",4.227625,5.4814192712415,-1.2537942712415
2024-02-10,"HUL2",11.2098333333333,7.22897386969202,3.98085946364128
2024-02-10,"PEMB",7.60025,3.56818463823356,4.03206536176644
2024-02-10,"WFEN",3.46395833333333,4.76741307603952,-1.30345474270619
2024-02-10,"OSY",4.73566666666667,5.86426719002839,-1.12860052336172
2024-02-10,"ACTH",1.23616666666667,2.23676308435278,-1.00059641768611
2024-02-10,"COPP",7.16591666666667,4.76993801728542,2.39597864938125
2024-02-11,"EB",5.19366666666667,6.52265003210746,-1.32898336544079
2024-02-11,"IMGM",4.537125,8.68428364055514,-4.14715864055514
2024-02-11,"PRES",10.9365,7.85707884106734,3.07942115893266
2024-02-11,"BIRR",11.0909583333333,8.10397446780063,2.98698386553266
2024-02-11,"BLC2",10.9522916666667,8.58395148162855,2.36834018503814
2024-02-11,"BOTR",13.2754166666667,8.36419036995109,4.91122629671561
2024-02-11,"GHSR",7.28775,5.45245055357744,1.83529944642256
2024-02-11,"LEAM",9.422125,7.02899059708242,2.39313440291758
2024-02-11,"NPT3",6.97229166666667,7.39784478428987,-0.425553117623198
2024-02-11,"REA1",8.58595833333333,6.80552237086109,1.78043596247224
2024-02-11,"SOUT",7.22575,7.49684345404488,-0.271093454044877
2024-02-11,"WREX",7.96283333333333,7.56821251313882,0.39462082019451
2024-02-11,"LEAR",9.77595833333333,6.95580252459416,2.82015580873917
2024-02-11,"PLYM",6.1105,9.16338255839487,-3.05288255839487
2024-02-11,"SHDG",7.70541666666667,13.6798780597504,-5.97446139308376
2024-02-11,"SHE",7.16108333333333,9.84903341842311,-2.68795008508978
2024-02-11,"BEL2",11.9939583333333,9.64280635633782,2.35115197699548
2024-02-11,"GLKP",6.72954166666667,5.23778050522658,1.49176116144009
2024-02-11,"LECU",7.34170833333333,7.15283416956978,0.188874163763554
2024-02-11,"SUN2",4.587375,7.07739941949052,-2.49002441949052
2024-02-11,"TRAN",11.7709583333333,8.14253645045236,3.62842188288094
2024-02-11,"STOK",12.1737916666667,7.76928751695458,4.40450414971212
2024-02-11,"BEX",7.38591666666667,6.9199724575617,0.465944209104975
2024-02-11,"SEND",6.63233333333333,6.62463576953182,0.0076975638015071
2024-02-11,"HUL2",4.57041666666667,9.60829816196522,-5.03788149529855
2024-02-11,"PEMB",5.03833333333333,7.11506657379229,-2.07673324045895
2024-02-11,"WFEN",5.04520833333333,6.00738534155164,-0.962177008218307
2024-02-11,"OSY",4.8035,6.73202984920565,-1.92852984920565
2024-02-11,"ACTH",3.65079166666667,3.8491646501249,-0.198372983458228
2024-02-11,"COPP",10.5504166666667,7.68096401847926,2.86945264818744
2024-02-12,"EB",3.429625,6.56599205465686,-3.13636705465686
2024-02-12,"IMGM",3.92691666666667,6.50088553423733,-2.57396886757066
2024-02-12,"PRES",4.539125,8.6800617279644,-4.1409367279644
2024-02-12,"BIRR",4.37208333333333,9.32910030958408,-4.95701697625075
2024-02-12,"BLC2",7.051,9.07961087954325,-2.02861087954325
2024-02-12,"BOTR",4.19916666666667,9.69503433394735,-5.49586766728068
2024-02-12,"GHSR",3.733375,6.88473848690315,-3.15136348690315
2024-02-12,"LEAM",3.79025,8.09058073247992,-4.30033073247992
2024-02-12,"NPT3",4.270875,7.24322379172885,-2.97234879172885
2024-02-12,"REA1",4.42020833333333,7.72318842869002,-3.30298009535669
2024-02-12,"SOUT",4.24433333333333,7.39033366334523,-3.1460003300119
2024-02-12,"WREX",3.48675,7.31848776783865,-3.83173776783865
2024-02-12,"LEAR",3.40704166666667,8.11524278639579,-4.70820111972912
2024-02-12,"PLYM",5.120875,7.48207262983578,-2.36119762983578
2024-02-12,"SHDG",3.57608333333333,7.72999246673566,-4.15390913340233
2024-02-12,"SHE",3.82566666666667,7.60797024150527,-3.7823035748386
2024-02-12,"BEL2",4.76120833333333,9.35075796355703,-4.5895496302237
2024-02-12,"GLKP",3.299875,6.48078711258623,-3.18091211258623
2024-02-12,"LECU",3.71854166666667,7.40176364986557,-3.6832219831989
2024-02-12,"SUN2",2.94908333333333,6.39356618589309,-3.44448285255976
2024-02-12,"TRAN",3.49941666666667,8.97837038722266,-5.47895372055599
2024-02-12,"STOK",3.27916666666667,9.37071111094826,-6.09154444428159
2024-02-12,"BEX",4.72875,7.82232201448346,-3.09357201448346
2024-02-12,"SEND",4.35445833333333,7.34743867141386,-2.99298033808053
2024-02-12,"HUL2",5.78220833333333,6.93021128208167,-1.14800294874834
2024-02-12,"PEMB",3.602625,5.9041170595463,-2.3014920595463
2024-02-12,"WFEN",3.80320833333333,6.42121139223527,-2.61800305890194
2024-02-12,"OSY",4.39170833333333,6.5989831946379,-2.20727486130457
2024-02-12,"ACTH",1.81808333333333,4.55651029995244,-2.73842696661911
2024-02-12,"COPP",2.79966666666667,8.69783253016942,-5.89816586350275
2024-02-13,"EB",4.92533333333333,3.88059597233802,1.04473736099531
2024-02-13,"IMGM",4.74154166666667,4.32633770931985,0.415203957346816
2024-02-13,"PRES",5.99945833333333,4.24367197228126,1.75578636105207
2024-02-13,"BIRR",4.281625,4.75985306376872,-0.478228063768719
2024-02-13,"BLC2",7.928375,5.58058482701701,2.34779017298299
2024-02-13,"BOTR",5.92070833333333,4.24698970391083,1.6737186294225
2024-02-13,"GHSR",6.93891666666667,3.48018385214693,3.45873281451974
2024-02-13,"LEAM",2.77616666666667,3.92986613874103,-1.15369947207436
2024-02-13,"NPT3",4.08520833333333,4.21561556868684,-0.130407235353514
2024-02-13,"REA1",3.62033333333333,4.11252669511736,-0.492193361784033
2024-02-13,"SOUT",5.503125,4.25914482523624,1.24398017476376
2024-02-13,"WREX",4.999,3.63705586706612,1.36194413293388
2024-02-13,"LEAR",2.63566666666667,3.67738163363704,-1.04171496697037
2024-02-13,"PLYM",10.0540833333333,5.14923710170685,4.90484623162645
2024-02-13,"SHDG",5.78045833333333,4.39283475012515,1.38762358320818
2024-02-13,"SHE",6.70308333333333,4.42534595221433,2.277737381119
2024-02-13,"BEL2",8.529,4.64714657730759,3.88185342269241
2024-02-13,"GLKP",6.34525,3.12986566471018,3.21538433528982
2024-02-13,"LECU",3.415875,4.01682022093356,-0.600945220933557
2024-02-13,"SUN2",7.6965,3.78163072843858,3.91486927156142
2024-02-13,"TRAN",6.50358333333333,3.84762453820696,2.65595879512637
2024-02-13,"STOK",5.07579166666667,3.97993917109772,1.09585249556895
2024-02-13,"BEX",3.54954166666667,4.77209555796086,-1.22255389129419
2024-02-13,"SEND",3.37358333333333,4.44471349996243,-1.0711301666291
2024-02-13,"HUL2",6.129125,5.45061718131683,0.678507818683165
2024-02-13,"PEMB",2.35558333333333,3.38492596211284,-1.02934262877951
2024-02-13,"WFEN",2.69066666666667,3.91412927291109,-1.22346260624442
2024-02-13,"OSY",4.10979166666667,4.42128074029812,-0.311489073631455
2024-02-13,"ACTH",3.218375,1.81857405367857,1.39980094632143
2024-02-13,"COPP",5.23321739130435,3.75332994051468,1.47988745078967
2024-02-14,"EB",4.99991666666667,5.68157771007107,-0.681661043404403
2024-02-14,"IMGM",4.76425,5.85836750860131,-1.09411750860131
2024-02-14,"PRES",7.19533333333333,6.09826440715069,1.09706892618264
2024-02-14,"BIRR",3.62428571428571,6.04451539174369,-2.42022967745798
2024-02-14,"BLC2",9.65016666666667,7.18325256631203,2.46691410035464
2024-02-14,"BOTR",2.948125,6.23693236796801,-3.28880736796801
2024-02-14,"GHSR",7.78108333333333,5.94042873221053,1.8406546011228
2024-02-14,"LEAM",2.70541666666667,4.85667857571497,-2.1512619090483
2024-02-14,"NPT3",3.36091666666667,5.40715500946166,-2.04623834279499
2024-02-14,"REA1",2.78804166666667,5.09759087186011,-2.30954920519344
2024-02-14,"SOUT",4.541125,5.98987967946102,-1.44875467946102
2024-02-14,"WREX",2.639625,5.48321780330294,-2.84359280330294
2024-02-14,"LEAR",2.51775,4.70472904017712,-2.18697904017712
2024-02-14,"PLYM",8.87,8.21264195505652,0.657358044943482
2024-02-14,"SHDG",3.67341666666667,6.49043209267058,-2.81701542600391
2024-02-14,"SHE",4.45470833333333,6.7608695305356,-2.30616119720227
2024-02-14,"BEL2",10.8460833333333,7.36866805071463,3.47741528261867
2024-02-14,"GLKP",7.48233333333333,5.52897398807869,1.95335934525464
2024-02-14,"LECU",2.67104166666667,5.17828441696472,-2.50724275029805
2024-02-14,"SUN2",9.145125,6.7855411964571,2.3595838035429
2024-02-14,"TRAN",4.72970833333333,6.30118520386143,-1.5714768705281
2024-02-14,"STOK",3.58491666666667,5.99508450340918,-2.41016783674251
2024-02-14,"BEX",2.873375,5.5948962901749,-2.7215212901749
2024-02-14,"SEND",3.01795833333333,5.33553405540819,-2.31757572207486
2024-02-14,"HUL2",8.49754166666667,6.78312810853446,1.71441355813221
2024-02-14,"PEMB",0.546608695652174,4.16500663846119,-3.61839794280901
2024-02-14,"WFEN",2.610125,4.74125216264535,-2.13112716264535
2024-02-14,"OSY",3.38045833333333,5.54419101874915,-2.16373268541582
2024-02-14,"ACTH",3.11820833333333,3.58519321354055,-0.466984880207225
2024-02-14,"COPP",2.89804166666667,5.98798158906508,-3.08993992239841
2024-02-15,"EB",6.413125,5.27538344554879,1.13774155445121
2024-02-15,"IMGM",4.714,5.44276100079256,-0.728761000792561
2024-02-15,"PRES",4.08016666666667,6.10801170562828,-2.02784503896161
2024-02-15,"BIRR",6.19025,5.38998770906604,0.800262290933955
2024-02-15,"BLC2",4.27875,7.39624321340461,-3.11749321340461
2024-02-15,"BOTR",5.86379166666667,4.69852833025061,1.16526333641606
2024-02-15,"GHSR",5.091375,5.79399925955357,-0.702624259553567
2024-02-15,"LEAM",4.34945833333333,4.43277847653566,-0.0833201432023278
2024-02-15,"NPT3",6.24029166666667,4.7291927873451,1.51109887932157
2024-02-15,"REA1",5.09641666666667,4.38845945736549,0.707957209301185
2024-02-15,"SOUT",6.93404166666667,5.20304862754215,1.73099303912452
2024-02-15,"WREX",3.02083333333333,4.17501762763421,-1.15418429430088
2024-02-15,"LEAR",4.15691666666667,4.25985911983904,-0.102942453172369
2024-02-15,"PLYM",7.85970833333333,7.29062112285839,0.56908721047494
2024-02-15,"SHDG",5.318375,5.26575384021439,0.0526211597856143
2024-02-15,"SHE",6.978125,5.47413672719909,1.50398827280091
2024-02-15,"BEL2",5.68190909090909,7.76059078824367,-2.07868169733458
2024-02-15,"GLKP",4.29233333333333,5.49411575740977,-1.20178242407644
2024-02-15,"LECU",4.38691666666667,4.49439634672071,-0.107479680054038
2024-02-15,"SUN2",4.49870833333333,6.84159910822171,-2.34289077488838
2024-02-15,"TRAN",3.43658333333333,5.1884268362269,-1.75184350289357
2024-02-15,"STOK",5.58866666666667,5.00456382733206,0.584102839334612
2024-02-15,"BEX",5.16116666666667,4.94907044933713,0.212096217329544
2024-02-15,"SEND",4.67470833333333,4.8056112106142,-0.130902877280868
2024-02-15,"HUL2",5.65454166666667,7.24332789009541,-1.58878622342874
2024-02-15,"PEMB",3.872875,3.10045864104146,0.772416358958544
2024-02-15,"WFEN",4.34645833333333,4.31514204148162,0.031316291851712
2024-02-15,"OSY",4.60508333333333,4.86574682409944,-0.26066349076611
2024-02-15,"ACTH",0.899260869565217,3.11562900456228,-2.21636813499706
2024-02-15,"COPP",4.21379166666667,4.67548098662955,-0.461689319962882
2024-02-16,"EB",4.607875,5.97033691800263,-1.36246191800263
2024-02-16,"IMGM",4.256125,5.5962584481899,-1.3401334481899
2024-02-16,"PRES",4.413375,5.10908213274555,-0.695707132745547
2024-02-16,"BIRR",3.70870833333333,6.52256990817123,-2.8138615748379
2024-02-16,"BLC2",5.47858333333333,5.55381299348285,-0.0752296601495237
2024-02-16,"BOTR",3.27641666666667,5.99401125492658,-2.71759458825991
2024-02-16,"GHSR",4.68066666666667,4.95779274575633,-0.277126079089657
2024-02-16,"LEAM",2.99433333333333,5.21534709019683,-2.2210137568635
2024-02-16,"NPT3",6.47216666666667,5.97885594389558,0.493310722771088
2024-02-16,"REA1",4.5145,5.42812548935888,-0.913625489358878
2024-02-16,"SOUT",5.02445833333333,6.27590458045373,-1.2514462471204
2024-02-16,"WREX",2.59227272727273,4.52266835754175,-1.93039563026902
2024-02-16,"LEAR",2.90979166666667,5.04130074250458,-2.13150907583791
2024-02-16,"PLYM",7.334,7.10580559321356,0.228194406786443
2024-02-16,"SHDG",3.5565,6.07798332596645,-2.52148332596645
2024-02-16,"SHE",3.25279166666667,6.61386513666569,-3.36107346999902
2024-02-16,"BEL2",8.31766666666667,5.98637090203217,2.3312957646345
2024-02-16,"GLKP",3.6675,4.46830742114701,-0.800807421147006
2024-02-16,"LECU",2.59241666666667,5.31328515577601,-2.72086848910934
2024-02-16,"SUN2",3.62025,5.27171068488408,-1.65146068488408
2024-02-16,"TRAN",3.67641666666667,4.9073157745322,-1.23089910786553
2024-02-16,"STOK",3.397125,5.94085119316224,-2.54372619316224
2024-02-16,"BEX",5.566,5.97886237670469,-0.412862376704688
2024-02-16,"SEND",4.92541666666667,5.5969902009697,-0.671573534303027
2024-02-16,"HUL2",4.13529166666667,6.32835069560373,-2.19305902893706
2024-02-16,"PEMB",5.38520833333333,4.53131120155766,0.853897131775674
2024-02-16,"WFEN",3.320625,5.13204518635704,-1.81142018635704
2024-02-16,"OSY",3.88658333333333,5.50240711184614,-1.61582377851281
2024-02-16,"ACTH",2.35954166666667,2.46740569234234,-0.107864025675666
2024-02-16,"COPP",2.901,5.36902563633128,-2.46802563633128
2024-02-17,"EB",4.83795833333333,4.89549732585707,-0.0575389925237415
2024-02-17,"IMGM",3.79629166666667,5.04168646328827,-1.2453947966216
2024-02-17,"PRES",3.765625,4.89173479596512,-1.12610979596512
2024-02-17,"BIRR",4.764125,5.1805691763995,-0.416444176399504
2024-02-17,"BLC2",5.19654166666667,5.6900337979721,-0.49349213130543
2024-02-17,"BOTR",4.41341666666667,4.60776439212398,-0.194347725457311
2024-02-17,"GHSR",3.40304166666667,4.4587021957516,-1.05566052908494
2024-02-17,"LEAM",3.29408333333333,4.30395240374507,-1.00986907041174
2024-02-17,"NPT3",4.01925,5.63764775075429,-1.61839775075429
2024-02-17,"REA1",3.33733333333333,4.79363413333423,-1.4563008000009
2024-02-17,"SOUT",5.07366666666667,5.14830292999575,-0.0746362633290767
2024-02-17,"WREX",3.34320833333333,3.97274447445777,-0.629536141124437
2024-02-17,"LEAR",3.10829166666667,4.1699896386976,-1.06169797203093
2024-02-17,"PLYM",5.7745,6.53992570864515,-0.765425708645146
2024-02-17,"SHDG",4.18045833333333,5.01587687805539,-0.835418544722057
2024-02-17,"SHE",3.94566666666667,4.8116593226174,-0.865992655950734
2024-02-17,"BEL2",7.67583333333333,6.65160931938441,1.02422401394892
2024-02-17,"GLKP",3.293125,3.89708864512547,-0.603963645125466
2024-02-17,"LECU",3.29016666666667,4.2380701778184,-0.947903511151731
2024-02-17,"SUN2",6.01125,4.62749672465712,1.38375327534288
2024-02-17,"TRAN",3.51704166666667,4.62913733711492,-1.11209567044825
2024-02-17,"STOK",4.99804166666667,4.71438932596019,0.283652340706475
2024-02-17,"BEX",4.26895833333333,5.7102526710243,-1.44129433769097
2024-02-17,"SEND",4.375,5.28036464155445,-0.905364641554447
2024-02-17,"HUL2",5.50520833333333,5.42075906023092,0.0844492731024094
2024-02-17,"PEMB",0.432458333333333,4.65807060073439,-4.22561226740105
2024-02-17,"WFEN",3.44254166666667,4.34132225101079,-0.89878058434412
2024-02-17,"OSY",12.0784166666667,4.8329176902182,7.2454989764485
2024-02-17,"ACTH",1.22158333333333,2.65472733105942,-1.43314399772609
2024-02-17,"COPP",3.81883333333333,4.47804239188009,-0.659209058546761
2024-02-18,"EB",3.83341666666667,5.17830431023278,-1.34488764356611
2024-02-18,"IMGM",4.608,5.04948193753541,-0.441481937535406
2024-02-18,"PRES",6.12804166666667,4.81851713734689,1.30952452931978
2024-02-18,"BIRR",4.81420833333333,5.77889562002242,-0.96468728668909
2024-02-18,"BLC2",7.69754166666667,5.73983017086422,1.95771149580245
2024-02-18,"BOTR",5.26045833333333,5.23784092678868,0.0226174065446516
2024-02-18,"GHSR",9.12745833333333,4.16283133898751,4.96462699434582
2024-02-18,"LEAM",4.055625,4.60608898987996,-0.550463989879956
2024-02-18,"NPT3",5.35466666666667,4.89708523992866,0.45758142673801
2024-02-18,"REA1",3.02079166666667,4.53744780451384,-1.51665613784717
2024-02-18,"SOUT",2.90495833333333,5.36559908634313,-2.4606407530098
2024-02-18,"WREX",4.81825,4.4287008479899,0.389549152010097
2024-02-18,"LEAR",3.47870833333333,4.43305854705677,-0.954350213723443
2024-02-18,"PLYM",5.56604166666667,6.14127769111723,-0.575236024450558
2024-02-18,"SHDG",4.37016666666667,5.44398773891645,-1.07382107224978
2024-02-18,"SHE",3.87879166666667,5.29357591709962,-1.41478425043295
2024-02-18,"BEL2",8.69895833333333,6.54742856694702,2.15152976638631
2024-02-18,"GLKP",8.57220833333333,3.93895003542478,4.63325829790855
2024-02-18,"LECU",4.198125,4.69399020997971,-0.495865209979713
2024-02-18,"SUN2",4.18633333333333,5.69756585963172,-1.51123252629839
2024-02-18,"TRAN",6.40625,4.73820437711295,1.66804562288705
2024-02-18,"STOK",6.55858333333333,5.51064460959746,1.04793872373587
2024-02-18,"BEX",2.81445833333333,5.39544478942772,-2.58098645609439
2024-02-18,"SEND",3.0985,5.24439637486046,-2.14589637486046
2024-02-18,"HUL2",5.08045833333333,6.12174960236999,-1.04129126903666
2024-02-18,"PEMB",2.88620833333333,2.97289630236137,-0.0866879690280355
2024-02-18,"WFEN",2.76433333333333,4.57283101631108,-1.80849768297775
2024-02-18,"OSY",14.540125,8.04985929533191,6.49026570466809
2024-02-18,"ACTH",4.867375,2.38366117491267,2.48371382508733
2024-02-18,"COPP",5.02075,5.00856576637772,0.0121842336222802
2024-02-19,"EB",6.40145833333333,5.26047876739997,1.14097956593336
2024-02-19,"IMGM",7.6985,5.81450103520612,1.88399896479388
2024-02-19,"PRES",9.985375,6.16077073023428,3.82460426976572
2024-02-19,"BIRR",8.27141666666667,6.23991838893138,2.03149827773529
2024-02-19,"BLC2",13.0798333333333,7.1281621427544,5.9516711905789
2024-02-19,"BOTR",7.89708333333333,5.99295748038679,1.90412585294654
2024-02-19,"GHSR",10.6762083333333,6.75975659739846,3.91645173593484
2024-02-19,"LEAM",7.94633333333333,5.3415841255389,2.60474920779443
2024-02-19,"NPT3",10.003,5.8848343779965,4.1181656220035
2024-02-19,"REA1",6.77970833333333,4.8947858180809,1.88492251525243
2024-02-19,"SOUT",7.49316666666667,5.01906089369126,2.47410577297541
2024-02-19,"WREX",7.67,5.42204690230339,2.24795309769661
2024-02-19,"LEAR",7.68383333333333,5.02510202728891,2.65873130604442
2024-02-19,"PLYM",11.2049166666667,6.54416531203868,4.66075135462802
2024-02-19,"SHDG",8.41983333333333,5.96295349080915,2.45687984252418
2024-02-19,"SHE",8.84433333333333,5.7164866486337,3.12784668469963
2024-02-19,"BEL2",11.6245,7.39339701696815,4.23110298303185
2024-02-19,"GLKP",10.2545,6.35787562397493,3.89662437602507
2024-02-19,"LECU",7.44891666666667,5.47800095147003,1.97091571519664
2024-02-19,"SUN2",7.769375,5.444680274439,2.324694725561
2024-02-19,"TRAN",10.0669166666667,6.26859901018958,3.79831765647712
2024-02-19,"STOK",9.25316666666667,6.5234287630033,2.72973790366337
2024-02-19,"BEX",7.36241666666667,5.33290183201741,2.02951483464926
2024-02-19,"SEND",6.6815,5.23705049942028,1.44444950057972
2024-02-19,"HUL2",9.087125,6.40232072950875,2.68480427049125
2024-02-19,"PEMB",10.057,4.41097752667743,5.64602247332257
2024-02-19,"WFEN",6.35125,4.7774676462349,1.5737823537651
2024-02-19,"OSY",6.25691666666667,9.30161573648757,-3.0446990698209
2024-02-19,"ACTH",6.94530434782609,4.20845658310663,2.73684776471946
2024-02-19,"COPP",8.487625,5.89831734446968,2.58930765553032
2024-02-20,"EB",7.42533333333333,7.73017226945372,-0.304838936120388
2024-02-20,"IMGM",6.0515,8.45160958092912,-2.40010958092912
2024-02-20,"PRES",6.40033333333333,9.05965749177231,-2.65932415843898
2024-02-20,"BIRR",7.55691666666667,9.02385718283952,-1.46694051617285
2024-02-20,"BLC2",9.39275,10.5900417870236,-1.19729178702363
2024-02-20,"BOTR",6.156625,8.4613991428993,-2.3047741428993
2024-02-20,"GHSR",7.598375,8.7549157865142,-1.1565407865142
2024-02-20,"LEAM",6.40333333333333,8.27588767527309,-1.87255434193976
2024-02-20,"NPT3",6.463125,9.09157026190169,-2.62844526190169
2024-02-20,"REA1",6.74729166666667,7.79578499121499,-1.04849332454832
2024-02-20,"SOUT",7.24941666666667,8.25397788782442,-1.00456122115775
2024-02-20,"WREX",4.15395833333333,7.96114836966866,-3.80719003633533
2024-02-20,"LEAR",6.0565,8.08152710526961,-2.02502710526961
2024-02-20,"PLYM",7.80458333333333,10.1401220290539,-2.33553869572061
2024-02-20,"SHDG",5.57595833333333,8.96438422068484,-3.38842588735151
2024-02-20,"SHE",5.92670833333333,9.06093848818172,-3.13423015484839
2024-02-20,"BEL2",8.08870833333333,9.96634517813021,-1.87763684479688
2024-02-20,"GLKP",6.92416666666667,8.40892374648354,-1.48475707981687
2024-02-20,"LECU",6.1645,8.1731107119161,-2.0086107119161
2024-02-20,"SUN2",4.78866666666667,8.30223836186379,-3.51357169519712
2024-02-20,"TRAN",5.10041666666667,9.08703643869961,-3.98661977203294
2024-02-20,"STOK",5.31045833333333,9.00306973066475,-3.69261139733142
2024-02-20,"BEX",7.59041666666667,8.54262230271796,-0.952205636051291
2024-02-20,"SEND",7.326125,8.08669631254536,-0.760571312545362
2024-02-20,"HUL2",7.74458333333333,9.39666799722637,-1.65208466389304
2024-02-20,"PEMB",3.38354166666667,8.53616661958883,-5.15262495292216
2024-02-20,"WFEN",5.79891666666667,7.61994955806091,-1.82103289139424
2024-02-20,"OSY",7.254375,7.70107111194233,-0.446696111942328
2024-02-20,"ACTH",4.415375,6.42960453576404,-2.01422953576404
2024-02-20,"COPP",4.53129166666667,8.66925194573736,-4.13796027907069
2024-02-21,"EB",6.48775,6.41974029687728,0.0680097031227245
2024-02-21,"IMGM",3.15258333333333,6.14411055423903,-2.9915272209057
2024-02-21,"PRES",3.45295833333333,6.0230831555385,-2.57012482220517
2024-02-21,"BIRR",3.42670833333333,7.05656374630427,-3.62985541297094
2024-02-21,"BLC2",5.13717391304348,7.49370320281367,-2.35652928977019
2024-02-21,"BOTR",2.93133333333333,6.12580983475653,-3.1944765014232
2024-02-21,"GHSR",5.58575,5.93950132569265,-0.353751325692654
2024-02-21,"LEAM",3.354875,5.99539758680857,-2.64052258680857
2024-02-21,"NPT3",6.85045833333333,6.06034004234756,0.790118290985768
2024-02-21,"REA1",3.88266666666667,6.07685515077874,-2.19418848411207
2024-02-21,"SOUT",5.6565,6.44480899796656,-0.788308997966561
2024-02-21,"WREX",2.919625,4.96461787554086,-2.04499287554086
2024-02-21,"LEAR",3.22045833333333,5.76526460444937,-2.54480627111604
2024-02-21,"PLYM",11.0781666666667,7.14632805909201,3.93183860757469
2024-02-21,"SHDG",3.23895833333333,6.19963844719129,-2.96068011385796
2024-02-21,"SHE",5.06395833333333,6.25568076522001,-1.19172243188668
2024-02-21,"BEL2",4.57941666666667,6.96143487014655,-2.38201820347988
2024-02-21,"GLKP",5.222125,5.49803655985531,-0.275911559855309
2024-02-21,"LECU",2.912625,5.99763865452756,-3.08501365452756
2024-02-21,"SUN2",3.68716666666667,5.49351570762574,-1.80634904095907
2024-02-21,"TRAN",3.09458333333333,5.54147151529761,-2.44688818196428
2024-02-21,"STOK",2.95995833333333,5.85072475870565,-2.89076642537232
2024-02-21,"BEX",3.51795833333333,6.90881367867256,-3.39085534533923
2024-02-21,"SEND",3.58395833333333,6.62113964326623,-3.0371813099329
2024-02-21,"HUL2",3.99175,7.18877685812584,-3.19702685812584
2024-02-21,"PEMB",5.93554166666667,4.30763986323263,1.62790180343404
2024-02-21,"WFEN",3.347125,5.71087023523078,-2.36374523523078
2024-02-21,"OSY",4.83,6.53710273280403,-1.70710273280403
2024-02-21,"ACTH",3.29320833333333,3.80956555360674,-0.516357220273413
2024-02-21,"COPP",2.490125,5.50073849988766,-3.01061349988766
2024-02-22,"EB",3.90633333333333,5.3739614904853,-1.46762815715197
2024-02-22,"IMGM",3.52104166666667,4.41012773304019,-0.889086066373521
2024-02-22,"PRES",3.35691666666667,4.29905331472109,-0.942136648054424
2024-02-22,"BIRR",4.29533333333333,4.8529669813591,-0.557633648025766
2024-02-22,"BLC2",4.665875,5.28646163066884,-0.620586630668837
2024-02-22,"BOTR",3.92404166666667,4.27225267009477,-0.348211003428103
2024-02-22,"GHSR",2.92158333333333,4.55448758022408,-1.63290424689075
2024-02-22,"LEAM",3.51020833333333,4.20451289729132,-0.694304563957985
2024-02-22,"NPT3",4.032,5.57115030651313,-1.53915030651313
2024-02-22,"REA1",3.18104166666667,4.33232826567825,-1.15128659901158
2024-02-22,"SOUT",4.18341666666667,5.17448587908398,-0.991069212417311
2024-02-22,"WREX",2.771125,3.87426667688892,-1.10314167688892
2024-02-22,"LEAR",3.37066666666667,4.05429342623572,-0.683626759569049
2024-02-22,"PLYM",5.57195,7.72446822830492,-2.15251822830492
2024-02-22,"SHDG",3.72645833333333,4.69107676358406,-0.964618430250726
2024-02-22,"SHE",3.95545833333333,5.2943822746603,-1.33892394132697
2024-02-22,"BEL2",3.863,5.02850893219493,-1.16550893219493
2024-02-22,"GLKP",2.31529166666667,4.23172800617842,-1.91643633951175
2024-02-22,"LECU",3.84345833333333,4.12766581785468,-0.284207484521355
2024-02-22,"SUN2",2.66016666666667,4.44467005793764,-1.78450339127097
2024-02-22,"TRAN",3.277375,4.1861695937164,-0.908794593716395
2024-02-22,"STOK",4.17409523809524,4.35298387461411,-0.17888863651887
2024-02-22,"BEX",3.12891666666667,4.71304158412205,-1.58412491745538
2024-02-22,"SEND",3.074875,4.5417396087912,-1.4668646087912
2024-02-22,"HUL2",4.06829166666667,5.13403876912173,-1.06574710245506
2024-02-22,"PEMB",3.36491666666667,4.66556834435994,-1.30065167769327
2024-02-22,"WFEN",2.82525,4.1267822085032,-1.3015322085032
2024-02-22,"OSY",3.69395238095238,4.940856450887,-1.24690406993462
2024-02-22,"ACTH",1.36595833333333,2.74657210238878,-1.38061376905545
2024-02-22,"COPP",2.95208333333333,4.11780004779249,-1.16571671445916
2024-02-23,"EB",3.871875,4.38149426766841,-0.509619267668412
2024-02-23,"IMGM",3.66841666666667,4.53881432553453,-0.870397658867858
2024-02-23,"PRES",4.19316666666667,4.25634306646613,-0.0631763997994579
2024-02-23,"BIRR",4.49683333333333,5.18469226480055,-0.687858931467221
2024-02-23,"BLC2",4.47033333333333,5.12355793631967,-0.653224602986344
2024-02-23,"BOTR",3.90920833333333,4.63691992186042,-0.727711588527093
2024-02-23,"GHSR",2.71120833333333,3.54684184145075,-0.835633508117424
2024-02-23,"LEAM",3.33225,4.25639119022237,-0.924141190222369
2024-02-23,"NPT3",4.667875,4.47178257098571,0.196092429014289
2024-02-23,"REA1",2.9845,4.06406129076581,-1.07956129076581
2024-02-23,"SOUT",3.72945833333333,4.60208622014053,-0.872627886807201
2024-02-23,"WREX",2.86745833333333,3.78745424818907,-0.919995914855737
2024-02-23,"LEAR",3.35883333333333,4.10121427639503,-0.742380943061697
2024-02-23,"PLYM",5.66641666666667,5.5877412241176,0.0786754425490681
2024-02-23,"SHDG",4.83883333333333,4.85577638856073,-0.0169430552274026
2024-02-23,"SHE",3.93479166666667,4.84654475081097,-0.911753084144297
2024-02-23,"BEL2",5.10220833333333,4.76404450222815,0.338163831105183
2024-02-23,"GLKP",2.45879166666667,3.12970345285541,-0.67091178618874
2024-02-23,"LECU",3.58008333333333,4.46979151637105,-0.889708183037723
2024-02-23,"SUN2",2.98258333333333,4.03046566263457,-1.04788232930124
2024-02-23,"TRAN",4.61875,4.23320793305856,0.38554206694144
2024-02-23,"STOK",4.60695833333333,4.78709273193858,-0.180134398605253
2024-02-23,"BEX",3.56916666666667,4.57797695735199,-1.00881029068532
2024-02-23,"SEND",3.304875,4.35744424572316,-1.05256924572316
2024-02-23,"HUL2",4.89983333333333,5.16686773140932,-0.267034398075989
2024-02-23,"PEMB",2.89795833333333,3.62685168221879,-0.72889334888546
2024-02-23,"WFEN",2.01066666666667,3.91916705969349,-1.90850039302682
2024-02-23,"OSY",2.722125,4.50529905728286,-1.78317405728286
2024-02-23,"ACTH",1.24595833333333,1.99912778756895,-0.753169454235621
2024-02-23,"COPP",3.90329166666667,4.26877682630266,-0.365485159635991
2024-02-24,"EB",5.7645,4.61933053439362,1.14516946560638
2024-02-24,"IMGM",13.8129583333333,4.80154256062816,9.01141577270514
2024-02-24,"PRES",10.800875,4.78098406443246,6.01989093556754
2024-02-24,"BIRR",9.17754166666667,5.46027143564865,3.71727023101802
2024-02-24,"BLC2",10.32325,5.27132944493088,5.05192055506912
2024-02-24,"BOTR",11.064375,4.83056210498465,6.23381289501535
2024-02-24,"GHSR",4.415375,3.72069352873736,0.694681471262635
2024-02-24,"LEAM",7.36358333333333,4.40165413422974,2.96192919910359
2024-02-24,"NPT3",7.91875,4.96138676905926,2.95736323094074
2024-02-24,"REA1",8.62225,4.21477884827685,4.40747115172315
2024-02-24,"SOUT",7.47054166666667,4.66854085583892,2.80200081082775
2024-02-24,"WREX",6.48283333333333,4.03871569388185,2.44411763945148
2024-02-24,"LEAR",7.45191666666667,4.30809938486103,3.14381728180564
2024-02-24,"PLYM",6.75216666666667,5.91545865448083,0.836708012185841
2024-02-24,"SHDG",11.0869166666667,5.47431751508656,5.61259915158014
2024-02-24,"SHE",11.2942916666667,5.06828172644478,6.22600994022192
2024-02-24,"BEL2",10.13375,5.44691226073315,4.68683773926685
2024-02-24,"GLKP",4.15191666666667,3.43815805476903,0.713758611897637
2024-02-24,"LECU",10.632,4.57224138434572,6.05975861565428
2024-02-24,"SUN2",8.28416666666667,4.37813951630692,3.90602715035975
2024-02-24,"TRAN",7.217,4.9409798557362,2.2760201442638
2024-02-24,"STOK",10.1581666666667,5.14341547119909,5.01475119546761
2024-02-24,"BEX",6.39158333333333,4.96012121320504,1.43146212012829
2024-02-24,"SEND",6.90941666666667,4.66342059268883,2.24599607397784
2024-02-24,"HUL2",13.3726666666667,5.68727923287134,7.68538743379536
2024-02-24,"PEMB",2.54020833333333,3.70429376544456,-1.16408543211123
2024-02-24,"WFEN",5.54641666666667,3.8383154130882,1.70810125357847
2024-02-24,"OSY",4.494875,4.3750330644148,0.119841935585201
2024-02-24,"ACTH",2.22775,2.19585178616916,0.0318982138308406
2024-02-24,"COPP",6.4535,4.82797440237852,1.62552559762148
2024-02-25,"EB",6.77483333333333,7.43170201250078,-0.656868679167448
2024-02-25,"IMGM",7.577625,10.6685839605673,-3.09095896056726
2024-02-25,"PRES",11.1399583333333,9.32772948206481,1.81222885126849
2024-02-25,"BIRR",10.9463333333333,9.30221429082813,1.64411904250517
2024-02-25,"BLC2",12.06075,9.55328595921386,2.50746404078614
2024-02-25,"BOTR",11.3591666666667,9.59239275878243,1.76677390788427
2024-02-25,"GHSR",7.42045833333333,6.46577534956128,0.954682983772053
2024-02-25,"LEAM",7.48825,8.00847119336033,-0.520221193360334
2024-02-25,"NPT3",7.18554166666667,8.26732979229686,-1.08178812563019
2024-02-25,"REA1",9.00554166666667,8.41703173541686,0.588509931249806
2024-02-25,"SOUT",7.750625,8.17179615777308,-0.42117115777308
2024-02-25,"WREX",8.72154166666667,7.48747293734534,1.23406872932133
2024-02-25,"LEAR",7.540375,7.93540237780577,-0.395027377805772
2024-02-25,"PLYM",3.75108333333333,8.4270310986113,-4.67594776527797
2024-02-25,"SHDG",10.59275,9.88384789793259,0.708902102067407
2024-02-25,"SHE",11.3886666666667,9.9059007144654,1.4827659522013
2024-02-25,"BEL2",11.58525,9.40389455773741,2.18135544226259
2024-02-25,"GLKP",7.23483333333333,6.17405343508819,1.06077989824514
2024-02-25,"LECU",6.47108333333333,9.29939733576749,-2.82831400243416
2024-02-25,"SUN2",13.7608333333333,8.44837190848416,5.31246142484914
2024-02-25,"TRAN",13.19,7.99497029447303,5.19502970552697
2024-02-25,"STOK",10.5445416666667,9.30454215094068,1.23999951572602
2024-02-25,"BEX",9.68954166666667,8.11013973084622,1.57940193582045
2024-02-25,"SEND",9.86541666666667,8.10623943622052,1.75917723044615
2024-02-25,"HUL2",10.4510833333333,10.9251106540829,-0.474027320749608
2024-02-25,"PEMB",4.74941666666667,5.68914181628801,-0.93972514962134
2024-02-25,"WFEN",5.25054166666667,7.27068864394961,-2.02014697728294
2024-02-25,"OSY",6.215625,7.15648903057507,-0.940864030575068
2024-02-25,"ACTH",5.63295833333333,4.67199643700361,0.96096189632972
2024-02-25,"COPP",10.5041666666667,7.869783818571,2.6343828480957
2024-02-26,"EB",3.45904166666667,7.54094858266928,-4.08190691600261
2024-02-26,"IMGM",5.90416666666667,7.97453009376855,-2.07036342710188
2024-02-26,"PRES",4.313125,9.12038766483866,-4.80726266483866
2024-02-26,"BIRR",4.19908333333333,9.6523188058777,-5.45323547254437
2024-02-26,"BLC2",7.84875,9.87491806551248,-2.02616806551248
2024-02-26,"BOTR",4.13629166666667,9.36075809324454,-5.22446642657787
2024-02-26,"GHSR",5.41670833333333,7.31677912709946,-1.90007079376613
2024-02-26,"LEAM",4.11066666666667,7.75878731524365,-3.64812064857698
2024-02-26,"NPT3",3.02870833333333,7.71104618834367,-4.68233785501034
2024-02-26,"REA1",2.863625,8.24003561234952,-5.37641061234952
2024-02-26,"SOUT",2.88625,7.9838726787999,-5.0976226787999
2024-02-26,"WREX",4.77995833333333,8.02701900019261,-3.24706066685928
2024-02-26,"LEAR",3.55058333333333,7.67141435895187,-4.12083102561854
2024-02-26,"PLYM",2.76429166666667,7.06168907018776,-4.29739740352109
2024-02-26,"SHDG",5.00891666666667,9.37297005586667,-4.3640533892
2024-02-26,"SHE",3.85308333333333,9.597070548808,-5.74398721547467
2024-02-26,"BEL2",6.57533333333333,9.63139254672222,-3.05605921338889
2024-02-26,"GLKP",3.68125,7.05405301272887,-3.37280301272887
2024-02-26,"LECU",3.66354166666667,7.41843480123387,-3.7548931345672
2024-02-26,"SUN2",4.90279166666667,10.1632828375762,-5.26049117090958
2024-02-26,"TRAN",5.93854166666667,9.93269611205592,-3.99415444538925
2024-02-26,"STOK",4.15104166666667,9.12993452806371,-4.97889286139704
2024-02-26,"BEX",4.31220833333333,9.05354997058774,-4.74134163725441
2024-02-26,"SEND",4.869375,8.91169397560675,-4.04231897560675
2024-02-26,"HUL2",3.61645833333333,9.48285381264983,-5.8663954793165
2024-02-26,"PEMB",2.98945833333333,6.2749686673156,-3.28551033398227
2024-02-26,"WFEN",2.87633333333333,6.87233254169533,-3.995999208362
2024-02-26,"OSY",4.442875,7.53066705670839,-3.08779205670839
2024-02-26,"ACTH",1.576375,5.68164597368432,-4.10527097368433
2024-02-26,"COPP",4.41125,9.09598783547087,-4.68473783547087
2024-02-27,"EB",3.44336363636364,3.80756850122731,-0.364204864863667
2024-02-27,"IMGM",7.02254166666667,4.95395797793696,2.06858368872971
2024-02-27,"PRES",8.02975,4.09585216674544,3.93389783325456
2024-02-27,"BIRR",10.8962083333333,4.63668162647989,6.25952670685341
2024-02-27,"BLC2",10.09925,5.79902717401634,4.30022282598366
2024-02-27,"BOTR",9.35645833333333,4.19012918037974,5.16632915295359
2024-02-27,"GHSR",6.75704166666667,4.04077994259612,2.71626172407055
2024-02-27,"LEAM",8.552625,4.01526678650396,4.53735821349604
2024-02-27,"NPT3",6.72766666666667,3.69117079793869,3.03649586872798
2024-02-27,"REA1",6.32675,3.46862127382042,2.85812872617958
2024-02-27,"SOUT",6.46629166666667,3.68726639487948,2.77902527178719
2024-02-27,"WREX",5.39616666666667,4.04409887772431,1.35206778894236
2024-02-27,"LEAR",7.93245833333333,3.70159549999573,4.2308628333376
2024-02-27,"PLYM",5.49916666666667,4.24895199026212,1.25021467640455
2024-02-27,"SHDG",7.51766666666667,4.82095723812926,2.69670942853741
2024-02-27,"SHE",8.417875,4.31347084397729,4.10440415602271
2024-02-27,"BEL2",9.470375,5.26399627819551,4.20637872180449
2024-02-27,"GLKP",6.1105,3.20272864267587,2.90777135732413
2024-02-27,"LECU",9.01745833333333,3.94782103215731,5.06963730117602
2024-02-27,"SUN2",4.776,4.31221840245155,0.463781597548449
2024-02-27,"TRAN",6.75029166666667,4.66971479478466,2.08057687188201
2024-02-27,"STOK",10.9365,4.26526559717305,6.67123440282695
2024-02-27,"BEX",5.86879166666667,4.5234401383884,1.34535152827827
2024-02-27,"SEND",4.47045833333333,4.52777451141784,-0.0573161780845144
2024-02-27,"HUL2",9.25420833333333,4.50238298832764,4.75182534500569
2024-02-27,"PEMB",3.53579166666667,3.10075298227998,0.435038684386692
2024-02-27,"WFEN",4.27779166666667,3.50661226655597,0.771179400110698
2024-02-27,"OSY",3.701875,4.35874560863039,-0.656870608630394
2024-02-27,"ACTH",3.79608333333333,1.63932217718425,2.15676115614908
2024-02-27,"COPP",8.70927272727273,4.2899199455199,4.41935278175283
2024-02-28,"EB",3.55245833333333,6.00376441992229,-2.45130608658896
2024-02-28,"IMGM",9.48708333333333,7.54666558266543,1.9404177506679
2024-02-28,"PRES",7.54920833333333,7.72540181114093,-0.176193477807602
2024-02-28,"BIRR",7.614,9.36934362529888,-1.75534362529888
2024-02-28,"BLC2",8.2135,8.84773397344973,-0.634233973449735
2024-02-28,"BOTR",9.11754166666667,8.38243520045419,0.735106466212477
2024-02-28,"GHSR",7.278875,6.72047782908594,0.558397170914056
2024-02-28,"LEAM",5.26433333333333,7.86388138922745,-2.59954805589412
2024-02-28,"NPT3",6.005375,7.2757288099028,-1.2703538099028
2024-02-28,"REA1",5.194625,6.99438826301692,-1.79976326301692
2024-02-28,"SOUT",3.92883333333333,7.23795458977019,-3.30912125643686
2024-02-28,"WREX",5.32425,6.4834160868291,-1.1591660868291
2024-02-28,"LEAR",5.42054166666667,7.53676496419258,-2.1162232975259
2024-02-28,"PLYM",6.16758333333333,7.4306761074241,-1.26309277409077
2024-02-28,"SHDG",8.982875,7.98509768612332,0.997777313876675
2024-02-28,"SHE",10.5032083333333,8.26746694629886,2.23574138703444
2024-02-28,"BEL2",7.56583333333333,8.56299157192963,-0.997158238596299
2024-02-28,"GLKP",6.86916666666667,6.30818053643492,0.560986130231748
2024-02-28,"LECU",7.37225,8.12610278891718,-0.75385278891718
2024-02-28,"SUN2",8.180125,6.54705208263244,1.63307291736756
2024-02-28,"TRAN",7.155125,7.22913908886243,-0.0740140888624321
2024-02-28,"STOK",8.03366666666667,9.02556082782082,-0.991894161154152
2024-02-28,"BEX",4.84283333333333,7.33183478743116,-2.48900145409783
2024-02-28,"SEND",5.15820833333333,6.60617718252517,-1.44796884919184
2024-02-28,"HUL2",12.1629583333333,8.84381071582454,3.31914761750876
2024-02-28,"PEMB",3.76370833333333,5.4827679451042,-1.71905961177087
2024-02-28,"WFEN",6.925125,6.21429097278232,0.710834027217683
2024-02-28,"OSY",5.86775,6.26399508325176,-0.396245083251758
2024-02-28,"ACTH",4.272875,4.67438294207144,-0.401507942071438
2024-02-28,"COPP",7.10395833333333,8.12430622755749,-1.02034789422416
2024-02-29,"EB",3.21833333333333,5.51929168285731,-2.30095834952398
2024-02-29,"IMGM",5.75570833333333,7.91854294083658,-2.16283460750325
2024-02-29,"PRES",6.65695833333333,6.96872946078972,-0.311771127456394
2024-02-29,"BIRR",7.0185,7.53175247889187,-0.513252478891867
2024-02-29,"BLC2",7.93433333333333,7.59155115580519,0.34278217752814
2024-02-29,"BOTR",5.79125,7.69363353373408,-1.90238353373408
2024-02-29,"GHSR",5.46095833333333,6.36939674363046,-0.908438410297125
2024-02-29,"LEAM",4.81533333333333,6.05650930985602,-1.24117597652269
2024-02-29,"NPT3",5.061875,6.42974384754084,-1.36786884754084
2024-02-29,"REA1",3.48270833333333,5.99995822503835,-2.51724989170502
2024-02-29,"SOUT",4.11725,5.72117302042728,-1.60392302042728
2024-02-29,"WREX",5.68604166666667,5.92278092340625,-0.236739256739579
2024-02-29,"LEAR",4.5205,6.01790056779443,-1.49740056779443
2024-02-29,"PLYM",6.20275,7.11382283640207,-0.91107283640207
2024-02-29,"SHDG",6.241125,7.96670724708491,-1.72558224708491
2024-02-29,"SHE",6.330625,8.44922365426356,-2.11859865426356
2024-02-29,"BEL2",5.751875,7.2905655752242,-1.5386905752242
2024-02-29,"GLKP",4.94416666666667,6.02916517494289,-1.08499850827622
2024-02-29,"LECU",5.8815,6.91435214492313,-1.03285214492313
2024-02-29,"SUN2",5.13758333333333,7.2849692988787,-2.14738596554538
2024-02-29,"TRAN",5.40104166666667,6.8423214188762,-1.44127975220953
2024-02-29,"STOK",5.09045833333333,7.32725402010679,-2.23679568677346
2024-02-29,"BEX",2.46858333333333,6.40419183392583,-3.9356085005925
2024-02-29,"SEND",2.726,6.34161132750197,-3.61561132750197
2024-02-29,"HUL2",7.38104166666667,9.31518872665665,-1.93414705998998
2024-02-29,"PEMB",5.345,5.03422548046989,0.310774519530114
2024-02-29,"WFEN",2.56983333333333,6.64981539138657,-4.07998205805324
2024-02-29,"OSY",3.30783333333333,6.551991909148,-3.24415857581467
2024-02-29,"ACTH",2.93729166666667,4.29395175724426,-1.35666009057759
2024-02-29,"COPP",5.21229166666667,6.94254023515272,-1.73024856848605
2024-03-01,"EB",4.600125,4.5391673980846,0.0609576019154012
2024-03-01,"IMGM",5.71945833333333,5.64583997167175,0.073618361661584
2024-03-01,"PRES",4.50183333333333,5.7903134106186,-1.28848007728527
2024-03-01,"BIRR",3.860125,6.50362276203689,-2.64349776203689
2024-03-01,"BLC2",5.46483333333333,6.66051306438963,-1.1956797310563
2024-03-01,"BOTR",3.34808333333333,5.60993964685924,-2.26185631352591
2024-03-01,"GHSR",4.78970833333333,4.83359292055989,-0.0438845872265583
2024-03-01,"LEAM",2.86470833333333,5.08274460592057,-2.21803627258724
2024-03-01,"NPT3",3.426625,5.23582100379706,-1.80919600379706
2024-03-01,"REA1",2.88729166666667,4.52724270455817,-1.6399510378915
2024-03-01,"SOUT",3.43891304347826,4.97275606383065,-1.53384302035239
2024-03-01,"WREX",3.59579166666667,5.20309625022478,-1.60730458355811
2024-03-01,"LEAR",2.67583333333333,4.86584820498711,-2.19001487165378
2024-03-01,"PLYM",5.41170833333333,6.26246514801485,-0.850756814681525
2024-03-01,"SHDG",6.424,6.07504445164139,0.348955548358609
2024-03-01,"SHE",5.33808333333333,6.01851585550109,-0.680432522167758
2024-03-01,"BEL2",6.12920833333333,5.79116648627623,0.338041847057103
2024-03-01,"GLKP",4.455625,4.45027734253404,0.00534765746596477
2024-03-01,"LECU",3.10633333333333,5.53096567722743,-2.4246323438941
2024-03-01,"SUN2",7.68291666666667,5.25394578460017,2.4289708820665
2024-03-01,"TRAN",4.09691666666667,5.33185220539009,-1.23493553872342
2024-03-01,"STOK",3.653625,5.42384896679245,-1.77022396679245
2024-03-01,"BEX",3.588875,4.68455684998816,-1.09568184998816
2024-03-01,"SEND",3.38541666666667,4.57582684483572,-1.19041017816905
2024-03-01,"HUL2",5.61233333333333,6.64686973776247,-1.03453640442914
2024-03-01,"PEMB",2.97466666666667,4.76204122119249,-1.78737455452582
2024-03-01,"WFEN",3.871875,4.14332276602596,-0.271447766025957
2024-03-01,"OSY",3.84816666666667,4.71760819345982,-0.869441526793154
2024-03-01,"ACTH",3.32154166666667,2.93749826163401,0.384043405032656
2024-03-01,"COPP",3.713625,5.41004197589657,-1.69641697589657
2024-03-02,"EB",4.973375,4.92988228691597,0.0434927130840324
2024-03-02,"IMGM",3.70779166666667,5.56009663809173,-1.85230497142506
2024-03-02,"PRES",9.20704166666667,4.87865741730423,4.32838424936244
2024-03-02,"BIRR",4.96466666666667,5.21599534498126,-0.251328678314588
2024-03-02,"BLC2",9.45170833333333,5.62355492699242,3.82815340634092
2024-03-02,"BOTR",5.52583333333333,4.62661444301556,0.899218890317772
2024-03-02,"GHSR",3.69683333333333,4.48503316423025,-0.788199830896923
2024-03-02,"LEAM",2.70833333333333,4.24047219310201,-1.53213885976868
2024-03-02,"NPT3",4.73175,4.51751370785801,0.214236292141991
2024-03-02,"REA1",4.09591666666667,4.20525243716649,-0.109335770499819
2024-03-02,"SOUT",3.25183333333333,4.59268075827783,-1.3408474249445
2024-03-02,"WREX",7.92945833333333,4.29741870547995,3.63203962785338
2024-03-02,"LEAR",3.02491666666667,4.06932745363266,-1.04441078696599
2024-03-02,"PLYM",5.819625,5.84284008680807,-0.023215086808074
2024-03-02,"SHDG",8.67729166666667,6.05623573950603,2.62105592716064
2024-03-02,"SHE",6.66670833333333,5.58482500524764,1.08188332808569
2024-03-02,"BEL2",4.038,5.83104389492581,-1.79304389492581
2024-03-02,"GLKP",3.46408333333333,4.17095191388397,-0.706868580550641
2024-03-02,"LECU",3.52995833333333,4.39820577609352,-0.86824744276019
2024-03-02,"SUN2",9.47041666666667,6.1147456520596,3.35567101460708
2024-03-02,"TRAN",8.498375,4.74789670257391,3.75047829742608
2024-03-02,"STOK",5.71745833333333,4.80784839409702,0.90960993923631
2024-03-02,"BEX",3.8915,5.00776392557357,-1.11626392557357
2024-03-02,"SEND",3.55833333333333,4.72911691527125,-1.17078358193792
2024-03-02,"HUL2",4.37404166666667,5.93438754780524,-1.56034588113856
2024-03-02,"PEMB",2.0145,3.73503440121947,-1.72053440121947
2024-03-02,"WFEN",3.55241666666667,4.56239287198228,-1.00997620531561
2024-03-02,"OSY",4.59325,4.82861748152581,-0.235367481525814
2024-03-02,"ACTH",2.69070833333333,2.9730499725599,-0.282341639226569
2024-03-02,"COPP",7.43020833333333,4.75599100075976,2.67421733257357
2024-03-03,"EB",5.72041666666667,5.64319486510809,0.0772218015585793
2024-03-03,"IMGM",12.5207083333333,5.41023001430524,7.11047831902806
2024-03-03,"PRES",7.851875,7.24786518397816,0.604009816021836
2024-03-03,"BIRR",9.58729166666667,6.26562272241506,3.32166894425161
2024-03-03,"BLC2",7.07358333333333,7.73115107031524,-0.657567736981907
2024-03-03,"BOTR",12.4026666666667,6.0635608786343,6.3391057880324
2024-03-03,"GHSR",3.63895833333333,4.68471720808004,-1.04575887474671
2024-03-03,"LEAM",8.16925,4.80554631491951,3.36370368508049
2024-03-03,"NPT3",8.13979166666667,5.61952407776232,2.52026758890435
2024-03-03,"REA1",9.101875,5.25653719400814,3.84533780599186
2024-03-03,"SOUT",8.92979166666667,5.12805885380855,3.80173281285812
2024-03-03,"WREX",4.97158333333333,6.5280382403168,-1.55645490698347
2024-03-03,"LEAR",9.49883333333333,4.82014528385065,4.67868804948268
2024-03-03,"PLYM",4.13029166666667,6.6002838298073,-2.46999216314063
2024-03-03,"SHDG",11.1419166666667,7.4833566710823,3.6585599955844
2024-03-03,"SHE",11.572375,6.68628741689132,4.88608758310868
2024-03-03,"BEL2",5.29591666666667,5.6457522096687,-0.349835543002033
2024-03-03,"GLKP",3.345125,4.40554850243762,-1.06042350243762
2024-03-03,"LECU",9.92241666666667,5.19003945409856,4.73237721256811
2024-03-03,"SUN2",11.2677916666667,7.33527558336937,3.93251608329733
2024-03-03,"TRAN",7.62191666666667,6.9923129847097,0.629603681956975
2024-03-03,"STOK",9.2335,6.18809881851924,3.04540118148076
2024-03-03,"BEX",8.53783333333333,5.69867576979529,2.83915756353804
2024-03-03,"SEND",9.42620833333333,5.37860885453859,4.04759947879474
2024-03-03,"HUL2",12.28775,6.0959982172087,6.1917517827913
2024-03-03,"PEMB",2.35354166666667,4.00835180342051,-1.65481013675384
2024-03-03,"WFEN",9.18054166666667,5.02020929889377,4.1603323677729
2024-03-03,"OSY",8.229125,5.6918086384236,2.5373163615764
2024-03-03,"ACTH",2.89808333333333,3.32871932513713,-0.430635991803795
2024-03-03,"COPP",8.17804166666667,6.74946626109806,1.42857540556861
2024-03-04,"EB",5.99170833333333,7.22069015233407,-1.22898181900074
2024-03-04,"IMGM",11.6716666666667,10.0104273449919,1.66123932167485
2024-03-04,"PRES",6.56054166666667,7.98412690471166,-1.42358523804499
2024-03-04,"BIRR",9.49991666666667,9.2684694806087,0.231447186057968
2024-03-04,"BLC2",8.10229166666667,8.0987560700551,0.00353559661157377
2024-03-04,"BOTR",11.0918333333333,9.88612551633943,1.20570781699387
2024-03-04,"GHSR",5.31554166666667,5.98510667702772,-0.669565010361046
2024-03-04,"LEAM",6.89858333333333,8.13713173424694,-1.23854840091361
2024-03-04,"NPT3",7.08525,8.16948635028898,-1.08423635028898
2024-03-04,"REA1",6.81508333333333,8.39990804131016,-1.58482470797682
2024-03-04,"SOUT",7.71133333333333,8.54049910395968,-0.829165770626353
2024-03-04,"WREX",5.99754166666667,6.67585559125409,-0.678313924587421
2024-03-04,"LEAR",6.77675,8.51976317740966,-1.74301317740966
2024-03-04,"PLYM",7.11575,7.27461685662474,-0.158866856624735
2024-03-04,"SHDG",9.06941666666667,9.67013546076555,-0.600718794098876
2024-03-04,"SHE",11.736625,9.79077285141024,1.94585214858976
2024-03-04,"BEL2",7.68365217391304,7.44801034829278,0.235641825620263
2024-03-04,"GLKP",4.73570833333333,5.6818478107945,-0.946139477461174
2024-03-04,"LECU",7.14333333333333,8.85840414769496,-1.71507081436163
2024-03-04,"SUN2",15.1916666666667,9.28154913400899,5.91011753265771
2024-03-04,"TRAN",8.633125,7.91030721979346,0.722817780206542
2024-03-04,"STOK",9.711125,8.76714957905966,0.943975420940335
2024-03-04,"BEX",5.88058333333333,8.72185339993493,-2.8412700666016
2024-03-04,"SEND",5.45504166666667,8.85622844018532,-3.40118677351865
2024-03-04,"HUL2",16.18125,10.3519078854827,5.82934211451725
2024-03-04,"PEMB",4.15104166666667,5.45388572818174,-1.30284406151507
2024-03-04,"WFEN",6.163625,8.41609274697666,-2.25246774697666
2024-03-04,"OSY",6.11345833333333,8.3342460947467,-2.22078776141337
2024-03-04,"ACTH",4.80445833333333,4.72072931657024,0.0837290167630886
2024-03-04,"COPP",7.60808333333333,8.27911306906964,-0.671029735736311
2024-03-05,"EB",5.010875,6.74519116714452,-1.73431616714452
2024-03-05,"IMGM",6.77970833333333,9.00370796874854,-2.22399963541521
2024-03-05,"PRES",6.97908333333333,6.9599546513748,0.019128681958529
2024-03-05,"BIRR",11.205875,8.60428069994414,2.60159430005586
2024-03-05,"BLC2",8.20266666666667,7.94887598455236,0.253790682114314
2024-03-05,"BOTR",8.969125,8.73619327214293,0.232931727857073
2024-03-05,"GHSR",4.25116666666667,6.04185053059442,-1.79068386392775
2024-03-05,"LEAM",7.9895,7.02246927453922,0.967030725460784
2024-03-05,"NPT3",7.78308333333333,7.16445701544085,0.618626317892478
2024-03-05,"REA1",8.71179166666667,6.91532814606363,1.79646352060304
2024-03-05,"SOUT",6.08691666666667,7.44205427852224,-1.35513761185557
2024-03-05,"WREX",6.53408333333333,6.53330466268791,0.000778670645415147
2024-03-05,"LEAR",7.40966666666667,6.85277256644743,0.556894100219235
2024-03-05,"PLYM",9.45958333333333,7.839783375172,1.61979995816133
2024-03-05,"SHDG",11.0987083333333,8.30154292752302,2.79716540581028
2024-03-05,"SHE",9.437,9.2157340897389,0.221265910261105
2024-03-05,"BEL2",10.993625,7.74928550925644,3.24433949074356
2024-03-05,"GLKP",3.73629166666667,5.63350985023783,-1.89721818357116
2024-03-05,"LECU",6.571375,7.17146830694397,-0.600093306943969
2024-03-05,"SUN2",9.358375,10.1441873990034,-0.785812399003383
2024-03-05,"TRAN",7.898,7.7323204776634,0.165679522336594
2024-03-05,"STOK",9.53725,8.32822415321222,1.20902584678778
2024-03-05,"BEX",6.20670833333333,7.10519916074056,-0.898490827407227
2024-03-05,"SEND",5.53945833333333,6.73518615588051,-1.19572782254718
2024-03-05,"HUL2",7.46166666666667,11.1152212337268,-3.65355456706017
2024-03-05,"PEMB",8.316625,5.54971318186545,2.76691181813455
2024-03-05,"WFEN",5.32133333333333,6.6520469027704,-1.33071356943707
2024-03-05,"OSY",5.64270833333333,6.9327953321447,-1.29008699881137
2024-03-05,"ACTH",3.47979166666667,4.85879025150752,-1.37899858484085
2024-03-05,"COPP",8.91216666666667,7.49192434306903,1.42024232359764
2024-03-06,"EB",11.0869166666667,6.20593127132383,4.88098539534287
2024-03-06,"IMGM",20.9198333333333,7.03153055908069,13.8883027742526
2024-03-06,"PRES",18.1112916666667,6.96165600147408,11.1496356651926
2024-03-06,"BIRR",22.8018333333333,9.06562640113259,13.7362069322007
2024-03-06,"BLC2",21.7178333333333,7.7992913293607,13.9185420039726
2024-03-06,"BOTR",22.8509166666667,7.79665673484292,15.0542599318238
2024-03-06,"GHSR",8.44054166666667,5.45140365239957,2.9891380142671
2024-03-06,"LEAM",18.0444583333333,7.2729841524385,10.7714741808948
2024-03-06,"NPT3",8.05233333333333,7.2662246966002,0.786108636733129
2024-03-06,"REA1",18.522125,7.47901578191657,11.0431092180834
2024-03-06,"SOUT",13.132875,6.6858018313851,6.4470731686149
2024-03-06,"WREX",15.7410833333333,6.54535687546792,9.19572645786538
2024-03-06,"LEAR",17.0047916666667,6.95450048810387,10.0502911785628
2024-03-06,"PLYM",9.28066666666667,8.49321137038243,0.787455296284238
2024-03-06,"SHDG",23.7815,8.91126627628359,14.8702337237164
2024-03-06,"SHE",22.9787083333333,8.18941070972101,14.7892976236123
2024-03-06,"BEL2",13.1476666666667,8.76926950579789,4.37839716086881
2024-03-06,"GLKP",7.72604166666667,5.07124787587952,2.65479379078715
2024-03-06,"LECU",19.985375,6.82761765474956,13.1577573452504
2024-03-06,"SUN2",18.7048333333333,7.75452450101299,10.9503088323203
2024-03-06,"TRAN",23.0672083333333,7.27343981185788,15.7937685214754
2024-03-06,"STOK",21.402375,8.0849666677813,13.3174083322187
2024-03-06,"BEX",21.006375,7.0923289573394,13.9140460426606
2024-03-06,"SEND",18.5840416666667,6.65168391982328,11.9323577468434
2024-03-06,"HUL2",19.7211739130435,7.65664106567679,12.0645328473667
2024-03-06,"PEMB",8.41891666666667,6.89519500668109,1.52372165998558
2024-03-06,"WFEN",18.394375,6.21146393038605,12.182911069614
2024-03-06,"OSY",17.0597083333333,6.61688903101633,10.442819302317
2024-03-06,"ACTH",8.418,4.16859794301433,4.24940205698567
2024-03-06,"COPP",23.2842083333333,7.81132652257808,15.4728818107552
2024-03-07,"EB",24.3209583333333,13.3346116991714,10.9863466341619
2024-03-07,"IMGM",23.5388333333333,17.2042256179732,6.33460771536006
2024-03-07,"PRES",19.4695416666667,15.9434673542103,3.52607431245639
2024-03-07,"BIRR",25.483625,18.2007165438734,7.28290845612658
2024-03-07,"BLC2",23.4534166666667,17.6685565836215,5.78486008304521
2024-03-07,"BOTR",23.7587727272727,17.8337653955131,5.92500733175961
2024-03-07,"GHSR",13.3805833333333,11.8822877532547,1.49829558007863
2024-03-07,"LEAM",24.4802916666667,15.8459987508285,8.63429291583817
2024-03-07,"NPT3",23.488625,12.2193501425631,11.2692748574369
2024-03-07,"REA1",28.0376666666667,15.9497953421408,12.0878713245259
2024-03-07,"SOUT",18.0435,14.1830980429721,3.86040195702793
2024-03-07,"WREX",26.24025,14.8121903662622,11.4280596337378
2024-03-07,"LEAR",23.17025,15.3637443481577,7.80650565184232
2024-03-07,"PLYM",17.3692916666667,13.2565923041766,4.11269936249008
2024-03-07,"SHDG",24.6779166666667,18.4443662028745,6.23355046379224
2024-03-07,"SHE",22.2386666666667,18.103067912143,4.13559875452365
2024-03-07,"BEL2",23.9347916666667,14.3830864667434,9.5517051999233
2024-03-07,"GLKP",12.7870833333333,11.4272366923696,1.35984664096365
2024-03-07,"LECU",22.146375,16.669082389306,5.47729261069399
2024-03-07,"SUN2",17.729,16.1647478954925,1.56425210450751
2024-03-07,"TRAN",23.437625,17.7675487451473,5.67007625485268
2024-03-07,"STOK",21.7424166666667,17.3468498857925,4.39556678087422
2024-03-07,"BEX",32.4334166666667,17.4342435068585,14.9991731598082
2024-03-07,"SEND",29.65425,16.3468305144367,13.3074194855633
2024-03-07,"HUL2",24.0606666666667,17.187693207484,6.87297345918274
2024-03-07,"PEMB",17.5875,11.7365300346232,5.85096996537681
2024-03-07,"WFEN",23.6764166666667,15.9304981623432,7.7459185043235
2024-03-07,"OSY",27.1375416666667,15.717019288252,11.4205223784147
2024-03-07,"ACTH",13.0101666666667,10.8806685634494,2.1294981032173
2024-03-07,"COPP",22.9020416666667,17.980726488485,4.92131517818171
2024-03-08,"EB",23.9682916666667,19.2952430518521,4.67304861481461
2024-03-08,"IMGM",27.3282083333333,19.1159269314092,8.2122814019241
2024-03-08,"PRES",21.4043333333333,17.431379970991,3.97295336234233
2024-03-08,"BIRR",28.1585833333333,20.1723161289244,7.98626720440893
2024-03-08,"BLC2",24.2994583333333,19.2619560318764,5.03750230145685
2024-03-08,"BOTR",25.921875,19.1152174386388,6.80665756136121
2024-03-08,"GHSR",12.752625,14.7972060200805,-2.0445810200805
2024-03-08,"LEAM",27.5815833333333,19.2306388065884,8.35094452674488
2024-03-08,"NPT3",28.6803333333333,19.0795165542599,9.6008167790734
2024-03-08,"REA1",27.5215833333333,20.4789722611145,7.04261107221877
2024-03-08,"SOUT",25.596625,17.0459846926695,8.55064030733046
2024-03-08,"WREX",24.5341666666667,19.7144823551637,4.81968431150301
2024-03-08,"LEAR",26.0860416666667,18.6548332995363,7.43120836713037
2024-03-08,"PLYM",33.9496666666667,17.400943300865,16.5487233658017
2024-03-08,"SHDG",27.538375,19.7388448220498,7.79953017795021
2024-03-08,"SHE",25.1150833333333,18.7788801928023,6.33620314053097
2024-03-08,"BEL2",19.596125,19.4936233127844,0.102501687215558
2024-03-08,"GLKP",12.471625,14.3898592390243,-1.91823423902427
2024-03-08,"LECU",25.968125,18.4215530265252,7.54657197347479
2024-03-08,"SUN2",21.1813333333333,16.8136095278734,4.36772380545987
2024-03-08,"TRAN",23.390375,18.8313446009639,4.55903039903611
2024-03-08,"STOK",24.2385,18.4469685900626,5.7915314099374
2024-03-08,"BEX",28.294125,22.5997772084557,5.6943477915443
2024-03-08,"SEND",25.5985833333333,21.4054315335408,4.19315179979251
2024-03-08,"HUL2",27.2869583333333,19.7639069537528,7.52305137958048
2024-03-08,"PEMB",26.3650833333333,16.2769502388755,10.0881330944578
2024-03-08,"WFEN",26.6284583333333,18.8442065639822,7.78425176935108
2024-03-08,"OSY",23.7520416666667,20.4313871356773,3.3206545309894
2024-03-08,"ACTH",13.19775,13.6559184165307,-0.458168416530663
2024-03-08,"COPP",24.658125,18.7771731711787,5.88095182882132
2024-03-09,"EB",7.22579166666667,19.0867266583697,-11.860934991703
2024-03-09,"IMGM",34.0035833333333,20.5948629967695,13.4087203365638
2024-03-09,"PRES",28.702,18.2413574227989,10.4606425772011
2024-03-09,"BIRR",24.994,21.2374629978364,3.75653700216361
2024-03-09,"BLC2",31.755375,19.6631244494616,12.0922505505384
2024-03-09,"BOTR",26.7316666666667,20.0162680463711,6.71539862029562
2024-03-09,"GHSR",19.4978333333333,14.6061237402204,4.8917095931129
2024-03-09,"LEAM",20.6132916666667,20.3996840357782,0.213607630888522
2024-03-09,"NPT3",18.22425,20.8934486284031,-2.66919862840307
2024-03-09,"REA1",13.976125,20.2634548608338,-6.2873298608338
2024-03-09,"SOUT",8.98695833333333,19.886370847613,-10.8994125142797
2024-03-09,"WREX",29.9755416666667,19.0439131726732,10.9316284939935
2024-03-09,"LEAR",19.56675,19.7590450546045,-0.1922950546045
2024-03-09,"PLYM",10.6398333333333,23.5401131517815,-12.9002798184482
2024-03-09,"SHDG",38.6999583333333,20.8984266045086,17.8015317288247
2024-03-09,"SHE",34.474375,19.9679383639446,14.5064366360554
2024-03-09,"BEL2",25.865875,17.8435505657382,8.02232443426179
2024-03-09,"GLKP",19.1362083333333,14.3128141122537,4.82339422107959
2024-03-09,"LECU",23.8787916666667,19.919078742167,3.95971292449974
2024-03-09,"SUN2",32.8234583333333,18.2194367930801,14.6040215402532
2024-03-09,"TRAN",32.80675,18.9212110321225,13.8855389678776
2024-03-09,"STOK",27.965,19.4795629387646,8.48543706123537
2024-03-09,"BEX",20.5071666666667,21.0143573887096,-0.507190722042878
2024-03-09,"SEND",14.4035416666667,19.8561324646053,-5.45259079793855
2024-03-09,"HUL2",34.7250833333333,21.0094498890539,13.7156334442794
2024-03-09,"PEMB",18.807,19.5096794616683,-0.702679461668275
2024-03-09,"WFEN",17.387125,19.9745693532399,-2.58744435323985
2024-03-09,"OSY",14.0045,19.144670549129,-5.14017054912904
2024-03-09,"ACTH",20.339125,13.7719988564557,6.5671261435443
2024-03-09,"COPP",30.4767916666667,19.5460010498146,10.9307906168521
2024-03-10,"EB",3.82658333333333,12.0285635826674,-8.20198024933404
2024-03-10,"IMGM",35.113125,22.1532467870556,12.9598782129444
2024-03-10,"PRES",16.6735416666667,20.0570015095647,-3.38345984289804
2024-03-10,"BIRR",18.790375,19.166245041775,-0.375870041775034
2024-03-10,"BLC2",19.299375,21.5530765407813,-2.25370154078132
2024-03-10,"BOTR",23.7108333333333,19.4249038165202,4.28592951681312
2024-03-10,"GHSR",21.1322083333333,16.2539870598457,4.87822127348757
2024-03-10,"LEAM",16.9310416666667,16.9130748537018,0.0179668129648967
2024-03-10,"NPT3",14.5677083333333,16.084531850245,-1.51682351691168
2024-03-10,"REA1",11.5723333333333,14.3921306348906,-2.81979730155726
2024-03-10,"SOUT",5.17983333333333,12.763583598929,-7.58375026559563
2024-03-10,"WREX",19.2856666666667,20.2242379428421,-0.93857127617536
2024-03-10,"LEAR",15.8079166666667,16.4414588965736,-0.633542229906865
2024-03-10,"PLYM",4.31216666666667,13.8049658273569,-9.49279916069024
2024-03-10,"SHDG",33.1339583333333,24.132300857228,9.00165747610529
2024-03-10,"SHE",29.9805,22.5338440132365,7.44665598676354
2024-03-10,"BEL2",17.211125,19.3686910206088,-2.15756602060876
2024-03-10,"GLKP",20.98675,15.9263065346678,5.06044346533221
2024-03-10,"LECU",20.5003333333333,18.2297217558194,2.2706115775139
2024-03-10,"SUN2",32.672125,21.6228263924841,11.0492986075159
2024-03-10,"TRAN",19.6572083333333,21.5503645968213,-1.89315626348797
2024-03-10,"STOK",16.6509583333333,19.9640278540164,-3.3130695206831
2024-03-10,"BEX",15.46,17.3286964697827,-1.86869646978269
2024-03-10,"SEND",15.4069166666667,14.9065919056727,0.50032476099404
2024-03-10,"HUL2",35.7331666666667,22.8585362443854,12.8746304222813
2024-03-10,"PEMB",11.2324166666667,15.7228209776593,-4.49040431099258
2024-03-10,"WFEN",22.1620833333333,15.6479602602568,6.51412307307652
2024-03-10,"OSY",16.6077916666667,14.7217705527074,1.88602111395934
2024-03-10,"ACTH",17.22875,15.5548964130849,1.67385358691511
2024-03-10,"COPP",17.2347083333333,20.8162573284565,-3.5815489951232
2024-03-11,"EB",26.92825,8.95528159964467,17.9729684003553
2024-03-11,"IMGM",27.4700909090909,20.4132291394344,7.05686176965652
2024-03-11,"PRES",15.7970416666667,13.4404689814264,2.35657268524033
2024-03-11,"BIRR",21.5634583333333,14.8584296171143,6.70502871621897
2024-03-11,"BLC2",18.3628333333333,14.7758635610422,3.58696977229113
2024-03-11,"BOTR",19.923375,16.2390662362,3.68430876380003
2024-03-11,"GHSR",13.23025,14.7074116240425,-1.47716162404246
2024-03-11,"LEAM",23.768875,13.59418541161,10.17468958839
2024-03-11,"NPT3",17.121875,12.8253890911104,4.29648590888957
2024-03-11,"REA1",24.5087083333333,11.6416095824789,12.8670987508544
2024-03-11,"SOUT",19.2974166666667,9.53725809838861,9.76015856827809
2024-03-11,"WREX",22.2545,14.130372299448,8.12412770055196
2024-03-11,"LEAR",21.9340416666667,13.0877304621291,8.84631120453763
2024-03-11,"PLYM",10.0275416666667,9.74127193763825,0.286269729028454
2024-03-11,"SHDG",24.7839583333333,19.8544345509022,4.92952378243113
2024-03-11,"SHE",24.4752916666667,18.6791457300769,5.79614593658978
2024-03-11,"BEL2",15.1573333333333,14.0168995654766,1.14043376785674
2024-03-11,"GLKP",13.2390416666667,14.4609805662986,-1.22193889963186
2024-03-11,"LECU",25.6967916666667,14.9531316278368,10.7436600388299
2024-03-11,"SUN2",21.9074583333333,19.3441438143612,2.56331451897211
2024-03-11,"TRAN",21.1214166666667,14.4879690708289,6.63344759583777
2024-03-11,"STOK",19.9244583333333,13.663605074899,6.26085325843431
2024-03-11,"BEX",38.60875,13.5159014222969,25.0928485777031
2024-03-11,"SEND",35.748,13.3845622844221,22.3634377155779
2024-03-11,"HUL2",27.7979583333333,21.0699457660119,6.72801256732136
2024-03-11,"PEMB",10.5139166666667,10.9703367784968,-0.456420111830109
2024-03-11,"WFEN",31.944875,15.4951487103998,16.4497262896002
2024-03-11,"OSY",33.0515,13.7716579167384,19.2798420832616
2024-03-11,"ACTH",11.057375,12.2447135449192,-1.18733854491918
2024-03-11,"COPP",20.6732083333333,13.7713802600884,6.90182807324486
2024-03-12,"EB",9.74654166666667,19.7960447915915,-10.0495031249248
2024-03-12,"IMGM",13.137875,19.7983325107359,-6.66045751073588
2024-03-12,"PRES",6.77179166666667,15.5217132611066,-8.74992159443995
2024-03-12,"BIRR",6.56254166666667,18.2079500239864,-11.6454083573198
2024-03-12,"BLC2",9.83391666666667,16.8410190616784,-7.0071023950117
2024-03-12,"BOTR",7.02341666666667,17.1121131677825,-10.0886965011159
2024-03-12,"GHSR",10.114,13.9890277832218,-3.87502778322176
2024-03-12,"LEAM",5.64758333333333,18.4133664485231,-12.7657831151898
2024-03-12,"NPT3",4.643375,16.0571258035836,-11.4137508035836
2024-03-12,"REA1",6.56954166666667,18.7018566744157,-12.132315007749
2024-03-12,"SOUT",8.463125,17.0553432322488,-8.5922182322488
2024-03-12,"WREX",5.22016666666667,17.617015999038,-12.3968493323713
2024-03-12,"LEAR",5.211375,17.6443303578985,-12.4329553578985
2024-03-12,"PLYM",10.729125,14.182680793934,-3.45355579393397
2024-03-12,"SHDG",9.69345833333333,19.0737344548288,-9.38027612149543
2024-03-12,"SHE",10.7577083333333,18.9369868795183,-8.179278546185
2024-03-12,"BEL2",5.39708333333333,15.6133848100322,-10.2163014766989
2024-03-12,"GLKP",10.1139583333333,13.7966328164216,-3.6826744830883
2024-03-12,"LECU",7.50675,19.1598181617887,-11.6530681617887
2024-03-12,"SUN2",16.3463333333333,17.5908558326296,-1.24452249929626
2024-03-12,"TRAN",6.06329166666667,17.4525753358819,-11.3892836692153
2024-03-12,"STOK",8.89541666666667,17.2721136289416,-8.37669696227498
2024-03-12,"BEX",11.0377916666667,24.3978382308276,-13.3600465641609
2024-03-12,"SEND",13.440625,23.1391507628876,-9.69852576288757
2024-03-12,"HUL2",15.0295416666667,20.3482611747592,-5.31871950809249
2024-03-12,"PEMB",3.275375,13.0459863074762,-9.77061130747619
2024-03-12,"WFEN",10.341,21.283641860976,-10.942641860976
2024-03-12,"OSY",13.519125,22.0592533785356,-8.54012837853563
2024-03-12,"ACTH",7.49016666666667,12.2358222480894,-4.74565558142277
2024-03-12,"COPP",5.661375,17.4687828998263,-11.8074078998263
2024-03-13,"EB",4.75041666666667,6.01424382426143,-1.26382715759476
2024-03-13,"IMGM",2.21695833333333,7.5149556261752,-5.29799729284187
2024-03-13,"PRES",1.14091666666667,5.10710345589805,-3.96618678923138
2024-03-13,"BIRR",3.97695833333333,5.52683811410913,-1.5498797807758
2024-03-13,"BLC2",4.29633333333333,6.61116249439329,-2.31482916105996
2024-03-13,"BOTR",2.75645833333333,5.30386183154303,-2.5474034982097
2024-03-13,"GHSR",3.99770833333333,5.86483082748911,-1.86712249415578
2024-03-13,"LEAM",3.23608333333333,4.51764363498442,-1.28156030165109
2024-03-13,"NPT3",5.02466666666667,4.31370718040568,0.710959486260988
2024-03-13,"REA1",3.64779166666667,4.78579517399632,-1.13800350732965
2024-03-13,"SOUT",4.894875,5.7545889000982,-0.859713900098204
2024-03-13,"WREX",1.07404166666667,4.17971610649016,-3.10567443982349
2024-03-13,"LEAR",2.93141666666667,4.27703828271417,-1.3456216160475
2024-03-13,"PLYM",9.1795,7.2768887910381,1.9026112089619
2024-03-13,"SHDG",1.43179166666667,6.51959746766931,-5.08780580100264
2024-03-13,"SHE",1.58116666666667,6.85054459322968,-5.26937792656301
2024-03-13,"BEL2",3.90920833333333,4.94341390513387,-1.03420557180054
2024-03-13,"GLKP",3.16833333333333,5.66694206300722,-2.49860872967389
2024-03-13,"LECU",2.71825,5.26225857786305,-2.54400857786305
2024-03-13,"SUN2",1.06716666666667,8.60206769722774,-7.53490103056107
2024-03-13,"TRAN",0.993541666666667,4.7691149975487,-3.77557333088203
2024-03-13,"STOK",1.53116666666667,6.05535315217926,-4.52418648551259
2024-03-13,"BEX",4.33179166666667,6.76620124685537,-2.4344095801887
2024-03-13,"SEND",4.1755,7.49807001497171,-3.32257001497171
2024-03-13,"HUL2",2.95108333333333,8.64847013288276,-5.69738679954943
2024-03-13,"PEMB",5.98770833333333,3.29106668444026,2.69664164889307
2024-03-13,"WFEN",2.384125,6.05523627480784,-3.67111127480784
2024-03-13,"OSY",4.128375,7.50241397148898,-3.37403897148898
2024-03-13,"ACTH",1.30291666666667,3.91962853954306,-2.61671187287639
2024-03-13,"COPP",1.32466666666667,4.77404486742376,-3.44937820075709
2024-03-14,"EB",5.46095833333333,3.74932076877884,1.71163756455449
2024-03-14,"IMGM",5.06,3.01390014378921,2.04609985621079
2024-03-14,"PRES",3.33825,2.48956153310314,0.848688466896864
2024-03-14,"BIRR",6.282375,4.12360508220918,2.15876991779082
2024-03-14,"BLC2",3.42475,4.02103773209934,-0.596287732099338
2024-03-14,"BOTR",4.90770833333333,3.24743651357136,1.66027181976197
2024-03-14,"GHSR",3.67233333333333,2.98235910076132,0.689974232572009
2024-03-14,"LEAM",4.97445833333333,3.22383882299606,1.75061951033727
2024-03-14,"NPT3",6.25391666666667,3.97336333466773,2.28055333199894
2024-03-14,"REA1",6.24804166666667,3.3003231590194,2.94771850764727
2024-03-14,"SOUT",6.49779166666667,3.92728681364537,2.5705048530213
2024-03-14,"WREX",2.69945833333333,2.22759111512526,0.47186721820807
2024-03-14,"LEAR",4.5235,3.01182963589439,1.51167036410561
2024-03-14,"PLYM",12.2072083333333,6.03136682331,6.1758415100233
2024-03-14,"SHDG",4.833,3.01469777783159,1.81830222216841
2024-03-14,"SHE",5.00983333333333,2.98691982686585,2.02291350646748
2024-03-14,"BEL2",6.51925,3.87141343722598,2.64783656277402
2024-03-14,"GLKP",3.64091666666667,2.47733424633551,1.16358242033116
2024-03-14,"LECU",5.061,3.08877873689234,1.97222126310766
2024-03-14,"SUN2",3.51908333333333,2.36000746845236,1.15907586488097
2024-03-14,"TRAN",2.74275,2.44633610369523,0.296413896304767
2024-03-14,"STOK",4.96670833333333,2.82445892232192,2.14224941101141
2024-03-14,"BEX",5.283125,4.01737755085979,1.26574744914021
2024-03-14,"SEND",5.05604166666667,3.72531294226974,1.33072872439693
2024-03-14,"HUL2",6.21966666666667,3.69603437110744,2.52363229555923
2024-03-14,"PEMB",6.71283333333333,3.73890858902678,2.97392474430655
2024-03-14,"WFEN",5.42954166666667,2.75704845350615,2.67249321316052
2024-03-14,"OSY",6.41608333333333,3.6431553872405,2.77292794609283
2024-03-14,"ACTH",1.84854166666667,1.01736065534946,0.83118101131721
2024-03-14,"COPP",4.07433333333333,2.72218717335635,1.35214615997698
2024-03-15,"EB",9.47833333333333,5.95529344445005,3.52303988888328
2024-03-15,"IMGM",3.19083333333333,6.09526502200433,-2.904431688671
2024-03-15,"PRES",5.24670833333333,5.25552204671373,-0.0088137133803956
2024-03-15,"BIRR",4.08116666666667,6.88575967170897,-2.8045930050423
2024-03-15,"BLC2",7.63854166666667,5.64863873347232,1.98990293319435
2024-03-15,"BOTR",3.871,5.97668391692198,-2.10568391692198
2024-03-15,"GHSR",3.06608333333333,4.82066020067602,-1.75457686734269
2024-03-15,"LEAM",4.93916666666667,5.77340101462385,-0.834234347957179
2024-03-15,"NPT3",7.6975,6.29408325724996,1.40341674275004
2024-03-15,"REA1",5.49833333333333,6.17655239949748,-0.678219066164152
2024-03-15,"SOUT",9.32595833333333,6.44331889745846,2.88263943587487
2024-03-15,"WREX",4.08316666666667,4.76028033853483,-0.677113671868164
2024-03-15,"LEAR",3.966125,5.50529748395116,-1.53917248395116
2024-03-15,"PLYM",12.23575,9.04620925372407,3.18954074627593
2024-03-15,"SHDG",4.07933333333333,6.26456879209491,-2.18523545876158
2024-03-15,"SHE",3.84933333333333,6.26013759199106,-2.41080425865773
2024-03-15,"BEL2",3.72254166666667,6.73062358351889,-3.00808191685222
2024-03-15,"GLKP",2.75158333333333,4.62321622237311,-1.87163288903978
2024-03-15,"LECU",4.13620833333333,5.89648565612525,-1.76027732279192
2024-03-15,"SUN2",3.0375,5.3592186737934,-2.3217186737934
2024-03-15,"TRAN",4.68166666666667,5.03818902438792,-0.356522357721252
2024-03-15,"STOK",4.5195,6.07412803529801,-1.55462803529801
2024-03-15,"BEX",6.43479166666667,6.3371832381373,0.0976084285293695
2024-03-15,"SEND",6.154625,6.05574042586747,0.0988845741325344
2024-03-15,"HUL2",4.043875,6.9517278509262,-2.9078528509262
2024-03-15,"PEMB",6.953625,5.83928760852756,1.11433739147244
2024-03-15,"WFEN",3.83266666666667,5.87071188015808,-2.03804521349141
2024-03-15,"OSY",6.23820833333333,6.49673903601403,-0.258530702680695
2024-03-15,"ACTH",1.032875,3.17938405546648,-2.14650905546648
2024-03-15,"COPP",4.22666666666667,5.67414890272072,-1.44748223605405
2024-03-16,"EB",2.87058333333333,7.14172054948454,-4.27113721615121
2024-03-16,"IMGM",4.86833333333333,5.07005532400726,-0.201721990673929
2024-03-16,"PRES",4.91054166666667,5.63919870286051,-0.728657036193836
2024-03-16,"BIRR",5.94045833333333,5.74527186850511,0.195186464828224
2024-03-16,"BLC2",6.473125,6.93061864949599,-0.457493649495992
2024-03-16,"BOTR",5.15325,5.26985663989818,-0.116606639898181
2024-03-16,"GHSR",3.87583333333333,4.30897704927746,-0.433143715944129
2024-03-16,"LEAM",4.93316666666667,5.44353804491031,-0.510371378243638
2024-03-16,"NPT3",5.3705,6.51946612863643,-1.14896612863643
2024-03-16,"REA1",3.56529166666667,5.56959168764893,-2.00430002098226
2024-03-16,"SOUT",4.47033333333333,7.17630146788863,-2.7059681345553
2024-03-16,"WREX",4.60783333333333,4.95777532509158,-0.349941991758252
2024-03-16,"LEAR",4.64925,4.984112111179,-0.334862111179
2024-03-16,"PLYM",9.93820833333333,8.72143062436079,1.21677770897254
2024-03-16,"SHDG",5.09533333333333,5.64460827036015,-0.549274937026817
2024-03-16,"SHE",4.950875,5.48905225183715,-0.538177251837151
2024-03-16,"BEL2",7.59929166666667,5.36512001816538,2.23417164850129
2024-03-16,"GLKP",3.7245,3.9951622338129,-0.270662233812901
2024-03-16,"LECU",5.15908333333333,5.22836539444315,-0.0692820611098188
2024-03-16,"SUN2",5.25941666666667,4.85373265161218,0.405684015054487
2024-03-16,"TRAN",4.52145833333333,5.43960302325067,-0.918144689917338
2024-03-16,"STOK",6.96945833333333,5.56721420614864,1.40224412718469
2024-03-16,"BEX",3.9425,6.45841446053611,-2.51591446053611
2024-03-16,"SEND",3.70483333333333,6.15832392826548,-2.45349059493215
2024-03-16,"HUL2",5.07570833333333,5.80678781565453,-0.731079482321198
2024-03-16,"PEMB",4.63454166666667,5.62630207329195,-0.991760406625278
2024-03-16,"WFEN",3.87775,4.94347063024744,-1.06572063024744
2024-03-16,"OSY",3.26854166666667,6.10613971565318,-2.83759804898651
2024-03-16,"ACTH",1.63045833333333,2.57757139635161,-0.947113063018278
2024-03-16,"COPP",5.36058333333333,5.39923799791257,-0.038654664579238
2024-03-17,"EB",6.00929166666667,4.50207609611963,1.50721557054704
2024-03-17,"IMGM",6.139,5.58481118664309,0.554188813356912
2024-03-17,"PRES",3.97791666666667,5.3535072161433,-1.37559054947662
2024-03-17,"BIRR",3.865,6.33216169014689,-2.46716169014689
2024-03-17,"BLC2",5.24958333333333,6.304499478966,-1.05491614563267
2024-03-17,"BOTR",4.140125,5.6261877760278,-1.4860627760278
2024-03-17,"GHSR",4.091,4.48405130711437,-0.393051307114372
2024-03-17,"LEAM",3.93075,5.30816014429189,-1.37741014429189
2024-03-17,"NPT3",5.74891666666667,5.50287610487662,0.24604056179005
2024-03-17,"REA1",5.10025,4.7305429345881,0.3697070654119
2024-03-17,"SOUT",5.77829166666667,5.20293317671566,0.575358489951014
2024-03-17,"WREX",3.72358333333333,4.99857374605131,-1.27499041271798
2024-03-17,"LEAR",3.669375,5.11156875890082,-1.44219375890082
2024-03-17,"PLYM",8.03558333333333,7.73613040906046,0.299452924272867
2024-03-17,"SHDG",4.55679166666667,5.89821968281567,-1.341428016149
2024-03-17,"SHE",4.78183333333333,5.78021449611244,-0.99838116277911
2024-03-17,"BEL2",7.82625,6.70804148615277,1.11820851384723
2024-03-17,"GLKP",4.22770833333333,4.23476502646707,-0.00705669313374102
2024-03-17,"LECU",3.897375,5.48698804204768,-1.58961304204768
2024-03-17,"SUN2",8.25575,5.55021151184571,2.70553848815429
2024-03-17,"TRAN",4.19216666666667,5.21866451862647,-1.0264978519598
2024-03-17,"STOK",3.79133333333333,6.3476862299019,-2.55635289656857
2024-03-17,"BEX",5.78220833333333,5.38478822098535,0.397420112347977
2024-03-17,"SEND",5.7685,5.10120806191108,0.667291938088925
2024-03-17,"HUL2",7.24941666666667,6.08674304685841,1.16267361980826
2024-03-17,"PEMB",4.96158333333333,4.62996453346093,0.331618799872397
2024-03-17,"WFEN",4.69633333333333,4.84950458063365,-0.15317124730032
2024-03-17,"OSY",6.20291666666667,4.87479327319473,1.32812339347194
2024-03-17,"ACTH",0.485458333333333,2.67705457204821,-2.19159623871487
2024-03-17,"COPP",4.27683333333333,5.68349106447527,-1.40665773114194
2024-03-18,"EB",4.593125,5.8689076089766,-1.2757826089766
2024-03-18,"IMGM",4.30029166666667,6.14024176788889,-1.83995010122222
2024-03-18,"PRES",4.55683333333333,5.12162623091452,-0.564792897581193
2024-03-18,"BIRR",6.63129166666667,5.645254306539,0.986037360127671
2024-03-18,"BLC2",5.334125,5.97677617416946,-0.642651174169458
2024-03-18,"BOTR",5.53770833333333,5.34117786968316,0.19653046365017
2024-03-18,"GHSR",3.78233333333333,4.66092016602099,-0.878586832687662
2024-03-18,"LEAM",4.51345833333333,5.04566756194194,-0.532209228608615
2024-03-18,"NPT3",5.97483333333333,5.78539528445965,0.189438048873682
2024-03-18,"REA1",4.483125,5.4358814858756,-0.952756485875603
2024-03-18,"SOUT",5.14054166666667,5.86625278453213,-0.725711117865461
2024-03-18,"WREX",4.326875,4.77221999297683,-0.445344992976833
2024-03-18,"LEAR",4.39585714285714,4.84750479196003,-0.45164764910289
2024-03-18,"PLYM",6.95058333333333,7.17311244150392,-0.222529108170588
2024-03-18,"SHDG",4.6355,5.79287402659655,-1.15737402659655
2024-03-18,"SHE",4.8035,5.81053474539165,-1.00703474539165
2024-03-18,"BEL2",6.83270833333333,6.84511632036676,-0.0124079870334297
2024-03-18,"GLKP",3.64691666666667,4.51600219295008,-0.869085526283409
2024-03-18,"LECU",5.85995833333333,5.11361425257728,0.746344080756045
2024-03-18,"SUN2",3.77266666666667,6.7371525406156,-2.96448587394893
2024-03-18,"TRAN",4.67283333333333,5.2077814190727,-0.534948085739373
2024-03-18,"STOK",5.06975,5.24374190739885,-0.173991907398855
2024-03-18,"BEX",5.09833333333333,6.21108774421606,-1.11275441088273
2024-03-18,"SEND",5.41583333333333,6.00987090225833,-0.594037568925
2024-03-18,"HUL2",5.88445833333333,6.98604260324132,-1.10158426990799
2024-03-18,"PEMB",5.82841666666667,4.89333557292115,0.935081093745517
2024-03-18,"WFEN",4.638375,5.2609465771994,-0.622571577199398
2024-03-18,"OSY",5.79391666666667,6.11353445579241,-0.319617789125743
2024-03-18,"ACTH",2.45683333333333,2.3530444749557,0.103788858377627
2024-03-18,"COPP",10.219,5.37445089905829,4.84454910094171
2024-03-19,"EB",4.803375,5.35644091907492,-0.553065919074916
2024-03-19,"IMGM",5.010875,5.49812435687635,-0.487249356876355
2024-03-19,"PRES",5.914875,5.40695107665019,0.507923923349807
2024-03-19,"BIRR",5.39404166666667,6.75744519516362,-1.36340352849695
2024-03-19,"BLC2",7.60225,6.08312690106805,1.51912309893195
2024-03-19,"BOTR",6.65095833333333,5.93097320689319,0.719985126440136
2024-03-19,"GHSR",5.79795833333333,4.60087299354339,1.19708533978994
2024-03-19,"LEAM",3.33429166666667,5.33340215242594,-1.99911048575927
2024-03-19,"NPT3",4.44475,5.92105750518463,-1.47630750518463
2024-03-19,"REA1",3.50441666666667,5.24254812839767,-1.738131461731
2024-03-19,"SOUT",4.57941666666667,5.66854663159835,-1.08912996493168
2024-03-19,"WREX",4.65120833333333,5.0658790696235,-0.414670736290175
2024-03-19,"LEAR",3.20454166666667,5.18818217623941,-1.98364050957274
2024-03-19,"PLYM",6.25008333333333,6.85593298191418,-0.605849648580855
2024-03-19,"SHDG",5.59466666666667,5.88719999002517,-0.292533323358501
2024-03-19,"SHE",6.07704166666667,5.87840654023011,0.198635126436557
2024-03-19,"BEL2",6.11725,6.53115706265105,-0.413907062651052
2024-03-19,"GLKP",4.84175,4.35098664601504,0.490763353984957
2024-03-19,"LECU",3.80045454545455,5.91631831246203,-2.11586376700748
2024-03-19,"SUN2",3.45520833333333,5.09046077113023,-1.6352524377969
2024-03-19,"TRAN",5.739,5.44801759780429,0.29098240219571
2024-03-19,"STOK",4.887,5.82056123935478,-0.933561239354785
2024-03-19,"BEX",3.62033333333333,5.98863569299916,-2.36830235966583
2024-03-19,"SEND",3.551375,5.90690480339013,-2.35552980339013
2024-03-19,"HUL2",5.11008333333333,6.5064436709754,-1.39636033764207
2024-03-19,"PEMB",5.42554166666667,5.26719354015013,0.158348126516541
2024-03-19,"WFEN",4.11858333333333,5.28509661596409,-1.16651328263076
2024-03-19,"OSY",4.00754166666667,5.97715955352526,-1.96961788685859
2024-03-19,"ACTH",3.90991304347826,3.1573252745898,0.752587768888461
2024-03-19,"COPP",6.79241666666667,7.64900547231005,-0.85658880564338
2024-03-20,"EB",9.15679166666667,5.31226714300967,3.844524523657
2024-03-20,"IMGM",8.18795833333333,5.64540555607254,2.5425527772608
2024-03-20,"PRES",7.92758333333333,5.75929970673169,2.16828362660164
2024-03-20,"BIRR",8.14366666666667,6.11675626824236,2.02691039842431
2024-03-20,"BLC2",7.36629166666667,6.77977490387576,0.586516762790912
2024-03-20,"BOTR",6.03679166666667,6.18083965827775,-0.144047991611084
2024-03-20,"GHSR",6.25783333333333,5.2096331219209,1.04820021141243
2024-03-20,"LEAM",4.834875,4.74567492504102,0.0892000749589821
2024-03-20,"NPT3",4.11066666666667,5.20845521210577,-1.0977885454391
2024-03-20,"REA1",7.79579166666667,4.7463663795349,3.04942528713177
2024-03-20,"SOUT",7.98554166666667,5.32737411954873,2.65816754711794
2024-03-20,"WREX",8.9515,5.03489365639301,3.91660634360699
2024-03-20,"LEAR",4.59020833333333,4.59388363630655,-0.00367530297322105
2024-03-20,"PLYM",6.35120833333333,6.46956292889606,-0.118354595562733
2024-03-20,"SHDG",10.2831666666667,6.09897036970323,4.18419629696347
2024-03-20,"SHE",12.0549583333333,6.20747243200089,5.84748590133241
2024-03-20,"BEL2",7.27108333333333,6.13792809272232,1.13315524061101
2024-03-20,"GLKP",5.796,4.65956654912088,1.13643345087912
2024-03-20,"LECU",5.34204166666667,4.98256190085176,0.359479765814907
2024-03-20,"SUN2",9.50886956521739,4.89493562850964,4.61393393670775
2024-03-20,"TRAN",9.72783333333333,5.69364293507154,4.03419039826179
2024-03-20,"STOK",9.0055,5.59198298141534,3.41351701858466
2024-03-20,"BEX",10.2595833333333,5.3084303766195,4.9511529567138
2024-03-20,"SEND",10.675125,5.07874969126489,5.59637530873511
2024-03-20,"HUL2",9.58929166666667,6.09673456525115,3.49255710141552
2024-03-20,"PEMB",3.79716666666667,4.96298674902273,-1.16582008235606
2024-03-20,"WFEN",6.84641666666667,4.95088925260608,1.89552741406059
2024-03-20,"OSY",10.5169166666667,5.17874503510514,5.33817163156156
2024-03-20,"ACTH",5.03845833333333,3.5248344809406,1.51362385239274
2024-03-20,"COPP",9.62958333333333,6.15145049668128,3.47813283665205
2024-03-21,"EB",11.3189583333333,8.38106142516683,2.93789690816647
2024-03-21,"IMGM",10.1592916666667,8.27117055844492,1.88812110822178
2024-03-21,"PRES",8.64204166666667,7.94434742119272,0.697694245473953
2024-03-21,"BIRR",16.5449166666667,8.6121978996527,7.932718767014
2024-03-21,"BLC2",10.1572916666667,8.11859980743244,2.03869185923426
2024-03-21,"BOTR",12.2966666666667,7.3961699606288,4.9004967060379
2024-03-21,"GHSR",10.4422083333333,6.80989615159237,3.63231218174093
2024-03-21,"LEAM",10.3823333333333,6.77751735991545,3.60481597341785
2024-03-21,"NPT3",7.47841666666667,6.56561704733704,0.912799619329631
2024-03-21,"REA1",8.04254166666667,7.80929479008577,0.233246876580902
2024-03-21,"SOUT",11.5007083333333,8.05630951533799,3.44439881799531
2024-03-21,"WREX",5.850125,8.08236270364373,-2.23223770364373
2024-03-21,"LEAR",10.1562916666667,6.58332503445711,3.57296663220959
2024-03-21,"PLYM",6.220625,7.97602152591884,-1.75539652591884
2024-03-21,"SHDG",9.952875,9.28112721711212,0.671747782887881
2024-03-21,"SHE",9.6885,9.86282403036552,-0.174324030365517
2024-03-21,"BEL2",8.093625,8.03462453124822,0.0590004687517744
2024-03-21,"GLKP",8.914125,6.45481156185786,2.45931343814214
2024-03-21,"LECU",9.42316666666667,7.04227227787657,2.3808943887901
2024-03-21,"SUN2",7.01658333333333,8.6012595045898,-1.58467617125647
2024-03-21,"TRAN",7.066625,8.61503653186587,-1.54841153186587
2024-03-21,"STOK",11.1891666666667,8.57940091429471,2.60976575237199
2024-03-21,"BEX",9.55195833333333,9.2484225933165,0.30353574001683
2024-03-21,"SEND",9.19620833333333,9.20381114713898,-0.00760281380565253
2024-03-21,"HUL2",11.673625,9.22631189294651,2.44731310705349
2024-03-21,"PEMB",7.21604166666667,5.82438982761495,1.39165183905172
2024-03-21,"WFEN",6.39445833333333,7.42792627027375,-1.03346793694042
2024-03-21,"OSY",8.6725,9.07505969872593,-0.402559698725927
2024-03-21,"ACTH",5.86379166666667,5.38093633055143,0.482855336115237
2024-03-21,"COPP",11.0220416666667,8.71085076881118,2.31119089785552
2024-03-22,"EB",5.788125,9.44366065725342,-3.65553565725342
2024-03-22,"IMGM",5.761625,9.28000554713898,-3.51838054713898
2024-03-22,"PRES",8.42475,8.50428359882394,-0.0795335988239394
2024-03-22,"BIRR",6.15858333333333,12.0094355675055,-5.85085223417221
2024-03-22,"BLC2",10.6171666666667,9.4802621763095,1.1369044903572
2024-03-22,"BOTR",4.75816666666667,10.0484767413606,-5.29031007469392
2024-03-22,"GHSR",6.872125,8.67777649524273,-1.80565149524273
2024-03-22,"LEAM",5.022625,9.13542681634059,-4.11280181634059
2024-03-22,"NPT3",4.72483333333333,8.14237494665301,-3.41754161331968
2024-03-22,"REA1",6.813125,8.16313639789282,-1.35001139789282
2024-03-22,"SOUT",6.60870833333333,9.6338279268017,-3.02511959346837
2024-03-22,"WREX",5.12091666666667,7.19561464355449,-2.07469797688782
2024-03-22,"LEAR",4.97454166666667,8.9497896714172,-3.97524800475053
2024-03-22,"PLYM",7.77625,8.2504001061161,-0.474150106116096
2024-03-22,"SHDG",6.18033333333333,9.41545983152854,-3.23512649819521
2024-03-22,"SHE",5.820625,9.22420172657989,-3.40357672657989
2024-03-22,"BEL2",6.83470833333333,8.64697220084013,-1.8122638675068
2024-03-22,"GLKP",6.23904166666667,7.92053367080462,-1.68149200413795
2024-03-22,"LECU",5.21229166666667,8.85632314501887,-3.6440314783522
2024-03-22,"SUN2",6.526125,7.91492800828758,-1.38880300828758
2024-03-22,"TRAN",7.87341666666667,7.89585251268768,-0.0224358460210068
2024-03-22,"STOK",5.39791666666667,9.65334841864728,-4.25543175198061
2024-03-22,"BEX",7.28383333333333,9.21486584447448,-1.93103251114115
2024-03-22,"SEND",8.60458333333333,8.87751874231329,-0.272935408979961
2024-03-22,"HUL2",5.99258333333333,10.2582630008766,-4.26567966754327
2024-03-22,"PEMB",5.49925,7.43872619210258,-1.93947619210258
2024-03-22,"WFEN",5.88141666666667,7.54541437888771,-1.66399771222104
2024-03-22,"OSY",7.6465,8.62219821565402,-0.975698215654019
2024-03-22,"ACTH",4.35533333333333,5.99468242785835,-1.63934909452502
2024-03-22,"COPP",5.78220833333333,9.51011043673696,-3.72790210340363
2024-03-23,"EB",3.59483333333333,5.60568857351365,-2.01085524018032
2024-03-23,"IMGM",4.92525,5.86461314348499,-0.939363143484991
2024-03-23,"PRES",6.73745833333333,6.65579452963158,0.0816638037017521
2024-03-23,"BIRR",4.87420833333333,6.28268967323785,-1.40848133990452
2024-03-23,"BLC2",8.98683333333333,7.85275868082751,1.13407465250582
2024-03-23,"BOTR",4.30716666666667,5.40767128599302,-1.10050461932635
2024-03-23,"GHSR",6.80925,5.53713267531419,1.27211732468581
2024-03-23,"LEAM",3.843375,5.31210961253646,-1.46873461253646
2024-03-23,"NPT3",4.896875,5.3159985933233,-0.419123593323297
2024-03-23,"REA1",3.86204166666667,5.94639546197771,-2.08435379531104
2024-03-23,"SOUT",3.89454166666667,6.01305765588224,-2.11851598921557
2024-03-23,"WREX",4.47916666666667,5.21240883484739,-0.733242168180718
2024-03-23,"LEAR",4.069375,5.19213683050155,-1.12276183050155
2024-03-23,"PLYM",5.750875,7.07093462116922,-1.32005962116922
2024-03-23,"SHDG",5.06195833333333,6.26481456237344,-1.20285622904011
2024-03-23,"SHE",4.72883333333333,6.06755545191223,-1.3387221185789
2024-03-23,"BEL2",5.835375,6.41101066375435,-0.575635663754348
2024-03-23,"GLKP",5.82654166666667,5.1268355558828,0.699706110783866
2024-03-23,"LECU",4.4075,5.47975638803872,-1.07225638803872
2024-03-23,"SUN2",4.06545833333333,6.01140724181551,-1.94594890848218
2024-03-23,"TRAN",7.41841666666667,6.47538786102423,0.943028805642443
2024-03-23,"STOK",5.34404166666667,5.71858385496446,-0.374542188297789
2024-03-23,"BEX",3.871875,6.62703174590467,-2.75515674590467
2024-03-23,"SEND",3.76179166666667,6.92192445006112,-3.16013278339445
2024-03-23,"HUL2",5.0905,6.36576033226498,-1.27526033226498
2024-03-23,"PEMB",4.713125,4.99573908952068,-0.28261408952068
2024-03-23,"WFEN",3.20758333333333,5.6041472444618,-2.39656391112847
2024-03-23,"OSY",3.53866666666667,6.51093341401999,-2.97226674735332
2024-03-23,"ACTH",3.55733333333333,3.66622692410829,-0.108893590774961
2024-03-23,"COPP",5.44420833333333,5.79103548883859,-0.346827155505262
2024-03-24,"EB",4.856625,4.63202231397716,0.224602686022844
2024-03-24,"IMGM",5.66341666666667,5.37735994298178,0.286056723684895
2024-03-24,"PRES",7.11195833333333,5.79308690949553,1.3188714238378
2024-03-24,"BIRR",5.43241666666667,5.71568785670046,-0.283271190033789
2024-03-24,"BLC2",8.092625,7.00140304747997,1.09122195252003
2024-03-24,"BOTR",8.68504166666667,5.10842325287712,3.57661841378955
2024-03-24,"GHSR",4.50379166666667,5.32454017412472,-0.820748507458052
2024-03-24,"LEAM",5.16516666666667,4.7116759375335,0.453490729133166
2024-03-24,"NPT3",5.33429166666667,5.17868432170029,0.155607344966376
2024-03-24,"REA1",5.36954166666667,4.63003414587456,0.739507520792112
2024-03-24,"SOUT",5.568,4.83721139354218,0.730788606457816
2024-03-24,"WREX",6.15570833333333,4.7444397180606,1.41126861527273
2024-03-24,"LEAR",5.22404166666667,4.69068698973703,0.53335467692964
2024-03-24,"PLYM",5.78429166666667,6.05744022188743,-0.273148555220761
2024-03-24,"SHDG",6.04858333333333,5.66408057916055,0.384502754172779
2024-03-24,"SHE",5.55620833333333,5.47804317944119,0.0781651538921357
2024-03-24,"BEL2",5.277125,5.81818640473988,-0.541061404739876
2024-03-24,"GLKP",3.69108333333333,4.77182157263865,-1.08073823930532
2024-03-24,"LECU",7.75058333333333,5.0015149565667,2.74906837676663
2024-03-24,"SUN2",5.82166666666667,4.86610200108932,0.955564665577351
2024-03-24,"TRAN",7.64258333333333,6.05449117389067,1.58809215944266
2024-03-24,"STOK",7.39879166666667,5.54130913254358,1.85748253412309
2024-03-24,"BEX",6.54479166666667,5.15487557555334,1.38991609111333
2024-03-24,"SEND",6.26779166666667,4.89551217554066,1.37227949112601
2024-03-24,"HUL2",5.436375,5.87264231851693,-0.43626731851693
2024-03-24,"PEMB",4.35825,4.48850040258378,-0.130250402583775
2024-03-24,"WFEN",4.49583333333333,4.3801901509352,0.115643182398134
2024-03-24,"OSY",5.51095833333333,4.7630737352629,0.74788459807043
2024-03-24,"ACTH",3.160375,3.15158875508018,0.00878624491982283
2024-03-24,"COPP",7.02525,5.50055403450857,1.52469596549143
2024-03-25,"EB",6.75320833333333,5.83930443523232,0.913903898101005
2024-03-25,"IMGM",8.34116666666667,6.37110327732624,1.97006338934043
2024-03-25,"PRES",5.717375,6.66434644861635,-0.946971448616346
2024-03-25,"BIRR",6.36404166666667,6.6492085553522,-0.285166888685527
2024-03-25,"BLC2",6.954625,7.4017932011524,-0.447168201152397
2024-03-25,"BOTR",7.09420833333333,7.44510868302249,-0.35090034968916
2024-03-25,"GHSR",3.27441666666667,5.1794998651018,-1.90508319843513
2024-03-25,"LEAM",5.65745833333333,5.92658618873803,-0.269127855404698
2024-03-25,"NPT3",5.21916666666667,6.04648095863192,-0.827314291965248
2024-03-25,"REA1",5.58758333333333,5.93926150590358,-0.351678172570246
2024-03-25,"SOUT",6.0525,6.2045139291701,-0.152013929170099
2024-03-25,"WREX",5.66133333333333,6.08304318276103,-0.4217098494277
2024-03-25,"LEAR",5.70854166666667,5.83973176017633,-0.131190093509658
2024-03-25,"PLYM",5.14741666666667,6.80719850178017,-1.6597818351135
2024-03-25,"SHDG",8.45420833333333,6.75393692653866,1.70027140679467
2024-03-25,"SHE",8.19375,6.50851552496878,1.68523447503122
2024-03-25,"BEL2",4.398625,6.33396122814664,-1.93533622814664
2024-03-25,"GLKP",3.36683333333333,4.69479966553622,-1.32796633220289
2024-03-25,"LECU",6.62358333333333,6.959910324275,-0.336326990941665
2024-03-25,"SUN2",12.5040833333333,6.26041270894562,6.24367062438768
2024-03-25,"TRAN",6.05941666666667,6.85230888344184,-0.792892216775175
2024-03-25,"STOK",6.9645,7.01157162318711,-0.0470716231871124
2024-03-25,"BEX",8.47479166666667,6.90251947855847,1.5722721881082
2024-03-25,"SEND",7.63279166666667,6.6019174557161,1.03087421095057
2024-03-25,"HUL2",9.488,6.72198997759154,2.76601002240846
2024-03-25,"PEMB",2.63566666666667,5.07655444813306,-2.44088778146639
2024-03-25,"WFEN",7.98945833333333,5.60419441619723,2.3852639171361
2024-03-25,"OSY",7.85566666666667,6.2611601992292,1.59450646743747
2024-03-25,"ACTH",2.57191666666667,3.72422215707184,-1.15230549040517
2024-03-25,"COPP",6.660875,6.79940149329154,-0.138526493291545
2024-03-26,"EB",6.57733333333333,6.67978379216977,-0.102450458836439
2024-03-26,"IMGM",16.2657916666667,7.50854029569994,8.75725137096676
2024-03-26,"PRES",14.7278333333333,6.29824368312558,8.42958965020772
2024-03-26,"BIRR",11.1154166666667,7.14230747124823,3.97310919541847
2024-03-26,"BLC2",16.3345833333333,7.14902166195171,9.18556167138159
2024-03-26,"BOTR",14.1521666666667,6.94865045807171,7.20351620859499
2024-03-26,"GHSR",1.24804166666667,4.91319547397401,-3.66515380730734
2024-03-26,"LEAM",9.80545833333333,6.24591950821818,3.55953882511515
2024-03-26,"NPT3",6.23629166666667,6.15350427179889,0.0827873948677826
2024-03-26,"REA1",6.1095,6.15431268278169,-0.0448126827816857
2024-03-26,"SOUT",5.18966666666667,6.51589671320321,-1.32623004653654
2024-03-26,"WREX",13.437625,6.03171394758748,7.40591105241252
2024-03-26,"LEAR",9.682625,6.15858480085305,3.52404019914695
2024-03-26,"PLYM",2.66225,6.72673373943172,-4.06448373943172
2024-03-26,"SHDG",16.2520416666667,7.78697554425714,8.46506612240956
2024-03-26,"SHE",14.0507916666667,7.62977104352376,6.42102062314294
2024-03-26,"BEL2",4.55283333333333,6.17249538568124,-1.6196620523479
2024-03-26,"GLKP",1.21458333333333,4.76139105253867,-3.54680771920534
2024-03-26,"LECU",12.698625,6.65020002692768,6.04842497307232
2024-03-26,"SUN2",6.477,8.86689682905265,-2.38989682905265
2024-03-26,"TRAN",14.8281666666667,6.41850176581066,8.40966490085604
2024-03-26,"STOK",12.667125,6.97705697166996,5.69006802833004
2024-03-26,"BEX",10.0944166666667,7.73506025441325,2.35935641225345
2024-03-26,"SEND",9.666,7.2275324339022,2.4384675660978
2024-03-26,"HUL2",16.3139583333333,8.3740886114597,7.9398697218736
2024-03-26,"PEMB",2.59725,4.59943206504548,-2.00218206504548
2024-03-26,"WFEN",10.594625,7.0359876467642,3.5586373532358
2024-03-26,"OSY",9.99316666666667,7.25743659069516,2.73573007597151
2024-03-26,"ACTH",1.25983333333333,3.66789260956913,-2.4080592762358
2024-03-26,"COPP",13.2606666666667,6.79761165568334,6.46305501098336
2024-03-27,"EB",3.89441666666667,8.10482237313691,-4.21040570647024
2024-03-27,"IMGM",7.54316666666667,11.9235197811733,-4.38035311450667
2024-03-27,"PRES",3.96816666666667,11.1741571489131,-7.20599048224644
2024-03-27,"BIRR",3.43454166666667,10.4067589203656,-6.97221725369895
2024-03-27,"BLC2",5.03045833333333,12.1581381464396,-7.12767981310624
2024-03-27,"BOTR",2.721125,11.1039996466253,-8.38287464662529
2024-03-27,"GHSR",1.78358333333333,5.69764605870237,-3.91406272536904
2024-03-27,"LEAM",2.53060869565217,9.29315006008573,-6.76254136443356
2024-03-27,"NPT3",2.933375,8.04950983749141,-5.11613483749141
2024-03-27,"REA1",2.676875,7.86204899741826,-5.18517399741826
2024-03-27,"SOUT",3.59570833333333,7.70675420340332,-4.11104587006999
2024-03-27,"WREX",3.015,10.4374132771052,-7.42241327710516
2024-03-27,"LEAR",2.57279166666667,9.14149241151957,-6.5687007448529
2024-03-27,"PLYM",4.201125,7.33267301266206,-3.13154801266206
2024-03-27,"SHDG",6.15795833333333,12.158897858113,-6.00093952477963
2024-03-27,"SHE",6.60766666666667,11.2793016344449,-4.67163496777819
2024-03-27,"BEL2",4.76504166666667,7.75978732801248,-2.9947456613458
2024-03-27,"GLKP",1.644125,5.48617246458652,-3.84204746458652
2024-03-27,"LECU",2.89508333333333,10.4347052866992,-7.53962195336588
2024-03-27,"SUN2",7.51579166666667,8.05518316214821,-0.53939149548154
2024-03-27,"TRAN",4.13816666666667,11.2075791437313,-7.06941247706461
2024-03-27,"STOK",3.20270833333333,10.6136094326044,-7.41090109927103
2024-03-27,"BEX",3.05820833333333,9.82484019760623,-6.7666318642729
2024-03-27,"SEND",2.93729166666667,9.4786782763654,-6.54138660969873
2024-03-27,"HUL2",8.10933333333333,12.36223545365,-4.25290212031666
2024-03-27,"PEMB",2.82225,6.12751178156817,-3.30526178156817
2024-03-27,"WFEN",2.983,9.46839000816283,-6.48539000816283
2024-03-27,"OSY",3.558375,9.53311475102546,-5.97473975102546
2024-03-27,"ACTH",1.32922727272727,4.70775541924895,-3.37852814652168
2024-03-27,"COPP",3.14270833333333,10.7655525112631,-7.62284417792973
2024-03-28,"EB",7.13945833333333,3.64892461840999,3.49053371492334
2024-03-28,"IMGM",3.80995833333333,5.11330259423157,-1.30334426089824
2024-03-28,"PRES",2.93829166666667,3.59359232650555,-0.655300659838879
2024-03-28,"BIRR",2.76733333333333,4.02819688446061,-1.26086355112728
2024-03-28,"BLC2",3.401125,4.37053405207696,-0.969409052076959
2024-03-28,"BOTR",2.23958333333333,3.30280891216929,-1.06322557883596
2024-03-28,"GHSR",4.78083333333333,2.46081479037426,2.32001854295907
2024-03-28,"LEAM",2.23758333333333,3.0737063127695,-0.836122979436169
2024-03-28,"NPT3",2.98654166666667,3.34672719789202,-0.360185531225348
2024-03-28,"REA1",4.1795,3.11834083014138,1.06115916985862
2024-03-28,"SOUT",6.30695833333333,3.66420106429275,2.64275726904058
2024-03-28,"WREX",2.34483333333333,2.99949165883223,-0.654658325498898
2024-03-28,"LEAR",2.20620833333333,2.98569055151445,-0.779482218181123
2024-03-28,"PLYM",7.79866666666667,4.4741773353559,3.32448933131077
2024-03-28,"SHDG",3.16633333333333,4.84238887338522,-1.67605554005189
2024-03-28,"SHE",3.02766666666667,4.97290375337658,-1.94523708670991
2024-03-28,"BEL2",5.743875,4.37176394147413,1.37211105852587
2024-03-28,"GLKP",4.71020833333333,2.21188131570548,2.49832701762785
2024-03-28,"LECU",2.22966666666667,3.25064739713175,-1.02098073046508
2024-03-28,"SUN2",7.28570833333333,5.06241070932716,2.22329762400617
2024-03-28,"TRAN",2.36541666666667,3.65630586520081,-1.29088919853414
2024-03-28,"STOK",2.48533333333333,3.56055798066442,-1.07522464733109
2024-03-28,"BEX",4.86241666666667,3.73021862316997,1.1321980434967
2024-03-28,"SEND",6.65,3.49202837709355,3.15797162290645
2024-03-28,"HUL2",4.78391666666667,5.75975439402465,-0.975837727357985
2024-03-28,"PEMB",2.42333333333333,2.7470013073049,-0.323667973971569
2024-03-28,"WFEN",3.22520833333333,3.1463886830325,0.0788196503008312
2024-03-28,"OSY",5.94241666666667,3.65385757445677,2.2885590922099
2024-03-28,"ACTH",3.93966666666667,1.28793374140405,2.65173292526262
2024-03-28,"COPP",2.292625,3.45744898188726,-1.16482398188726
2024-03-29,"EB",4.48704166666667,5.9412740334026,-1.45423236673593
2024-03-29,"IMGM",2.37920833333333,4.90721786787462,-2.52800953454129
2024-03-29,"PRES",3.09854166666667,4.41840927978208,-1.31986761311541
2024-03-29,"BIRR",3.215375,4.94304721314102,-1.72767221314102
2024-03-29,"BLC2",3.33333333333333,4.98109494125622,-1.64776160792289
2024-03-29,"BOTR",3.14370833333333,4.34044760307361,-1.19673926974028
2024-03-29,"GHSR",2.92066666666667,4.61501513200403,-1.69434846533736
2024-03-29,"LEAM",2.74866666666667,4.12134280797109,-1.37267614130442
2024-03-29,"NPT3",3.72741666666667,4.46543266525049,-0.738015998583817
2024-03-29,"REA1",4.23058333333333,4.77593008198676,-0.545346748653428
2024-03-29,"SOUT",5.56595833333333,5.74310342284098,-0.177145089507646
2024-03-29,"WREX",3.19670833333333,3.95272532723864,-0.756016993905305
2024-03-29,"LEAR",2.59245833333333,4.00369811116512,-1.41123977783179
2024-03-29,"PLYM",6.985,6.83633499004551,0.148665009954486
2024-03-29,"SHDG",3.03070833333333,4.93080464742139,-1.90009631408806
2024-03-29,"SHE",2.567875,4.80515789014182,-2.23728289014182
2024-03-29,"BEL2",9.595125,5.78280817158829,3.81231682841171
2024-03-29,"GLKP",2.60908333333333,4.39311034576803,-1.7840270124347
2024-03-29,"LECU",2.520625,4.19672652326116,-1.67610152326116
2024-03-29,"SUN2",3.19679166666667,6.01365593586254,-2.81686426919587
2024-03-29,"TRAN",3.00904166666667,4.20488870135304,-1.19584703468637
2024-03-29,"STOK",3.13379166666667,4.48250366419456,-1.34871199752789
2024-03-29,"BEX",4.01741666666667,5.55143200010786,-1.53401533344119
2024-03-29,"SEND",5.02354166666667,6.01590235509558,-0.992360688428908
2024-03-29,"HUL2",3.15745833333333,5.69729530414283,-2.5398369708095
2024-03-29,"PEMB",4.82708333333333,3.64741280529153,1.1796705280418
2024-03-29,"WFEN",3.11029166666667,4.39717556125886,-1.2868838945922
2024-03-29,"OSY",4.341625,5.68123590228432,-1.33961090228432
2024-03-29,"ACTH",1.33745833333333,3.30553517179758,-1.96807683846425
2024-03-29,"COPP",3.00904166666667,4.33963755000792,-1.33059588334125
2024-03-30,"EB",5.14358333333333,4.71160931934288,0.431974013990454
2024-03-30,"IMGM",5.16125,4.2306558884814,0.930594111518602
2024-03-30,"PRES",4.28058333333333,4.292377542533,-0.0117942091996666
2024-03-30,"BIRR",6.398375,4.91841849192674,1.47995650807326
2024-03-30,"BLC2",4.813375,4.7792068664934,0.0341681335065998
2024-03-30,"BOTR",5.58570833333333,4.48212168627875,1.10358664705458
2024-03-30,"GHSR",3.61154166666667,3.6824425739137,-0.0709009072470304
2024-03-30,"LEAM",4.928375,4.11468267864426,0.813692321355737
2024-03-30,"NPT3",4.81825,4.5389241056474,0.2793258943526
2024-03-30,"REA1",4.5735,4.572986391607,0.000513608393000631
2024-03-30,"SOUT",4.98916666666667,5.22929396146075,-0.240127294794084
2024-03-30,"WREX",4.63545833333333,4.07775715771768,0.557701175615651
2024-03-30,"LEAR",4.96466666666667,3.95184712778683,1.01281953887984
2024-03-30,"PLYM",6.18516666666667,6.28284092845749,-0.0976742617908206
2024-03-30,"SHDG",7.59241666666667,4.72340080676719,2.86901585989948
2024-03-30,"SHE",5.41475,4.48612435341229,0.928625646587709
2024-03-30,"BEL2",7.25533333333333,6.99534687536112,0.259986457972207
2024-03-30,"GLKP",3.24979166666667,3.37027294091428,-0.120481274247612
2024-03-30,"LECU",4.463625,4.11387352146779,0.349751478532212
2024-03-30,"SUN2",6.15179166666667,4.30181564031179,1.84997602635488
2024-03-30,"TRAN",4.73966666666667,4.26864156128787,0.471025105378796
2024-03-30,"STOK",5.17404166666667,4.53285054513324,0.641191121533429
2024-03-30,"BEX",4.897875,5.01215192979563,-0.114276929795627
2024-03-30,"SEND",4.465375,5.15961527906947,-0.69424027906947
2024-03-30,"HUL2",5.79991666666667,4.94235257001335,0.85756409665332
2024-03-30,"PEMB",3.86408333333333,4.3434996782474,-0.479416344914066
2024-03-30,"WFEN",4.13729166666667,4.15087898062525,-0.0135873139585847
2024-03-30,"OSY",4.14025,4.85359010094486,-0.71334010094486
2024-03-30,"ACTH",1.79741666666667,2.10361021245725,-0.306193545790584
2024-03-30,"COPP",5.48645833333333,4.41707351917836,1.06938481415497
2024-03-31,"EB",8.38045833333333,5.69514766702517,2.68531066630816
2024-03-31,"IMGM",7.24445833333333,5.98408870831481,1.26036962501852
2024-03-31,"PRES",6.471125,5.43011011355557,1.04101488644443
2024-03-31,"BIRR",7.93925,6.79335073771674,1.14589926228326
2024-03-31,"BLC2",7.199375,6.03063039204872,1.16874460795128
2024-03-31,"BOTR",7.13741666666667,6.075950347528,1.06146631913867
2024-03-31,"GHSR",4.29929166666667,4.6672933507054,-0.368001684038735
2024-03-31,"LEAM",8.51904166666667,5.61699330875273,2.90204835791394
2024-03-31,"NPT3",7.527625,5.63450389209506,1.89312110790493
2024-03-31,"REA1",14.207,5.40139984946028,8.80560015053972
2024-03-31,"SOUT",8.15941666666667,5.72836618739133,2.43105047927534
2024-03-31,"WREX",6.8965,5.30063976424397,1.59586023575603
2024-03-31,"LEAR",8.079875,5.52727543064813,2.55259956935187
2024-03-31,"PLYM",5.45104166666667,6.70032383709354,-1.24928217042687
2024-03-31,"SHDG",10.0579583333333,7.11754106390812,2.94041726942518
2024-03-31,"SHE",9.14208333333333,6.24959639719668,2.89248693613665
2024-03-31,"BEL2",6.68441666666667,6.77511226570372,-0.0906955990370468
2024-03-31,"GLKP",4.30429166666667,4.34000689349704,-0.0357152268303711
2024-03-31,"LECU",7.52170833333333,5.53165471440193,1.9900536189314
2024-03-31,"SUN2",9.18533333333333,6.15760437986132,3.02772895347201
2024-03-31,"TRAN",6.12329166666667,5.60266085777486,0.520630808891813
2024-03-31,"STOK",6.52825,5.98151454667451,0.546735453325486
2024-03-31,"BEX",18.6715,6.05262452542152,12.6188754745785
2024-03-31,"SEND",18.5389166666667,5.67833797556068,12.860578691106
2024-03-31,"HUL2",6.90258333333333,6.64688862904293,0.255694704290403
2024-03-31,"PEMB",5.95420833333333,4.65420159412149,1.30000673921184
2024-03-31,"WFEN",15.0827083333333,5.23513171365732,9.84757661967599
2024-03-31,"OSY",13.8689583333333,5.5041324980712,8.3648258352621
2024-03-31,"ACTH",3.27541666666667,3.0135925862164,0.261824080450275
2024-03-31,"COPP",6.54191666666667,6.02672672980244,0.515189936864235
2024-04-01,"EB",3.359875,8.46839671593786,-5.10852171593786
2024-04-01,"IMGM",4.21779166666667,8.29930502414966,-4.08151335748299
2024-04-01,"PRES",2.786,7.8081317601107,-5.0221317601107
2024-04-01,"BIRR",5.05008333333333,8.90186210283334,-3.85177876950001
2024-04-01,"BLC2",2.34283333333333,8.47677723688193,-6.1339439035486
2024-04-01,"BOTR",4.68758333333333,8.19914531061972,-3.51156197728639
2024-04-01,"GHSR",3.61729166666667,6.49561170512799,-2.87832003846132
2024-04-01,"LEAM",4.39170833333333,8.4993875664631,-4.10767923312977
2024-04-01,"NPT3",3.64683333333333,8.20606367800285,-4.55923034466952
2024-04-01,"REA1",3.53879166666667,10.54907807968,-7.01028641301336
2024-04-01,"SOUT",3.632125,8.4946902363912,-4.8625652363912
2024-04-01,"WREX",4.21179166666667,7.701084829809,-3.48929316314233
2024-04-01,"LEAR",4.24529166666667,8.23074320689796,-3.98545154023129
2024-04-01,"PLYM",4.27966666666667,8.02331080272555,-3.74364413605888
2024-04-01,"SHDG",4.354375,9.54878368350358,-5.19440868350358
2024-04-01,"SHE",3.65579166666667,9.17301811932552,-5.51722645265885
2024-04-01,"BEL2",4.3475,8.18074137156756,-3.83324137156756
2024-04-01,"GLKP",3.603625,6.30492640423848,-2.70130140423848
2024-04-01,"LECU",4.29945833333333,8.2201383189194,-3.92067998558607
2024-04-01,"SUN2",4.39770833333333,8.82242330621271,-4.42471497287938
2024-04-01,"TRAN",3.08583333333333,7.67382523083635,-4.58799189750302
2024-04-01,"STOK",3.37854166666667,8.03732181693207,-4.6587801502654
2024-04-01,"BEX",4.25320833333333,12.7264552815939,-8.4732469482606
2024-04-01,"SEND",2.75554166666667,12.4840013991561,-9.72845973248942
2024-04-01,"HUL2",7.75158333333333,8.6008297407261,-0.849246407392768
2024-04-01,"PEMB",2.39483333333333,7.02590661701214,-4.63107328367881
2024-04-01,"WFEN",6.05241666666667,10.8590172615766,-4.80660059490992
2024-04-01,"OSY",3.16625,10.6949223141671,-7.52867231416714
2024-04-01,"ACTH",3.06604166666667,5.13801911914967,-2.071977452483
2024-04-01,"COPP",3.12891666666667,7.96555391319905,-4.83663724653239
2024-04-02,"EB",5.67225,3.66099788478245,2.01125211521755
2024-04-02,"IMGM",6.36508333333333,4.24725301629037,2.11783031704296
2024-04-02,"PRES",7.90591666666667,3.51057915503134,4.39533751163533
2024-04-02,"BIRR",5.09929166666667,4.90856230415998,0.190729362506693
2024-04-02,"BLC2",8.42770833333333,3.7424069472817,4.68530138605163
2024-04-02,"BOTR",7.75958333333333,4.36846002090113,3.3911233124322
2024-04-02,"GHSR",1.48883333333333,3.33233904104087,-1.84350570770754
2024-04-02,"LEAM",3.049375,4.01783841510409,-0.968463415104093
2024-04-02,"NPT3",3.46116666666667,3.82854682894197,-0.367380162275299
2024-04-02,"REA1",2.965875,3.55715913408559,-0.591284134085592
2024-04-02,"SOUT",4.63245833333333,3.8710125185982,0.761445814735125
2024-04-02,"WREX",3.25470833333333,3.77316575764255,-0.518457424309218
2024-04-02,"LEAR",3.00495833333333,3.86450255117526,-0.859544217841926
2024-04-02,"PLYM",8.84933333333333,4.69920154285748,4.15013179047585
2024-04-02,"SHDG",6.204875,4.4994439256457,1.7054310743543
2024-04-02,"SHE",7.31329166666667,4.18601472346774,3.12727694319893
2024-04-02,"BEL2",4.29933333333333,4.42245545992686,-0.123122126593533
2024-04-02,"GLKP",1.540875,3.1294568890264,-1.5885818890264
2024-04-02,"LECU",3.95245833333333,4.08158624343073,-0.129127910097405
2024-04-02,"SUN2",17.6798333333333,4.10426207829443,13.5755712550389
2024-04-02,"TRAN",5.08554166666667,3.62784850883123,1.45769315783544
2024-04-02,"STOK",5.63970833333333,3.95018068875373,1.6895276445796
2024-04-02,"BEX",3.04641666666667,4.28553672548344,-1.23912005881677
2024-04-02,"SEND",3.31958333333333,3.53300862892104,-0.213425295587714
2024-04-02,"HUL2",9.28275,5.99880934540309,3.28394065459691
2024-04-02,"PEMB",3.91308333333333,2.77638960541118,1.13669372792215
2024-04-02,"WFEN",2.6465,4.45504639544705,-1.80854639544705
2024-04-02,"OSY",4.057625,3.68885037776529,0.368774622234707
2024-04-02,"ACTH",3.262625,2.13847225305645,1.12415274694355
2024-04-02,"COPP",4.77604166666667,3.78516652197219,0.990875144694483
2024-04-03,"EB",5.36754166666667,6.02041942346263,-0.652877756795956
2024-04-03,"IMGM",3.22725,6.51680103834786,-3.28955103834786
2024-04-03,"PRES",3.7785,6.89094920032804,-3.11244920032804
2024-04-03,"BIRR",3.32458333333333,6.39880247271392,-3.07421913938059
2024-04-03,"BLC2",3.79620833333333,7.49715619267228,-3.70094785933895
2024-04-03,"BOTR",3.03458333333333,6.97230120398867,-3.93771787065534
2024-04-03,"GHSR",1.42979166666667,3.98398435341758,-2.55419268675091
2024-04-03,"LEAM",1.90258333333333,5.01034908952251,-3.10776575618918
2024-04-03,"NPT3",3.68520833333333,5.24604588928802,-1.56083755595469
2024-04-03,"REA1",2.808625,4.92891857930639,-2.12029357930639
2024-04-03,"SOUT",4.05070833333333,5.73722700702196,-1.68651867368863
2024-04-03,"WREX",2.959875,4.8876365211691,-1.9277615211691
2024-04-03,"LEAR",1.95958333333333,4.89058823933645,-2.93100490600312
2024-04-03,"PLYM",6.93820833333333,7.83951075578032,-0.901302422446994
2024-04-03,"SHDG",3.17020833333333,6.69757815118562,-3.52736981785229
2024-04-03,"SHE",3.31566666666667,7.05050331753574,-3.73483665086907
2024-04-03,"BEL2",3.98191666666667,5.86866671019221,-1.88675004352554
2024-04-03,"GLKP",1.34445833333333,3.80571555290642,-2.46125721957309
2024-04-03,"LECU",2.358375,5.42982965702735,-3.07145465702735
2024-04-03,"SUN2",6.40825,10.524559168017,-4.11630916801703
2024-04-03,"TRAN",3.735375,5.84287313796091,-2.10749813796091
2024-04-03,"STOK",2.92258333333333,6.26369046934125,-3.34110713600792
2024-04-03,"BEX",2.57458333333333,5.4764478057065,-2.90186447237317
2024-04-03,"SEND",2.583625,5.39965968605251,-2.81603468605251
2024-04-03,"HUL2",4.045875,7.98427952354596,-3.93840452354596
2024-04-03,"PEMB",2.45679166666667,4.82055191437,-2.36376024770333
2024-04-03,"WFEN",2.22,4.75361053421161,-2.53361053421161
2024-04-03,"OSY",3.17616666666667,5.60361833613763,-2.42745166947096
2024-04-03,"ACTH",2.15995833333333,3.6447267946703,-1.48476846133697
2024-04-03,"COPP",3.13583333333333,5.87496858247575,-2.73913524914242
2024-04-04,"EB",11.3885833333333,4.64744142715198,6.74114190618132
2024-04-04,"IMGM",4.835875,4.09654343049662,0.739331569503381
2024-04-04,"PRES",6.136,4.0612527620193,2.0747472379807
2024-04-04,"BIRR",5.04825,4.51378593752679,0.53446406247321
2024-04-04,"BLC2",7.06183333333333,4.46680498441837,2.59502834891496
2024-04-04,"BOTR",4.6845,3.95069218337383,0.733807816626171
2024-04-04,"GHSR",2.31716666666667,2.76596952103828,-0.448802854371608
2024-04-04,"LEAM",3.38458333333333,3.37800938778815,0.00657394554518476
2024-04-04,"NPT3",5.52183333333333,4.10493690800472,1.41689642532861
2024-04-04,"REA1",4.90570833333333,3.65211934739437,1.25358898593896
2024-04-04,"SOUT",9.529375,4.28049918021485,5.24887581978515
2024-04-04,"WREX",3.41195833333333,3.56539519235148,-0.153436859018153
2024-04-04,"LEAR",3.27829166666667,3.29435410341619,-0.0160624367495217
2024-04-04,"PLYM",15.107125,5.83886101312403,9.26826398687597
2024-04-04,"SHDG",8.25370833333333,4.31981681026157,3.93389152307176
2024-04-04,"SHE",6.18608333333333,4.28995178579868,1.89613154753465
2024-04-04,"BEL2",3.41391666666667,4.52497058634816,-1.11105391968149
2024-04-04,"GLKP",2.1845,2.53585790768152,-0.351357907681518
2024-04-04,"LECU",3.85416666666667,3.61743879501231,0.236727871654364
2024-04-04,"SUN2",2.57970833333333,4.93045920620133,-2.350750872868
2024-04-04,"TRAN",3.45329166666667,4.08706096708599,-0.633769300419319
2024-04-04,"STOK",4.10183333333333,3.99766318205054,0.104170151282788
2024-04-04,"BEX",5.57391666666667,4.09222461811105,1.48169204855562
2024-04-04,"SEND",5.395,3.89208085987749,1.50291914012251
2024-04-04,"HUL2",4.97645833333333,4.79521070636244,0.181247626970886
2024-04-04,"PEMB",5.53366666666667,3.03235371581414,2.50131295085253
2024-04-04,"WFEN",3.19975,3.41784903336772,-0.218099033367719
2024-04-04,"OSY",5.50425,4.03741920397237,1.46683079602763
2024-04-04,"ACTH",2.038125,2.00657577303911,0.0315492269608937
2024-04-04,"COPP",4.250875,4.01677459003393,0.234100409966074
2024-04-05,"EB",6.23916666666667,8.20380734314023,-1.96464067647356
2024-04-05,"IMGM",5.393125,6.05892918707955,-0.665804187079551
2024-04-05,"PRES",5.43641666666667,6.31534179277184,-0.878925126105166
2024-04-05,"BIRR",7.208125,6.49916587960824,0.708959120391756
2024-04-05,"BLC2",9.456625,7.06460763010759,2.39201736989241
2024-04-05,"BOTR",5.66729166666667,5.95123041720847,-0.283938750541799
2024-04-05,"GHSR",2.610125,4.41680369158432,-1.80667869158432
2024-04-05,"LEAM",6.34829166666667,5.26481161965701,1.08348004700966
2024-04-05,"NPT3",8.83066666666667,6.10338659311252,2.72728007355415
2024-04-05,"REA1",7.14625,5.75255771158422,1.39369228841578
2024-04-05,"SOUT",8.498375,7.63990745949517,0.858467540504834
2024-04-05,"WREX",5.579,5.05835151957417,0.520648480425828
2024-04-05,"LEAR",6.15666666666667,5.11919736844457,1.0374692982221
2024-04-05,"PLYM",17.3309166666667,10.2141337397958,7.11678292687093
2024-04-05,"SHDG",5.89529166666667,7.56813846317355,-1.67284679650688
2024-04-05,"SHE",6.70595833333333,6.73220461081463,-0.0262462774812962
2024-04-05,"BEL2",8.99758333333333,5.64031702420313,3.3572663091302
2024-04-05,"GLKP",2.65333333333333,4.17113345646267,-1.51780012312934
2024-04-05,"LECU",5.79416666666667,5.51579146492162,0.27837520174505
2024-04-05,"SUN2",6.20591666666667,4.9955262473355,1.21039041933117
2024-04-05,"TRAN",6.23441666666667,5.323208820597,0.911207846069674
2024-04-05,"STOK",5.6525,5.79491002116282,-0.142410021162817
2024-04-05,"BEX",6.44254166666667,6.53147126856348,-0.0889296018968118
2024-04-05,"SEND",6.12420833333333,6.26549324182379,-0.141284908490464
2024-04-05,"HUL2",6.18916666666667,6.53661069181921,-0.347444025152543
2024-04-05,"PEMB",12.6572083333333,5.51450466128279,7.14270367205051
2024-04-05,"WFEN",5.573,5.10819877293651,0.464801227063488
2024-04-05,"OSY",6.761125,6.23386987529996,0.527255124700044
2024-04-05,"ACTH",2.388875,3.29853150411321,-0.909656504113209
2024-04-05,"COPP",5.75375,5.77472571950412,-0.0209757195041229
2024-04-06,"EB",6.47408333333333,6.63553298025534,-0.161449646922009
2024-04-06,"IMGM",4.98433333333333,6.6684782536263,-1.68414492029297
2024-04-06,"PRES",3.692,6.44845795178168,-2.75645795178168
2024-04-06,"BIRR",5.687875,7.70082187166345,-2.01294687166345
2024-04-06,"BLC2",5.67029166666667,8.33109573186564,-2.66080406519897
2024-04-06,"BOTR",5.38616666666667,6.71784567879313,-1.33167901212646
2024-04-06,"GHSR",7.310375,4.93881972114208,2.37155527885792
2024-04-06,"LEAM",5.36654166666667,6.76776313086817,-1.4012214642015
2024-04-06,"NPT3",8.12895833333333,7.72909858901723,0.3998597443161
2024-04-06,"REA1",5.62016666666667,6.97872329207991,-1.35855662541324
2024-04-06,"SOUT",7.56475,7.60529289377408,-0.040542893774079
2024-04-06,"WREX",4.26695833333333,6.28097267929397,-2.01401434596064
2024-04-06,"LEAR",5.18075,6.59288465682053,-1.41213465682053
2024-04-06,"PLYM",15.5896666666667,11.3466631591125,4.24300350755424
2024-04-06,"SHDG",5.12279166666667,7.04741370910801,-1.92462204244134
2024-04-06,"SHE",6.75704166666667,7.30973748749226,-0.552695820825591
2024-04-06,"BEL2",11.967375,8.14346684307316,3.82390815692684
2024-04-06,"GLKP",7.08725,4.75899174210177,2.32825825789823
2024-04-06,"LECU",4.85266666666667,6.63926626895257,-1.7865996022859
2024-04-06,"SUN2",4.937125,6.82039852659975,-1.88327352659975
2024-04-06,"TRAN",4.1765,6.78391587750731,-2.60741587750731
2024-04-06,"STOK",4.86241666666667,6.77869702959051,-1.91628036292384
2024-04-06,"BEX",5.24370833333333,7.23635772243904,-1.99264938910571
2024-04-06,"SEND",5.44720833333333,6.92143308907704,-1.47422475574371
2024-04-06,"HUL2",5.6585,7.39876669492831,-1.74026669492831
2024-04-06,"PEMB",9.76220833333333,8.53568562366168,1.22652270967165
2024-04-06,"WFEN",4.41429166666667,6.39962089680812,-1.98532923014145
2024-04-06,"OSY",6.22054166666667,7.09226630218028,-0.871724635513606
2024-04-06,"ACTH",4.658125,3.85649094961263,0.801634050387373
2024-04-06,"COPP",4.90270833333333,6.74173074469771,-1.83902241136438
2024-04-07,"EB",7.23275,6.30132024423279,0.931429755767215
2024-04-07,"IMGM",5.118,6.013603017365,-0.895603017365003
2024-04-07,"PRES",4.80058333333333,5.31683881606727,-0.516255482733941
2024-04-07,"BIRR",6.08195833333333,6.61108090375291,-0.52912257041958
2024-04-07,"BLC2",9.30341666666667,6.39840113023708,2.9050155364296
2024-04-07,"BOTR",5.10029166666667,6.10414269821092,-1.00385103154425
2024-04-07,"GHSR",5.227,6.18062099552331,-0.953620995523305
2024-04-07,"LEAM",7.59820833333333,5.8659586828514,1.73224965048193
2024-04-07,"NPT3",8.46316666666667,6.92607841449493,1.53708825217174
2024-04-07,"REA1",8.18595833333333,5.88565956072823,2.3002987726051
2024-04-07,"SOUT",10.1219166666667,6.7788396407479,3.3430770259188
2024-04-07,"WREX",4.54108333333333,5.26826851967545,-0.727185186342116
2024-04-07,"LEAR",7.33679166666667,5.69447016915632,1.64232149751035
2024-04-07,"PLYM",18.3736666666667,10.1741225901938,8.19954407647286
2024-04-07,"SHDG",3.919,6.29977027382857,-2.38077027382857
2024-04-07,"SHE",4.36125,6.82578149897194,-2.46453149897194
2024-04-07,"BEL2",4.53220833333333,8.66796044658896,-4.13575211325563
2024-04-07,"GLKP",4.71016666666667,5.89958554735572,-1.18941888068905
2024-04-07,"LECU",6.87291666666667,5.76711493952933,1.10580172713734
2024-04-07,"SUN2",4.807375,5.80270721177835,-0.995332211778345
2024-04-07,"TRAN",5.05216666666667,5.48602687813963,-0.433860211472958
2024-04-07,"STOK",4.17058333333333,5.9682508564791,-1.79766752314577
2024-04-07,"BEX",7.69270833333333,6.28429294723283,1.4084153861005
2024-04-07,"SEND",6.80325,6.16471210425822,0.638537895741779
2024-04-07,"HUL2",5.36958333333333,6.68929929800194,-1.31971596466861
2024-04-07,"PEMB",11.9683333333333,6.86513408324507,5.10319925008823
2024-04-07,"WFEN",6.06633333333333,5.44075660175505,0.625576731578284
2024-04-07,"OSY",6.95466666666667,6.37848886587502,0.576177800791648
2024-04-07,"ACTH",3.561375,4.19678838582606,-0.635413385826055
2024-04-07,"COPP",4.81620833333333,5.90938802408802,-1.09317969075468
2024-04-08,"EB",5.45991666666667,6.86421062386976,-1.40429395720309
2024-04-08,"IMGM",8.04658333333333,6.35420342495677,1.69237990837656
2024-04-08,"PRES",4.81825,6.03787242094666,-1.21962242094666
2024-04-08,"BIRR",7.20616666666667,7.06416846991111,0.141998196755559
2024-04-08,"BLC2",6.21758333333333,8.08416531570037,-1.86658198236704
2024-04-08,"BOTR",6.51245833333333,6.28746698846967,0.224991344863656
2024-04-08,"GHSR",4.89870833333333,5.62625325391208,-0.727544920578753
2024-04-08,"LEAM",6.31095833333333,6.99210638121741,-0.681148047884077
2024-04-08,"NPT3",6.9645,7.34519617536752,-0.380696175367517
2024-04-08,"REA1",5.71741666666667,7.14343671137254,-1.42602004470587
2024-04-08,"SOUT",6.79241666666667,8.02489027004907,-1.2324736033824
2024-04-08,"WREX",5.353875,5.67391414326233,-0.320039143262333
2024-04-08,"LEAR",6.23816666666667,6.79251523891535,-0.55434857224868
2024-04-08,"PLYM",10.3224166666667,11.5158429451176,-1.1934262784509
2024-04-08,"SHDG",5.95029166666667,6.15008713349693,-0.199795466830257
2024-04-08,"SHE",7.14033333333333,6.22261008188145,0.917723251451876
2024-04-08,"BEL2",5.21725,6.15570177950061,-0.938451779500613
2024-04-08,"GLKP",4.66191666666667,5.24023556211123,-0.578318895444557
2024-04-08,"LECU",6.458375,6.8143543917293,-0.3559793917293
2024-04-08,"SUN2",5.95329166666667,6.05809667307543,-0.104805006408755
2024-04-08,"TRAN",5.32625,6.12528037498466,-0.799030374984657
2024-04-08,"STOK",5.69375,6.00849855582183,-0.314748555821831
2024-04-08,"BEX",6.08495833333333,7.49408726608534,-1.40912893275201
2024-04-08,"SEND",6.77275,6.96205752095377,-0.189307520953774
2024-04-08,"HUL2",8.18595833333333,6.87508990290043,1.3108684304329
2024-04-08,"PEMB",5.88833333333333,8.00936827308777,-2.12103493975444
2024-04-08,"WFEN",6.47995833333333,6.35470461646968,0.125253716863651
2024-04-08,"OSY",7.14720833333333,6.94345338430927,0.203754949024057
2024-04-08,"ACTH",3.584875,4.0429643874629,-0.458089387462903
2024-04-08,"COPP",5.32525,6.17478604093238,-0.849536040932382
2024-04-09,"EB",4.58041666666667,5.9221152289565,-1.34169856228983
2024-04-09,"IMGM",4.39470833333333,7.16295575736489,-2.76824742403156
2024-04-09,"PRES",5.396,5.75410852616307,-0.358108526163066
2024-04-09,"BIRR",3.93770833333333,7.20066029753027,-3.26295196419694
2024-04-09,"BLC2",7.272125,6.61422058942834,0.657904410571661
2024-04-09,"BOTR",3.70675,6.54043669112634,-2.83368669112634
2024-04-09,"GHSR",2.58658333333333,5.26027585131664,-2.67369251798331
2024-04-09,"LEAM",2.64345833333333,6.20870662498244,-3.56524829164911
2024-04-09,"NPT3",2.84208333333333,6.51078989051618,-3.66870655718285
2024-04-09,"REA1",2.85879166666667,5.91756393104465,-3.05877226437798
2024-04-09,"SOUT",4.12358333333333,6.48016151724681,-2.35657818391348
2024-04-09,"WREX",3.334375,5.69675518732112,-2.36238018732112
2024-04-09,"LEAR",2.664125,6.0800889225359,-3.4159639225359
2024-04-09,"PLYM",5.685,8.21846641709487,-2.53346641709487
2024-04-09,"SHDG",4.067375,6.64565652056244,-2.57828152056244
2024-04-09,"SHE",4.92733333333333,7.01239604030963,-2.0850627069763
2024-04-09,"BEL2",3.99570833333333,6.24222087268668,-2.24651253935335
2024-04-09,"GLKP",2.051875,4.98224121020565,-2.93036621020565
2024-04-09,"LECU",3.07004166666667,6.35733237052167,-3.287290703855
2024-04-09,"SUN2",3.63108333333333,6.21017416805964,-2.57909083472631
2024-04-09,"TRAN",6.51920833333333,5.93987124296587,0.579337090367462
2024-04-09,"STOK",4.10179166666667,6.30843865861168,-2.20664699194502
2024-04-09,"BEX",2.97170833333333,6.58881462617394,-3.61710629284061
2024-04-09,"SEND",3.41683333333333,6.65688491384152,-3.2400515805082
2024-04-09,"HUL2",4.76216666666667,7.64835460618549,-2.88618793951882
2024-04-09,"PEMB",4.13333333333333,5.4506496783336,-1.31731634500027
2024-04-09,"WFEN",2.22279166666667,6.20981559229932,-3.98702392563265
2024-04-09,"OSY",3.37470833333333,6.72987163478942,-3.3551633014561
2024-04-09,"ACTH",1.63908333333333,3.79311704993387,-2.15403371660054
2024-04-09,"COPP",4.290375,6.09028219855272,-1.79990719855272
2024-04-10,"EB",5.43241666666667,4.49192223011942,0.940494436547251
2024-04-10,"IMGM",3.3255,4.63791629737774,-1.31241629737774
2024-04-10,"PRES",2.77316666666667,4.83803635087469,-2.06486968420802
2024-04-10,"BIRR",4.53725,4.84365633808607,-0.306406338086075
2024-04-10,"BLC2",4.46741666666667,5.91948536140626,-1.45206869473959
2024-04-10,"BOTR",3.22554166666667,4.35073256589298,-1.12519089922631
2024-04-10,"GHSR",2.88820833333333,3.27850299247952,-0.39029465914619
2024-04-10,"LEAM",2.990375,3.73858340114336,-0.748208401143359
2024-04-10,"NPT3",4.01925,3.87516688858122,0.144083111418782
2024-04-10,"REA1",3.98883333333333,3.76413411331253,0.224699220020796
2024-04-10,"SOUT",4.97445833333333,4.40944566297212,0.565012670361207
2024-04-10,"WREX",2.29270833333333,3.8069673822209,-1.51425904888757
2024-04-10,"LEAR",2.82825,3.64187540459678,-0.81362540459678
2024-04-10,"PLYM",7.77125,5.48639170689115,2.28485829310885
2024-04-10,"SHDG",3.278375,4.78892647024828,-1.51055147024828
2024-04-10,"SHE",4.51258333333333,5.02260428689132,-0.510020953557991
2024-04-10,"BEL2",3.3835,4.64991160804434,-1.26641160804434
2024-04-10,"GLKP",2.582625,2.88605950577753,-0.303434505777532
2024-04-10,"LECU",3.00229166666667,3.9780723868277,-0.975780720161028
2024-04-10,"SUN2",3.338375,4.20343786724826,-0.865062867248256
2024-04-10,"TRAN",2.41254166666667,5.2480380265772,-2.83549635991053
2024-04-10,"STOK",2.89204166666667,4.56682368000186,-1.67478201333518
2024-04-10,"BEX",4.35920833333333,4.32865286354089,0.030555469792442
2024-04-10,"SEND",4.437875,4.28410517498778,0.153769825012218
2024-04-10,"HUL2",4.38779166666667,5.20943444996661,-0.821642783299938
2024-04-10,"PEMB",2.97566666666667,3.75810925727042,-0.782442590603746
2024-04-10,"WFEN",3.68029166666667,3.49673274723231,0.183558919434359
2024-04-10,"OSY",4.54825,4.19953848740333,0.348711512596666
2024-04-10,"ACTH",1.50266666666667,1.9420030408165,-0.439336374149828
2024-04-10,"COPP",2.604125,4.56966615596967,-1.96554115596967
2024-04-11,"EB",3.94554166666667,5.11475475764928,-1.16921309098261
2024-04-11,"IMGM",2.52258333333333,4.58887242725822,-2.06628909392489
2024-04-11,"PRES",2.90979166666667,4.15247945208267,-1.242687785416
2024-04-11,"BIRR",3.17116666666667,5.40735390758426,-2.23618724091759
2024-04-11,"BLC2",4.70616666666667,5.1596793248833,-0.45351265821663
2024-04-11,"BOTR",1.666625,4.50735511220938,-2.84073011220938
2024-04-11,"GHSR",6.86420833333333,3.71805356398269,3.14615476935064
2024-04-11,"LEAM",1.54279166666667,4.21443078056142,-2.67163911389475
2024-04-11,"NPT3",2.17870833333333,4.66516767080301,-2.48645933746968
2024-04-11,"REA1",2.88616666666667,4.51847758743106,-1.63231092076439
2024-04-11,"SOUT",4.376,5.05762660014914,-0.681626600149142
2024-04-11,"WREX",2.17270833333333,3.74462242335798,-1.57191409002465
2024-04-11,"LEAR",1.481,4.04865377279158,-2.56765377279158
2024-04-11,"PLYM",6.704125,6.6206183538751,0.0835066461249028
2024-04-11,"SHDG",2.21504166666667,4.81822636502347,-2.6031846983568
2024-04-11,"SHE",2.43320833333333,5.19531466007786,-2.76210632674453
2024-04-11,"BEL2",6.62441666666667,4.73518844773896,1.88922821892771
2024-04-11,"GLKP",6.41604166666667,3.41478938971671,3.00125227694996
2024-04-11,"LECU",1.65191666666667,4.29626830896022,-2.64435164229355
2024-04-11,"SUN2",3.731375,4.42293651168152,-0.691561511681522
2024-04-11,"TRAN",2.130375,4.00387072259018,-1.87349572259018
2024-04-11,"STOK",1.771875,4.43604848488782,-2.66417348488782
2024-04-11,"BEX",3.372625,5.1820496176335,-1.8094246176335
2024-04-11,"SEND",3.24583333333333,5.00522543979459,-1.75939210646126
2024-04-11,"HUL2",3.24791666666667,5.4145381297169,-2.16662146305023
2024-04-11,"PEMB",1.690375,3.64897833308361,-1.95860333308361
2024-04-11,"WFEN",2.10504166666667,4.3925357461902,-2.28749407952354
2024-04-11,"OSY",3.51,4.98315765932662,-1.47315765932662
2024-04-11,"ACTH",4.234625,2.21398670814348,2.02063829185653
2024-04-11,"COPP",1.889875,4.25432878911375,-2.36445378911375
2024-04-12,"EB",4.46829166666667,4.38208986208547,0.0862018045811999
2024-04-12,"IMGM",3.92208333333333,4.13727433341921,-0.215191000085885
2024-04-12,"PRES",4.20395833333333,4.07134737490606,0.132610958427272
2024-04-12,"BIRR",7.08925,4.72307687056676,2.36617312943324
2024-04-12,"BLC2",7.2495,5.11900285911348,2.13049714088652
2024-04-12,"BOTR",4.827125,3.76719650643283,1.05992849356717
2024-04-12,"GHSR",3.23708333333333,5.01727782769053,-1.7801944943572
2024-04-12,"LEAM",5.00108333333333,3.50359608978668,1.49748724354665
2024-04-12,"NPT3",7.15616666666667,3.79678910152921,3.35937756513746
2024-04-12,"REA1",4.70908333333333,3.92415607863241,0.784927254700923
2024-04-12,"SOUT",5.403,4.65413122696832,0.74886877303168
2024-04-12,"WREX",4.05370833333333,3.54564448942523,0.508063843908102
2024-04-12,"LEAR",4.82508333333333,3.37762409050505,1.44745924282828
2024-04-12,"PLYM",9.16670833333333,6.02569606332877,3.14101227000456
2024-04-12,"SHDG",3.674375,4.26611056246463,-0.591735562464632
2024-04-12,"SHE",3.638,4.26137224530851,-0.623372245308508
2024-04-12,"BEL2",3.07295833333333,5.77522711159779,-2.70226877826446
2024-04-12,"GLKP",2.93633333333333,4.65788809085098,-1.72155475751765
2024-04-12,"LECU",4.94795833333333,3.62741967847977,1.32053865485356
2024-04-12,"SUN2",2.52654166666667,4.40323765632676,-1.87669598966009
2024-04-12,"TRAN",3.69404166666667,3.78894493226273,-0.0949032655960598
2024-04-12,"STOK",3.85333333333333,3.86893477703613,-0.0156014437028014
2024-04-12,"BEX",4.30816666666667,4.62702909413708,-0.318862427470413
2024-04-12,"SEND",3.95845833333333,4.37936052957549,-0.420902196242163
2024-04-12,"HUL2",4.824125,4.82809374931772,-0.00396874931772384
2024-04-12,"PEMB",6.55370833333333,3.01993678616576,3.53377154716757
2024-04-12,"WFEN",4.42625,3.61840961640332,0.807840383596678
2024-04-12,"OSY",4.50466666666667,4.41207578802047,0.0925908786461971
2024-04-12,"ACTH",1.079,3.0586081185288,-1.9796081185288
2024-04-12,"COPP",4.55983333333333,3.84446618270058,0.715367150632747
2024-04-13,"EB",5.88058333333333,5.34064981187217,0.539933521461157
2024-04-13,"IMGM",4.25908333333333,5.41081662534462,-1.15173329201129
2024-04-13,"PRES",4.29245833333333,5.29233548762156,-0.999877154288234
2024-04-13,"BIRR",6.911375,6.93784919315135,-0.0264741931513548
2024-04-13,"BLC2",4.74066666666667,6.80132958618618,-2.06066291951951
2024-04-13,"BOTR",4.98041666666667,5.70406518429761,-0.723648517630938
2024-04-13,"GHSR",5.281125,4.3596709032746,0.921454096725404
2024-04-13,"LEAM",5.39904166666667,5.54919176048036,-0.150150093813694
2024-04-13,"NPT3",7.23675,6.41088572359288,0.825864276407116
2024-04-13,"REA1",4.72495833333333,5.35888803946471,-0.633929706131376
2024-04-13,"SOUT",5.883375,5.78672032238774,0.0966546776122632
2024-04-13,"WREX",2.82725,4.98774624534059,-2.16049624534059
2024-04-13,"LEAR",5.580625,5.3794614895349,0.201163510465104
2024-04-13,"PLYM",6.20283333333333,7.69690911029785,-1.49407577696452
2024-04-13,"SHDG",4.35454166666667,5.5655705918013,-1.21102892513463
2024-04-13,"SHE",3.86495833333333,5.48115636210948,-1.61619802877615
2024-04-13,"BEL2",4.76120833333333,5.15623897040605,-0.395030637072723
2024-04-13,"GLKP",4.69145833333333,4.05695130880108,0.634507024532251
2024-04-13,"LECU",5.67108333333333,5.61150291112441,0.0595804222089154
2024-04-13,"SUN2",1.98608333333333,4.69466884897827,-2.70858551564494
2024-04-13,"TRAN",2.82145833333333,5.11581158532701,-2.29435325199368
2024-04-13,"STOK",4.808375,5.39970694362077,-0.591331943620766
2024-04-13,"BEX",4.7445,5.73132214024696,-0.986822140246963
2024-04-13,"SEND",4.04583333333333,5.40402268229339,-1.35818934896006
2024-04-13,"HUL2",4.99016666666667,6.1719574509008,-1.18179078423413
2024-04-13,"PEMB",4.48604166666667,5.58375551217317,-1.0977138455065
2024-04-13,"WFEN",3.888625,5.24456069348722,-1.35593569348722
2024-04-13,"OSY",4.32595833333333,5.53901827622829,-1.21305994289496
2024-04-13,"ACTH",2.63266666666667,2.59360263963103,0.0390640270356415
2024-04-13,"COPP",4.775,5.58742932150347,-0.812429321503473
2024-04-14,"EB",4.21779166666667,5.6881189405628,-1.47032727389613
2024-04-14,"IMGM",4.52929166666667,5.34727168631654,-0.81798001964987
2024-04-14,"PRES",6.67154166666667,5.13823944194459,1.53330222472208
2024-04-14,"BIRR",4.62475,6.64728006129271,-2.02253006129271
2024-04-14,"BLC2",7.28679166666667,5.66694913667357,1.6198425299931
2024-04-14,"BOTR",3.80895833333333,5.54710011790236,-1.73814178456903
2024-04-14,"GHSR",4.55783333333333,5.00095526804852,-0.443121934715186
2024-04-14,"LEAM",3.78141666666667,5.47858629990816,-1.69716963324149
2024-04-14,"NPT3",4.47716666666667,6.20081963567796,-1.72365296901129
2024-04-14,"REA1",4.11954166666667,5.17027119420809,-1.05072952754142
2024-04-14,"SOUT",5.28504166666667,5.78165875904039,-0.49661709237372
2024-04-14,"WREX",3.58191666666667,4.33801560290195,-0.756098936235281
2024-04-14,"LEAR",3.73133333333333,5.44298314502141,-1.71164981168808
2024-04-14,"PLYM",6.592,6.39510105738041,0.196898942619586
2024-04-14,"SHDG",4.42608333333333,5.62830539099806,-1.20222205766473
2024-04-14,"SHE",4.05375,5.37964528245434,-1.32589528245434
2024-04-14,"BEL2",4.92733333333333,5.66461499592479,-0.737281662591458
2024-04-14,"GLKP",4.12641666666667,4.58907098903025,-0.46265432236358
2024-04-14,"LECU",3.87575,5.6637061441485,-1.7879561441485
2024-04-14,"SUN2",3.85716666666667,4.34353126336087,-0.486364596694203
2024-04-14,"TRAN",4.20204166666667,4.6017590080981,-0.399717341431426
2024-04-14,"STOK",3.56229166666667,5.55532317902093,-1.99303151235426
2024-04-14,"BEX",3.99375,5.71126032930649,-1.71751032930649
2024-04-14,"SEND",3.828625,5.25788364562682,-1.42925864562682
2024-04-14,"HUL2",5.109125,6.04252893845873,-0.93340393845873
2024-04-14,"PEMB",4.22170833333333,4.57941833948615,-0.357710006152815
2024-04-14,"WFEN",3.15745833333333,4.8437001754292,-1.68624184209587
2024-04-14,"OSY",3.53779166666667,5.29023566427806,-1.75244399761139
2024-04-14,"ACTH",2.65729166666667,3.0464165674192,-0.389124900752529
2024-04-14,"COPP",3.98191666666667,5.46045206610417,-1.4785353994375
2024-04-15,"EB",4.23254166666667,4.86244575102306,-0.62990408435639
2024-04-15,"IMGM",2.954,5.25324749333968,-2.29924749333968
2024-04-15,"PRES",5.30566666666667,5.82911968014169,-0.523453013475024
2024-04-15,"BIRR",4.9145,5.61337751667091,-0.698877516670913
2024-04-15,"BLC2",7.71720833333333,6.45711724349305,1.26009108984028
2024-04-15,"BOTR",3.44641666666667,4.92159190120095,-1.47517523453428
2024-04-15,"GHSR",2.57375,4.51426470427379,-1.94051470427379
2024-04-15,"LEAM",3.131875,4.68425283220866,-1.55237783220866
2024-04-15,"NPT3",4.78875,4.98796708903347,-0.199217089033468
2024-04-15,"REA1",3.16329166666667,4.75645690533249,-1.59316523866582
2024-04-15,"SOUT",4.0665,5.36378031231034,-1.29728031231035
2024-04-15,"WREX",3.71658333333333,4.44599323285497,-0.729409899521643
2024-04-15,"LEAR",2.98458333333333,4.5576695313285,-1.57308619799517
2024-04-15,"PLYM",7.379125,6.39268066581482,0.986444334185183
2024-04-15,"SHDG",3.39133333333333,5.45573495483581,-2.06440162150248
2024-04-15,"SHE",3.313625,5.25704120461354,-1.94341620461354
2024-04-15,"BEL2",4.74454166666667,5.51257141411455,-0.768029747447884
2024-04-15,"GLKP",2.13054166666667,4.16517135917009,-2.03462969250342
2024-04-15,"LECU",3.282125,4.79885056467353,-1.51672556467353
2024-04-15,"SUN2",1.96945833333333,4.85525697396874,-2.88579864063541
2024-04-15,"TRAN",6.04266666666667,4.9365396380609,1.10612702860577
2024-04-15,"STOK",4.19029166666667,4.8906221547946,-0.700330488127932
2024-04-15,"BEX",3.651875,5.23754654512665,-1.58567154512665
2024-04-15,"SEND",2.79766666666667,4.9868687840736,-2.18920211740692
2024-04-15,"HUL2",3.22145833333333,5.89492916739961,-2.67347083406628
2024-04-15,"PEMB",5.41875,4.32197510711351,1.09677489288649
2024-04-15,"WFEN",2.501,4.39126626028784,-1.89026626028784
2024-04-15,"OSY",2.87154166666667,4.81151541080514,-1.93997374413847
2024-04-15,"ACTH",0.981791666666667,2.84388595115891,-1.86209428449225
2024-04-15,"COPP",4.30420833333333,4.97423867627099,-0.670030342937663
2024-04-16,"EB",2.86058333333333,4.68685756016198,-1.82627422682865
2024-04-16,"IMGM",3.64683333333333,4.46072398588976,-0.813890652556427
2024-04-16,"PRES",4.2885,5.08381745260462,-0.795317452604624
2024-04-16,"BIRR",5.01683333333333,5.54865804917902,-0.531824715845693
2024-04-16,"BLC2",5.757625,6.37492557461829,-0.617300574618286
2024-04-16,"BOTR",3.64104166666667,4.59914441844609,-0.958102751779417
2024-04-16,"GHSR",2.77133333333333,3.58459195133084,-0.813258617997507
2024-04-16,"LEAM",4.22470833333333,4.26189798615375,-0.037189652820417
2024-04-16,"NPT3",3.940625,4.93814703436688,-0.997522034366884
2024-04-16,"REA1",3.377625,4.20589323575553,-0.828268235755535
2024-04-16,"SOUT",4.00658333333333,4.71593707641082,-0.709353743077488
2024-04-16,"WREX",4.89970833333333,4.28002368506991,0.619684648263424
2024-04-16,"LEAR",3.97708333333333,4.10263539721089,-0.125552063877558
2024-04-16,"PLYM",5.66241666666667,6.4737061785034,-0.811289511836729
2024-04-16,"SHDG",3.24795833333333,4.86633972967669,-1.61838139634336
2024-04-16,"SHE",2.87833333333333,4.77511454420606,-1.89678121087273
2024-04-16,"BEL2",5.1455,5.23745996949774,-0.0919599694977418
2024-04-16,"GLKP",2.25829166666667,3.22885116551496,-0.970559498848294
2024-04-16,"LECU",3.62225,4.3997714080411,-0.777521408041099
2024-04-16,"SUN2",2.74770833333333,3.92393332755888,-1.17622499422555
2024-04-16,"TRAN",6.09283333333333,5.3936051663088,0.699228167024532
2024-04-16,"STOK",5.20833333333333,4.93623927755628,0.272094055777048
2024-04-16,"BEX",3.58895833333333,4.91669802329437,-1.32773968996104
2024-04-16,"SEND",2.67495833333333,4.40303615874771,-1.72807782541438
2024-04-16,"HUL2",3.472875,4.98885039862872,-1.51597539862872
2024-04-16,"PEMB",5.13666666666667,4.56428238134965,0.572384285317019
2024-04-16,"WFEN",2.83120833333333,3.95358441525611,-1.12237608192278
2024-04-16,"OSY",2.4705,4.37102657122773,-1.90052657122773
2024-04-16,"ACTH",1.41229166666667,2.01777206349484,-0.605480396828172
2024-04-16,"COPP",5.06591666666667,4.90006969971855,0.165846966948122
2024-04-17,"EB",3.0455,4.27605638719149,-1.23055638719149
2024-04-17,"IMGM",3.53191666666667,4.83781193188353,-1.30589526521686
2024-04-17,"PRES",3.24583333333333,4.82434466090379,-1.57851132757046
2024-04-17,"BIRR",3.83654166666667,5.68011373733536,-1.84357207066869
2024-04-17,"BLC2",3.969125,5.74042735570959,-1.77130235570959
2024-04-17,"BOTR",2.69645833333333,4.77418621258533,-2.077727879252
2024-04-17,"GHSR",2.95208333333333,3.78407891794888,-0.831995584615547
2024-04-17,"LEAM",3.45225,4.77385347029372,-1.32160347029372
2024-04-17,"NPT3",2.87245833333333,4.71714892913815,-1.84469059580482
2024-04-17,"REA1",2.73870833333333,4.39678586238661,-1.65807752905328
2024-04-17,"SOUT",3.02575,4.80899846393612,-1.78324846393612
2024-04-17,"WREX",3.524,4.8141396372968,-1.2901396372968
2024-04-17,"LEAR",2.89795833333333,4.57881768754783,-1.6808593542145
2024-04-17,"PLYM",4.8625,5.92405540209917,-1.06155540209917
2024-04-17,"SHDG",3.2075,4.92583380091801,-1.71833380091801
2024-04-17,"SHE",3.233125,4.72221274538994,-1.48908774538994
2024-04-17,"BEL2",4.01529166666667,5.48635880931328,-1.47106714264661
2024-04-17,"GLKP",2.614,3.40263507142751,-0.788635071427512
2024-04-17,"LECU",2.899125,4.63204757187254,-1.73292257187254
2024-04-17,"SUN2",3.28233333333333,4.33716625607182,-1.05483292273849
2024-04-17,"TRAN",3.84229166666667,5.48340182753356,-1.64111016086689
2024-04-17,"STOK",3.72345833333333,5.40208912001639,-1.67863078668306
2024-04-17,"BEX",3.10545833333333,4.99602450809071,-1.89056617475738
2024-04-17,"SEND",3.079875,4.47013251498004,-1.39025751498004
2024-04-17,"HUL2",3.22908333333333,5.2068939729424,-1.97781063960907
2024-04-17,"PEMB",3.817,4.54024948092496,-0.723249480924958
2024-04-17,"WFEN",2.82916666666667,4.18309126889193,-1.35392460222526
2024-04-17,"OSY",3.39125,4.32975045154651,-0.938500451546509
2024-04-17,"ACTH",2.23670833333333,2.2991099348932,-0.0624016015598734
2024-04-17,"COPP",3.49841666666667,5.27535149745713,-1.77693483079046
2024-04-18,"EB",2.54816666666667,4.07106906164236,-1.52290239497569
2024-04-18,"IMGM",4.067375,4.49200642785888,-0.424631427858884
2024-04-18,"PRES",5.35575,4.15943592567162,1.19631407432838
2024-04-18,"BIRR",4.597,4.94809566311929,-0.351095663119289
2024-04-18,"BLC2",6.771875,4.81276178783942,1.95911321216058
2024-04-18,"BOTR",3.04933333333333,4.1281677966249,-1.07883446329157
2024-04-18,"GHSR",3.316625,3.55494750487637,-0.238322504876371
2024-04-18,"LEAM",3.60454166666667,4.17867278253462,-0.574131115867945
2024-04-18,"NPT3",4.43591666666667,4.04035850078692,0.395558165879755
2024-04-18,"REA1",3.216375,3.8637314213339,-0.647356421333904
2024-04-18,"SOUT",3.25870833333333,4.15321486064136,-0.894506527308033
2024-04-18,"WREX",2.73970833333333,3.99415811460337,-1.25444978127004
2024-04-18,"LEAR",3.42958333333333,3.87146347720664,-0.441880143873309
2024-04-18,"PLYM",3.805125,5.35915709851515,-1.55403209851515
2024-04-18,"SHDG",4.04183333333333,4.61965553256016,-0.577822199226828
2024-04-18,"SHE",4.10483333333333,4.56667576128968,-0.46184242795635
2024-04-18,"BEL2",4.70416666666667,4.76859632294605,-0.0644296562793771
2024-04-18,"GLKP",2.81354166666667,3.23933027975749,-0.425788613090822
2024-04-18,"LECU",3.77941666666667,4.06598310541399,-0.286566438747318
2024-04-18,"SUN2",2.42533333333333,4.23078230254018,-1.80544896920685
2024-04-18,"TRAN",4.06441666666667,4.35561337963697,-0.291196712970298
2024-04-18,"STOK",4.639375,4.54403905882729,0.095335941172709
2024-04-18,"BEX",3.07795833333333,4.52454327478541,-1.44658494145208
2024-04-18,"SEND",2.75445833333333,4.32866556522985,-1.57420723189652
2024-04-18,"HUL2",4.18545833333333,4.81969712210301,-0.634238788769676
2024-04-18,"PEMB",3.531875,3.76212910732591,-0.230254107325909
2024-04-18,"WFEN",2.84491666666667,3.88432687051818,-1.03941020385151
2024-04-18,"OSY",2.85091666666667,4.38340463436155,-1.53248796769488
2024-04-18,"ACTH",1.56158333333333,2.30509951584237,-0.743516182509043
2024-04-18,"COPP",3.71754166666667,4.39038037395365,-0.672838707286981
2024-04-19,"EB",3.51020833333333,4.15680963997002,-0.646601306636688
2024-04-19,"IMGM",4.88520833333333,4.96470784740206,-0.0794995140687291
2024-04-19,"PRES",3.602625,5.22882419072969,-1.62619919072969
2024-04-19,"BIRR",3.98779166666667,5.51949899812117,-1.5317073314545
2024-04-19,"BLC2",5.46383333333333,6.14958036956434,-0.685747036231007
2024-04-19,"BOTR",3.31770833333333,4.54516978030033,-1.227461446967
2024-04-19,"GHSR",2.97066666666667,3.96006786699986,-0.989401200333186
2024-04-19,"LEAM",3.28420833333333,4.51888129572156,-1.23467296238823
2024-04-19,"NPT3",2.73195833333333,4.90765424383641,-2.17569591050308
2024-04-19,"REA1",3.56816666666667,4.32256661019884,-0.754399943532171
2024-04-19,"SOUT",3.50933333333333,4.52631037721656,-1.01697704388323
2024-04-19,"WREX",4.06358333333333,3.99605422930242,0.0675291040309132
2024-04-19,"LEAR",2.85470833333333,4.35662863039722,-1.5019202970639
2024-04-19,"PLYM",4.07820833333333,5.25158637215029,-1.17337803881696
2024-04-19,"SHDG",4.24429166666667,5.2020162893667,-0.957724622700026
2024-04-19,"SHE",3.79420833333333,5.1571924046596,-1.36298407132627
2024-04-19,"BEL2",3.57216666666667,5.31275727314486,-1.74059060647819
2024-04-19,"GLKP",2.61791666666667,3.58079979592744,-0.962883129260769
2024-04-19,"LECU",3.387375,4.67520111156889,-1.28782611156889
2024-04-19,"SUN2",5.167125,4.17823285751874,0.988892142481259
2024-04-19,"TRAN",5.96504166666667,4.74297816747249,1.22206349919418
2024-04-19,"STOK",3.96233333333333,5.17742462074939,-1.21509128741606
2024-04-19,"BEX",4.1195,4.79397918907942,-0.674479189079424
2024-04-19,"SEND",4.03308333333333,4.47493243657897,-0.441849103245642
2024-04-19,"HUL2",4.154,5.45020148786071,-1.29620148786071
2024-04-19,"PEMB",2.85183333333333,3.94815667066545,-1.09632333733212
2024-04-19,"WFEN",3.59670833333333,4.16285398252412,-0.566145649190789
2024-04-19,"OSY",3.80404166666667,4.4426184442064,-0.638576777539734
2024-04-19,"ACTH",2.533375,2.31576091590638,0.217614084093618
2024-04-19,"COPP",4.09791666666667,4.7667983309117,-0.668881664245035
2024-04-20,"EB",4.879125,4.53645731522047,0.342667684779529
2024-04-20,"IMGM",6.16354166666667,5.276055638717,0.887486027949675
2024-04-20,"PRES",6.18225,4.5649753810214,1.6172746189786
2024-04-20,"BIRR",6.24408333333333,5.29889611554728,0.945187217786049
2024-04-20,"BLC2",5.78025,5.64065606248814,0.139593937511862
2024-04-20,"BOTR",4.49970833333333,4.655575462702,-0.155867129368667
2024-04-20,"GHSR",4.72483333333333,3.84269855045416,0.882134782879175
2024-04-20,"LEAM",4.83204166666667,4.41406215548717,0.417979511179499
2024-04-20,"NPT3",5.91775,4.26989004288063,1.64785995711937
2024-04-20,"REA1",5.16508333333333,4.46208077585382,0.703002557479513
2024-04-20,"SOUT",6.000375,4.63186650618594,1.36850849381406
2024-04-20,"WREX",4.67479166666667,4.51389110711186,0.160900559554808
2024-04-20,"LEAR",4.53520833333333,4.15204110114029,0.383167232193036
2024-04-20,"PLYM",5.20254166666667,5.38404313192059,-0.181501465253923
2024-04-20,"SHDG",7.30845833333333,5.28106754024316,2.02739079309017
2024-04-20,"SHE",5.69770833333333,5.04561102285775,0.65209731047558
2024-04-20,"BEL2",6.82104166666667,4.89949380348507,1.9215478631816
2024-04-20,"GLKP",4.150875,3.52150401532629,0.629370984673712
2024-04-20,"LECU",5.065875,4.53333172341372,0.532543276586283
2024-04-20,"SUN2",6.11441666666667,5.22244674939772,0.891969917268946
2024-04-20,"TRAN",5.18383333333333,5.46000590674926,-0.276172573415928
2024-04-20,"STOK",6.37575,4.92945137678977,1.44629862321023
2024-04-20,"BEX",5.66420833333333,5.19631587321675,0.467892460116578
2024-04-20,"SEND",5.04520833333333,4.96939695039822,0.075811382935111
2024-04-20,"HUL2",6.538,5.44083062464751,1.09716937535249
2024-04-20,"PEMB",5.28795833333333,3.71636614886913,1.5715921844642
2024-04-20,"WFEN",4.733625,4.45721716791382,0.276407832086184
2024-04-20,"OSY",5.52470833333333,4.81958171670133,0.705126616632001
2024-04-20,"ACTH",3.13375,2.70158099304526,0.432169006954741
2024-04-20,"COPP",6.13508333333333,4.92062528791818,1.21445804541515
2024-04-21,"EB",4.85458333333333,5.84032690606276,-0.985743572729428
2024-04-21,"IMGM",5.06579166666667,6.54844112420765,-1.48264945754098
2024-04-21,"PRES",6.0545,6.35650212781686,-0.302002127816858
2024-04-21,"BIRR",5.64754166666667,6.9541580580264,-1.30661639135973
2024-04-21,"BLC2",5.96695833333333,6.58726808581367,-0.620309752480339
2024-04-21,"BOTR",5.52383333333333,5.90018183232756,-0.376348498994227
2024-04-21,"GHSR",5.30666666666667,5.30813540993455,-0.00146874326788193
2024-04-21,"LEAM",5.450125,5.80268470521639,-0.35255970521639
2024-04-21,"NPT3",7.80070833333333,6.28529012532407,1.51541820800926
2024-04-21,"REA1",4.59316666666667,5.859210266315,-1.26604359964833
2024-04-21,"SOUT",5.58770833333333,6.36172095785892,-0.774012624525592
2024-04-21,"WREX",6.47995833333333,5.53182390854498,0.948134424788349
2024-04-21,"LEAR",5.09141666666667,5.59348112801126,-0.502064461344585
2024-04-21,"PLYM",6.76108333333333,6.60721653257674,0.153866800756587
2024-04-21,"SHDG",5.89425,7.22395511353254,-1.32970511353254
2024-04-21,"SHE",5.41175,6.56586625655743,-1.15411625655743
2024-04-21,"BEL2",9.377,6.93003008075701,2.44696991924299
2024-04-21,"GLKP",4.96566666666667,4.90281974467717,0.0628469219895038
2024-04-21,"LECU",5.09933333333333,5.9713980826636,-0.872064749330275
2024-04-21,"SUN2",5.08854166666667,6.34447945316627,-1.2559377864996
2024-04-21,"TRAN",5.44033333333333,5.95375143270449,-0.513418099371155
2024-04-21,"STOK",6.19791666666667,6.64390399340212,-0.445987326735448
2024-04-21,"BEX",5.25541666666667,6.56417052955745,-1.30875386289078
2024-04-21,"SEND",5.04125,6.13651866711967,-1.09526866711967
2024-04-21,"HUL2",5.434375,7.13508856080615,-1.70071356080615
2024-04-21,"PEMB",4.46545833333333,5.43927527186781,-0.973816938534479
2024-04-21,"WFEN",4.80641666666667,5.67815953884407,-0.871742872177404
2024-04-21,"OSY",5.60441666666667,6.25390107645897,-0.649484409792298
2024-04-21,"ACTH",4.18241666666667,3.72056987305843,0.461846793608242
2024-04-21,"COPP",6.32854166666667,6.48045331886927,-0.151911652202603
2024-04-22,"EB",4.17366666666667,5.62570162212805,-1.45203495546138
2024-04-22,"IMGM",5.627,5.937502595489,-0.310502595488996
2024-04-22,"PRES",7.08429166666667,6.0862053445573,0.998086322109372
2024-04-22,"BIRR",8.295125,6.51483241399866,1.78029258600134
2024-04-22,"BLC2",7.00470833333333,6.46606502904653,0.538643304286801
2024-04-22,"BOTR",7.60129166666667,6.07677306156975,1.52451860509692
2024-04-22,"GHSR",2.96975,5.31262127039611,-2.34287127039611
2024-04-22,"LEAM",5.53170833333333,5.82357204798739,-0.291863714654055
2024-04-22,"NPT3",8.68420833333333,6.75122094710265,1.93298738623069
2024-04-22,"REA1",4.39566666666667,5.43850260836034,-1.04283594169367
2024-04-22,"SOUT",5.31641666666667,5.98713971111517,-0.670723044448503
2024-04-22,"WREX",5.44020833333333,6.00600565621749,-0.565797322884163
2024-04-22,"LEAR",5.36058333333333,5.58953382293079,-0.228950489597457
2024-04-22,"PLYM",6.111625,6.98263645975805,-0.87101145975805
2024-04-22,"SHDG",9.56270833333333,6.47005575374897,3.09265257958435
2024-04-22,"SHE",7.72708333333333,6.24668993794448,1.48039339538885
2024-04-22,"BEL2",3.22520833333333,7.64439521735459,-4.41918688402126
2024-04-22,"GLKP",2.54520833333333,4.99680059654549,-2.45159226321216
2024-04-22,"LECU",6.00141666666667,5.77380367381324,0.227612992853431
2024-04-22,"SUN2",7.32404166666667,5.76493698414306,1.55910468252361
2024-04-22,"TRAN",5.37341666666667,5.87421086512491,-0.50079419845824
2024-04-22,"STOK",9.48808333333333,6.35744490993219,3.13063842340114
2024-04-22,"BEX",6.088875,6.20465152195899,-0.115776521958988
2024-04-22,"SEND",4.49004166666667,5.93465695500184,-1.44461528833517
2024-04-22,"HUL2",5.16190909090909,6.50605250976793,-1.34414341885884
2024-04-22,"PEMB",6.043625,4.91364386924509,1.12998113075491
2024-04-22,"WFEN",5.06095833333333,5.50293634788873,-0.441978014555401
2024-04-22,"OSY",4.11258333333333,6.07283485752118,-1.96025152418785
2024-04-22,"ACTH",4.09108333333333,3.91462866530552,0.17645466802781
2024-04-22,"COPP",9.55783333333333,6.336973437578,3.22085989575533
2024-04-23,"EB",4.54,5.52407930099024,-0.984079300990238
2024-04-23,"IMGM",5.902125,6.31153401336887,-0.409409013368871
2024-04-23,"PRES",6.12125,6.61987686487902,-0.498626864879023
2024-04-23,"BIRR",6.82691666666667,7.65463683718197,-0.827720170515301
2024-04-23,"BLC2",6.83570833333333,6.99815707473486,-0.162448741401525
2024-04-23,"BOTR",5.33516666666667,6.98201288681886,-1.64684622015219
2024-04-23,"GHSR",5.45116666666667,4.58872896722169,0.862437699444984
2024-04-23,"LEAM",6.92416666666667,5.99519826630089,0.928968400365783
2024-04-23,"NPT3",8.87583333333333,7.20173936755855,1.67409396577478
2024-04-23,"REA1",5.99945833333333,5.52386525105897,0.475593082274358
2024-04-23,"SOUT",7.21408333333333,6.04286986631888,1.17121346701445
2024-04-23,"WREX",6.29329166666667,5.74509103651318,0.548200630153492
2024-04-23,"LEAR",6.31483333333333,5.8315495586234,0.483283774709934
2024-04-23,"PLYM",7.57179166666667,6.86987391998206,0.701917746684606
2024-04-23,"SHDG",6.83075,7.99986241818833,-1.16911241818833
2024-04-23,"SHE",6.28058333333333,7.25892543098273,-0.978342097649405
2024-04-23,"BEL2",7.25716666666667,5.47868732605141,1.77847934061526
2024-04-23,"GLKP",5.18479166666667,4.23860213510135,0.946189531565323
2024-04-23,"LECU",6.70604166666667,6.25783868952665,0.448202977140015
2024-04-23,"SUN2",8.2655,6.75824899143831,1.50725100856169
2024-04-23,"TRAN",6.59783333333333,5.99602523855562,0.601808094777708
2024-04-23,"STOK",6.25495833333333,7.72929368126152,-1.47433534792819
2024-04-23,"BEX",5.959125,6.6696294727019,-0.710504472701895
2024-04-23,"SEND",4.68170833333333,5.88079444741633,-1.199086114083
2024-04-23,"HUL2",6.66775,6.57129695752769,0.096453042472314
2024-04-23,"PEMB",5.71441666666667,5.66048914898719,0.0539275176794831
2024-04-23,"WFEN",4.41720833333333,5.74649448430076,-1.32928615096743
2024-04-23,"OSY",3.90529166666667,5.66927139155824,-1.76397972489157
2024-04-23,"ACTH",5.97008333333333,4.01599012686515,1.95409320646818
2024-04-23,"COPP",6.30208333333333,7.68092201330075,-1.37883867996742
2024-04-24,"EB",4.58045833333333,5.74099168867641,-1.16053335534308
2024-04-24,"IMGM",5.231,6.47676845428642,-1.24576845428642
2024-04-24,"PRES",5.21720833333333,6.31963030660609,-1.10242197327276
2024-04-24,"BIRR",6.77191666666667,7.14393377219445,-0.372017105527783
2024-04-24,"BLC2",5.64175,6.99198384400847,-1.35023384400847
2024-04-24,"BOTR",6.371875,6.18389565675586,0.187979343244143
2024-04-24,"GHSR",5.685,5.61311300674096,0.0718869932590431
2024-04-24,"LEAM",5.7625,6.58130463620506,-0.818804636205058
2024-04-24,"NPT3",8.714625,7.3313967465937,1.3832282534063
2024-04-24,"REA1",5.47166666666667,6.1922880345339,-0.720621367867232
2024-04-24,"SOUT",8.11725,6.82123421737148,1.29601578262852
2024-04-24,"WREX",6.04954166666667,6.14750849386538,-0.0979668271987091
2024-04-24,"LEAR",5.68695833333333,6.25260115699543,-0.565642823662098
2024-04-24,"PLYM",8.35791666666667,7.49159235853944,0.866324308127226
2024-04-24,"SHDG",6.72075,7.00624724001481,-0.28549724001481
2024-04-24,"SHE",6.785625,6.76104936015754,0.0245756398424604
2024-04-24,"BEL2",9.04579166666667,7.13246991127376,1.91332175539291
2024-04-24,"GLKP",5.06195833333333,5.32278896993415,-0.260830636600825
2024-04-24,"LECU",6.140875,6.57729206374938,-0.436417063749376
2024-04-24,"SUN2",5.95329166666667,7.14624745144405,-1.19295578477738
2024-04-24,"TRAN",5.58775,6.52201142822508,-0.934261428225076
2024-04-24,"STOK",6.01220833333333,6.55544625254274,-0.543237919209414
2024-04-24,"BEX",5.18083333333333,6.68093980857707,-1.50010647524374
2024-04-24,"SEND",4.994,6.03112611416908,-1.03712611416908
2024-04-24,"HUL2",6.68333333333333,7.20450900178134,-0.521175668448015
2024-04-24,"PEMB",6.04466666666667,5.58717799943451,0.457488667232164
2024-04-24,"WFEN",4.5805,5.57570675982447,-0.995206759824474
2024-04-24,"OSY",4.16958333333333,5.68533564189663,-1.5157523085633
2024-04-24,"ACTH",5.02854166666667,4.78484730316685,0.243694363499825
2024-04-24,"COPP",6.05233333333333,6.49956871044683,-0.447235377113498
2024-04-25,"EB",6.362125,5.61620058163164,0.745924418368361
2024-04-25,"IMGM",4.68754166666667,6.08965310820783,-1.40211144154116
2024-04-25,"PRES",3.69891666666667,5.86404944051297,-2.1651327738463
2024-04-25,"BIRR",8.35208333333333,7.01019208129115,1.34189125204218
2024-04-25,"BLC2",4.05454166666667,6.41755682701842,-2.36301516035175
2024-04-25,"BOTR",5.459875,6.46611516739485,-1.00624016739485
2024-04-25,"GHSR",2.85475,5.52951043743692,-2.67476043743692
2024-04-25,"LEAM",7.747625,5.99635753152592,1.75126746847408
2024-04-25,"NPT3",6.713,7.13440497067297,-0.421404970672971
2024-04-25,"REA1",8.944625,5.83914495277088,3.10548004722912
2024-04-25,"SOUT",7.78204166666667,6.99402145563718,0.788020211029493
2024-04-25,"WREX",4.24733333333333,5.91041093758643,-1.6630776042531
2024-04-25,"LEAR",7.411625,5.8717307394522,1.5398942605478
2024-04-25,"PLYM",7.67591666666667,7.62731603529381,0.0486006313728629
2024-04-25,"SHDG",6.503625,6.87032552546363,-0.366700525463632
2024-04-25,"SHE",5.91947826086957,6.83448733651338,-0.915009075643813
2024-04-25,"BEL2",4.824125,7.60258203954599,-2.77845703954599
2024-04-25,"GLKP",2.54716666666667,5.1047659334522,-2.55759926678553
2024-04-25,"LECU",6.66866666666667,6.22324916191142,0.445417504755248
2024-04-25,"SUN2",3.79333333333333,6.14152530318979,-2.34819196985646
2024-04-25,"TRAN",4.1745,5.99564477536943,-1.82114477536943
2024-04-25,"STOK",6.02704166666667,6.37755788616668,-0.350516219500009
2024-04-25,"BEX",8.90329166666667,6.25994975392665,2.64334191274002
2024-04-25,"SEND",7.80766666666667,6.00956279577623,1.79810387089044
2024-04-25,"HUL2",5.35883333333333,7.05409369376449,-1.69526036043116
2024-04-25,"PEMB",5.40783333333333,5.57976839668857,-0.171935063355241
2024-04-25,"WFEN",6.23720833333333,5.51096923579079,0.726239097542537
2024-04-25,"OSY",6.49766666666667,5.65173333240384,0.84593333426283
2024-04-25,"ACTH",2.275875,4.27444938128599,-1.99857438128599
2024-04-25,"COPP",5.037375,6.3194126689013,-1.2820376689013
2024-04-26,"EB",7.28383333333333,6.1764331154334,1.10740021789993
2024-04-26,"IMGM",3.38433333333333,5.79868638009444,-2.41435304676111
2024-04-26,"PRES",4.31216666666667,5.21526635151655,-0.903099684849883
2024-04-26,"BIRR",5.60741666666667,7.49714454771994,-1.88972788105327
2024-04-26,"BLC2",4.19220833333333,5.74741511303012,-1.55520677969679
2024-04-26,"BOTR",4.12745833333333,6.01401417775864,-1.88655584442531
2024-04-26,"GHSR",2.743625,4.3782695993204,-1.6346445993204
2024-04-26,"LEAM",4.37504166666667,6.64928002527399,-2.27423835860732
2024-04-26,"NPT3",6.69529166666667,6.29585332172813,0.399438344938539
2024-04-26,"REA1",9.09491666666667,7.03417385566011,2.06074281100656
2024-04-26,"SOUT",11.2579166666667,6.75754141026282,4.50037525640388
2024-04-26,"WREX",5.61825,5.14693057505389,0.47131942494611
2024-04-26,"LEAR",4.53220833333333,6.42046865504862,-1.88826032171529
2024-04-26,"PLYM",6.13708333333333,7.26403697194504,-1.12695363861171
2024-04-26,"SHDG",5.848125,6.69218361306999,-0.844058613069992
2024-04-26,"SHE",5.08641666666667,6.40703036741283,-1.32061370074616
2024-04-26,"BEL2",3.85316666666667,5.91344126757102,-2.06027460090435
2024-04-26,"GLKP",2.48525,4.07553637796476,-1.59028637796476
2024-04-26,"LECU",4.31904166666667,6.32764873739358,-2.00860707072691
2024-04-26,"SUN2",3.76183333333333,5.27528503097303,-1.5134516976397
2024-04-26,"TRAN",4.356375,5.38730595638398,-1.03093095638398
2024-04-26,"STOK",4.62466666666667,6.28726672941133,-1.66260006274466
2024-04-26,"BEX",6.85141666666667,7.55102402227413,-0.699607355607465
2024-04-26,"SEND",5.44908333333333,6.94823124114634,-1.49914790781301
2024-04-26,"HUL2",3.98304166666667,6.46386732393892,-2.48082565727225
2024-04-26,"PEMB",6.86629166666667,5.23978762478939,1.62650404187728
2024-04-26,"WFEN",4.193125,6.02313669894864,-1.83001169894864
2024-04-26,"OSY",3.54466666666667,6.41118708221578,-2.86652041554911
2024-04-26,"ACTH",1.989125,3.16887734909271,-1.17975234909271
2024-04-26,"COPP",4.945875,5.84769035079714,-0.901815350797139
2024-04-27,"EB",9.72695833333333,6.15849884699802,3.56845948633531
2024-04-27,"IMGM",5.83820833333333,4.98991339951724,0.848294933816091
2024-04-27,"PRES",4.96775,5.1305672405516,-0.162817240551601
2024-04-27,"BIRR",6.56554166666667,6.12374065681598,0.441801009850686
2024-04-27,"BLC2",5.54829166666667,5.48750743579976,0.060784230866906
2024-04-27,"BOTR",5.48354166666667,5.19972643185591,0.283815234810764
2024-04-27,"GHSR",4.37108333333333,4.0440850016203,0.326998331713031
2024-04-27,"LEAM",4.95483333333333,5.03740544795826,-0.0825721146249325
2024-04-27,"NPT3",5.16525,5.98434741624169,-0.819097416241688
2024-04-27,"REA1",5.11608333333333,6.70608061815328,-1.58999728481994
2024-04-27,"SOUT",6.63920833333333,7.71639296684211,-1.07718463350878
2024-04-27,"WREX",8.79233333333333,5.3470308678033,3.44530246553003
2024-04-27,"LEAR",4.69641666666667,4.99505995101971,-0.29864328435304
2024-04-27,"PLYM",5.82441666666667,6.36996117702828,-0.545544510361608
2024-04-27,"SHDG",9.19125,6.11868390285879,3.07256609714121
2024-04-27,"SHE",6.80920833333333,5.77709057972747,1.03211775360586
2024-04-27,"BEL2",7.00179166666667,5.28072878831437,1.7210628783523
2024-04-27,"GLKP",3.93270833333333,3.75504079673003,0.177667536603302
2024-04-27,"LECU",5.038375,5.11575904113114,-0.0773840411311415
2024-04-27,"SUN2",6.18808333333333,4.96094928662009,1.22713404671324
2024-04-27,"TRAN",7.8785,5.14127233040072,2.73722766959928
2024-04-27,"STOK",6.89966666666667,5.43371403223224,1.46595263443443
2024-04-27,"BEX",6.85541666666667,6.4034479222468,0.45196874441987
2024-04-27,"SEND",7.74758333333333,5.70010744620486,2.04747588712848
2024-04-27,"HUL2",5.07866666666667,5.63944911417436,-0.560782447507689
2024-04-27,"PEMB",5.31241666666667,5.4555409785341,-0.143124311867431
2024-04-27,"WFEN",4.73866666666667,4.9081927999217,-0.169526133255027
2024-04-27,"OSY",6.64016666666667,4.94982737097396,1.69033929569271
2024-04-27,"ACTH",2.692625,2.76850753891029,-0.0758825389102946
2024-04-27,"COPP",7.26816666666667,5.49463770543212,1.77352896123455
2024-04-28,"EB",4.17758333333333,7.69983014345976,-3.52224681012643
2024-04-28,"IMGM",2.615875,6.5672648373145,-3.95138983731451
2024-04-28,"PRES",4.06341666666667,6.0140661100002,-1.95064944333353
2024-04-28,"BIRR",4.73666666666667,7.16768127099935,-2.43101460433268
2024-04-28,"BLC2",4.372,6.63738565718156,-2.26538565718156
2024-04-28,"BOTR",3.84433333333333,6.37077288027969,-2.52643954694636
2024-04-28,"GHSR",4.766125,5.29808855270148,-0.531963552701477
2024-04-28,"LEAM",3.58591666666667,5.9502172979082,-2.36430063124154
2024-04-28,"NPT3",5.59454166666667,6.06717003388624,-0.472628367219574
2024-04-28,"REA1",3.378625,5.8792207592403,-2.5005957592403
2024-04-28,"SOUT",3.59079166666667,6.60457685999955,-3.01378519333288
2024-04-28,"WREX",4.41041666666667,7.15270976756355,-2.74229310089688
2024-04-28,"LEAR",3.30379166666667,5.7467992655301,-2.44300759886343
2024-04-28,"PLYM",6.67945833333333,6.9257175029798,-0.246259169646465
2024-04-28,"SHDG",3.72158333333333,8.01617083772339,-4.29458750439006
2024-04-28,"SHE",3.25375,7.07680999785829,-3.82305999785829
2024-04-28,"BEL2",8.76479166666667,7.11069697039685,1.65409469626982
2024-04-28,"GLKP",4.21766666666667,4.94164680392711,-0.723980137260444
2024-04-28,"LECU",3.38933333333333,6.0655403621279,-2.67620702879457
2024-04-28,"SUN2",2.897,6.5097540606693,-3.6127540606693
2024-04-28,"TRAN",3.98295833333333,7.09302010161093,-3.1100617682776
2024-04-28,"STOK",4.48108333333333,6.94622123404793,-2.4651379007146
2024-04-28,"BEX",4.16279166666667,7.08391490796132,-2.92112324129465
2024-04-28,"SEND",5.00395833333333,7.23509003153501,-2.23113169820168
2024-04-28,"HUL2",2.68975,6.71462180245526,-4.02487180245526
2024-04-28,"PEMB",5.84708333333333,5.50827765868819,0.338805674645144
2024-04-28,"WFEN",3.19970833333333,5.78918569888276,-2.58947736554943
2024-04-28,"OSY",4.642375,6.78865313085339,-2.14627813085339
2024-04-28,"ACTH",3.10841666666667,3.68271866523183,-0.574301998565163
2024-04-28,"COPP",4.81920833333333,7.00579046841733,-2.186582135084
2024-04-29,"EB",5.01958333333333,4.50446646529048,0.515116868042849
2024-04-29,"IMGM",3.81683333333333,4.23390207132287,-0.417068737989538
2024-04-29,"PRES",3.08675,4.56540337280678,-1.47865337280678
2024-04-29,"BIRR",5.109125,5.37212470383254,-0.262999703832542
2024-04-29,"BLC2",3.200625,5.07787716756385,-1.87725216756385
2024-04-29,"BOTR",3.644875,4.63975639798085,-0.994881397980847
2024-04-29,"GHSR",2.51970833333333,4.3168425074959,-1.79713417416257
2024-04-29,"LEAM",3.83354166666667,4.3305204273491,-0.496978760682425
2024-04-29,"NPT3",4.64716666666667,5.14407932916661,-0.49691266249994
2024-04-29,"REA1",3.828625,4.18862247977383,-0.359997479773833
2024-04-29,"SOUT",4.313125,4.43748974914289,-0.124364749142886
2024-04-29,"WREX",2.51575,4.3793574470621,-1.8636074470621
2024-04-29,"LEAR",3.769625,4.1243027172364,-0.354677717236398
2024-04-29,"PLYM",7.23083333333333,6.14283535799085,1.08799797534248
2024-04-29,"SHDG",4.20016666666667,4.83737923945725,-0.637212572790585
2024-04-29,"SHE",5.68595833333333,4.63055342978189,1.05540490355144
2024-04-29,"BEL2",3.916125,6.61436791573087,-2.69824291573087
2024-04-29,"GLKP",2.37525,3.92220739056596,-1.54695739056596
2024-04-29,"LECU",4.02908333333333,4.34004946431933,-0.310966130985999
2024-04-29,"SUN2",3.82975,4.15131759233281,-0.32156759233281
2024-04-29,"TRAN",2.71433333333333,4.49485538324511,-1.78052204991178
2024-04-29,"STOK",3.675375,4.91321895424406,-1.23784395424406
2024-04-29,"BEX",4.79179166666667,4.98208264592615,-0.190290979259483
2024-04-29,"SEND",4.59016666666667,5.08132327809395,-0.491156611427275
2024-04-29,"HUL2",4.86441666666667,4.70959307339954,0.154823593267126
2024-04-29,"PEMB",3.79808333333333,4.62457097649271,-0.826487643159378
2024-04-29,"WFEN",4.86633333333333,4.10698253507675,0.759350798256575
2024-04-29,"OSY",4.86145833333333,4.89973711380795,-0.0382787804746183
2024-04-29,"ACTH",1.56066666666667,2.72246476552256,-1.16179809885589
2024-04-29,"COPP",3.591875,4.96085345513663,-1.36897845513663
2024-04-30,"EB",6.383625,5.07678395905646,1.30684104094354
2024-04-30,"IMGM",6.52908333333333,4.90570372654249,1.62337960679084
2024-04-30,"PRES",3.244875,4.39702968246603,-1.15215468246603
2024-04-30,"BIRR",5.184875,5.71690694246046,-0.532031942460456
2024-04-30,"BLC2",3.533875,4.84128116691562,-1.30740616691562
2024-04-30,"BOTR",3.61841666666667,4.7699156892715,-1.15149902260483
2024-04-30,"GHSR",3.21533333333333,3.65932352240948,-0.443990189076152
2024-04-30,"LEAM",3.60254166666667,4.62242953024467,-1.019887863578
2024-04-30,"NPT3",3.75191666666667,4.967354717407,-1.21543805074033
2024-04-30,"REA1",4.37,4.56081712547365,-0.190817125473653
2024-04-30,"SOUT",4.6305,4.92945927860966,-0.298959278609662
2024-04-30,"WREX",3.31475,3.92094487521663,-0.606194875216627
2024-04-30,"LEAR",3.66745833333333,4.49739815112595,-0.829939817792615
2024-04-30,"PLYM",5.28008333333333,6.51525858055094,-1.23517524721761
2024-04-30,"SHDG",5.30075,5.27390517750161,0.0268448224983855
2024-04-30,"SHE",5.25558333333333,5.76332298817434,-0.507739654841007
2024-04-30,"BEL2",4.35933333333333,4.97303240838776,-0.613699075054432
2024-04-30,"GLKP",3.02975,3.41595323532566,-0.386203235325661
2024-04-30,"LECU",3.94458333333333,4.78127226454661,-0.836688931213277
2024-04-30,"SUN2",9.38383333333333,4.72473953968482,4.65909379364851
2024-04-30,"TRAN",3.70383333333333,4.26138421089224,-0.557550877558914
2024-04-30,"STOK",4.085125,4.82998855208049,-0.744863552080492
2024-04-30,"BEX",7.66904166666667,5.43434954159817,2.2346921250685
2024-04-30,"SEND",6.70608333333333,5.14797615721915,1.55810717611418
2024-04-30,"HUL2",8.87783333333333,5.7301474808335,3.14768585249983
2024-04-30,"PEMB",3.10054166666667,4.03818323622984,-0.937641569563174
2024-04-30,"WFEN",6.75604166666667,4.92707155646266,1.82897011020401
2024-04-30,"OSY",7.47345833333333,5.19012707528841,2.28333125804492
2024-04-30,"ACTH",3.54370833333333,2.32349902128696,1.22020931204637
2024-04-30,"COPP",3.93570833333333,4.72185076788858,-0.786142434555248
2024-05-01,"EB",11.9772916666667,6.07220398786022,5.90508767880648
2024-05-01,"IMGM",21.9262916666667,6.39545851399737,15.5308331526693
2024-05-01,"PRES",12.6513333333333,4.97185203990311,7.67948129343019
2024-05-01,"BIRR",13.6340416666667,6.24178332371599,7.39225834295071
2024-05-01,"BLC2",11.5292916666667,5.48379001216036,6.04550165450634
2024-05-01,"BOTR",13.4856666666667,5.26515968570562,8.22050698096108
2024-05-01,"GHSR",16.1724166666667,4.45157013304905,11.7208465336176
2024-05-01,"LEAM",14.2964583333333,5.03545429817694,9.26100403515636
2024-05-01,"NPT3",5.29975,5.15148584661823,0.148264153381775
2024-05-01,"REA1",13.7314166666667,5.25708837282978,8.47432829383692
2024-05-01,"SOUT",5.926625,5.53881837995506,0.387806620044938
2024-05-01,"WREX",4.64829166666667,4.74642636832869,-0.0981347016620173
2024-05-01,"LEAR",13.8031666666667,4.95501288088197,8.84815378578473
2024-05-01,"PLYM",4.70816666666667,6.28675195366422,-1.57858528699755
2024-05-01,"SHDG",18.9968333333333,6.17694835140568,12.8198849819276
2024-05-01,"SHE",17.0804583333333,6.07102389816985,11.0094344351635
2024-05-01,"BEL2",5.33408333333333,5.70923075709405,-0.375147423760716
2024-05-01,"GLKP",16.3905416666667,4.18714593470033,12.2033957319664
2024-05-01,"LECU",15.0412083333333,5.24292810894808,9.79828022438522
2024-05-01,"SUN2",22.5628333333333,7.27123943989223,15.2915938934411
2024-05-01,"TRAN",6.01229166666667,5.148430285088,0.863861381578667
2024-05-01,"STOK",14.9765,5.4955748543297,9.4809251456703
2024-05-01,"BEX",16.6785416666667,6.99347171225664,9.68506995441006
2024-05-01,"SEND",15.2163333333333,6.44004416694641,8.77628916638689
2024-05-01,"HUL2",22.620875,7.6879563638015,14.9329186361985
2024-05-01,"PEMB",2.78804166666667,4.31142684959884,-1.52338518293217
2024-05-01,"WFEN",15.8766666666667,6.10537404189609,9.77129262477061
2024-05-01,"OSY",13.817875,6.65687815795977,7.16099684204023
2024-05-01,"ACTH",13.6734583333333,3.58266584859412,10.0907924847392
2024-05-01,"COPP",11.7837083333333,5.36908644091709,6.4146218924162
2024-05-02,"EB",18.1614166666667,12.079959320165,6.08145734650171
2024-05-02,"IMGM",18.71575,16.0159569794609,2.69979302053914
2024-05-02,"PRES",15.21525,12.4095894056132,2.80566059438678
2024-05-02,"BIRR",27.0334166666667,13.3260357159288,13.7073809507379
2024-05-02,"BLC2",16.8347083333333,12.3962227799904,4.43848555334288
2024-05-02,"BOTR",19.4212916666667,12.876275621516,6.54501604515066
2024-05-02,"GHSR",15.399125,13.1970542268037,2.20207077319625
2024-05-02,"LEAM",25.8275416666667,12.9557907978751,12.8717508687916
2024-05-02,"NPT3",12.5472916666667,9.69281523977156,2.85447642689515
2024-05-02,"REA1",18.1654583333333,12.6726195108135,5.4928388225198
2024-05-02,"SOUT",11.5546666666667,9.9694302694791,1.5852363971876
2024-05-02,"WREX",18.4887083333333,9.18396583884549,9.30474249448781
2024-05-02,"LEAR",25.553375,12.6666812525303,12.8866937474697
2024-05-02,"PLYM",2.81345833333333,10.0579245269453,-7.24446619361198
2024-05-02,"SHDG",21.3090416666667,15.1903966109445,6.11864505572216
2024-05-02,"SHE",19.3475416666667,14.413244897358,4.93429676930867
2024-05-02,"BEL2",17.3280416666667,10.018963119859,7.30907854680772
2024-05-02,"GLKP",15.2417916666667,13.082793843099,2.15899782356774
2024-05-02,"LECU",21.3415416666667,13.3103562531541,8.03118541351265
2024-05-02,"SUN2",19.3278333333333,16.0289838122606,3.29884952107265
2024-05-02,"TRAN",14.7200416666667,9.94442776294098,4.77561390372572
2024-05-02,"STOK",18.0345833333333,13.4798421677784,4.55474116555489
2024-05-02,"BEX",23.875875,14.2449846723438,9.63089032765624
2024-05-02,"SEND",24.5215833333333,13.5175505370776,11.0040327962557
2024-05-02,"HUL2",19.62275,16.6768595466433,2.94589045335665
2024-05-02,"PEMB",2.21308333333333,8.1606664521606,-5.94758311882727
2024-05-02,"WFEN",21.3974583333333,13.4122781289913,7.98518020434205
2024-05-02,"OSY",25.7332083333333,12.9248123221638,12.8083960111695
2024-05-02,"ACTH",11.1213333333333,11.2621010716953,-0.140767738361985
2024-05-02,"COPP",17.1216666666667,12.2267497790184,4.89491688764831
2024-05-03,"EB",3.186,15.3827796332793,-12.1967796332793
2024-05-03,"IMGM",17.098125,15.6969422025584,1.40118279744158
2024-05-03,"PRES",13.4935833333333,14.3162414405514,-0.822658107218112
2024-05-03,"BIRR",9.04379166666667,19.2609478152891,-10.2171561486224
2024-05-03,"BLC2",15.597625,15.338903041843,0.258721958157004
2024-05-03,"BOTR",13.62825,16.0254913261179,-2.39724132611793
2024-05-03,"GHSR",11.9940416666667,13.8161629008089,-1.8221212341422
2024-05-03,"LEAM",2.79091666666667,18.1661885442092,-15.3752718775426
2024-05-03,"NPT3",2.98745833333333,13.4478827032084,-10.4604243698751
2024-05-03,"REA1",2.87166666666667,15.2727907942048,-12.4011241275382
2024-05-03,"SOUT",3.33925,13.1281066254138,-9.78885662541385
2024-05-03,"WREX",4.99991666666667,15.3847416583805,-10.3848249917138
2024-05-03,"LEAR",2.77229166666667,17.9663013958931,-15.1940097292264
2024-05-03,"PLYM",3.690125,10.4563633487333,-6.76623834873333
2024-05-03,"SHDG",16.144875,16.9420243787311,-0.797149378731078
2024-05-03,"SHE",16.062375,16.1750982708043,-0.112723270804292
2024-05-03,"BEL2",14.6432916666667,15.5408029890907,-0.897511322424014
2024-05-03,"GLKP",11.9703333333333,13.5569842067917,-1.5866508734584
2024-05-03,"LECU",13.4837916666667,16.5769921350347,-3.09320046836797
2024-05-03,"SUN2",18.7422083333333,15.7328480938415,3.00936023949184
2024-05-03,"TRAN",10.9454583333333,14.2295416139933,-3.28408328065995
2024-05-03,"STOK",15.1042916666667,15.5481983254737,-0.443906658807006
2024-05-03,"BEX",3.50233333333333,17.8740071722038,-14.3716738388704
2024-05-03,"SEND",3.918125,17.934733045105,-14.016608045105
2024-05-03,"HUL2",20.6112916666667,16.4603628420681,4.15092882459859
2024-05-03,"PEMB",2.352625,9.04432971604405,-6.69170471604405
2024-05-03,"WFEN",9.552875,16.4185513483467,-6.8656763483467
2024-05-03,"OSY",3.83841666666667,18.34020242984,-14.5017857631734
2024-05-03,"ACTH",12.3535833333333,11.2628738395795,1.09070949375376
2024-05-03,"COPP",12.3134166666667,15.1836092457608,-2.87019257909407
2024-05-04,"EB",5.66733333333333,4.84807132630147,0.819262007031856
2024-05-04,"IMGM",4.57154166666667,10.2464967328822,-5.67495506621557
2024-05-04,"PRES",5.29391666666667,8.74410074675528,-3.45018408008861
2024-05-04,"BIRR",5.64954166666667,7.50559763606888,-1.85605596940221
2024-05-04,"BLC2",3.55945833333333,9.90682193195393,-6.3473635986206
2024-05-04,"BOTR",4.47829166666667,8.89637897772355,-4.41808731105688
2024-05-04,"GHSR",14.61475,7.66837949586171,6.94637050413829
2024-05-04,"LEAM",3.16825,4.56785572762804,-1.39960572762804
2024-05-04,"NPT3",3.7205,4.90430472999022,-1.18380472999022
2024-05-04,"REA1",4.67670833333333,4.64532640185454,0.0313819314787862
2024-05-04,"SOUT",5.4875,5.10594711048736,0.381552889512644
2024-05-04,"WREX",2.26416666666667,5.29057392762183,-3.02640726095516
2024-05-04,"LEAR",3.20558333333333,4.45949005873094,-1.25390672539761
2024-05-04,"PLYM",4.93416666666667,5.9110916289428,-0.976924962276135
2024-05-04,"SHDG",3.46795833333333,10.0980814436988,-6.63012311036547
2024-05-04,"SHE",3.91604166666667,10.0279639212034,-6.11192225453676
2024-05-04,"BEL2",15.4335,9.47605903791623,5.95744096208377
2024-05-04,"GLKP",14.6059583333333,7.46411445600944,7.14184387732386
2024-05-04,"LECU",3.64979166666667,8.67766553122918,-5.02787386456251
2024-05-04,"SUN2",7.92945833333333,10.6651049396363,-2.735646606303
2024-05-04,"TRAN",3.64483333333333,7.80833983508258,-4.16350650174925
2024-05-04,"STOK",4.129375,9.5211532689341,-5.39177826893411
2024-05-04,"BEX",6.88683333333333,5.32473471908235,1.56209861425098
2024-05-04,"SEND",8.46804166666667,5.26992516947727,3.1981164971894
2024-05-04,"HUL2",6.98320833333333,11.9724286433303,-4.98922030999696
2024-05-04,"PEMB",2.55116666666667,4.20695384878605,-1.65578718211938
2024-05-04,"WFEN",5.80091666666667,7.05335054924933,-1.25243388258265
2024-05-04,"OSY",8.70291666666667,5.15937942467512,3.54353724199155
2024-05-04,"ACTH",4.454625,6.8588100877042,-2.4041850877042
2024-05-04,"COPP",5.75675,8.42796261441042,-2.67121261441042
2024-05-05,"EB",7.63566666666667,5.39176524956956,2.24390141709711
2024-05-05,"IMGM",7.32316666666667,5.03749951253158,2.28566715413509
2024-05-05,"PRES",7.40479166666667,5.13969967806472,2.26509198860195
2024-05-05,"BIRR",7.663125,5.91582395020152,1.74730104979848
2024-05-05,"BLC2",6.12129166666667,4.87330076113897,1.2479909055277
2024-05-05,"BOTR",6.18908333333333,4.99852535565657,1.19055797767676
2024-05-05,"GHSR",5.74991666666667,8.09710592178508,-2.34718925511841
2024-05-05,"LEAM",3.68420833333333,4.44810567981466,-0.763897346481333
2024-05-05,"NPT3",4.280625,4.72228571644704,-0.441660716447042
2024-05-05,"REA1",5.24958333333333,4.94304249755938,0.306540835773951
2024-05-05,"SOUT",8.71270833333333,5.42889602682246,3.28381230651087
2024-05-05,"WREX",4.42808333333333,3.87996172610056,0.548121607232766
2024-05-05,"LEAR",4.33975,4.35679262434472,-0.0170426243447208
2024-05-05,"PLYM",5.58079166666667,5.76811651694018,-0.187324850273506
2024-05-05,"SHDG",5.8845,4.88445443096175,1.00004556903825
2024-05-05,"SHE",8.20258333333333,4.98385865996419,3.21872467336914
2024-05-05,"BEL2",8.04241666666667,9.21622329949789,-1.17380663283122
2024-05-05,"GLKP",5.020625,7.89644331054923,-2.87581831054923
2024-05-05,"LECU",6.04370833333333,4.55610879487741,1.48759953845592
2024-05-05,"SUN2",3.90725,6.07621310680008,-2.16896310680008
2024-05-05,"TRAN",6.425,4.56658923290215,1.85841076709785
2024-05-05,"STOK",5.86975,4.9059412564476,0.963808743552397
2024-05-05,"BEX",7.16595833333333,6.28077618391598,0.885182149417347
2024-05-05,"SEND",7.391,6.66105753014418,0.729942469855823
2024-05-05,"HUL2",11.3530833333333,6.31780486138622,5.03527847194708
2024-05-05,"PEMB",3.37558333333333,3.68724104403315,-0.311657710699819
2024-05-05,"WFEN",8.17725,5.24256342697283,2.93468657302718
2024-05-05,"OSY",8.434625,6.68565746684812,1.74896753315188
2024-05-05,"ACTH",3.176,3.32328530158889,-0.147285301588886
2024-05-05,"COPP",8.20154166666667,5.47672846018154,2.72481320648513
2024-05-06,"EB",7.47054166666667,6.94031555980474,0.530226106861933
2024-05-06,"IMGM",11.5311666666667,7.09235899835496,4.43880766831174
2024-05-06,"PRES",7.26116666666667,6.89486019615524,0.36630647051143
2024-05-06,"BIRR",10.621125,7.5657436394398,3.0553813605602
2024-05-06,"BLC2",7.54433333333333,6.85081063694244,0.693522696390894
2024-05-06,"BOTR",9.20208333333333,6.61914084483212,2.58294248850121
2024-05-06,"GHSR",5.57379166666667,5.63002267573805,-0.0562310090713769
2024-05-06,"LEAM",5.932625,5.48885551879362,0.443769481206379
2024-05-06,"NPT3",5.3755,5.7742770896992,-0.3987770896992
2024-05-06,"REA1",8.125,5.98432158280129,2.14067841719871
2024-05-06,"SOUT",6.76008333333333,7.44790755704462,-0.687824223711289
2024-05-06,"WREX",5.65845833333333,5.57609709630754,0.0823612370257889
2024-05-06,"LEAR",6.96058333333333,5.62577937249318,1.33480396084015
2024-05-06,"PLYM",3.98195833333333,6.84479758652026,-2.86283925318693
2024-05-06,"SHDG",10.85,6.81733214769901,4.03266785230099
2024-05-06,"SHE",9.36420833333333,7.6019206943363,1.76228763899704
2024-05-06,"BEL2",5.78625,7.32151403665646,-1.53526403665646
2024-05-06,"GLKP",5.55716666666667,5.16220412140954,0.394962545257127
2024-05-06,"LECU",7.35170833333333,6.43966795932117,0.912040374012158
2024-05-06,"SUN2",8.64191666666667,5.59672779547738,3.04518887118929
2024-05-06,"TRAN",7.22683333333333,6.55677290266822,0.670060430665112
2024-05-06,"STOK",12.4017916666667,6.56379539457314,5.83799627209356
2024-05-06,"BEX",14.7091666666667,7.19047940987787,7.51868725678883
2024-05-06,"SEND",17.9530833333333,7.05152748909937,10.9015558442339
2024-05-06,"HUL2",14.1873333333333,8.98807764121407,5.19925569211923
2024-05-06,"PEMB",3.64591666666667,4.84484742317037,-1.1989307565037
2024-05-06,"WFEN",14.6757916666667,7.03203069173249,7.64376097493421
2024-05-06,"OSY",19.316125,7.37123491014902,11.944890089851
2024-05-06,"ACTH",4.53116666666667,3.81832534267598,0.712841323990693
2024-05-06,"COPP",10.0078333333333,7.33194509189682,2.67588824143648
2024-05-07,"EB",10.5808333333333,8.06995775108395,2.51087558224935
2024-05-07,"IMGM",10.30975,9.83094025330777,0.478809746692228
2024-05-07,"PRES",7.44408333333333,8.03041550951692,-0.586332176183594
2024-05-07,"BIRR",14.1215416666667,9.85183431389982,4.26970735276688
2024-05-07,"BLC2",11.2461666666667,8.56031354010787,2.68585312655883
2024-05-07,"BOTR",11.2354166666667,8.92996870614214,2.30544796052456
2024-05-07,"GHSR",7.34379166666667,6.91157985975867,0.432211806908001
2024-05-07,"LEAM",10.263375,7.53361441202611,2.72976058797389
2024-05-07,"NPT3",13.5102083333333,7.39101938413615,6.11918894919715
2024-05-07,"REA1",10.7282083333333,8.26056084834481,2.46764748498849
2024-05-07,"SOUT",11.5133333333333,7.89719299457191,3.61614033876139
2024-05-07,"WREX",11.92225,7.21994783169172,4.70230216830828
2024-05-07,"LEAR",12.1994166666667,7.79961473217814,4.39980193448856
2024-05-07,"PLYM",8.179125,7.46229071814842,0.716834281851584
2024-05-07,"SHDG",11.814125,9.84138782344982,1.97273717655018
2024-05-07,"SHE",8.88375,9.18973555049425,-0.305985550494249
2024-05-07,"BEL2",6.99604166666667,7.81120658646375,-0.815164919797078
2024-05-07,"GLKP",7.18375,6.71817497608378,0.465575023916224
2024-05-07,"LECU",11.1222916666667,8.1089664680232,3.0133251986435
2024-05-07,"SUN2",8.55845833333333,8.62797477241984,-0.069516439086506
2024-05-07,"TRAN",10.4029166666667,8.03297779526013,2.36993887140657
2024-05-07,"STOK",12.446125,10.1779822023636,2.2681427976364
2024-05-07,"BEX",12.2917916666667,11.2003387506813,1.09145291598541
2024-05-07,"SEND",12.3880833333333,12.1993907533766,0.188692579956653
2024-05-07,"HUL2",9.8535,11.1943906038483,-1.34089060384826
2024-05-07,"PEMB",7.07154166666667,6.15229609368086,0.919245572985806
2024-05-07,"WFEN",10.6286956521739,10.6246485609184,0.00404709125548486
2024-05-07,"OSY",11.18325,12.6257947683646,-1.44254476836463
2024-05-07,"ACTH",6.25483333333333,5.5579810025404,0.696852330792925
2024-05-07,"COPP",11.675625,9.18512526329541,2.49049973670459
2024-05-08,"EB",7.37033333333333,9.49141156148793,-2.1210782281546
2024-05-08,"IMGM",7.68579166666667,9.58455065224338,-1.89875898557671
2024-05-08,"PRES",12.699625,8.36698394280947,4.33264105719053
2024-05-08,"BIRR",9.38004166666667,11.3728562854108,-1.99281461874411
2024-05-08,"BLC2",11.9055,10.1780616253929,1.72743837460714
2024-05-08,"BOTR",10.58,9.90665268144373,0.673347318556266
2024-05-08,"GHSR",8.47791666666667,7.83662162178668,0.641295044879995
2024-05-08,"LEAM",6.91329166666667,9.37248769231867,-2.459196025652
2024-05-08,"NPT3",13.0571666666667,10.6558478327275,2.40131883393917
2024-05-08,"REA1",12.2122916666667,9.45036137956408,2.76193028710262
2024-05-08,"SOUT",12.0677083333333,9.95309234195814,2.11461599137516
2024-05-08,"WREX",9.956875,9.78966118370049,0.16721381629951
2024-05-08,"LEAR",8.297,9.96956517024593,-1.67256517024593
2024-05-08,"PLYM",11.142,9.30706998678736,1.83493001321264
2024-05-08,"SHDG",11.9055416666667,10.3938214834135,1.51172018325318
2024-05-08,"SHE",10.5878333333333,9.26173258235234,1.32610075098096
2024-05-08,"BEL2",8.866,8.55864556989572,0.307354430104276
2024-05-08,"GLKP",7.97283333333333,7.57981975030344,0.393013583029892
2024-05-08,"LECU",6.87408333333333,9.75384256123071,-2.87975922789738
2024-05-08,"SUN2",12.0647916666667,8.79560861156328,3.26918305510342
2024-05-08,"TRAN",11.560625,9.46488348401832,2.09574151598168
2024-05-08,"STOK",12.3753333333333,10.3670811169077,2.00825221642561
2024-05-08,"BEX",11.6942916666667,10.4628285951572,1.23146307150948
2024-05-08,"SEND",7.73491666666667,10.2522336319445,-2.5173169652778
2024-05-08,"HUL2",12.5785833333333,9.81464941695877,2.76393391637454
2024-05-08,"PEMB",7.71416666666667,7.6843087991837,0.029857867482975
2024-05-08,"WFEN",8.26179166666667,9.29837854533269,-1.03658687866601
2024-05-08,"OSY",5.2565,9.7226551727411,-4.4661551727411
2024-05-08,"ACTH",5.2015,6.44380694150528,-1.24230694150528
2024-05-08,"COPP",12.1817083333333,10.0437539310586,2.13795440227468
2024-05-09,"EB",9.48120833333333,7.78454003994081,1.69666829339252
2024-05-09,"IMGM",12.23775,8.15736321600684,4.08038678399316
2024-05-09,"PRES",10.4708333333333,9.83888498020439,0.631948353128909
2024-05-09,"BIRR",10.2555416666667,9.09314042790723,1.16240123875947
2024-05-09,"BLC2",10.4519583333333,9.89642354001808,0.555534793315216
2024-05-09,"BOTR",11.0564166666667,9.1619324929558,1.8944841737109
2024-05-09,"GHSR",7.0725,7.75870827050529,-0.686208270505291
2024-05-09,"LEAM",8.77790909090909,7.59632754724157,1.18158154366752
2024-05-09,"NPT3",11.6785416666667,9.89825066908499,1.78029099758171
2024-05-09,"REA1",11.0967083333333,9.49010795223707,1.60660038109623
2024-05-09,"SOUT",12.1669166666667,9.61742808678429,2.54948857988241
2024-05-09,"WREX",10.1857083333333,8.49869308151098,1.68701525182232
2024-05-09,"LEAR",9.40645833333333,7.97569286694928,1.43076546638405
2024-05-09,"PLYM",13.1397083333333,9.8717485179361,3.2679598153972
2024-05-09,"SHDG",10.282,9.94119469050599,0.340805309494007
2024-05-09,"SHE",9.24541666666667,9.42739066313239,-0.181973996465715
2024-05-09,"BEL2",9.81625,8.76142091362076,1.05482908637924
2024-05-09,"GLKP",6.768875,7.37613552864049,-0.607260528640486
2024-05-09,"LECU",12.563875,7.65299823999133,4.91087676000867
2024-05-09,"SUN2",9.143125,9.62327353181965,-0.480148531819655
2024-05-09,"TRAN",9.529375,9.37546095423352,0.153914045766475
2024-05-09,"STOK",13.6046666666667,9.86760145012424,3.73706521654247
2024-05-09,"BEX",13.2548333333333,9.80365345668233,3.45117987665097
2024-05-09,"SEND",9.9145,8.13578077230086,1.77871922769914
2024-05-09,"HUL2",11.796,10.4140682416349,1.38193175836513
2024-05-09,"PEMB",8.416,7.40045758851346,1.01554241148654
2024-05-09,"WFEN",11.663875,8.00711619572249,3.65675880427752
2024-05-09,"OSY",7.86841666666667,7.17132263065395,0.697094036012717
2024-05-09,"ACTH",4.91058333333333,5.55611988577232,-0.645536552438991
2024-05-09,"COPP",15.3931666666667,9.73462644591372,5.65854022075298
2024-05-10,"EB",15.2595833333333,8.97959712657211,6.27998620676119
2024-05-10,"IMGM",15.9405,10.248381984913,5.69211801508697
2024-05-10,"PRES",12.5108333333333,9.30421484697196,3.20661848636134
2024-05-10,"BIRR",13.64,9.852543488572,3.787456511428
2024-05-10,"BLC2",17.0165416666667,9.71516148147312,7.30138018519358
2024-05-10,"BOTR",11.3385416666667,9.71464055228702,1.62390111437968
2024-05-10,"GHSR",8.571125,7.58843956503891,0.982685434961088
2024-05-10,"LEAM",10.9179166666667,8.70215750998656,2.21575915668014
2024-05-10,"NPT3",10.96,9.7607622733228,1.19923772667721
2024-05-10,"REA1",10.7714583333333,9.42218168028492,1.34927665304838
2024-05-10,"SOUT",16.2275,10.0129624042514,6.21453759574862
2024-05-10,"WREX",11.5744166666667,8.97853545671335,2.59588120995335
2024-05-10,"LEAR",11.3610416666667,8.80969391507647,2.55134775159024
2024-05-10,"PLYM",17.4607916666667,10.9359854838541,6.52480618281256
2024-05-10,"SHDG",10.222125,9.70512622277597,0.516998777224032
2024-05-10,"SHE",10.966,9.27225607664472,1.69374392335528
2024-05-10,"BEL2",13.1653333333333,9.45331779994767,3.71201553338562
2024-05-10,"GLKP",7.87245833333333,7.28547436174408,0.586983971589251
2024-05-10,"LECU",10.6093333333333,10.1889659137563,0.420367419576994
2024-05-10,"SUN2",12.3407916666667,8.85708459334222,3.48370707332448
2024-05-10,"TRAN",18.139875,8.97298497310003,9.16689002689997
2024-05-10,"STOK",12.6052083333333,10.6908426400146,1.91436569331871
2024-05-10,"BEX",13.1683333333333,10.7571897021011,2.41114363123218
2024-05-10,"SEND",15.4382916666667,9.37706735091805,6.06122431574865
2024-05-10,"HUL2",16.66975,10.4516469974609,6.21810300253912
2024-05-10,"PEMB",9.4125,8.01799030013462,1.39450969986538
2024-05-10,"WFEN",10.9965,9.66841140327169,1.32808859672831
2024-05-10,"OSY",12.658375,8.59112500795394,4.06724999204606
2024-05-10,"ACTH",5.14641666666667,5.8302650450938,-0.683848378427132
2024-05-10,"COPP",14.6915,11.2839270589915,3.40757294100852
2024-05-11,"EB",22.5325416666667,12.1019031618798,10.4306385047869
2024-05-11,"IMGM",11.2746666666667,12.5665307761112,-1.29186410944452
2024-05-11,"PRES",10.6525416666667,11.1039625304315,-0.451420863764824
2024-05-11,"BIRR",15.4363333333333,12.1057055939744,3.33062773935891
2024-05-11,"BLC2",13.2027083333333,13.1800784745348,0.0226298587985294
2024-05-11,"BOTR",12.2160833333333,10.8241523345988,1.39193099873455
2024-05-11,"GHSR",8.07491666666667,9.17575483440246,-1.10083816773579
2024-05-11,"LEAM",15.6595833333333,10.4800150498509,5.17956828348242
2024-05-11,"NPT3",15.5582916666667,10.5262441180645,5.0320475486022
2024-05-11,"REA1",19.940125,10.3295882252129,9.61053677478705
2024-05-11,"SOUT",19.6561666666667,12.527803063672,7.1283636029947
2024-05-11,"WREX",13.749,10.5015951077144,3.24740489228556
2024-05-11,"LEAR",15.5345833333333,10.5297266186304,5.00485671470287
2024-05-11,"PLYM",24.3711666666667,13.5200027684742,10.8511638981925
2024-05-11,"SHDG",13.0189166666667,10.7181669599951,2.30074970667158
2024-05-11,"SHE",11.2057916666667,10.9408984880653,0.264893178601445
2024-05-11,"BEL2",17.819375,11.6922973184781,6.1270776815219
2024-05-11,"GLKP",7.46075,8.72352807329655,-1.26277807329655
2024-05-11,"LECU",14.0850833333333,10.394736265012,3.69034706832127
2024-05-11,"SUN2",9.17745833333333,11.0957181353008,-1.91825980196744
2024-05-11,"TRAN",14.5185416666667,13.2042210749577,1.31432059170904
2024-05-11,"STOK",12.044125,11.3146935832022,0.729431416797828
2024-05-11,"BEX",26.073125,11.7145173355696,14.3586076644304
2024-05-11,"SEND",20.7625833333333,12.4040623543566,8.35852097897675
2024-05-11,"HUL2",10.6771666666667,13.2804584993051,-2.60329183263843
2024-05-11,"PEMB",16.1449166666667,9.38892810692997,6.75598855973672
2024-05-11,"WFEN",14.0105,10.3840111711181,3.62648882888187
2024-05-11,"OSY",15.6280416666667,11.3400136203806,4.28802804628608
2024-05-11,"ACTH",6.52620833333333,6.93367512028655,-0.407466786953218
2024-05-11,"COPP",12.0725833333333,11.9895668331703,0.0830165001630316
2024-05-12,"EB",21.3079583333333,15.3807856890819,5.92717264425141
2024-05-12,"IMGM",17.2239166666667,11.4520465055594,5.77187016110734
2024-05-12,"PRES",16.3385833333333,11.053598982166,5.28498435116735
2024-05-12,"BIRR",16.9685,13.3900005164463,3.57849948355367
2024-05-12,"BLC2",18.9259166666667,12.3400468532613,6.58586981340537
2024-05-12,"BOTR",13.958375,11.8127117159226,2.14566328407736
2024-05-12,"GHSR",12.7929583333333,9.63783085751408,3.15512747581922
2024-05-12,"LEAM",14.9892916666667,12.8734584913294,2.11583317533732
2024-05-12,"NPT3",21.6913333333333,12.9077291545198,8.78360417881346
2024-05-12,"REA1",17.184625,14.3987080705868,2.78591692941315
2024-05-12,"SOUT",19.647,14.4071324515663,5.23986754843372
2024-05-12,"WREX",16.23725,11.9547669834496,4.28248301655042
2024-05-12,"LEAR",14.7612916666667,12.715352964552,2.04593870211465
2024-05-12,"PLYM",21.862375,16.6855342679699,5.17684073203009
2024-05-12,"SHDG",17.8912083333333,12.4227221263904,5.46848620694289
2024-05-12,"SHE",16.1263333333333,11.6724622729037,4.45387106042957
2024-05-12,"BEL2",22.54425,14.0358663050295,8.50838369497054
2024-05-12,"GLKP",12.2435833333333,9.22259920445542,3.02098412887788
2024-05-12,"LECU",12.2750416666667,12.3781235791303,-0.103081912463605
2024-05-12,"SUN2",14.5618333333333,10.5451744366832,4.01665889665014
2024-05-12,"TRAN",17.5590416666667,12.4060497631234,5.1529919035433
2024-05-12,"STOK",15.0089166666667,11.7887045343894,3.22021213227735
2024-05-12,"BEX",20.7822916666667,17.1644124064407,3.61787926022596
2024-05-12,"SEND",24.8192916666667,14.9646407939195,9.85465087274717
2024-05-12,"HUL2",15.7351666666667,11.6575592731676,4.07760739349913
2024-05-12,"PEMB",20.866875,12.5363988555261,8.33047614447393
2024-05-12,"WFEN",13.4207916666667,12.1777883878179,1.24300327884884
2024-05-12,"OSY",20.1022083333333,13.0387836010507,7.06342473228258
2024-05-12,"ACTH",12.7712916666667,8.1089818399898,4.6623098266769
2024-05-12,"COPP",15.605375,11.6968742330644,3.90850076693559
2024-05-13,"EB",7.36154166666667,15.77759027386,-8.41604860719335
2024-05-13,"IMGM",13.0229583333333,14.6786262456597,-1.65566791232641
2024-05-13,"PRES",9.13229166666667,14.1422347896079,-5.00994312294119
2024-05-13,"BIRR",10.845125,14.8870250756614,-4.04190007566136
2024-05-13,"BLC2",11.9605833333333,15.4706112051065,-3.51002787177319
2024-05-13,"BOTR",11.3855833333333,13.4008163846958,-2.01523305136246
2024-05-13,"GHSR",13.0110833333333,12.3482150708487,0.662868262484551
2024-05-13,"LEAM",8.93779166666667,13.5120739113892,-4.57428224472255
2024-05-13,"NPT3",4.39370833333333,16.0690053933677,-11.6752970600343
2024-05-13,"REA1",7.31929166666667,14.201019790388,-6.88172812372136
2024-05-13,"SOUT",5.72520833333333,15.3095972557256,-9.58438892239231
2024-05-13,"WREX",7.26420833333333,13.8005684313544,-6.5363600980211
2024-05-13,"LEAR",8.96620833333333,13.3239880943017,-4.35777976096833
2024-05-13,"PLYM",4.85266666666667,16.6117679277696,-11.7591012611029
2024-05-13,"SHDG",11.3069583333333,15.1428380670361,-3.83587973370284
2024-05-13,"SHE",12.0637083333333,14.4472736718602,-2.38356533852694
2024-05-13,"BEL2",9.41665217391304,16.6746220381419,-7.25796986422887
2024-05-13,"GLKP",13.5192083333333,11.9557716177856,1.56343671554771
2024-05-13,"LECU",10.5700416666667,12.6126964674062,-2.04265480073946
2024-05-13,"SUN2",22.1413333333333,13.5408361957885,8.60049713754476
2024-05-13,"TRAN",9.36720833333333,14.5399140597645,-5.17270572643116
2024-05-13,"STOK",9.85654166666667,13.8504537494284,-3.99391208276176
2024-05-13,"BEX",11.0142916666667,15.9735998158161,-4.95930814914942
2024-05-13,"SEND",14.357375,17.3461934200772,-2.9888184200772
2024-05-13,"HUL2",15.0255416666667,14.5730402781573,0.452501388509406
2024-05-13,"PEMB",3.20841666666667,15.1441467557727,-11.9357300891061
2024-05-13,"WFEN",14.8507916666667,12.8711367312138,1.97965493545289
2024-05-13,"OSY",16.933,15.6089072075008,1.32409279249919
2024-05-13,"ACTH",11.09375,11.3581131490987,-0.264363149098658
2024-05-13,"COPP",8.90916666666667,13.9986956562874,-5.08952898962076
2024-05-14,"EB",5.25458333333333,6.8839541129195,-1.62937077958617
2024-05-14,"IMGM",15.757125,9.29232852878559,6.46479647121441
2024-05-14,"PRES",5.94541666666667,7.64626818799185,-1.70085152132518
2024-05-14,"BIRR",6.77279166666667,8.85208599197733,-2.07929432531066
2024-05-14,"BLC2",6.935,9.06338312040875,-2.12838312040876
2024-05-14,"BOTR",7.28875,8.67832257512378,-1.38957257512378
2024-05-14,"GHSR",18.8443333333333,8.6168911855378,10.2274421477955
2024-05-14,"LEAM",6.326625,7.53547804882469,-1.20885304882469
2024-05-14,"NPT3",3.8955,5.82782067072326,-1.93232067072326
2024-05-14,"REA1",4.33866666666667,6.84144598464762,-2.50277931798095
2024-05-14,"SOUT",4.97354166666667,6.40758332166782,-1.43404165500115
2024-05-14,"WREX",4.32295833333333,6.69607708472344,-2.37311875139011
2024-05-14,"LEAR",6.36695833333333,7.44387628048581,-1.07691794715248
2024-05-14,"PLYM",6.71,6.60169137342281,0.108308626577191
2024-05-14,"SHDG",10.040375,8.88905182718522,1.15132317281478
2024-05-14,"SHE",9.29245833333333,9.12704038753165,0.165417945801684
2024-05-14,"BEL2",6.93591666666667,7.99868533910486,-1.06276867243819
2024-05-14,"GLKP",19.672875,8.61531251201218,11.0575624879878
2024-05-14,"LECU",7.95704166666667,8.26286578467167,-0.305824118005
2024-05-14,"SUN2",27.1600416666667,12.5272651294264,14.6327765372403
2024-05-14,"TRAN",6.57729166666667,7.7169039238885,-1.13961225722182
2024-05-14,"STOK",7.442125,8.15463579243859,-0.712510792438587
2024-05-14,"BEX",7.41431818181818,8.68659457861998,-1.2722763968018
2024-05-14,"SEND",6.897625,9.66749759031774,-2.76987259031774
2024-05-14,"HUL2",18.20375,10.4930951183805,7.71065488161945
2024-05-14,"PEMB",4.10470833333333,4.78959400105331,-0.684885667719982
2024-05-14,"WFEN",8.89345833333333,9.66523372935,-0.771775396016672
2024-05-14,"OSY",8.14275,10.6261072224397,-2.48335722243965
2024-05-14,"ACTH",14.0606666666667,6.90246715391901,7.15819951274768
2024-05-14,"COPP",6.33454166666667,7.72271740404094,-1.38817573737427
2024-05-15,"EB",5.165125,6.637114133776,-1.471989133776
2024-05-15,"IMGM",7.25429166666667,10.6987696835997,-3.44447801693298
2024-05-15,"PRES",7.79191666666667,6.90227188553752,0.889644781129152
2024-05-15,"BIRR",6.64891666666667,7.76443912878939,-1.11552246212272
2024-05-15,"BLC2",9.478125,7.63468619551948,1.84343880448052
2024-05-15,"BOTR",6.169375,7.53047255116548,-1.36109755116548
2024-05-15,"GHSR",17.9816666666667,11.1078932175147,6.87377344915197
2024-05-15,"LEAM",5.01858333333333,6.9881501744613,-1.96956684112797
2024-05-15,"NPT3",4.343625,6.22526860066083,-1.88164360066083
2024-05-15,"REA1",4.324875,6.21215257452133,-1.88727757452133
2024-05-15,"SOUT",5.02858333333333,6.66251661462221,-1.63393328128888
2024-05-15,"WREX",8.20070833333333,6.06852347874917,2.13218485458416
2024-05-15,"LEAR",5.07279166666667,6.89727123306622,-1.82447956639955
2024-05-15,"PLYM",5.99454166666667,7.86770828691589,-1.87316662024922
2024-05-15,"SHDG",9.75720833333333,8.84755567941901,0.909652653914318
2024-05-15,"SHE",7.318125,8.49176406477692,-1.17363906477692
2024-05-15,"BEL2",11.3227083333333,7.6015725930863,3.721135740247
2024-05-15,"GLKP",19.59225,11.2097997968734,8.38245020312656
2024-05-15,"LECU",7.73979166666667,7.65227194741512,0.0875197192515476
2024-05-15,"SUN2",10.09925,14.6104851777374,-4.51123517773739
2024-05-15,"TRAN",6.91925,7.13416957440968,-0.214919574409677
2024-05-15,"STOK",7.40366666666667,7.66725586935615,-0.263589202689477
2024-05-15,"BEX",6.50558333333333,7.82643454112549,-1.32085120779216
2024-05-15,"SEND",8.12204166666667,7.38730424284465,0.734737423822024
2024-05-15,"HUL2",6.76095833333333,12.0137782964055,-5.2528199630722
2024-05-15,"PEMB",4.66883333333333,5.70889201252415,-1.04005867919082
2024-05-15,"WFEN",7.45591666666667,7.77044148409917,-0.314524817432505
2024-05-15,"OSY",6.878,7.74796101728814,-0.869961017288144
2024-05-15,"ACTH",12.2760833333333,8.35880533032349,3.91727800300981
2024-05-15,"COPP",7.22583333333333,7.19821138269493,0.0276219506384052
2024-05-16,"EB",7.10495833333333,6.30518938029097,0.799768953042361
2024-05-16,"IMGM",15.9061666666667,7.18002833828379,8.72613832838291
2024-05-16,"PRES",9.99508333333333,7.30315877123216,2.69192456210117
2024-05-16,"BIRR",11.743375,7.44806329524931,4.29531170475069
2024-05-16,"BLC2",11.7257083333333,8.32014486551317,3.40556346782013
2024-05-16,"BOTR",10.1740833333333,6.84562241219905,3.32846092113425
2024-05-16,"GHSR",13.2430833333333,10.3751654284211,2.86791790491218
2024-05-16,"LEAM",8.70970833333333,6.2120074915964,2.49770084173693
2024-05-16,"NPT3",5.43045833333333,6.06935048000706,-0.638892146673732
2024-05-16,"REA1",6.18608333333333,5.92084211254067,0.26524122079266
2024-05-16,"SOUT",5.33708333333333,6.36461298644009,-1.02752965310676
2024-05-16,"WREX",10.2399166666667,7.21844010155386,3.02147656511284
2024-05-16,"LEAR",8.7245,6.12609756668975,2.59840243331025
2024-05-16,"PLYM",5.04420833333333,7.24677091682467,-2.20256258349134
2024-05-16,"SHDG",17.783125,8.43176224612534,9.35136275387466
2024-05-16,"SHE",15.709625,7.47106920224855,8.23855579775145
2024-05-16,"BEL2",12.7801666666667,8.9334551548786,3.8467115117881
2024-05-16,"GLKP",13.8042083333333,10.7622002103599,3.04200812297341
2024-05-16,"LECU",9.78491666666667,7.28028777318378,2.50462889348289
2024-05-16,"SUN2",12.54925,7.88817304570035,4.66107695429965
2024-05-16,"TRAN",13.014125,6.97191639071842,6.04220860928158
2024-05-16,"STOK",13.1929583333333,7.35865352237805,5.83430481095525
2024-05-16,"BEX",10.621125,7.21247092753891,3.40865407246109
2024-05-16,"SEND",6.82491666666667,7.61923936298594,-0.794322696319268
2024-05-16,"HUL2",16.3885,7.39940520018623,8.98909479981377
2024-05-16,"PEMB",4.7445,5.57587135518464,-0.831371355184644
2024-05-16,"WFEN",6.3325,6.99450237299762,-0.662002372997618
2024-05-16,"OSY",5.31445833333333,7.07683236119413,-1.7623740278608
2024-05-16,"ACTH",10.756375,7.32578596154565,3.43058903845435
2024-05-16,"COPP",12.8115416666667,7.23638301777537,5.57515864889133
2024-05-17,"EB",3.18595833333333,8.44321801895052,-5.25725968561719
2024-05-17,"IMGM",14.0841666666667,11.9259772789444,2.15818938772235
2024-05-17,"PRES",14.4772916666667,9.51087439377111,4.96641727289559
2024-05-17,"BIRR",9.64041666666667,10.7553581352423,-1.11494146857563
2024-05-17,"BLC2",17.607125,10.5342856715356,7.07283932846445
2024-05-17,"BOTR",8.4965,9.76350561506139,-1.26700561506139
2024-05-17,"GHSR",14.7672083333333,10.050012356339,4.71719597699429
2024-05-17,"LEAM",5.666375,9.01642652774503,-3.35005152774503
2024-05-17,"NPT3",5.92770833333333,7.88360662493998,-1.95589829160665
2024-05-17,"REA1",4.909625,8.02865108587077,-3.11902608587077
2024-05-17,"SOUT",5.18175,7.89616119711232,-2.71441119711232
2024-05-17,"WREX",8.14679166666667,9.33616143828161,-1.18936977161494
2024-05-17,"LEAR",5.52083333333333,8.91571316115943,-3.3948798278261
2024-05-17,"PLYM",5.50516666666667,8.3230232257516,-2.81785655908493
2024-05-17,"SHDG",17.152125,12.8274394238146,4.32468557618544
2024-05-17,"SHE",14.5303333333333,12.0265446068135,2.50378872651985
2024-05-17,"BEL2",16.5006666666667,10.8283115615599,5.67235510510683
2024-05-17,"GLKP",14.73175,10.0369679109794,4.69478208902064
2024-05-17,"LECU",8.828625,9.45916649103772,-0.630541491037715
2024-05-17,"SUN2",15.6250416666667,10.4595915010748,5.16545016559187
2024-05-17,"TRAN",14.4635,10.6431522252712,3.82034777472879
2024-05-17,"STOK",8.19958333333333,10.9221502178185,-2.72256688448519
2024-05-17,"BEX",5.15333333333333,10.1683841713891,-5.01505083805575
2024-05-17,"SEND",3.91895833333333,8.53907441528548,-4.62011608195215
2024-05-17,"HUL2",16.09575,12.5491665470598,3.54658345294024
2024-05-17,"PEMB",4.271875,7.01382567676612,-2.74195067676612
2024-05-17,"WFEN",7.28979166666667,8.01702581323902,-0.727234146572352
2024-05-17,"OSY",4.739625,7.93380390601259,-3.19417890601259
2024-05-17,"ACTH",16.69725,8.20648276306544,8.49076723693456
2024-05-17,"COPP",7.63458333333333,10.711065461212,-3.07648212787872
2024-05-18,"EB",7.85470833333333,6.34318103981847,1.51152729351486
2024-05-18,"IMGM",11.6795416666667,10.5062179177677,1.17332374889898
2024-05-18,"PRES",13.2539166666667,10.5196455039821,2.73427116268458
2024-05-18,"BIRR",16.2264583333333,9.28272975476482,6.94372857856848
2024-05-18,"BLC2",16.553625,12.0608159422166,4.4928090577834
2024-05-18,"BOTR",15.4502916666667,8.46416793200243,6.98612373466427
2024-05-18,"GHSR",19.1019166666667,10.0627870180095,9.03912964865716
2024-05-18,"LEAM",16.7925,7.21560162831441,9.57689837168559
2024-05-18,"NPT3",10.56325,7.43204779379537,3.13120220620463
2024-05-18,"REA1",11.5369166666667,6.90879291571247,4.62812375095423
2024-05-18,"SOUT",9.52629166666667,7.21403143667173,2.31226022999494
2024-05-18,"WREX",13.0729583333333,7.91116982980544,5.16178850352786
2024-05-18,"LEAR",16.1941666666667,7.05605324735718,9.13811341930952
2024-05-18,"PLYM",7.67979166666667,7.88735239019941,-0.207560723532742
2024-05-18,"SHDG",18.5515416666667,11.857952175879,6.69358949078769
2024-05-18,"SHE",14.7072916666667,10.8486542561284,3.85863741053829
2024-05-18,"BEL2",8.911125,11.5656117720933,-2.6544867720933
2024-05-18,"GLKP",18.907375,9.84382334547576,9.06355165452423
2024-05-18,"LECU",15.049125,8.45527997201408,6.59384502798592
2024-05-18,"SUN2",14.87825,10.9437389970656,3.93451100293437
2024-05-18,"TRAN",19.7485833333333,10.4722378070002,9.27634552633307
2024-05-18,"STOK",15.9728333333333,8.36863375820862,7.60419957512468
2024-05-18,"BEX",11.957625,7.46319992673888,4.49442507326112
2024-05-18,"SEND",11.71875,6.86097367077196,4.85777632922804
2024-05-18,"HUL2",11.49475,11.6819366607244,-0.187186660724432
2024-05-18,"PEMB",9.13272727272727,6.21749380396758,2.91523346875969
2024-05-18,"WFEN",10.858,7.76773594079494,3.09026405920506
2024-05-18,"OSY",11.2125833333333,7.12320794201772,4.08937539131558
2024-05-18,"ACTH",12.0184166666667,9.80928851480461,2.20912815186209
2024-05-18,"COPP",20.9897083333333,8.09246388578691,12.8972444475464
2024-05-19,"EB",13.9701666666667,10.0869623851172,3.88320428154948
2024-05-19,"IMGM",13.877875,11.5991586353219,2.27871636467813
2024-05-19,"PRES",10.1130833333333,11.9594562018719,-1.84637286853861
2024-05-19,"BIRR",10.7400833333333,13.7107069620462,-2.97062362871289
2024-05-19,"BLC2",13.9780833333333,13.5434166876832,0.434666645650076
2024-05-19,"BOTR",9.47825,13.0222693046482,-3.54401930464817
2024-05-19,"GHSR",14.2640833333333,13.604430427766,0.659652905567336
2024-05-19,"LEAM",11.7757916666667,13.339194671592,-1.56340300492531
2024-05-19,"NPT3",11.921375,11.0999345632743,0.821440436725689
2024-05-19,"REA1",12.3812083333333,11.3401519604405,1.04105637289284
2024-05-19,"SOUT",12.3280416666667,10.7835011289816,1.5445405376851
2024-05-19,"WREX",10.0226666666667,11.7240311947706,-1.70136452810387
2024-05-19,"LEAR",11.645125,13.0141982467643,-1.36907324676429
2024-05-19,"PLYM",13.415875,10.64400610436,2.77186889563998
2024-05-19,"SHDG",13.9427083333333,14.3431190879665,-0.400410754633207
2024-05-19,"SHE",13.798125,12.8888023441947,0.909322655805278
2024-05-19,"BEL2",3.37279166666667,10.6577620162812,-7.28497034961457
2024-05-19,"GLKP",14.284625,13.3351176899981,0.949507310001895
2024-05-19,"LECU",12.3792916666667,12.7313148293117,-0.352023162644979
2024-05-19,"SUN2",7.15225,12.5803725791018,-5.42812257910176
2024-05-19,"TRAN",12.2602083333333,14.3670661005933,-2.10685776725996
2024-05-19,"STOK",9.32195833333333,13.2780849890858,-3.95612665575248
2024-05-19,"BEX",14.3160416666667,12.0204888909915,2.29555277567516
2024-05-19,"SEND",14.90075,11.7502010197563,3.15054898024368
2024-05-19,"HUL2",13.25375,11.9391127423125,1.31463725768747
2024-05-19,"PEMB",9.67179166666667,9.98282242989004,-0.311030763223371
2024-05-19,"WFEN",14.0419583333333,11.0335574840074,3.00840084932591
2024-05-19,"OSY",13.847375,11.4872844287058,2.36009057129416
2024-05-19,"ACTH",6.43975,9.94786771463657,-3.50811771463657
2024-05-19,"COPP",10.7076666666667,15.0726115420137,-4.36494487534705
2024-05-20,"EB",9.84675,10.6979207923948,-0.85117079239475
2024-05-20,"IMGM",7.04016666666667,10.8606964229172,-3.82052975625056
2024-05-20,"PRES",5.35479166666667,9.22585388178083,-3.87106221511416
2024-05-20,"BIRR",12.1679583333333,9.99564436066427,2.17231397266903
2024-05-20,"BLC2",6.85533333333333,11.0168056280603,-4.16147229472692
2024-05-20,"BOTR",8.58295833333333,9.12197460834136,-0.539016275008034
2024-05-20,"GHSR",3.98691666666667,10.1620665360119,-6.17514986934519
2024-05-20,"LEAM",10.1828333333333,9.73276670431096,0.450066629022338
2024-05-20,"NPT3",13.54375,9.94880620056598,3.59494379943401
2024-05-20,"REA1",11.1841666666667,9.96997138779955,1.21419527886715
2024-05-20,"SOUT",12.976625,10.1714178271817,2.80520717281834
2024-05-20,"WREX",14.0654166666667,8.93542471733,5.1299919493367
2024-05-20,"LEAR",9.95095833333333,9.58755802047901,0.363400312854319
2024-05-20,"PLYM",13.08475,11.1503219806986,1.93442801930144
2024-05-20,"SHDG",9.264875,11.0278646513424,-1.76298965134242
2024-05-20,"SHE",7.521625,10.9618559607995,-3.44023096079954
2024-05-20,"BEL2",9.23158333333333,7.12756816590463,2.1040151674287
2024-05-20,"GLKP",4.10679166666667,9.97473164491153,-5.86793997824486
2024-05-20,"LECU",9.55295833333333,10.0650284575813,-0.512070124247973
2024-05-20,"SUN2",3.61229166666667,8.14112959742006,-4.52883793075339
2024-05-20,"TRAN",11.464375,9.92900682231433,1.53536817768567
2024-05-20,"STOK",9.98041666666667,9.11448674523077,0.865929921435898
2024-05-20,"BEX",12.625875,11.2087343381099,1.41714066189005
2024-05-20,"SEND",11.3060833333333,11.2292448675295,0.0768384658038261
2024-05-20,"HUL2",5.85795833333333,11.0695063744771,-5.21154804114378
2024-05-20,"PEMB",10.72525,8.52499244651598,2.20025755348402
2024-05-20,"WFEN",7.94320833333333,10.5742588825192,-2.63105054918584
2024-05-20,"OSY",9.609,10.7826962224625,-1.17369622246248
2024-05-20,"ACTH",2.74466666666667,6.36081832002987,-3.6161516533632
2024-05-20,"COPP",11.9044583333333,9.48331139064355,2.42114694268975
2024-05-21,"EB",7.59333333333333,8.10461193305156,-0.511278599718226
2024-05-21,"IMGM",11.627375,7.31816194305598,4.30921305694402
2024-05-21,"PRES",7.24654166666667,6.53061191890464,0.715929747762028
2024-05-21,"BIRR",12.08925,9.62611621853959,2.46313378146041
2024-05-21,"BLC2",6.34241666666667,7.43740547201836,-1.09498880535169
2024-05-21,"BOTR",8.99475,7.89871970518611,1.09603029481389
2024-05-21,"GHSR",6.191,5.44654844490146,0.744451555098538
2024-05-21,"LEAM",10.9542916666667,8.23727410062819,2.71701756603851
2024-05-21,"NPT3",8.19395833333333,9.55278293239575,-1.35882459906242
2024-05-21,"REA1",8.944625,8.53676913682176,0.407855863178238
2024-05-21,"SOUT",7.62679166666667,9.3938230393052,-1.76703137263853
2024-05-21,"WREX",10.5287916666667,9.49961490583341,1.02917676083329
2024-05-21,"LEAR",10.5100833333333,8.04783421432493,2.46224911900837
2024-05-21,"PLYM",11.4987083333333,9.96749836836873,1.53120996496457
2024-05-21,"SHDG",10.6073333333333,8.3835702718706,2.2237630614627
2024-05-21,"SHE",8.96829166666667,7.67199192053221,1.29629974613446
2024-05-21,"BEL2",9.18233333333333,8.40041761852755,0.781915714805779
2024-05-21,"GLKP",6.194,5.29291893130476,0.901081068695242
2024-05-21,"LECU",12.2150833333333,8.07878398308691,4.13629935024639
2024-05-21,"SUN2",8.344125,5.96329657200008,2.38082842799992
2024-05-21,"TRAN",9.28858333333333,8.76443486253341,0.524148470799917
2024-05-21,"STOK",9.41329166666667,8.47666213258849,0.936629534078184
2024-05-21,"BEX",9.87020833333333,9.57102968083346,0.299178652499869
2024-05-21,"SEND",9.381,8.87407473503804,0.506925264961962
2024-05-21,"HUL2",9.644375,7.32653130232051,2.31784369767949
2024-05-21,"PEMB",12.3614166666667,7.92998271906189,4.43143394760481
2024-05-21,"WFEN",8.58595833333333,7.29131191548672,1.29464641784661
2024-05-21,"OSY",10.197625,8.19691525067593,2.00070974932408
2024-05-21,"ACTH",6.44458333333333,4.09459218539744,2.34999114793589
2024-05-21,"COPP",10.8382916666667,9.09722261358818,1.74106905307852
2024-05-22,"EB",9.5765,7.81262300936527,1.76387699063473
2024-05-22,"IMGM",3.63208333333333,9.59966968707113,-5.9675863537378
2024-05-22,"PRES",8.41391666666667,7.7835254540515,0.630391212615166
2024-05-22,"BIRR",6.65191666666667,10.0599094402006,-3.4079927735339
2024-05-22,"BLC2",10.9670833333333,7.83345031611741,3.13363301721589
2024-05-22,"BOTR",4.39770833333333,8.5476924501174,-4.14998411678407
2024-05-22,"GHSR",6.76508333333333,6.89464785139817,-0.129564518064837
2024-05-22,"LEAM",6.215625,9.02954723861632,-2.81392223861632
2024-05-22,"NPT3",6.46429166666667,8.03086908115344,-1.56657741448677
2024-05-22,"REA1",8.1545,8.20778295852515,-0.0532829585251484
2024-05-22,"SOUT",6.86325,7.88591570630683,-1.02266570630683
2024-05-22,"WREX",4.40454166666667,8.61461719613896,-4.21007552947229
2024-05-22,"LEAR",6.324625,8.76289639273691,-2.43827139273691
2024-05-22,"PLYM",7.422375,9.86816159712164,-2.44578659712164
2024-05-22,"SHDG",4.982375,9.4318158212476,-4.4494408212476
2024-05-22,"SHE",5.57679166666667,8.78186580678187,-3.2050741401152
2024-05-22,"BEL2",7.02941666666667,8.78132271772937,-1.7519060510627
2024-05-22,"GLKP",6.37679166666667,6.69628648063946,-0.319494813972793
2024-05-22,"LECU",4.72391666666667,9.58929815373554,-4.86538148706887
2024-05-22,"SUN2",4.43204166666667,8.25090163870141,-3.81885997203474
2024-05-22,"TRAN",7.02233333333333,8.45329056226545,-1.43095722893212
2024-05-22,"STOK",6.658,8.74057884734123,-2.08257884734123
2024-05-22,"BEX",8.636,9.05792279854919,-0.421922798549193
2024-05-22,"SEND",8.16933333333333,8.69611779427172,-0.526784460938394
2024-05-22,"HUL2",3.78441666666667,9.31938631807815,-5.53496965141148
2024-05-22,"PEMB",10.165125,9.00451872899302,1.16060627100698
2024-05-22,"WFEN",3.02879166666667,8.10077976575177,-5.0719880990851
2024-05-22,"OSY",4.05958333333333,8.95954192748429,-4.89995859415096
2024-05-22,"ACTH",4.04183333333333,6.00211169229865,-1.96027835896532
2024-05-22,"COPP",6.27358333333333,9.16849558487003,-2.8949122515367
2024-05-23,"EB",6.709,7.07535842381008,-0.366358423810085
2024-05-23,"IMGM",2.01258333333333,5.06694255768604,-3.05435922435271
2024-05-23,"PRES",4.25029166666667,6.68432703832725,-2.43403537166057
2024-05-23,"BIRR",2.72404166666667,6.54207743971492,-3.81803577304825
2024-05-23,"BLC2",5.742,8.04978441192655,-2.30778441192655
2024-05-23,"BOTR",1.2815,5.33412085854808,-4.05262085854808
2024-05-23,"GHSR",1.83170833333333,5.57114085356851,-3.73943252023518
2024-05-23,"LEAM",2.355625,5.7583254279215,-3.4027004279215
2024-05-23,"NPT3",4.71891666666667,5.96260660886904,-1.24368994220236
2024-05-23,"REA1",4.50375,6.44282978963601,-1.93907978963601
2024-05-23,"SOUT",6.0515,6.17559765274349,-0.124097652743487
2024-05-23,"WREX",1.308,4.89207818813769,-3.58407818813769
2024-05-23,"LEAR",2.347625,5.69969258326034,-3.35206758326034
2024-05-23,"PLYM",5.397,6.87627695986486,-1.47927695986486
2024-05-23,"SHDG",1.63729166666667,5.82400596575159,-4.18671429908492
2024-05-23,"SHE",1.27541666666667,6.00003903246798,-4.72462236580131
2024-05-23,"BEL2",6.35108333333333,6.4799242353077,-0.128840901974366
2024-05-23,"GLKP",1.160625,5.2294910679895,-4.0688660679895
2024-05-23,"LECU",2.07145833333333,5.27106639611085,-3.19960806277752
2024-05-23,"SUN2",4.19229166666667,5.22889747387119,-1.03660580720452
2024-05-23,"TRAN",6.08108333333333,6.14052351687235,-0.059440183539019
2024-05-23,"STOK",1.71191666666667,6.22346091000144,-4.51154424333477
2024-05-23,"BEX",4.996125,7.13587113829399,-2.13974613829399
2024-05-23,"SEND",4.76720833333333,6.77045784304827,-2.00324950971494
2024-05-23,"HUL2",2.28666666666667,5.58931891638697,-3.3026522497203
2024-05-23,"PEMB",4.765125,6.66278117119189,-1.89765617119189
2024-05-23,"WFEN",2.499,4.5281616741727,-2.0291616741727
2024-05-23,"OSY",4.20995833333333,5.17249231565767,-0.962533982324341
2024-05-23,"ACTH",0.267375,3.55416586186712,-3.28679086186712
2024-05-23,"COPP",2.02345833333333,5.98818493127117,-3.96472659793784
2024-05-24,"EB",4.45386956521739,4.96779994735022,-0.513930382132831
2024-05-24,"IMGM",4.42220833333333,3.56544418049749,0.856764152835842
2024-05-24,"PRES",4.576625,4.1083084797008,0.468316520299201
2024-05-24,"BIRR",8.77370833333333,4.14850634427355,4.62520198905978
2024-05-24,"BLC2",4.942,5.03071886482214,-0.0887188648221446
2024-05-24,"BOTR",4.492,3.22916800380126,1.26283199619874
2024-05-24,"GHSR",4.550875,2.71847730436768,1.83239769563231
2024-05-24,"LEAM",5.116,3.37984129642189,1.73615870357811
2024-05-24,"NPT3",5.25845833333333,4.32425140678622,0.934206926547105
2024-05-24,"REA1",5.52379166666667,4.08501520655954,1.43877646010713
2024-05-24,"SOUT",5.38320833333333,4.86923364363548,0.513974689697851
2024-05-24,"WREX",4.49591666666667,2.81640251079323,1.67951415587344
2024-05-24,"LEAR",5.06391666666667,3.26989478320156,1.79402188346511
2024-05-24,"PLYM",5.432375,5.16797379685294,0.264401203147056
2024-05-24,"SHDG",5.29883333333333,3.64905754465938,1.64977578867395
2024-05-24,"SHE",4.76320833333333,3.4386296649002,1.32457866843313
2024-05-24,"BEL2",5.56404166666667,5.24299642300005,0.321045243666619
2024-05-24,"GLKP",3.99179166666667,2.27768915537685,1.71410251128982
2024-05-24,"LECU",5.10820833333333,3.37960376386263,1.7286045694707
2024-05-24,"SUN2",3.12208333333333,4.17979312832865,-1.05770979499532
2024-05-24,"TRAN",4.33179166666667,4.80781849959971,-0.476026832933041
2024-05-24,"STOK",4.57645833333333,3.41402979205583,1.1624285412775
2024-05-24,"BEX",5.36166666666667,4.78848018696664,0.573186479700032
2024-05-24,"SEND",4.43391666666667,4.51082732970364,-0.0769106630369745
2024-05-24,"HUL2",5.74004166666667,4.10218083512817,1.6378608315385
2024-05-24,"PEMB",4.07341666666667,3.67712727935559,0.396289387311084
2024-05-24,"WFEN",3.149625,3.39528665163675,-0.245661651636754
2024-05-24,"OSY",4.41533333333333,4.29997939099182,0.115353942341508
2024-05-24,"ACTH",1.77870833333333,1.17373877744532,0.604969555888013
2024-05-24,"COPP",4.954875,3.46265682080189,1.49221817919811
2024-05-25,"EB",5.38133333333333,5.36130675699001,0.0200265763433176
2024-05-25,"IMGM",7.62970833333333,5.66924597913907,1.96046235419426
2024-05-25,"PRES",8.02775,5.47689627842468,2.55085372157532
2024-05-25,"BIRR",9.29141666666667,7.63416195399262,1.65725471267405
2024-05-25,"BLC2",8.65179166666667,5.99729086578824,2.65450080087843
2024-05-25,"BOTR",6.31779166666667,5.65124104528588,0.666550621380793
2024-05-25,"GHSR",5.13575,4.98468013708787,0.151069862912129
2024-05-25,"LEAM",5.96695833333333,5.64585569271704,0.321102640616291
2024-05-25,"NPT3",6.76291666666667,5.73701048111845,1.02590618554822
2024-05-25,"REA1",6.827875,5.70323293753655,1.12464206246345
2024-05-25,"SOUT",5.55041666666667,5.821053754073,-0.270637087406331
2024-05-25,"WREX",6.705,5.22982536871136,1.47517463128864
2024-05-25,"LEAR",6.019125,5.52126127773605,0.497863722263954
2024-05-25,"PLYM",7.3545,6.39797380275227,0.956526197247728
2024-05-25,"SHDG",8.75204166666667,6.24153460737253,2.51050705929415
2024-05-25,"SHE",8.42179166666667,5.98050330771061,2.44128835895606
2024-05-25,"BEL2",6.40625,6.1488992219952,0.257350778004798
2024-05-25,"GLKP",5.02358333333333,4.58945936406031,0.434123969273022
2024-05-25,"LECU",6.514375,5.73062572528301,0.783749274716992
2024-05-25,"SUN2",9.725875,4.97446897778774,4.75140602221226
2024-05-25,"TRAN",8.15933333333333,5.36099897130309,2.79833436203024
2024-05-25,"STOK",7.14129166666667,5.73427622720804,1.40701543945863
2024-05-25,"BEX",7.562875,6.16405279687515,1.39882220312485
2024-05-25,"SEND",6.257875,5.62406272079437,0.633812279205632
2024-05-25,"HUL2",11.2027916666667,6.59093295419221,4.61185871247449
2024-05-25,"PEMB",5.37733333333333,4.68633941126778,0.690993922065545
2024-05-25,"WFEN",6.22141666666667,4.83169787382729,1.38971879283938
2024-05-25,"OSY",5.75083333333333,5.5616340702025,0.189199263130827
2024-05-25,"ACTH",4.222625,2.97575859537754,1.24686640462246
2024-05-25,"COPP",7.20908333333333,5.79765872378976,1.41142460954357
2024-05-26,"EB",5.907125,6.62193197033579,-0.71480697033579
2024-05-26,"IMGM",6.03866666666667,7.70744226030612,-1.66877559363945
2024-05-26,"PRES",5.77933333333333,7.63535225794503,-1.8560189246117
2024-05-26,"BIRR",4.62366666666667,8.62339152695057,-3.9997248602839
2024-05-26,"BLC2",6.61458333333333,8.26779982898134,-1.65321649564801
2024-05-26,"BOTR",4.35341666666667,7.16599017591801,-2.81257350925134
2024-05-26,"GHSR",5.00295833333333,6.04675157385708,-1.04379324052375
2024-05-26,"LEAM",3.99079166666667,6.80591611870926,-2.81512445204259
2024-05-26,"NPT3",4.330875,7.17116747122965,-2.84029247122965
2024-05-26,"REA1",3.80608333333333,7.0562332475691,-3.25014991423577
2024-05-26,"SOUT",5.02275,6.77715922390155,-1.75440922390155
2024-05-26,"WREX",4.13433333333333,6.88690706735591,-2.75257373402258
2024-05-26,"LEAR",4.00166666666667,6.72058050674737,-2.7189138400807
2024-05-26,"PLYM",5.20445833333333,7.99413358417618,-2.78967525084285
2024-05-26,"SHDG",6.561625,8.35273765741615,-1.79111265741615
2024-05-26,"SHE",5.68691666666667,8.17029851242,-2.48338184575333
2024-05-26,"BEL2",8.75295833333333,7.35679827492566,1.39616005840767
2024-05-26,"GLKP",5.09333333333333,5.81549815861862,-0.722164825285289
2024-05-26,"LECU",4.757375,7.09240806456679,-2.33503306456679
2024-05-26,"SUN2",8.176125,8.32107930577034,-0.144954305770341
2024-05-26,"TRAN",5.11504166666667,7.6888028116473,-2.57376114498063
2024-05-26,"STOK",5.29775,7.52781766390174,-2.23006766390175
2024-05-26,"BEX",4.47333333333333,7.85885718484297,-3.38552385150964
2024-05-26,"SEND",4.15195833333333,7.18916086643313,-3.0372025330998
2024-05-26,"HUL2",7.20708333333333,9.44965722695078,-2.24257389361745
2024-05-26,"PEMB",4.377,6.0639260393457,-1.6869260393457
2024-05-26,"WFEN",3.58208333333333,6.8449434250089,-3.26286009167558
2024-05-26,"OSY",3.97904166666667,6.93800473741012,-2.95896307074345
2024-05-26,"ACTH",3.51220833333333,4.74398639904343,-1.2317780657101
2024-05-26,"COPP",5.48554166666667,7.4751524085749,-1.98961074190823
2024-05-27,"EB",4.673875,5.52638686732474,-0.852511867324742
2024-05-27,"IMGM",2.14920833333333,5.79479143168533,-3.645583098352
2024-05-27,"PRES",3.36979166666667,5.47563969114702,-2.10584802448035
2024-05-27,"BIRR",4.483125,5.60956897594631,-1.12644397594631
2024-05-27,"BLC2",4.15183333333333,6.18261411986864,-2.03078078653531
2024-05-27,"BOTR",2.65420833333333,5.13491715574342,-2.48070882241009
2024-05-27,"GHSR",3.71575,4.71213814232178,-0.99638814232178
2024-05-27,"LEAM",3.125,4.78451130790413,-1.65951130790413
2024-05-27,"NPT3",4.463625,4.97145359771338,-0.507828597713383
2024-05-27,"REA1",2.725,4.64090561997798,-1.91590561997798
2024-05-27,"SOUT",3.76970833333333,5.30226097384656,-1.53255264051323
2024-05-27,"WREX",2.48729166666667,4.62568728596179,-2.13839561929512
2024-05-27,"LEAR",3.15054166666667,4.68237623723892,-1.53183457057225
2024-05-27,"PLYM",4.16079166666667,5.89288498352945,-1.73209331686278
2024-05-27,"SHDG",2.298625,6.21448376218708,-3.91585876218708
2024-05-27,"SHE",2.328,5.82736863661161,-3.49936863661161
2024-05-27,"BEL2",3.53679166666667,6.93712006433077,-3.4003283976641
2024-05-27,"GLKP",3.46020833333333,4.5494899586417,-1.08928162530837
2024-05-27,"LECU",2.967875,5.14420862495563,-2.17633362495563
2024-05-27,"SUN2",2.01754166666667,6.37482245264674,-4.35728078598007
2024-05-27,"TRAN",2.57079166666667,5.22880293212201,-2.65801126545534
2024-05-27,"STOK",2.70245833333333,5.53087099574958,-2.82841266241625
2024-05-27,"BEX",3.51020833333333,5.40551056125594,-1.89530222792261
2024-05-27,"SEND",3.186875,5.1056738624045,-1.9187988624045
2024-05-27,"HUL2",2.863625,6.61361696478383,-3.74999196478383
2024-05-27,"PEMB",3.84616666666667,4.39753962936931,-0.551372962702642
2024-05-27,"WFEN",2.20029166666667,4.54586060505312,-2.34556893838645
2024-05-27,"OSY",2.952125,4.98534262264003,-2.03321762264003
2024-05-27,"ACTH",1.86708333333333,3.16859721998755,-1.30151388665422
2024-05-27,"COPP",2.32708333333333,5.52713785247381,-3.20005451914048
2024-05-28,"EB",4.565625,4.3338486492633,0.231776350736701
2024-05-28,"IMGM",2.475375,3.64862412932471,-1.17324912932471
2024-05-28,"PRES",3.58491666666667,3.88723886334553,-0.302322196678863
2024-05-28,"BIRR",3.5525,4.89665654454614,-1.34415654454614
2024-05-28,"BLC2",5.47070833333333,4.57145864691566,0.899249686417666
2024-05-28,"BOTR",2.57383333333333,3.80560077670829,-1.23176744337496
2024-05-28,"GHSR",3.14666666666667,3.50909183271186,-0.362425166045189
2024-05-28,"LEAM",1.847375,3.76414085694313,-1.91676585694313
2024-05-28,"NPT3",2.21308333333333,4.32760145445191,-2.11451812111858
2024-05-28,"REA1",2.63366666666667,3.55582713871157,-0.9221604720449
2024-05-28,"SOUT",3.639,4.11755915860853,-0.47855915860853
2024-05-28,"WREX",2.74179166666667,3.32442855902003,-0.58263689235336
2024-05-28,"LEAR",1.82775,3.6680342755493,-1.8402842755493
2024-05-28,"PLYM",5.83925,4.80911654145562,1.03013345854438
2024-05-28,"SHDG",3.331375,3.9385519997358,-0.607176999735796
2024-05-28,"SHE",4.41041666666667,3.89423444785771,0.516182218808955
2024-05-28,"BEL2",4.13325,4.2427138747897,-0.109463874789704
2024-05-28,"GLKP",2.91079166666667,3.2153670250944,-0.304575358427733
2024-05-28,"LECU",2.42720833333333,3.77845363410178,-1.35124530076845
2024-05-28,"SUN2",3.81091666666667,3.38736266821566,0.423553998451013
2024-05-28,"TRAN",2.89895833333333,3.60195350608208,-0.702995172748754
2024-05-28,"STOK",3.3325,3.86782091715463,-0.535320917154626
2024-05-28,"BEX",3.65958333333333,4.36511052689436,-0.705527193561028
2024-05-28,"SEND",3.39520833333333,4.05038472767981,-0.655176394346481
2024-05-28,"HUL2",3.63504166666667,4.33387085253714,-0.69882918587047
2024-05-28,"PEMB",2.84195833333333,3.48721798205306,-0.645259648719731
2024-05-28,"WFEN",3.02095833333333,3.34386424935349,-0.322905916020164
2024-05-28,"OSY",3.586,3.90233341065986,-0.316333410659861
2024-05-28,"ACTH",2.062875,1.8412622383323,0.221612761667697
2024-05-28,"COPP",2.90391666666667,3.6537098056777,-0.749793139011028
2024-05-29,"EB",5.54645833333333,4.72664291598048,0.819815417352854
2024-05-29,"IMGM",3.29308333333333,4.24061494280336,-0.947531609470031
2024-05-29,"PRES",4.32391666666667,4.4167795502151,-0.0928628835484249
2024-05-29,"BIRR",4.004625,4.96903127329457,-0.964406273294569
2024-05-29,"BLC2",5.11108333333333,5.51069859723085,-0.39961526389752
2024-05-29,"BOTR",2.920625,4.21543206402845,-1.29480706402845
2024-05-29,"GHSR",3.415875,3.73192693418957,-0.316051934189574
2024-05-29,"LEAM",3.243,3.71839717886601,-0.475397178866007
2024-05-29,"NPT3",4.51158333333333,3.90701934461963,0.604563988713704
2024-05-29,"REA1",3.61829166666667,3.95269783494398,-0.334406168277313
2024-05-29,"SOUT",4.36420833333333,4.50231772743338,-0.138109394100047
2024-05-29,"WREX",2.441125,3.85757796414048,-1.41645296414048
2024-05-29,"LEAR",3.00995833333333,3.60534541401385,-0.595387080680522
2024-05-29,"PLYM",6.15658333333333,5.86114621124851,0.295437122084822
2024-05-29,"SHDG",3.602625,4.79770667309062,-1.19508167309062
2024-05-29,"SHE",3.42375,5.12926645076906,-1.70551645076906
2024-05-29,"BEL2",3.268375,4.95394993572103,-1.68557493572103
2024-05-29,"GLKP",2.57075,3.450469485799,-0.879719485798999
2024-05-29,"LECU",3.24683333333333,4.01904961655555,-0.772216283222221
2024-05-29,"SUN2",2.07458333333333,4.55561972429931,-2.48103639096598
2024-05-29,"TRAN",3.40608333333333,4.17531519849888,-0.769231865165551
2024-05-29,"STOK",3.63908333333333,4.5537605467149,-0.914677213381573
2024-05-29,"BEX",3.62829166666667,4.84946376993773,-1.22117210327106
2024-05-29,"SEND",3.50329166666667,4.55660989666775,-1.05331823000108
2024-05-29,"HUL2",3.21341666666667,5.09736155868149,-1.88394489201482
2024-05-29,"PEMB",4.18145833333333,3.53795044591397,0.643507887419364
2024-05-29,"WFEN",2.90095833333333,4.08295576058932,-1.18199742725599
2024-05-29,"OSY",3.12120833333333,4.5671097064336,-1.44590137310027
2024-05-29,"ACTH",1.64016666666667,2.35263294105901,-0.712466274392344
2024-05-29,"COPP",3.343125,4.32804527757516,-0.984920277575156
2024-05-30,"EB",2.57375,5.20374609229824,-2.62999609229824
2024-05-30,"IMGM",3.48075,4.65102592172519,-1.17027592172519
2024-05-30,"PRES",4.690375,4.79962846571054,-0.10925346571054
2024-05-30,"BIRR",5.19654166666667,5.26209267426786,-0.0655510076011883
2024-05-30,"BLC2",5.90795833333333,5.4706199279271,0.43733840540623
2024-05-30,"BOTR",3.71366666666667,4.45722502669516,-0.743558360028492
2024-05-30,"GHSR",3.14958333333333,3.95201278957832,-0.802429456244991
2024-05-30,"LEAM",4.15879166666667,4.36601653508421,-0.207224868417535
2024-05-30,"NPT3",3.27141666666667,4.90315811033595,-1.63174144366928
2024-05-30,"REA1",2.960875,4.430962213397,-1.470087213397
2024-05-30,"SOUT",3.25383333333333,4.88503667996757,-1.63120334663424
2024-05-30,"WREX",5.17883333333333,3.85466931763285,1.32416401570048
2024-05-30,"LEAR",3.65275,4.17454547890671,-0.521795478906711
2024-05-30,"PLYM",4.839875,6.06669899299036,-1.22682399299036
2024-05-30,"SHDG",3.58391666666667,4.99548361452495,-1.41156694785828
2024-05-30,"SHE",3.316625,4.84587791490228,-1.52925291490228
2024-05-30,"BEL2",5.27516666666667,4.73708133633617,0.538085330330503
2024-05-30,"GLKP",2.723125,3.44454849362933,-0.721423493629333
2024-05-30,"LECU",4.24733333333333,4.44265253587466,-0.195319202541329
2024-05-30,"SUN2",4.26891666666667,3.99864596002115,0.270270706645517
2024-05-30,"TRAN",6.413125,4.47062801983843,1.94249698016157
2024-05-30,"STOK",5.574875,4.7704270207026,0.804447979297397
2024-05-30,"BEX",3.10545833333333,4.94787075958641,-1.84241242625308
2024-05-30,"SEND",3.11620833333333,4.70580557029848,-1.58959723696515
2024-05-30,"HUL2",3.593875,5.04219527960404,-1.44832027960404
2024-05-30,"PEMB",4.35729166666667,4.16083878973782,0.196452876928848
2024-05-30,"WFEN",3.01195833333333,4.13883066145384,-1.12687232812051
2024-05-30,"OSY",3.074875,4.49793093178771,-1.42305593178771
2024-05-30,"ACTH",2.57175,2.30535391217092,0.266396087829083
2024-05-30,"COPP",5.37441666666667,4.59461472469172,0.779801941974949
2024-05-31,"EB",4.08425,4.2593380143855,-0.175088014385496
2024-05-31,"IMGM",7.51483333333333,4.87986770226506,2.63496563106827
2024-05-31,"PRES",13.8483333333333,5.0958448899813,8.752488443352
2024-05-31,"BIRR",13.7245,5.86826752730604,7.85623247269396
2024-05-31,"BLC2",10.8402083333333,5.94212275257374,4.89808558075956
2024-05-31,"BOTR",10.7684583333333,4.91713569067346,5.85132264265984
2024-05-31,"GHSR",11.3886666666667,4.02056362597808,7.36810304068862
2024-05-31,"LEAM",11.3847083333333,4.85630287021814,6.52840546311516
2024-05-31,"NPT3",7.92366666666667,4.58167334012022,3.34199332654645
2024-05-31,"REA1",7.21304166666667,4.34430193487154,2.86873973179513
2024-05-31,"SOUT",6.29425,4.63429334294215,1.65995665705785
2024-05-31,"WREX",9.353375,5.0443908949896,4.3089841050104
2024-05-31,"LEAR",11.1222916666667,4.56675992517427,6.55553174149243
2024-05-31,"PLYM",13.393375,5.74538345930669,7.64799154069331
2024-05-31,"SHDG",12.74575,5.15573326942369,7.59001673057631
2024-05-31,"SHE",12.63175,4.99148286503365,7.64026713496635
2024-05-31,"BEL2",11.7414583333333,5.66412667154603,6.07733166178727
2024-05-31,"GLKP",10.5355833333333,3.67698574610721,6.85859758722609
2024-05-31,"LECU",10.696875,4.97261684560596,5.72425815439404
2024-05-31,"SUN2",11.9349583333333,5.00772283953349,6.92723549379981
2024-05-31,"TRAN",8.4365,5.74850440029198,2.68799559970802
2024-05-31,"STOK",12.77625,5.6542990349617,7.1219509650383
2024-05-31,"BEX",5.912,4.92570136839637,0.986298631603628
2024-05-31,"SEND",5.27420833333333,4.73192387442648,0.542284458906848
2024-05-31,"HUL2",8.18495833333333,5.360310856119,2.82464747721433
2024-05-31,"PEMB",13.1889166666667,4.3777829329084,8.8111337337583
2024-05-31,"WFEN",6.12716666666667,4.35277025733766,1.77439640932901
2024-05-31,"OSY",5.120875,4.65854419413178,0.462330805868218
2024-05-31,"ACTH",15.4540416666667,2.82767376656414,12.6263679001026
2024-05-31,"COPP",11.7286666666667,5.51195923367813,6.21670743298856
2024-06-01,"EB",7.88125,7.83388720371876,0.0473627962812362
2024-06-01,"IMGM",7.181625,9.34388285820954,-2.16225785820954
2024-06-01,"PRES",12.0382083333333,11.45565211547,0.582556217863255
2024-06-01,"BIRR",8.133,11.9827772815328,-3.84977728153281
2024-06-01,"BLC2",13.5397083333333,10.7301313544012,2.80957697893209
2024-06-01,"BOTR",8.76966666666667,10.4915891078909,-1.72192244122426
2024-06-01,"GHSR",8.30479166666667,10.0490440702585,-1.74425240359178
2024-06-01,"LEAM",7.85866666666667,10.492389608095,-2.63372294142832
2024-06-01,"NPT3",18.3944583333333,9.29527558594041,9.0991827473929
2024-06-01,"REA1",8.71654166666667,8.90128436640304,-0.184742699736372
2024-06-01,"SOUT",9.775,8.74885159015611,1.02614840984389
2024-06-01,"WREX",15.0335,9.5237261524512,5.5097738475488
2024-06-01,"LEAR",7.370375,10.2970393595255,-2.92666435952549
2024-06-01,"PLYM",27.0470833333333,11.9054787954888,15.1416045378445
2024-06-01,"SHDG",8.79220833333333,11.5225223054595,-2.73031397212621
2024-06-01,"SHE",7.10008333333333,11.4163387333777,-4.31625540004433
2024-06-01,"BEL2",10.0344166666667,11.0030669885033,-0.968650321836606
2024-06-01,"GLKP",7.93445833333333,9.5413755309281,-1.60691719759477
2024-06-01,"LECU",6.95166666666667,10.3198413168073,-3.36817465014065
2024-06-01,"SUN2",7.79091666666667,10.7884632333818,-2.99754656671515
2024-06-01,"TRAN",11.8110833333333,9.4269664183543,2.384116914979
2024-06-01,"STOK",10.2389166666667,11.2666058999672,-1.02768923330049
2024-06-01,"BEX",7.8775,8.94515004686965,-1.06765004686965
2024-06-01,"SEND",8.34229166666667,8.50913684309703,-0.166845176430359
2024-06-01,"HUL2",7.87941666666667,10.0279152723482,-2.14849860568158
2024-06-01,"PEMB",18.279375,10.6194303878887,7.65994461211134
2024-06-01,"WFEN",6.60779166666667,8.4774514001112,-1.86965973344453
2024-06-01,"OSY",7.98445833333333,8.38935522519813,-0.404896891864797
2024-06-01,"ACTH",6.13216666666667,10.5591878881096,-4.42702122144296
2024-06-01,"COPP",12.193375,10.8090359664617,1.38433903353832
2024-06-02,"EB",9.707125,8.30240408028005,1.40472091971995
2024-06-02,"IMGM",10.30075,8.24584310339918,2.05490689660082
2024-06-02,"PRES",7.34775,9.73664272514391,-2.38889272514391
2024-06-02,"BIRR",9.86941666666667,8.87186153907361,0.997555127593056
2024-06-02,"BLC2",6.883875,10.7427597864082,-3.8588847864082
2024-06-02,"BOTR",7.71920833333333,8.73296399843762,-1.01375566510429
2024-06-02,"GHSR",3.71266666666667,7.87134873980848,-4.15868207314181
2024-06-02,"LEAM",8.01991666666667,8.1654629714187,-0.145546304752026
2024-06-02,"NPT3",10.6722083333333,12.1911552046353,-1.518946871302
2024-06-02,"REA1",6.70591666666667,8.48059434921193,-1.77467768254526
2024-06-02,"SOUT",7.51283333333333,9.07816985259227,-1.56533651925894
2024-06-02,"WREX",5.8245,10.6515696965189,-4.82706969651888
2024-06-02,"LEAR",7.61791666666667,7.88291928100011,-0.265002614333445
2024-06-02,"PLYM",18.524,15.9244355219165,2.59956447808348
2024-06-02,"SHDG",6.92616666666667,9.0093334309741,-2.08316676430743
2024-06-02,"SHE",6.57429166666667,8.3162562216609,-1.74196455499423
2024-06-02,"BEL2",4.92529166666667,9.36100760555734,-4.43571593889067
2024-06-02,"GLKP",3.06108333333333,7.54867944802255,-4.48759611468922
2024-06-02,"LECU",7.39879166666667,7.92289396256039,-0.52410229589372
2024-06-02,"SUN2",8.71670833333333,8.2262336021785,0.490474731154826
2024-06-02,"TRAN",6.75320833333333,9.73159526137667,-2.97838692804334
2024-06-02,"STOK",10.9925416666667,9.30634346237956,1.68619820428714
2024-06-02,"BEX",11.7295833333333,8.71644444580163,3.01313888753167
2024-06-02,"SEND",11.329625,8.69827066809412,2.63135433190588
2024-06-02,"HUL2",9.17645833333333,8.93210542885893,0.244352904474397
2024-06-02,"PEMB",11.4613333333333,11.4617468672614,-0.000413533928128373
2024-06-02,"WFEN",8.69004166666667,7.69416345939036,0.995878207276307
2024-06-02,"OSY",9.97845833333333,8.50433568893346,1.47412264439988
2024-06-02,"ACTH",3.08279166666667,6.00348990233671,-2.92069823567004
2024-06-02,"COPP",10.52975,9.97321093497207,0.556539065027934
2024-06-03,"EB",6.98516666666667,7.99031235333669,-1.00514568667002
2024-06-03,"IMGM",2.93045833333333,8.47236541401662,-5.54190708068329
2024-06-03,"PRES",4.18933333333333,7.09102544151889,-2.90169210818556
2024-06-03,"BIRR",5.97095833333333,8.66181419465164,-2.69085586131831
2024-06-03,"BLC2",4.80341666666667,7.30404662579141,-2.50062995912474
2024-06-03,"BOTR",5.90808333333333,7.43866269153198,-1.53057935819865
2024-06-03,"GHSR",2.028375,5.28050455400599,-3.25212955400599
2024-06-03,"LEAM",4.955875,7.34208410098906,-2.38620910098906
2024-06-03,"NPT3",3.68520833333333,8.24543927640755,-4.56023094307422
2024-06-03,"REA1",4.361375,6.78012607012842,-2.41875107012842
2024-06-03,"SOUT",4.042875,7.25603572499014,-3.21316072499014
2024-06-03,"WREX",3.12,6.22400377686421,-3.10400377686421
2024-06-03,"LEAR",4.601,7.09476343289069,-2.49376343289069
2024-06-03,"PLYM",6.99495833333333,11.6361835041067,-4.64122517077338
2024-06-03,"SHDG",2.76241666666667,7.44101024305393,-4.67859357638726
2024-06-03,"SHE",2.54616666666667,7.26721199310926,-4.72104532644259
2024-06-03,"BEL2",2.197375,6.5587923708535,-4.3614173708535
2024-06-03,"GLKP",1.57920833333333,4.84668245601631,-3.26747412268298
2024-06-03,"LECU",4.69054166666667,7.20858600898464,-2.51804434231797
2024-06-03,"SUN2",1.596,7.69501186276011,-6.09901186276011
2024-06-03,"TRAN",4.57066666666667,6.875195823462,-2.30452915679533
2024-06-03,"STOK",6.762,8.68819941534754,-1.92619941534754
2024-06-03,"BEX",6.35220833333333,9.18142377241546,-2.82921543908213
2024-06-03,"SEND",6.225375,8.8269885667351,-2.6016135667351
2024-06-03,"HUL2",3.01991666666667,8.48315784384071,-5.46324117717404
2024-06-03,"PEMB",4.93320833333333,7.92850822395112,-2.99529989061779
2024-06-03,"WFEN",4.72104166666667,7.52481081719674,-2.80376915053007
2024-06-03,"OSY",6.443625,8.26797390069664,-1.82434890069664
2024-06-03,"ACTH",1.096625,4.0740488903258,-2.9774238903258
2024-06-03,"COPP",6.15758333333333,8.41626209520309,-2.25867876186976
2024-06-04,"EB",7.31829166666667,5.2176137680373,2.10067789862937
2024-06-04,"IMGM",4.51175,3.95886381681769,0.552886183182315
2024-06-04,"PRES",4.995125,4.25045241282484,0.744672587175163
2024-06-04,"BIRR",6.18608333333333,5.45451719016827,0.731566143165064
2024-06-04,"BLC2",6.44454166666667,4.89115112915827,1.5533905375084
2024-06-04,"BOTR",4.92045833333333,5.04483997322186,-0.124381639888534
2024-06-04,"GHSR",4.5175,2.98467052046167,1.53282947953833
2024-06-04,"LEAM",5.602375,4.46661508419139,1.13575991580861
2024-06-04,"NPT3",4.86733333333333,4.03005368692623,0.837279646407101
2024-06-04,"REA1",4.661875,4.20250127455133,0.459373725448671
2024-06-04,"SOUT",4.75145833333333,4.26507248747694,0.486385845856393
2024-06-04,"WREX",4.64725,3.61666830148304,1.03058169851696
2024-06-04,"LEAR",5.260375,4.23551141773364,1.02486358226636
2024-06-04,"PLYM",4.70508333333333,5.74952877486595,-1.04444544153262
2024-06-04,"SHDG",5.01579166666667,4.18729720037282,0.828494466293851
2024-06-04,"SHE",5.44225,4.04444852874251,1.39780147125749
2024-06-04,"BEL2",4.96958333333333,3.88374566708419,1.08583766624914
2024-06-04,"GLKP",4.01425,2.62989246031231,1.38435753968769
2024-06-04,"LECU",5.89820833333333,4.46081937072442,1.43738896260891
2024-06-04,"SUN2",3.97025,3.30556201970331,0.664687980296687
2024-06-04,"TRAN",4.20895833333333,4.40146948990386,-0.192511156570527
2024-06-04,"STOK",4.98033333333333,5.37201897376577,-0.391685640432442
2024-06-04,"BEX",6.15170833333333,5.39573235284043,0.755975980492895
2024-06-04,"SEND",5.729125,5.15494023424324,0.57418476575676
2024-06-04,"HUL2",5.63875,4.44558051387599,1.19316948612401
2024-06-04,"PEMB",5.46283333333333,3.87011321107343,1.5927201222599
2024-06-04,"WFEN",4.651125,4.28639875522578,0.364726244774216
2024-06-04,"OSY",5.99541666666667,5.19168886148291,0.803727805183764
2024-06-04,"ACTH",2.78395652173913,1.64415730690829,1.13979921483084
2024-06-04,"COPP",5.14945833333333,5.08241719662498,0.0670411367083457
2024-06-05,"EB",9.147125,6.4340390845073,2.7130859154927
2024-06-05,"IMGM",6.254875,5.70466070929417,0.550214290705835
2024-06-05,"PRES",6.66179166666667,5.64828275266878,1.01350891399789
2024-06-05,"BIRR",9.81641666666667,6.64416499897759,3.17225166768908
2024-06-05,"BLC2",7.81541666666667,6.58294583241615,1.23247083425052
2024-06-05,"BOTR",9.17458333333333,5.75881952779953,3.4157638055338
2024-06-05,"GHSR",7.00191666666667,4.98493986386995,2.01697680279672
2024-06-05,"LEAM",8.982,5.80406982978889,3.17793017021111
2024-06-05,"NPT3",10.44125,5.62244245289227,4.81880754710773
2024-06-05,"REA1",8.61541666666667,5.40140466382834,3.21401200283833
2024-06-05,"SOUT",8.56233333333333,5.63137368639382,2.93095964693951
2024-06-05,"WREX",7.91479166666667,5.27525875176223,2.63953291490444
2024-06-05,"LEAR",8.71754166666667,5.57705770880818,3.14048395785849
2024-06-05,"PLYM",11.15175,6.12096367783542,5.03078632216458
2024-06-05,"SHDG",6.91916666666667,6.13592506834313,0.783241598323536
2024-06-05,"SHE",6.723375,6.22924326929256,0.494131730707443
2024-06-05,"BEL2",8.17029166666667,6.00392328506241,2.16636838160426
2024-06-05,"GLKP",6.44070833333333,4.60720957022601,1.83349876310732
2024-06-05,"LECU",8.98283333333333,6.00106001079315,2.98177332254018
2024-06-05,"SUN2",5.54345833333333,5.34155163080336,0.201906702529973
2024-06-05,"TRAN",7.459875,5.35269576446522,2.10717923553478
2024-06-05,"STOK",8.739375,5.82664860480049,2.91272639519951
2024-06-05,"BEX",9.544,6.4526888837461,3.0913111162539
2024-06-05,"SEND",8.09558333333333,6.09839025265971,1.99719308067362
2024-06-05,"HUL2",6.7955,6.55830349730569,0.23719650269431
2024-06-05,"PEMB",9.64520833333333,5.21414694110194,4.43106139223139
2024-06-05,"WFEN",7.20465217391304,5.37145600070239,1.83319617321065
2024-06-05,"OSY",7.2475,6.13033948291699,1.11716051708301
2024-06-05,"ACTH",4.995125,3.35171352612867,1.64341147387133
2024-06-05,"COPP",8.92304166666667,5.82567892277695,3.09736274388972
2024-06-06,"EB",9.45275,8.45729987429655,0.995450125703446
2024-06-06,"IMGM",12.5875,7.67819427503833,4.90930572496167
2024-06-06,"PRES",10.2497916666667,7.60465562742799,2.64513603923871
2024-06-06,"BIRR",9.19529166666667,9.33657041666101,-0.141278749994338
2024-06-06,"BLC2",11.5242916666667,8.41770132951431,3.10659033715239
2024-06-06,"BOTR",10.0835,8.69965501484165,1.38384498515835
2024-06-06,"GHSR",5.63183333333333,7.22004557768916,-1.58821224435583
2024-06-06,"LEAM",8.8435,8.39737772109517,0.446122278904831
2024-06-06,"NPT3",7.843,9.02101028362537,-1.17801028362537
2024-06-06,"REA1",9.34470833333333,8.21232758763167,1.13238074570166
2024-06-06,"SOUT",9.0665,8.383563291539,0.682936708460998
2024-06-06,"WREX",8.3785,7.81435818833106,0.564141811668938
2024-06-06,"LEAR",8.74916666666667,8.19890895520445,0.550257711462216
2024-06-06,"PLYM",7.63366666666667,9.89287492287875,-2.25920825621208
2024-06-06,"SHDG",9.41333333333333,8.15915279265607,1.25418054067726
2024-06-06,"SHE",9.15208333333333,8.01267633232306,1.13940700101027
2024-06-06,"BEL2",12.1894166666667,8.50033477563237,3.68908189103433
2024-06-06,"GLKP",5.08166666666667,6.82162081532373,-1.73995414865706
2024-06-06,"LECU",11.2884166666667,8.47699165098257,2.81142501568413
2024-06-06,"SUN2",7.852875,7.24071396256831,0.612161037431689
2024-06-06,"TRAN",9.67375,7.91283548288439,1.76091451711561
2024-06-06,"STOK",9.78483333333333,8.59549220654579,1.18934112678754
2024-06-06,"BEX",10.8294166666667,9.06288594244757,1.76653072421913
2024-06-06,"SEND",11.463375,8.33278049889786,3.13059450110213
2024-06-06,"HUL2",10.8108333333333,8.2996485465846,2.51118478674869
2024-06-06,"PEMB",5.94641666666667,8.10655206531637,-2.1601353986497
2024-06-06,"WFEN",8.82379166666667,7.66901527079519,1.15477639587148
2024-06-06,"OSY",10.744125,7.95116836020778,2.79295663979222
2024-06-06,"ACTH",4.01141666666667,5.49712763536487,-1.4857109686982
2024-06-06,"COPP",9.696375,8.58877164129265,1.10760335870735
2024-06-07,"EB",6.45933333333333,8.62498325053784,-2.16564991720451
2024-06-07,"IMGM",6.328625,10.080081022758,-3.75145602275798
2024-06-07,"PRES",7.271125,8.99077536901812,-1.71965036901812
2024-06-07,"BIRR",7.30058333333333,9.13495778005493,-1.8343744467216
2024-06-07,"BLC2",8.92804166666667,9.85286377549721,-0.924822108830542
2024-06-07,"BOTR",5.36554166666667,9.05593192819068,-3.69039026152401
2024-06-07,"GHSR",7.60216666666667,6.75744857903083,0.844718087635837
2024-06-07,"LEAM",5.27716666666667,8.37818493667273,-3.10101827000606
2024-06-07,"NPT3",5.968,8.05889776353682,-2.09089776353682
2024-06-07,"REA1",6.22933333333333,8.50638266095857,-2.27704932762524
2024-06-07,"SOUT",7.452875,8.59626513808929,-1.14339013808929
2024-06-07,"WREX",4.61475,8.01989409284368,-3.40514409284368
2024-06-07,"LEAR",5.31545833333333,8.24162996720713,-2.9261716338738
2024-06-07,"PLYM",7.58070833333333,8.57740236092939,-0.996694027596055
2024-06-07,"SHDG",5.78725,9.13660506085806,-3.34935506085806
2024-06-07,"SHE",6.09079166666667,8.97483664841672,-2.88404498175005
2024-06-07,"BEL2",8.873875,10.0240946934712,-1.15021969347117
2024-06-07,"GLKP",6.81508333333333,6.36394925301926,0.451134080314065
2024-06-07,"LECU",5.91983333333333,9.36756564833752,-3.44773231500419
2024-06-07,"SUN2",7.2435,8.15447158781145,-0.910971587811454
2024-06-07,"TRAN",5.041375,8.76703757428578,-3.72566257428578
2024-06-07,"STOK",5.791125,9.00948590330207,-3.21836090330207
2024-06-07,"BEX",7.924625,9.57106379448089,-1.64643879448089
2024-06-07,"SEND",7.366375,9.62723776832487,-2.26086276832487
2024-06-07,"HUL2",7.06366666666667,9.85143532071353,-2.78776865404686
2024-06-07,"PEMB",4.63358333333333,6.75673239484697,-2.12314906151364
2024-06-07,"WFEN",6.15054166666667,8.31291318578865,-2.16237151912198
2024-06-07,"OSY",7.366375,9.30940390950335,-1.94302890950335
2024-06-07,"ACTH",6.14975,5.1816149701993,0.968135029800696
2024-06-07,"COPP",5.86483333333333,8.90173518257861,-3.03690184924528
2024-06-08,"EB",3.97916666666667,5.99489526640976,-2.01572859974309
2024-06-08,"IMGM",3.859125,6.15337448366008,-2.29424948366007
2024-06-08,"PRES",4.73766666666667,6.3188881484187,-1.58122148175203
2024-06-08,"BIRR",4.365125,6.92527957239762,-2.56015457239762
2024-06-08,"BLC2",5.53558333333333,7.32091923533206,-1.78533590199873
2024-06-08,"BOTR",4.01429166666667,5.7782240622391,-1.76393239557243
2024-06-08,"GHSR",6.14479166666667,5.99053083509838,0.154260831568292
2024-06-08,"LEAM",4.67275,5.54222969142592,-0.86947969142592
2024-06-08,"NPT3",3.090625,5.88499067277269,-2.79436567277269
2024-06-08,"REA1",3.67929166666667,5.82500928823058,-2.14571762156391
2024-06-08,"SOUT",2.88120833333333,6.47452325184762,-3.59331491851429
2024-06-08,"WREX",3.47195833333333,5.10212569374732,-1.63016736041399
2024-06-08,"LEAR",3.747125,5.45236184289983,-1.70523684289983
2024-06-08,"PLYM",2.55604166666667,7.09179633806743,-4.53575467140076
2024-06-08,"SHDG",3.85708333333333,6.24060412277294,-2.3835207894396
2024-06-08,"SHE",3.54070833333333,6.28903036789017,-2.74832203455684
2024-06-08,"BEL2",6.77470833333333,7.22118928630533,-0.446480952972003
2024-06-08,"GLKP",5.40783333333333,5.50909623859218,-0.101262905258855
2024-06-08,"LECU",4.44966666666667,5.82869384395324,-1.37902717728657
2024-06-08,"SUN2",4.16570833333333,6.37880421080957,-2.21309587747624
2024-06-08,"TRAN",4.29445833333333,5.50224731034697,-1.20778897701364
2024-06-08,"STOK",4.33083333333333,5.99814243436022,-1.66730910102689
2024-06-08,"BEX",4.31616666666667,6.95970251736162,-2.64353585069495
2024-06-08,"SEND",4.64333333333333,6.54418526124845,-1.90085192791512
2024-06-08,"HUL2",4.451625,6.8886699029209,-2.4370449029209
2024-06-08,"PEMB",3.31866666666667,4.80695192900997,-1.4882852623433
2024-06-08,"WFEN",3.52,5.78253139171112,-2.26253139171112
2024-06-08,"OSY",4.33470833333333,6.49097432276688,-2.15626598943355
2024-06-08,"ACTH",3.982,4.47137672667336,-0.489376726673364
2024-06-08,"COPP",4.45358333333333,5.95439196139305,-1.50080862805972
2024-06-09,"EB",4.78675,4.39574413751765,0.391005862482349
2024-06-09,"IMGM",4.51158333333333,4.60519573290664,-0.0936123995733054
2024-06-09,"PRES",6.378625,4.69978036982524,1.67884463017476
2024-06-09,"BIRR",4.76625,5.14162479713342,-0.375374797133422
2024-06-09,"BLC2",7.13845833333333,5.37805029443491,1.76040803889842
2024-06-09,"BOTR",3.99766666666667,4.6221623975324,-0.624495730865731
2024-06-09,"GHSR",3.05241666666667,4.69884348792861,-1.64642682126194
2024-06-09,"LEAM",4.070375,4.64628289213301,-0.575907892133006
2024-06-09,"NPT3",5.25258333333333,4.12257165526847,1.13001167806486
2024-06-09,"REA1",5.08745833333333,4.20172598845735,0.88573234487598
2024-06-09,"SOUT",5.46491666666667,4.08061517921332,1.38430148745335
2024-06-09,"WREX",3.63595833333333,4.00955668769984,-0.373598354366512
2024-06-09,"LEAR",3.88570833333333,4.19737968757721,-0.311671354243882
2024-06-09,"PLYM",5.53954166666667,4.50758177427166,1.03195989239501
2024-06-09,"SHDG",5.364625,4.85433484764999,0.510290152350013
2024-06-09,"SHE",5.3725,4.66495286664832,0.707547133351684
2024-06-09,"BEL2",5.06483333333333,5.76783487770865,-0.703001544375323
2024-06-09,"GLKP",2.75741666666667,4.23939136209214,-1.48197469542547
2024-06-09,"LECU",4.27770833333333,4.6379427998428,-0.360234466509467
2024-06-09,"SUN2",3.41883333333333,4.52390779558974,-1.10507446225641
2024-06-09,"TRAN",4.97854166666667,4.56885536581522,0.409686300851449
2024-06-09,"STOK",4.344625,4.79125273154225,-0.446627731542254
2024-06-09,"BEX",5.31841666666667,4.94124960051719,0.377167066149476
2024-06-09,"SEND",4.92825,4.87094119554111,0.0573088044588879
2024-06-09,"HUL2",4.54316666666667,5.2515133375589,-0.708346670892228
2024-06-09,"PEMB",5.448125,3.61532001134166,1.83280498865834
2024-06-09,"WFEN",3.7825,4.12305699230669,-0.340556992306692
2024-06-09,"OSY",4.007625,4.69302972554523,-0.68540472554523
2024-06-09,"ACTH",2.346625,2.91408039265284,-0.567455392652837
2024-06-09,"COPP",4.54995833333333,4.76333682453383,-0.213378491200495
2024-06-10,"EB",2.83608333333333,5.30186587700818,-2.46578254367485
2024-06-10,"IMGM",3.55754166666667,5.45369094905608,-1.89614928238941
2024-06-10,"PRES",2.604125,5.91543017266053,-3.31130517266053
2024-06-10,"BIRR",3.01783333333333,5.9037119340698,-2.88587860073647
2024-06-10,"BLC2",3.17516666666667,6.59195947030698,-3.41679280364031
2024-06-10,"BOTR",2.56291666666667,5.20666398344329,-2.64374731677662
2024-06-10,"GHSR",2.61216666666667,4.14532531847713,-1.53315865181046
2024-06-10,"LEAM",2.94520833333333,5.00301352812264,-2.05780519478931
2024-06-10,"NPT3",5.08466666666667,5.53620116788379,-0.451534501217121
2024-06-10,"REA1",2.9275,5.33136659155842,-2.40386659155842
2024-06-10,"SOUT",3.531875,5.67489734725121,-2.14302234725121
2024-06-10,"WREX",2.78779166666667,4.6579771469746,-1.87018548030793
2024-06-10,"LEAR",2.61883333333333,4.84251093474079,-2.22367760140746
2024-06-10,"PLYM",4.145125,6.25650738163033,-2.11138238163033
2024-06-10,"SHDG",3.02375,6.01186753342456,-2.98811753342456
2024-06-10,"SHE",3.54170833333333,5.95154472333019,-2.40983638999686
2024-06-10,"BEL2",5.27716666666667,5.73576647207788,-0.458599805411207
2024-06-10,"GLKP",2.15016666666667,3.84889447517345,-1.69872780850678
2024-06-10,"LECU",3.107375,5.16660659033399,-2.05923159033398
2024-06-10,"SUN2",3.336375,4.86271696628566,-1.52634196628566
2024-06-10,"TRAN",3.18495833333333,5.40426340470526,-2.21930507137193
2024-06-10,"STOK",3.28616666666667,5.3885936473245,-2.10242698065783
2024-06-10,"BEX",3.506375,5.93574088631253,-2.42936588631253
2024-06-10,"SEND",3.43941666666667,5.5869151463675,-2.14749847970083
2024-06-10,"HUL2",3.41591666666667,5.8942446239526,-2.47832795728593
2024-06-10,"PEMB",4.17454166666667,4.99441009285961,-0.819868426192936
2024-06-10,"WFEN",3.25575,4.82939375682278,-1.57364375682278
2024-06-10,"OSY",3.74016666666667,5.18670515217462,-1.44653848550794
2024-06-10,"ACTH",2.026375,2.91060136799584,-0.884226367995844
2024-06-10,"COPP",2.975625,5.39056822817374,-2.41494322817374
2024-06-11,"EB",4.55691666666667,3.8310489074171,0.725867759249566
2024-06-11,"IMGM",2.92070833333333,4.3543515721114,-1.43364323877807
2024-06-11,"PRES",3.17995833333333,3.75689327563389,-0.576934942300563
2024-06-11,"BIRR",4.95875,4.51368017039904,0.445069829600957
2024-06-11,"BLC2",3.637,4.36402470911599,-0.727024709115992
2024-06-11,"BOTR",3.70095833333333,3.93885925966238,-0.237900926329051
2024-06-11,"GHSR",2.523625,3.29026595394359,-0.766640953943587
2024-06-11,"LEAM",4.50366666666667,3.85834208126206,0.645324585404614
2024-06-11,"NPT3",5.446125,4.70638083228118,0.73974416771882
2024-06-11,"REA1",3.544625,3.77436024706802,-0.229735247068021
2024-06-11,"SOUT",3.43358333333333,4.18503531544596,-0.751451982112628
2024-06-11,"WREX",4.5745,3.6048973322041,0.969602667795895
2024-06-11,"LEAR",4.09608333333333,3.63466804658216,0.461415286751169
2024-06-11,"PLYM",5.16904166666667,4.96044611409764,0.208595552569026
2024-06-11,"SHDG",3.15741666666667,4.38640165846482,-1.22898499179815
2024-06-11,"SHE",5.09433333333333,4.51039283744531,0.583940495888022
2024-06-11,"BEL2",4.27383333333333,5.1025784367012,-0.828745103367868
2024-06-11,"GLKP",2.069625,2.92559865277005,-0.855973652770048
2024-06-11,"LECU",3.91016666666667,3.99900343517452,-0.0888367685078468
2024-06-11,"SUN2",2.79391666666667,4.10644373205629,-1.31252706538962
2024-06-11,"TRAN",3.93566666666667,3.99342323514199,-0.0577565684753152
2024-06-11,"STOK",4.43104166666667,4.2597648664381,0.171276800228572
2024-06-11,"BEX",4.17058333333333,4.51348061978531,-0.34289728645198
2024-06-11,"SEND",3.28320833333333,4.29473085469677,-1.01152252136344
2024-06-11,"HUL2",3.27158333333333,4.73880937319953,-1.4672260398662
2024-06-11,"PEMB",4.91154166666667,3.75541452298517,1.1561271436815
2024-06-11,"WFEN",3.061125,3.89397865454692,-0.832853654546923
2024-06-11,"OSY",3.18591666666667,4.35584574775943,-1.16992908109276
2024-06-11,"ACTH",1.628375,2.07902148539597,-0.450646485395968
2024-06-11,"COPP",3.78045833333333,4.06942154790412,-0.288963214570792
2024-06-12,"EB",4.23441666666667,4.9739549026354,-0.739538235968734
2024-06-12,"IMGM",5.02266666666667,4.60940473351711,0.413261933149562
2024-06-12,"PRES",4.44195833333333,4.50184527467086,-0.0598869413375258
2024-06-12,"BIRR",5.85995833333333,5.73521352299733,0.124744810336004
2024-06-12,"BLC2",4.08716666666667,5.06945883145035,-0.982292164783681
2024-06-12,"BOTR",4.894875,4.85841539780764,0.0364596021923589
2024-06-12,"GHSR",4.04683333333333,3.74105980010315,0.305773533230178
2024-06-12,"LEAM",4.77991666666667,4.92920240865372,-0.149285741987048
2024-06-12,"NPT3",4.7975,5.31997569981165,-0.522475699811653
2024-06-12,"REA1",5.35670833333333,4.51136224237111,0.845346090962217
2024-06-12,"SOUT",4.8535,4.65371205406043,0.199787945939566
2024-06-12,"WREX",3.72545833333333,4.75633437000944,-1.03087603667611
2024-06-12,"LEAR",4.57058333333333,4.67748165446699,-0.106898321133665
2024-06-12,"PLYM",5.28604166666667,5.83713881539489,-0.551097148728218
2024-06-12,"SHDG",4.93708333333333,4.9468901706568,-0.00980683732347298
2024-06-12,"SHE",5.138625,5.58925248099758,-0.450627480997581
2024-06-12,"BEL2",5.95625,5.20505040411631,0.751199595883693
2024-06-12,"GLKP",3.711625,3.38176114291154,0.329863857088465
2024-06-12,"LECU",5.32633333333333,4.79054392967898,0.53578940365435
2024-06-12,"SUN2",4.98825,4.3839120711577,0.604337928842301
2024-06-12,"TRAN",3.79720833333333,4.77464153832098,-0.977433204987651
2024-06-12,"STOK",5.68791666666667,5.17643436477083,0.511482301895841
2024-06-12,"BEX",6.33658333333333,5.26291695261951,1.07366638071382
2024-06-12,"SEND",4.17745833333333,4.73555349164153,-0.558095158308202
2024-06-12,"HUL2",5.91979166666667,5.1788250694284,0.740966597238273
2024-06-12,"PEMB",4.73366666666667,4.52406631077104,0.209600355895632
2024-06-12,"WFEN",5.97983333333333,4.30671477168731,1.67311856164602
2024-06-12,"OSY",3.71070833333333,4.63160921897255,-0.920900885639218
2024-06-12,"ACTH",3.46691666666667,2.41343485817305,1.05348180849362
2024-06-12,"COPP",4.79558333333333,4.86753580091607,-0.0719524675827374
2024-06-13,"EB",4.93904166666667,5.27175790259203,-0.332716235925357
2024-06-13,"IMGM",5.29491666666667,5.83940459919368,-0.54448793252701
2024-06-13,"PRES",4.83691666666667,5.40318375675721,-0.566267090090542
2024-06-13,"BIRR",6.25104166666667,6.48322444764621,-0.232182780979538
2024-06-13,"BLC2",5.7725,5.67165920447781,0.10084079552219
2024-06-13,"BOTR",5.05408333333333,5.72643396413275,-0.672350630799417
2024-06-13,"GHSR",4.31983333333333,4.74874104465127,-0.42890771131794
2024-06-13,"LEAM",4.27666666666667,5.45117697142582,-1.17451030475915
2024-06-13,"NPT3",5.32529166666667,5.51652534205115,-0.191233675384475
2024-06-13,"REA1",4.878125,5.61590889880446,-0.737783898804459
2024-06-13,"SOUT",5.506125,5.62326471701103,-0.117139717011027
2024-06-13,"WREX",4.77495833333333,4.85810812017931,-0.0831497868459801
2024-06-13,"LEAR",4.22366666666667,5.27407606116796,-1.05040939450129
2024-06-13,"PLYM",6.37875,6.30780920494224,0.0709407950577621
2024-06-13,"SHDG",5.986625,6.04638811645212,-0.0597631164521211
2024-06-13,"SHE",7.719125,6.02537179641158,1.69375320358842
2024-06-13,"BEL2",5.07570833333333,6.28488982540125,-1.20918149206792
2024-06-13,"GLKP",4.16570833333333,4.43333882976012,-0.267630496426785
2024-06-13,"LECU",4.97654166666667,5.74573223532529,-0.769190568658617
2024-06-13,"SUN2",6.15175,5.64677741151618,0.504972588483819
2024-06-13,"TRAN",4.76816666666667,5.15460008718098,-0.386433420514307
2024-06-13,"STOK",5.74783333333333,6.06768024011365,-0.319846906780324
2024-06-13,"BEX",5.491375,6.49790975271069,-1.00653475271069
2024-06-13,"SEND",5.26345833333333,5.51118360539968,-0.247725272066352
2024-06-13,"HUL2",6.65395833333333,6.60411577987687,0.049842553456461
2024-06-13,"PEMB",4.56366666666667,4.88961859969637,-0.325951933029704
2024-06-13,"WFEN",5.19654166666667,5.83294836068573,-0.636406694019057
2024-06-13,"OSY",5.577,5.27608865767084,0.300911342329163
2024-06-13,"ACTH",3.653625,3.54240130480534,0.111223695194664
2024-06-13,"COPP",5.18475,5.6741110508879,-0.489361050887898
2024-06-14,"EB",4.49604166666667,5.58969682328228,-1.09365515661561
2024-06-14,"IMGM",2.636625,5.96224044563166,-3.32561544563166
2024-06-14,"PRES",3.92204166666667,5.58357718701239,-1.66153552034572
2024-06-14,"BIRR",4.31908333333333,6.66737737365022,-2.34829404031689
2024-06-14,"BLC2",3.97808333333333,6.34181909737105,-2.36373576403772
2024-06-14,"BOTR",2.81933333333333,5.82046371489121,-3.00113038155788
2024-06-14,"GHSR",3.117125,4.88018837878533,-1.76306337878533
2024-06-14,"LEAM",2.07941666666667,5.31298346932508,-3.23356680265841
2024-06-14,"NPT3",3.42466666666667,5.77364450244033,-2.34897783577366
2024-06-14,"REA1",2.71420833333333,5.46473927291365,-2.75053093958032
2024-06-14,"SOUT",4.00054166666667,5.89684828659165,-1.89630661992498
2024-06-14,"WREX",2.50408333333333,5.31140311879452,-2.80731978546119
2024-06-14,"LEAR",2.03129166666667,5.19094850130641,-3.15965683463974
2024-06-14,"PLYM",5.74395833333333,6.7632022847223,-1.01924395138897
2024-06-14,"SHDG",3.03854166666667,6.46184689211125,-3.42330522544458
2024-06-14,"SHE",3.33333333333333,7.03303018042556,-3.69969684709223
2024-06-14,"BEL2",3.11325,5.9866640368788,-2.8734140368788
2024-06-14,"GLKP",2.88916666666667,4.63016598780693,-1.74099932114026
2024-06-14,"LECU",2.17770833333333,5.64798012754349,-3.47027179421016
2024-06-14,"SUN2",3.191875,6.09848617610766,-2.90661117610766
2024-06-14,"TRAN",2.83804166666667,5.56856391520528,-2.73052224853861
2024-06-14,"STOK",3.02179166666667,6.12401643465026,-3.10222476798359
2024-06-14,"BEX",3.08175,6.20581148332373,-3.12406148332373
2024-06-14,"SEND",3.32941666666667,5.95289940023997,-2.6234827335733
2024-06-14,"HUL2",3.08079166666667,6.89022348621174,-3.80943181954507
2024-06-14,"PEMB",3.69991666666667,4.88143142705287,-1.1815147603862
2024-06-14,"WFEN",2.301375,5.55295136238873,-3.25157636238873
2024-06-14,"OSY",3.41295833333333,6.01221803345642,-2.59925970012309
2024-06-14,"ACTH",0.921791666666667,3.63733747582618,-2.71554580915951
2024-06-14,"COPP",2.68675,5.85591353818525,-3.16916353818525
2024-06-15,"EB",7.51379166666667,4.26872505309044,3.24506661357623
2024-06-15,"IMGM",2.88820833333333,3.82674162376177,-0.938533290428439
2024-06-15,"PRES",4.11158333333333,4.0922374076305,0.0193459257028312
2024-06-15,"BIRR",4.21291666666667,4.79926980022337,-0.586353133556702
2024-06-15,"BLC2",3.13,4.5060335859151,-1.3760335859151
2024-06-15,"BOTR",2.76825,3.84351239728821,-1.07526239728821
2024-06-15,"GHSR",3.675375,3.28396410541566,0.391410894584339
2024-06-15,"LEAM",3.487625,3.35946465004237,0.128160349957625
2024-06-15,"NPT3",4.91254166666667,3.91517724131919,0.99736442534748
2024-06-15,"REA1",4.08120833333333,3.52321508041039,0.557993252922945
2024-06-15,"SOUT",6.00245833333333,4.18294419923404,1.81951413409929
2024-06-15,"WREX",2.56875,3.30824808334136,-0.739498083341364
2024-06-15,"LEAR",3.35891666666667,3.23698474527006,0.121931921396607
2024-06-15,"PLYM",9.21883333333333,5.36558464947881,3.85324868385452
2024-06-15,"SHDG",3.03366666666667,4.20778942004784,-1.17412275338117
2024-06-15,"SHE",3.19675,4.22426515946174,-1.02751515946174
2024-06-15,"BEL2",4.08116666666667,4.12556694527585,-0.044400278609185
2024-06-15,"GLKP",3.47583333333333,3.00397940412941,0.471853929203923
2024-06-15,"LECU",3.39529166666667,3.46936840565531,-0.0740767389886443
2024-06-15,"SUN2",3.861,3.83841903401814,0.022580965981859
2024-06-15,"TRAN",2.55408333333333,3.69278576513712,-1.13870243180379
2024-06-15,"STOK",2.89695833333333,3.96647408250203,-1.0695157491687
2024-06-15,"BEX",4.72483333333333,4.17853290786418,0.546300425469152
2024-06-15,"SEND",4.26308333333333,4.07401362358248,0.189069709750849
2024-06-15,"HUL2",4.42525,4.40911738488068,0.016132615119318
2024-06-15,"PEMB",5.07183333333333,3.41716819554366,1.65466513778967
2024-06-15,"WFEN",2.89304166666667,3.34489080138117,-0.451849134714501
2024-06-15,"OSY",4.06745833333333,4.03688288109293,0.0305754522403978
2024-06-15,"ACTH",2.50208333333333,1.47582362802717,1.02625970530616
2024-06-15,"COPP",4.50279166666667,3.77811834471642,0.724673321950247
2024-06-16,"EB",5.97295833333333,6.19559940304217,-0.222641069708838
2024-06-16,"IMGM",3.13879166666667,4.76066568701538,-1.62187402034871
2024-06-16,"PRES",4.43208333333333,4.97807134003703,-0.545988006703698
2024-06-16,"BIRR",3.034625,5.590190803494,-2.555565803494
2024-06-16,"BLC2",4.36025,5.02009817403428,-0.659848174034276
2024-06-16,"BOTR",2.31033333333333,4.65920146193497,-2.34886812860164
2024-06-16,"GHSR",3.293125,4.31054698820823,-1.01742198820823
2024-06-16,"LEAM",3.31766666666667,4.71527300392494,-1.39760633725827
2024-06-16,"NPT3",3.589875,5.29623043850493,-1.70635543850493
2024-06-16,"REA1",4.95283333333333,4.86327600318038,0.0895573301529486
2024-06-16,"SOUT",5.26241666666667,5.74875857233872,-0.486341905672051
2024-06-16,"WREX",2.955,4.16734204088102,-1.21234204088102
2024-06-16,"LEAR",3.12795833333333,4.56286723560634,-1.43490890227301
2024-06-16,"PLYM",6.029,7.46458288561013,-1.43558288561013
2024-06-16,"SHDG",3.35504166666667,5.05086993732498,-1.69582827065831
2024-06-16,"SHE",3.37170833333333,5.03925053665119,-1.66754220331786
2024-06-16,"BEL2",4.60783333333333,5.31486889571721,-0.707035562383884
2024-06-16,"GLKP",2.69754166666667,4.04215365146832,-1.34461198480165
2024-06-16,"LECU",3.22416666666667,4.76321368285246,-1.53904701618579
2024-06-16,"SUN2",2.05679166666667,4.93138251087275,-2.87459084420608
2024-06-16,"TRAN",3.152625,4.41780956811162,-1.26518456811162
2024-06-16,"STOK",3.96141666666667,4.76191346636329,-0.800496799696619
2024-06-16,"BEX",5.31858333333333,5.62441917310087,-0.305835839767538
2024-06-16,"SEND",5.08754166666667,5.25021696258951,-0.16267529592284
2024-06-16,"HUL2",3.76583333333333,5.76111901563494,-1.99528568230161
2024-06-16,"PEMB",3.14375,4.74032917585622,-1.59657917585622
2024-06-16,"WFEN",3.640875,4.40822464901957,-0.76734964901957
2024-06-16,"OSY",4.996,5.11296840532409,-0.116968405324089
2024-06-16,"ACTH",1.87504166666667,2.90308552457104,-1.02804385790437
2024-06-16,"COPP",3.26366666666667,5.28935723045677,-2.0256905637901
2024-06-17,"EB",3.927875,5.30674567797889,-1.37887067797889
2024-06-17,"IMGM",4.22075,4.57535261952478,-0.35460261952478
2024-06-17,"PRES",4.35141666666667,4.8195553589123,-0.468138692245627
2024-06-17,"BIRR",5.10225,4.8806390368531,0.221610963146901
2024-06-17,"BLC2",5.20629166666667,5.21358050798735,-0.00728884132068064
2024-06-17,"BOTR",4.10779166666667,4.21575137292624,-0.107959706259571
2024-06-17,"GHSR",2.95904166666667,3.88635697221065,-0.927315305543976
2024-06-17,"LEAM",3.858,4.35749700579213,-0.499497005792132
2024-06-17,"NPT3",4.71008333333333,4.5102354103332,0.199847923000129
2024-06-17,"REA1",3.217375,4.89199407993838,-1.67461907993838
2024-06-17,"SOUT",3.71270833333333,5.17122093385403,-1.4585126005207
2024-06-17,"WREX",4.189375,4.03498417822987,0.154390821770129
2024-06-17,"LEAR",3.771625,4.18365143100938,-0.412026431009381
2024-06-17,"PLYM",4.67775,5.95820173992619,-1.28045173992619
2024-06-17,"SHDG",4.834875,4.8954776100522,-0.0606026100522001
2024-06-17,"SHE",4.47925,4.83150817978916,-0.352258179789164
2024-06-17,"BEL2",4.313125,5.22152840740969,-0.908403407409691
2024-06-17,"GLKP",2.396875,3.47082326882037,-1.07394826882037
2024-06-17,"LECU",4.46945833333333,4.40775031519075,0.0617080181425766
2024-06-17,"SUN2",2.79583333333333,3.97876849154825,-1.18293515821492
2024-06-17,"TRAN",4.04283333333333,4.36912453005643,-0.326291196723099
2024-06-17,"STOK",4.311125,4.88355660924518,-0.572431609245178
2024-06-17,"BEX",3.63995833333333,5.54621072518361,-1.90625239185028
2024-06-17,"SEND",3.51816666666667,5.26769977075822,-1.74953310409155
2024-06-17,"HUL2",4.07425,5.22291944605471,-1.14866944605471
2024-06-17,"PEMB",3.546625,3.73170043856643,-0.185075438566433
2024-06-17,"WFEN",3.54954166666667,4.40224290405811,-0.852701237391441
2024-06-17,"OSY",4.27783333333333,5.17303331187238,-0.895199978539052
2024-06-17,"ACTH",2.13354166666667,2.37348486447796,-0.239943197811295
2024-06-17,"COPP",4.551875,4.52958853192899,0.0222864680710115
2024-06-18,"EB",4.67866666666667,4.70737214996494,-0.0287054832982649
2024-06-18,"IMGM",5.24370833333333,5.10873503310063,0.134973300232704
2024-06-18,"PRES",4.21570833333333,4.92118506738622,-0.705476734052887
2024-06-18,"BIRR",6.49179166666667,5.79978019987155,0.692011466795119
2024-06-18,"BLC2",3.4415,5.6454505864557,-2.2039505864557
2024-06-18,"BOTR",4.76116666666667,5.02442439898636,-0.263257732319692
2024-06-18,"GHSR",1.96641666666667,3.90421638160024,-1.93779971493357
2024-06-18,"LEAM",5.937625,4.69626595842139,1.24135904157861
2024-06-18,"NPT3",4.35045833333333,5.08044299016741,-0.729984656834077
2024-06-18,"REA1",4.94766666666667,4.37259705043806,0.575069616228607
2024-06-18,"SOUT",5.34691666666667,4.74385015644577,0.603066510220903
2024-06-18,"WREX",3.359875,4.62288258989648,-1.26300758989648
2024-06-18,"LEAR",5.45416666666667,4.56158315567415,0.892583510992518
2024-06-18,"PLYM",4.213875,5.63963402514207,-1.42575902514207
2024-06-18,"SHDG",4.75625,5.57525109551331,-0.819001095513308
2024-06-18,"SHE",4.221875,5.37545802283698,-1.15358302283698
2024-06-18,"BEL2",3.969125,5.24088823195438,-1.27176323195438
2024-06-18,"GLKP",1.83770833333333,3.50676610107449,-1.66905776774116
2024-06-18,"LECU",5.353875,5.00771912088874,0.346155879111262
2024-06-18,"SUN2",3.13675,4.41468987013707,-1.27793987013707
2024-06-18,"TRAN",2.99325,4.82645428928742,-1.83320428928742
2024-06-18,"STOK",5.12670833333333,5.13392530032483,-0.00721696699149632
2024-06-18,"BEX",6.33654166666667,5.05187133859909,1.28467032806758
2024-06-18,"SEND",6.32470833333333,4.81051484062866,1.51419349270467
2024-06-18,"HUL2",4.72091666666667,5.4828124685072,-0.761895801840534
2024-06-18,"PEMB",3.530875,4.04485769674052,-0.513982696740522
2024-06-18,"WFEN",4.8575,4.49376735601245,0.363732643987547
2024-06-18,"OSY",6.21766666666667,5.02971749783738,1.18794916882929
2024-06-18,"ACTH",1.665625,2.61441786720249,-0.94879286720249
2024-06-18,"COPP",4.314125,5.1608362117429,-0.8467112117429
2024-06-19,"EB",5.00004166666667,5.23231605565764,-0.232274388990968
2024-06-19,"IMGM",3.600625,5.68948781074808,-2.08886281074808
2024-06-19,"PRES",4.95675,5.08939946417941,-0.132649464179409
2024-06-19,"BIRR",5.98183333333333,6.50215707034015,-0.520323737006824
2024-06-19,"BLC2",5.220125,5.19675488516295,0.0233701148370544
2024-06-19,"BOTR",4.32883333333333,5.4579459267697,-1.12911259343637
2024-06-19,"GHSR",3.22329166666667,3.75859705842404,-0.535305391757369
2024-06-19,"LEAM",3.351125,5.67630676899503,-2.32518176899503
2024-06-19,"NPT3",4.04875,5.1484057300208,-1.0996557300208
2024-06-19,"REA1",3.51020833333333,5.25598174124591,-1.74577340791258
2024-06-19,"SOUT",5.4295,5.58896184155625,-0.159461841556246
2024-06-19,"WREX",4.94408333333333,4.51511538969637,0.428967943636964
2024-06-19,"LEAR",3.37358333333333,5.39301891760347,-2.01943558427014
2024-06-19,"PLYM",7.360375,5.70456009709358,1.65581490290642
2024-06-19,"SHDG",5.29570833333333,5.74214437550839,-0.446436042175057
2024-06-19,"SHE",5.39795833333333,5.48148619787499,-0.0835278645416597
2024-06-19,"BEL2",5.630875,5.33501380901154,0.295861190988456
2024-06-19,"GLKP",3.01795833333333,3.52125944770707,-0.503301114373736
2024-06-19,"LECU",3.41295833333333,5.53479110693671,-2.12183277360338
2024-06-19,"SUN2",4.468375,4.74768786167532,-0.279312861675322
2024-06-19,"TRAN",5.752875,4.64210323778139,1.11077176221861
2024-06-19,"STOK",4.68854166666667,5.64839073505342,-0.959849068386746
2024-06-19,"BEX",4.86641666666667,6.29244323482235,-1.42602656815568
2024-06-19,"SEND",4.99420833333333,6.09025254639321,-1.09604421305988
2024-06-19,"HUL2",3.63904166666667,5.93528981143129,-2.29624814476462
2024-06-19,"PEMB",5.20933333333333,4.25055329393194,0.958780039401389
2024-06-19,"WFEN",2.551125,5.19700563651254,-2.64588063651254
2024-06-19,"OSY",5.48025,5.97608785789521,-0.495837857895211
2024-06-19,"ACTH",2.495125,2.65466719003126,-0.15954219003126
2024-06-19,"COPP",5.04229166666667,5.27153385725795,-0.229242190591276
2024-06-20,"EB",4.697375,5.30129083819257,-0.603915838192567
2024-06-20,"IMGM",4.34854166666667,5.02672293156489,-0.678181264898221
2024-06-20,"PRES",7.106,5.3266233736113,1.77937662638869
2024-06-20,"BIRR",6.43270833333333,6.25393000289961,0.178778330433719
2024-06-20,"BLC2",7.8045,5.84185524131407,1.96264475868593
2024-06-20,"BOTR",5.39966666666667,5.24907879320054,0.150587873466131
2024-06-20,"GHSR",5.77625,4.19927331749233,1.57697668250767
2024-06-20,"LEAM",3.849375,4.64879607877791,-0.799421078777915
2024-06-20,"NPT3",4.713,5.00252094572601,-0.289520945726008
2024-06-20,"REA1",3.369625,4.65921462344193,-1.28958962344193
2024-06-20,"SOUT",3.19379166666667,5.55674505413003,-2.36295338746336
2024-06-20,"WREX",6.04475,5.07471789538622,0.970032104613775
2024-06-20,"LEAR",3.68420833333333,4.55866521274816,-0.874456879414825
2024-06-20,"PLYM",4.51054166666667,6.83771802348819,-2.32717635682152
2024-06-20,"SHDG",5.49920833333333,5.90386084399915,-0.404652510665816
2024-06-20,"SHE",6.63425,5.88164249047208,0.752607509527923
2024-06-20,"BEL2",9.39279166666667,5.9163541825929,3.47643748407376
2024-06-20,"GLKP",5.444125,3.92730506687352,1.51681993312648
2024-06-20,"LECU",3.71266666666667,4.76367557965402,-1.05100891298735
2024-06-20,"SUN2",6.99004166666667,5.19685645327636,1.79318521339031
2024-06-20,"TRAN",7.10304166666667,5.64035998894883,1.46268167771784
2024-06-20,"STOK",6.25295833333333,5.43502669201054,0.817931641322788
2024-06-20,"BEX",5.043375,5.66965934230257,-0.62628434230257
2024-06-20,"SEND",4.17941666666667,5.51761559518767,-1.338198928521
2024-06-20,"HUL2",5.72716666666667,5.48586777946134,0.241298887205329
2024-06-20,"PEMB",5.037375,4.83335742725196,0.204017572748042
2024-06-20,"WFEN",3.19170833333333,4.28439115518011,-1.09268282184678
2024-06-20,"OSY",4.76025,5.6356649355729,-0.875414935572903
2024-06-20,"ACTH",4.12645833333333,2.92944798908736,1.19701034424597
2024-06-20,"COPP",9.227625,5.50545698486683,3.72216801513317
2024-06-21,"EB",7.11879166666667,5.62265815723381,1.49613350943286
2024-06-21,"IMGM",5.37733333333333,5.76561230143831,-0.388278968104978
2024-06-21,"PRES",6.96841666666667,6.55036895288068,0.41804771378599
2024-06-21,"BIRR",7.90979166666667,6.86645087431,1.04334079235667
2024-06-21,"BLC2",7.29466666666667,7.21187164551126,0.0827950211554072
2024-06-21,"BOTR",6.76304166666667,6.09017295316911,0.672868713497563
2024-06-21,"GHSR",6.04166666666667,5.56516288002222,0.476503786644451
2024-06-21,"LEAM",6.17833333333333,5.30876994396058,0.869563389372754
2024-06-21,"NPT3",6.89266666666667,5.69109737913353,1.20156928753314
2024-06-21,"REA1",5.84316666666667,5.06595893175224,0.777207734914432
2024-06-21,"SOUT",6.216625,5.16536986963414,1.05125513036586
2024-06-21,"WREX",5.688875,5.89782827033648,-0.208953270336477
2024-06-21,"LEAR",5.853125,5.1418402171726,0.711284782827406
2024-06-21,"PLYM",6.57441666666667,6.17469464645739,0.399722020209282
2024-06-21,"SHDG",6.2185,6.40961977912169,-0.191119779121686
2024-06-21,"SHE",7.41754166666667,6.76087788659448,0.656663780072187
2024-06-21,"BEL2",7.12066666666667,7.7243260009914,-0.603659334324725
2024-06-21,"GLKP",5.92579166666667,5.24732238717528,0.678469279491385
2024-06-21,"LECU",5.64854166666667,5.34079491359155,0.307746753075119
2024-06-21,"SUN2",6.04554166666667,6.55007628071492,-0.504534614048248
2024-06-21,"TRAN",5.96616666666667,6.53898347308414,-0.572816806417466
2024-06-21,"STOK",6.67358333333333,6.45907466641727,0.214508666916059
2024-06-21,"BEX",6.52125,6.19452141083106,0.326728589168942
2024-06-21,"SEND",6.471125,5.67302942059016,0.798095579409837
2024-06-21,"HUL2",6.54970833333333,6.71321568733377,-0.163507354000441
2024-06-21,"PEMB",5.11116666666667,5.18361033870653,-0.0724436720398636
2024-06-21,"WFEN",4.86254166666667,4.99306509639928,-0.130523429732614
2024-06-21,"OSY",6.26470833333333,5.8176585269797,0.447049806353633
2024-06-21,"ACTH",4.9715,3.96003464697151,1.01146535302849
2024-06-21,"COPP",6.76104166666667,7.48374525267679,-0.722703586010123
2024-06-22,"EB",3.940625,6.81183298319177,-2.87120798319177
2024-06-22,"IMGM",4.67775,6.42369977920427,-1.74594977920427
2024-06-22,"PRES",4.00758333333333,6.75614285305168,-2.74855951971835
2024-06-22,"BIRR",4.30525,7.6949050688267,-3.3896550688267
2024-06-22,"BLC2",4.69929166666667,7.2734635254188,-2.57417185875213
2024-06-22,"BOTR",4.035125,6.86757186708671,-2.83244686708671
2024-06-22,"GHSR",3.96425,5.91443285577292,-1.95018285577292
2024-06-22,"LEAM",3.90933333333333,6.45215681324914,-2.54282347991581
2024-06-22,"NPT3",4.13320833333333,6.77678224471607,-2.64357391138274
2024-06-22,"REA1",3.05041666666667,6.2721118810808,-3.22169521441413
2024-06-22,"SOUT",3.727375,6.60520067134822,-2.87782567134822
2024-06-22,"WREX",3.32645833333333,6.03782525530326,-2.71136692196993
2024-06-22,"LEAR",3.89933333333333,6.228634234841,-2.32930090150767
2024-06-22,"PLYM",5.91483333333333,7.26807983221877,-1.35324649888544
2024-06-22,"SHDG",4.91741666666667,6.96087850650544,-2.04346183983878
2024-06-22,"SHE",4.61679166666667,7.32097673359156,-2.70418506692489
2024-06-22,"BEL2",5.08358333333333,7.11604301879705,-2.03245968546372
2024-06-22,"GLKP",3.13383333333333,5.67853747433125,-2.54470414099792
2024-06-22,"LECU",4.12054166666667,6.34140551169774,-2.22086384503107
2024-06-22,"SUN2",3.85325,6.45152959079836,-2.59827959079836
2024-06-22,"TRAN",4.325875,6.38603176424042,-2.06015676424042
2024-06-22,"STOK",4.61875,6.8800827928397,-2.2613327928397
2024-06-22,"BEX",3.730375,7.0272131320574,-3.2968381320574
2024-06-22,"SEND",3.53670833333333,6.82152230767452,-3.28481397434119
2024-06-22,"HUL2",4.84370833333333,7.27559059991678,-2.43188226658345
2024-06-22,"PEMB",3.92204166666667,5.50112133815405,-1.57907967148738
2024-06-22,"WFEN",3.59854166666667,5.89057088973668,-2.29202922307001
2024-06-22,"OSY",3.27733333333333,6.67311482840145,-3.39578149506812
2024-06-22,"ACTH",1.91829166666667,4.53732317928864,-2.61903151262197
2024-06-22,"COPP",4.424125,6.79731964397945,-2.37319464397945
2024-06-23,"EB",3.76575,4.32288475540182,-0.557134755401818
2024-06-23,"IMGM",6.08095833333333,4.87310546056099,1.20785287277234
2024-06-23,"PRES",4.85370833333333,4.38456329577719,0.469145037556142
2024-06-23,"BIRR",3.56233333333333,5.06158510306958,-1.49925176973625
2024-06-23,"BLC2",5.56595833333333,5.04264435614086,0.52331397719247
2024-06-23,"BOTR",3.51025,4.56067380375243,-1.05042380375243
2024-06-23,"GHSR",2.46958333333333,3.86435121677886,-1.39476788344553
2024-06-23,"LEAM",3.073875,4.30138100440191,-1.22750600440191
2024-06-23,"NPT3",4.65020833333333,4.44644411349302,0.203764219840313
2024-06-23,"REA1",3.78058333333333,3.92520777116457,-0.144624437831239
2024-06-23,"SOUT",4.04283333333333,4.36283214915892,-0.319998815825593
2024-06-23,"WREX",3.97308333333333,3.8910989257319,0.0819844076014311
2024-06-23,"LEAR",2.944125,4.19694581517846,-1.25282081517846
2024-06-23,"PLYM",4.66695833333333,5.71740077117858,-1.05044243784525
2024-06-23,"SHDG",5.28104166666667,5.1918884533791,0.0891532132875721
2024-06-23,"SHE",5.38916666666667,4.99544715049352,0.393719516173148
2024-06-23,"BEL2",4.25116666666667,5.1174435710092,-0.866276904342531
2024-06-23,"GLKP",2.21504166666667,3.36060835411338,-1.14556668744671
2024-06-23,"LECU",3.41504166666667,4.47082612908711,-1.05578446242044
2024-06-23,"SUN2",3.91020833333333,4.37630941675725,-0.466101083423923
2024-06-23,"TRAN",4.266,4.51809452399777,-0.252094523997769
2024-06-23,"STOK",3.50616666666667,4.83613325315116,-1.32996658648449
2024-06-23,"BEX",5.82933333333333,4.6953406400085,1.13399269332483
2024-06-23,"SEND",5.160125,4.42474978298409,0.735375217015913
2024-06-23,"HUL2",4.6885,5.35509449263426,-0.666594492634261
2024-06-23,"PEMB",3.23708333333333,3.7829059836735,-0.54582265034017
2024-06-23,"WFEN",3.78045833333333,4.12161843050759,-0.341160097174257
2024-06-23,"OSY",4.77004166666667,4.26805742131958,0.501984245347086
2024-06-23,"ACTH",1.7305,2.1173700601325,-0.386870060132495
2024-06-23,"COPP",4.14695833333333,4.69043372245704,-0.54347538912371
2024-06-24,"EB",4.30233333333333,4.691379309438,-0.389045976104667
2024-06-24,"IMGM",5.49233333333333,5.79058095644211,-0.298247623108776
2024-06-24,"PRES",6.54183333333333,5.12820308786166,1.41363024547167
2024-06-24,"BIRR",6.540875,5.22576296751358,1.31511203248642
2024-06-24,"BLC2",7.37516666666667,5.78863236079212,1.58653430587455
2024-06-24,"BOTR",8.00708333333333,4.79301204601357,3.21407128731976
2024-06-24,"GHSR",4.58329166666667,3.72802039166746,0.855271274999211
2024-06-24,"LEAM",4.30429166666667,4.41204179148589,-0.10775012481922
2024-06-24,"NPT3",4.28954166666667,5.06524529788421,-0.77570363121754
2024-06-24,"REA1",4.86541666666667,4.62346537137593,0.24195129529074
2024-06-24,"SOUT",4.919375,4.90307247092642,0.0163025290735819
2024-06-24,"WREX",5.24670833333333,4.55220829830396,0.694500035029375
2024-06-24,"LEAR",4.39175,4.2587011168232,0.133048883176803
2024-06-24,"PLYM",3.45129166666667,5.65208899359358,-2.20079732692691
2024-06-24,"SHDG",5.91879166666667,5.73286543762741,0.18592622903926
2024-06-24,"SHE",6.502625,5.70945789289767,0.793167107102335
2024-06-24,"BEL2",7.97183333333333,5.22589183178854,2.74594150154479
2024-06-24,"GLKP",4.46445833333333,3.44792486894809,1.01653346438524
2024-06-24,"LECU",4.93408333333333,4.61896583010142,0.315117503231908
2024-06-24,"SUN2",5.7105,4.81650095499181,0.893999045008185
2024-06-24,"TRAN",6.50945833333333,4.90705154192571,1.60240679140762
2024-06-24,"STOK",6.075125,4.84103694531626,1.23408805468374
2024-06-24,"BEX",5.89220833333333,5.90070077049482,-0.00849243716148873
2024-06-24,"SEND",6.26966666666667,5.45599133507837,0.813675331588303
2024-06-24,"HUL2",5.44725,5.7096772091752,-0.262427209175199
2024-06-24,"PEMB",4.923375,3.93377667966072,0.989598320339275
2024-06-24,"WFEN",5.002875,4.59473953506124,0.408135464938762
2024-06-24,"OSY",7.410625,5.2516348441209,2.15899015587909
2024-06-24,"ACTH",3.06908333333333,2.47927974531997,0.589803588013357
2024-06-24,"COPP",6.81895833333333,5.00891635243403,1.8100419808993
2024-06-25,"EB",7.04508333333333,5.63598184593542,1.40910148739791
2024-06-25,"IMGM",9.78683333333333,6.29557684823535,3.49125648509798
2024-06-25,"PRES",6.24808333333333,6.48474353949587,-0.23666020616254
2024-06-25,"BIRR",7.13933333333333,7.0832766046624,0.0560567286709333
2024-06-25,"BLC2",5.21516666666667,7.18973771249608,-1.97457104582941
2024-06-25,"BOTR",6.73554166666667,7.20990445639138,-0.474362789724711
2024-06-25,"GHSR",4.486,5.27594289904776,-0.789942899047761
2024-06-25,"LEAM",6.334625,5.62321759538553,0.71140740461447
2024-06-25,"NPT3",5.81470833333333,5.66745926939339,0.147249063939944
2024-06-25,"REA1",7.29366666666667,5.75815941430853,1.53550725235814
2024-06-25,"SOUT",8.23804166666667,5.96656716131402,2.27147450535264
2024-06-25,"WREX",6.49366666666667,5.75805152490478,0.735615141761887
2024-06-25,"LEAR",6.9585,5.5520756938391,1.4064243061609
2024-06-25,"PLYM",4.71716666666667,5.96294335889288,-1.24577669222621
2024-06-25,"SHDG",10.3715416666667,6.70719560525311,3.66434606141359
2024-06-25,"SHE",10.4727083333333,6.85414956349282,3.61855876984048
2024-06-25,"BEL2",4.76120833333333,7.35964730219997,-2.59843896886664
2024-06-25,"GLKP",4.2895,5.03783432327594,-0.748334323275936
2024-06-25,"LECU",6.83175,5.93520424128183,0.896545758718166
2024-06-25,"SUN2",8.01595833333333,6.22596199650301,1.78999633683032
2024-06-25,"TRAN",5.662375,6.48238563609917,-0.820010636099165
2024-06-25,"STOK",10.446125,6.55212524185078,3.89399975814922
2024-06-25,"BEX",9.02525,6.63705536808745,2.38819463191255
2024-06-25,"SEND",10.122875,6.58697746619746,3.53589753380254
2024-06-25,"HUL2",9.57358333333333,6.73630804536527,2.83727528796806
2024-06-25,"PEMB",4.1215,5.31168447838979,-1.19018447838979
2024-06-25,"WFEN",7.158,5.78830185779003,1.36969814220997
2024-06-25,"OSY",8.65075,6.95174532015144,1.69900467984856
2024-06-25,"ACTH",3.33733333333333,3.72120471279397,-0.383871379460644
2024-06-25,"COPP",8.75433333333333,6.74615155344581,2.00818177988752
2024-06-26,"EB",11.4879166666667,7.18457994161302,4.30333672505368
2024-06-26,"IMGM",8.822875,8.43529175037044,0.387583249629564
2024-06-26,"PRES",11.424,6.89175421399325,4.53224578600675
2024-06-26,"BIRR",11.7452916666667,7.80226424727414,3.94302741939256
2024-06-26,"BLC2",11.4986666666667,6.90356985433289,4.59509681233381
2024-06-26,"BOTR",10.3529166666667,7.214205337393,3.1387113292737
2024-06-26,"GHSR",7.03420833333333,5.74961215057642,1.28459618275691
2024-06-26,"LEAM",9.97454166666667,6.8978786263389,3.07666304032777
2024-06-26,"NPT3",10.363625,6.77786946987457,3.58575553012543
2024-06-26,"REA1",9.847625,7.18234261120488,2.66528238879512
2024-06-26,"SOUT",11.816,7.72364393210969,4.09235606789031
2024-06-26,"WREX",11.0122083333333,6.74185440152099,4.27035393181231
2024-06-26,"LEAR",9.787875,7.02234839328174,2.76552660671826
2024-06-26,"PLYM",7.53641666666667,6.98959890543227,0.546817761234403
2024-06-26,"SHDG",18.0219583333333,8.8878822441814,9.1340760891519
2024-06-26,"SHE",15.4619583333333,8.84916106188808,6.61279727144522
2024-06-26,"BEL2",6.45345833333333,6.65670512086409,-0.203246787530761
2024-06-26,"GLKP",7.367375,5.4807744062636,1.8866005937364
2024-06-26,"LECU",10.7577916666667,7.15655701765113,3.60123464901557
2024-06-26,"SUN2",8.43654166666667,7.59434945265711,0.842192214009556
2024-06-26,"TRAN",10.3841666666667,6.67639302459978,3.70777364206692
2024-06-26,"STOK",12.9098333333333,8.67471584878879,4.23511748454451
2024-06-26,"BEX",14.4183333333333,8.33707539340085,6.08125793993245
2024-06-26,"SEND",12.7102916666667,8.53874383909589,4.17154782757081
2024-06-26,"HUL2",8.08379166666667,8.79431684550438,-0.71052517883771
2024-06-26,"PEMB",6.50454166666667,5.53046412856431,0.974077538102362
2024-06-26,"WFEN",8.61245833333333,7.10931268633617,1.50314564699716
2024-06-26,"OSY",10.9375,7.91333319033046,3.02416680966954
2024-06-26,"ACTH",4.51158333333333,4.34146636020706,0.170116973126272
2024-06-26,"COPP",11.6707083333333,7.96487321596371,3.70583511736959
2024-06-27,"EB",13.586,10.1396331327104,3.44636686728963
2024-06-27,"IMGM",5.36258333333333,9.36481520103384,-4.00223186770051
2024-06-27,"PRES",3.84254166666667,10.1621342018289,-6.31959253516226
2024-06-27,"BIRR",6.25108333333333,10.848630704106,-4.59754737077268
2024-06-27,"BLC2",4.87616666666667,10.6111759338753,-5.73500926720865
2024-06-27,"BOTR",5.21529166666667,9.92123405304445,-4.70594238637778
2024-06-27,"GHSR",2.82729166666667,8.04361227307709,-5.21632060641042
2024-06-27,"LEAM",6.72375,9.56571408661851,-2.84196408661851
2024-06-27,"NPT3",7.23175,9.78975832689829,-2.55800832689829
2024-06-27,"REA1",7.26433333333333,9.44210694751005,-2.17777361417672
2024-06-27,"SOUT",8.96220833333333,10.3499730348766,-1.38776470154327
2024-06-27,"WREX",6.57625,9.74649550963937,-3.17024550963937
2024-06-27,"LEAR",6.65683333333333,9.38215873012845,-2.72532539679512
2024-06-27,"PLYM",6.42504166666667,9.36438972638416,-2.93934805971749
2024-06-27,"SHDG",5.42854166666667,13.0067039524935,-7.57816228582684
2024-06-27,"SHE",5.76241666666667,11.9889857331507,-6.22656906648404
2024-06-27,"BEL2",3.74895833333333,8.67840748764245,-4.92944915430912
2024-06-27,"GLKP",2.68270833333333,7.97213136547691,-5.28942303214358
2024-06-27,"LECU",5.84325,9.93231047561209,-4.08906047561209
2024-06-27,"SUN2",4.12641666666667,9.06547860136938,-4.93906193470271
2024-06-27,"TRAN",3.60654166666667,9.7864899160442,-6.17994824937754
2024-06-27,"STOK",4.37004166666667,10.8730687590766,-6.50302709240993
2024-06-27,"BEX",9.53620833333333,11.6385708643282,-2.10236253099485
2024-06-27,"SEND",10.3234166666667,10.7903858407369,-0.466969174070202
2024-06-27,"HUL2",6.81891666666667,9.53144352495536,-2.71252685828869
2024-06-27,"PEMB",5.28016666666667,7.77341647394447,-2.4932498072778
2024-06-27,"WFEN",8.11133333333333,8.96565134404859,-0.854318010715259
2024-06-27,"OSY",10.844125,10.091206572236,0.752918427764028
2024-06-27,"ACTH",2.10108333333333,6.12115917498295,-4.02007584164962
2024-06-27,"COPP",4.2955,10.3660079402272,-6.07050794022719
2024-06-28,"EB",5.23275,8.23083096622102,-2.99808096622102
2024-06-28,"IMGM",3.48358333333333,5.47452092563857,-1.99093759230524
2024-06-28,"PRES",5.10816666666667,4.6565609745494,0.45160569211727
2024-06-28,"BIRR",4.606875,6.12457875571478,-1.51770375571478
2024-06-28,"BLC2",5.9345,5.44494284913828,0.489557150861716
2024-06-28,"BOTR",3.05229166666667,5.34352914770313,-2.29123748103646
2024-06-28,"GHSR",4.63641666666667,3.8261248052611,0.810291861405571
2024-06-28,"LEAM",3.51916666666667,5.68674561694973,-2.16757895028306
2024-06-28,"NPT3",4.67083333333333,5.94175880763583,-1.2709254743025
2024-06-28,"REA1",4.59916666666667,5.82608051345513,-1.22691384678846
2024-06-28,"SOUT",5.46195833333333,6.61898296670958,-1.15702463337625
2024-06-28,"WREX",4.01145833333333,5.41577791078356,-1.40431957745023
2024-06-28,"LEAR",3.34725,5.55922821806816,-2.21197821806816
2024-06-28,"PLYM",6.55170833333333,6.28988002303588,0.261828310297453
2024-06-28,"SHDG",3.60745833333333,5.60859750032036,-2.00113916698703
2024-06-28,"SHE",3.912125,5.70136255154915,-1.78923755154915
2024-06-28,"BEL2",5.01575,5.02988208501196,-0.0141320850119557
2024-06-28,"GLKP",4.21879166666667,3.5700133898816,0.64877827678507
2024-06-28,"LECU",3.31570833333333,5.43281208102228,-2.11710374768895
2024-06-28,"SUN2",3.46004166666667,4.8403894247904,-1.38034775812373
2024-06-28,"TRAN",3.99670833333333,4.58527146730748,-0.588563133974148
2024-06-28,"STOK",3.00908333333333,5.0514924861977,-2.04240915286437
2024-06-28,"BEX",4.83108333333333,7.12995823134991,-2.29887489801658
2024-06-28,"SEND",4.57158333333333,7.24664888692672,-2.67506555359339
2024-06-28,"HUL2",3.55354166666667,6.46211029257555,-2.90856862590888
2024-06-28,"PEMB",4.55483333333333,4.66332202445729,-0.108488691123958
2024-06-28,"WFEN",3.33433333333333,6.13688789231659,-2.80255455898326
2024-06-28,"OSY",4.180375,7.40152772772641,-3.22115272772641
2024-06-28,"ACTH",2.681875,2.58901795772506,0.0928570422749369
2024-06-28,"COPP",3.261625,4.96938506968026,-1.70776006968026
2024-06-29,"EB",5.03545833333333,4.80397560157652,0.231482731756806
2024-06-29,"IMGM",5.36658333333333,4.52637529221767,0.840208041115662
2024-06-29,"PRES",3.76570833333333,4.93282309455648,-1.16711476122315
2024-06-29,"BIRR",5.08545833333333,5.29270915355513,-0.207250820221796
2024-06-29,"BLC2",3.39529166666667,5.63059622005973,-2.23530455339306
2024-06-29,"BOTR",4.97358333333333,4.31431561908932,0.659267714244006
2024-06-29,"GHSR",5.1445,4.25515941812427,0.889340581875728
2024-06-29,"LEAM",5.06983333333333,4.24446223495113,0.825371098382196
2024-06-29,"NPT3",5.15433333333333,4.7362379442093,0.418095389124032
2024-06-29,"REA1",4.70708333333333,4.57403638090712,0.133046952426215
2024-06-29,"SOUT",6.40629166666667,5.06144022873318,1.34485143793349
2024-06-29,"WREX",3.02083333333333,4.22759931879895,-1.20676598546562
2024-06-29,"LEAR",4.74458333333333,4.07631861239437,0.668264720938963
2024-06-29,"PLYM",5.36170833333333,6.05099963924129,-0.68929130590796
2024-06-29,"SHDG",4.00154166666667,4.81342061790803,-0.811878951241357
2024-06-29,"SHE",4.33183333333333,4.85369426300484,-0.521860929671506
2024-06-29,"BEL2",6.04479166666667,5.2363514761446,0.808440190522072
2024-06-29,"GLKP",4.64908333333333,3.9047669016693,0.744316431664026
2024-06-29,"LECU",4.686625,4.26532568547514,0.421299314524855
2024-06-29,"SUN2",4.081125,4.35375149597353,-0.272626495973532
2024-06-29,"TRAN",2.83016666666667,4.52560658500902,-1.69543991834235
2024-06-29,"STOK",4.39954166666667,4.36841978268679,0.0311218839798837
2024-06-29,"BEX",6.242125,5.15522281481802,1.08690218518198
2024-06-29,"SEND",5.59458333333333,4.84818403632638,0.74639929700695
2024-06-29,"HUL2",5.98858333333333,4.96870805811778,1.01987527521555
2024-06-29,"PEMB",3.871875,4.11040761066847,-0.238532610668469
2024-06-29,"WFEN",4.385875,4.07243969650833,0.313435303491669
2024-06-29,"OSY",5.52770833333333,4.63217805555542,0.895530277777914
2024-06-29,"ACTH",3.35983333333333,2.53709484429317,0.82273848904016
2024-06-29,"COPP",4.069375,4.39072565201637,-0.321350652016375
2024-06-30,"EB",4.77491666666667,5.43462369281774,-0.659707026151071
2024-06-30,"IMGM",4.09295833333333,5.83453470154447,-1.74157636821114
2024-06-30,"PRES",5.61425,5.00068801379108,0.61356198620892
2024-06-30,"BIRR",4.940125,6.07715932931931,-1.13703432931931
2024-06-30,"BLC2",6.40629166666667,5.25805693227283,1.14823473439384
2024-06-30,"BOTR",4.35441666666667,5.64075128521306,-1.28633461854639
2024-06-30,"GHSR",5.62604166666667,5.0008134616899,0.625228204976768
2024-06-30,"LEAM",5.05120833333333,5.44858155672835,-0.397373223395025
2024-06-30,"NPT3",3.331375,5.53570971030243,-2.20433471030243
2024-06-30,"REA1",4.09095833333333,5.23585778871213,-1.1448994553788
2024-06-30,"SOUT",4.27770833333333,6.04517390266693,-1.7674655693336
2024-06-30,"WREX",4.54104166666667,4.48097195225852,0.0600697144081463
2024-06-30,"LEAR",4.30720833333333,5.22514073658973,-0.917932403256398
2024-06-30,"PLYM",4.27079166666667,6.19174975023359,-1.92095808356692
2024-06-30,"SHDG",4.56066666666667,5.56911090710839,-1.00844424044172
2024-06-30,"SHE",4.74745833333333,5.61929904966057,-0.871840716327239
2024-06-30,"BEL2",4.65320833333333,6.18282686090737,-1.52961852757404
2024-06-30,"GLKP",5.3725,4.62553119437817,0.746968805621829
2024-06-30,"LECU",4.21483333333333,5.39309970247107,-1.17826636913774
2024-06-30,"SUN2",5.89229166666667,5.17691695859686,0.715374708069807
2024-06-30,"TRAN",5.01870833333333,4.67125364950288,0.347454683830446
2024-06-30,"STOK",5.29983333333333,5.4866358481514,-0.186802514818066
2024-06-30,"BEX",4.838875,6.32921867493917,-1.49034367493917
2024-06-30,"SEND",4.63841666666667,5.89348457274683,-1.25506790608016
2024-06-30,"HUL2",4.41141666666667,6.50135864827072,-2.08994198160405
2024-06-30,"PEMB",2.963875,4.45128201204395,-1.48740701204395
2024-06-30,"WFEN",4.30229166666667,5.1142778033125,-0.81198613664583
2024-06-30,"OSY",5.24770833333333,5.8107732441524,-0.563064910819074
2024-06-30,"ACTH",4.62745833333333,3.36337379642693,1.2640845369064
2024-06-30,"COPP",5.347875,5.28834180995688,0.0595331900431226
2024-07-01,"EB",4.35445833333333,5.26442435194465,-0.909966018611321
2024-07-01,"IMGM",3.919,5.25903892326303,-1.34003892326303
2024-07-01,"PRES",4.27679166666667,5.62838169695861,-1.35159003029194
2024-07-01,"BIRR",4.92273913043478,5.93991186814838,-1.0171727377136
2024-07-01,"BLC2",5.18770833333333,6.33366722570814,-1.14595889237481
2024-07-01,"BOTR",3.63404166666667,5.30717722327747,-1.6731355566108
2024-07-01,"GHSR",3.75695833333333,5.09539484289538,-1.33843650956205
2024-07-01,"LEAM",3.87483333333333,5.34284152209224,-1.46800818875891
2024-07-01,"NPT3",3.48858333333333,4.77684092949441,-1.28825759616108
2024-07-01,"REA1",3.54570833333333,4.92952204681875,-1.38381371348542
2024-07-01,"SOUT",4.19129166666667,5.16643710225532,-0.975145435588654
2024-07-01,"WREX",2.84404166666667,4.98195383531021,-2.13791216864354
2024-07-01,"LEAR",3.63691666666667,4.96646410664221,-1.32954743997554
2024-07-01,"PLYM",4.20008333333333,5.72819553667336,-1.52811220334003
2024-07-01,"SHDG",3.66058333333333,5.69407799669614,-2.03349466336281
2024-07-01,"SHE",3.49745833333333,5.6907312222031,-2.19327288886977
2024-07-01,"BEL2",5.62883333333333,5.57592462569887,0.0529087076344608
2024-07-01,"GLKP",3.473875,4.81084603620559,-1.33697103620559
2024-07-01,"LECU",4.272875,5.12205227574614,-0.849177275746137
2024-07-01,"SUN2",2.85383333333333,5.76248971634057,-2.90865638300724
2024-07-01,"TRAN",3.85916666666667,5.42238231573055,-1.56321564906388
2024-07-01,"STOK",4.25508333333333,5.72365610717624,-1.46857277384292
2024-07-01,"BEX",4.430125,5.71249345889412,-1.28236845889412
2024-07-01,"SEND",4.47520833333333,5.44798873259624,-0.972780399262908
2024-07-01,"HUL2",4.11558333333333,5.80545337390428,-1.68987004057095
2024-07-01,"PEMB",3.76079166666667,4.0481963189303,-0.287404652263628
2024-07-01,"WFEN",4.00845833333333,4.99165814521375,-0.98319981188042
2024-07-01,"OSY",4.5235,5.61112312371931,-1.08762312371931
2024-07-01,"ACTH",2.34570833333333,3.74674849509576,-1.40104016176243
2024-07-01,"COPP",3.96225,5.6738767201875,-1.7116267201875
2024-07-02,"EB",3.53779166666667,4.72673993940979,-1.18894827274312
2024-07-02,"IMGM",4.33679166666667,4.82726908853841,-0.490477421871741
2024-07-02,"PRES",6.69616666666667,4.72058459470476,1.97558207196191
2024-07-02,"BIRR",7.84995833333333,5.54990458766679,2.30005374566654
2024-07-02,"BLC2",8.51125,5.45317400434606,3.05807599565394
2024-07-02,"BOTR",6.32483333333333,4.66353935383007,1.66129397950326
2024-07-02,"GHSR",6.18816666666667,4.01031759642843,2.17784907023824
2024-07-02,"LEAM",6.95554166666667,4.52161084309463,2.43393082357204
2024-07-02,"NPT3",5.4285,4.47567649806109,0.952823501938909
2024-07-02,"REA1",5.59158333333333,4.3507231960576,1.24086013727572
2024-07-02,"SOUT",6.03975,4.77941179139126,1.26033820860874
2024-07-02,"WREX",6.76195833333333,3.94567637274226,2.81628196059107
2024-07-02,"LEAR",6.60779166666667,4.33876414771884,2.26902751894783
2024-07-02,"PLYM",7.108,5.33204836075371,1.77595163924629
2024-07-02,"SHDG",5.46583333333333,4.96689259147715,0.49894074185618
2024-07-02,"SHE",5.00795833333333,4.83596998676848,0.171988346564855
2024-07-02,"BEL2",5.76266666666667,5.57176740094019,0.190899265726484
2024-07-02,"GLKP",5.857875,3.71134093030593,2.14653406969407
2024-07-02,"LECU",5.51495833333333,4.76469125246628,0.750267080867049
2024-07-02,"SUN2",4.39658333333333,4.22501996187844,0.171563371454891
2024-07-02,"TRAN",8.13583333333333,4.57560655180054,3.56022678153279
2024-07-02,"STOK",7.74270833333333,4.93795995038381,2.80474838294952
2024-07-02,"BEX",5.47172727272727,5.19560116099269,0.276126111734578
2024-07-02,"SEND",4.70908333333333,5.01563052184927,-0.306547188515935
2024-07-02,"HUL2",4.599125,5.33290034381129,-0.733775343811291
2024-07-02,"PEMB",7.00179166666667,3.9708653929288,3.03092627373787
2024-07-02,"WFEN",4.47829166666667,4.49833949225923,-0.0200478255925551
2024-07-02,"OSY",4.49008333333333,4.96118125054331,-0.471097917209984
2024-07-02,"ACTH",4.37795833333333,2.49746151546757,1.88049681786576
2024-07-02,"COPP",8.004125,4.75644236455186,3.24768263544814
2024-07-03,"EB",5.28695833333333,5.56003146987688,-0.273073136543551
2024-07-03,"IMGM",3.55254166666667,6.11437097505277,-2.5618293083861
2024-07-03,"PRES",4.203,6.7660153544116,-2.5630153544116
2024-07-03,"BIRR",3.95375,7.76448056695051,-3.81073056695051
2024-07-03,"BLC2",5.166125,7.83188165129608,-2.66575665129608
2024-07-03,"BOTR",2.87345833333333,6.80064285356893,-3.9271845202356
2024-07-03,"GHSR",2.88233333333333,6.06778758699649,-3.18545425366316
2024-07-03,"LEAM",3.20066666666667,6.80974234882174,-3.60907568215507
2024-07-03,"NPT3",4.907625,6.32194846087718,-1.41432346087718
2024-07-03,"REA1",3.9465,6.24636705394052,-2.29986705394052
2024-07-03,"SOUT",5.00395833333333,6.59530700053349,-1.59134866720016
2024-07-03,"WREX",2.93829166666667,6.55148546071706,-3.61319379405039
2024-07-03,"LEAR",3.333375,6.57891576294525,-3.24554076294525
2024-07-03,"PLYM",5.94925,7.54024066831242,-1.59099066831242
2024-07-03,"SHDG",3.685125,6.7784956203022,-3.0933706203022
2024-07-03,"SHE",4.06645833333333,6.54340838506488,-2.47695005173155
2024-07-03,"BEL2",3.83878260869565,6.73711110048751,-2.89832849179186
2024-07-03,"GLKP",2.60708333333333,5.75174588226657,-3.14466254893324
2024-07-03,"LECU",3.13379166666667,6.35384786779372,-3.22005620112705
2024-07-03,"SUN2",2.30933333333333,5.97015941811827,-3.66082608478494
2024-07-03,"TRAN",3.97225,7.30659143049817,-3.33434143049817
2024-07-03,"STOK",3.08175,7.3749564543437,-4.2932064543437
2024-07-03,"BEX",5.82141666666667,6.71720217443577,-0.895785507769103
2024-07-03,"SEND",5.2555,6.23443753629797,-0.978937536297968
2024-07-03,"HUL2",4.72091666666667,6.64611715078475,-1.92520048411808
2024-07-03,"PEMB",3.13970833333333,6.28996995567775,-3.15026162234442
2024-07-03,"WFEN",3.88554166666667,5.80644864100712,-1.92090697434045
2024-07-03,"OSY",4.483125,6.0890362511218,-1.6059112511218
2024-07-03,"ACTH",1.51452173913043,4.4130618390445,-2.89854009991407
2024-07-03,"COPP",3.35795833333333,7.40369371623282,-4.04573538289949
2024-07-04,"EB",5.91208333333333,4.83848799782884,1.07359533550449
2024-07-04,"IMGM",4.68066666666667,4.43643565098027,0.244231015686398
2024-07-04,"PRES",6.24020833333333,4.42611464760947,1.81409368572386
2024-07-04,"BIRR",5.23,4.89744828046199,0.332551719538007
2024-07-04,"BLC2",7.87254166666667,5.16331582496303,2.70922584170364
2024-07-04,"BOTR",4.63131818181818,4.10182318763505,0.529494994183129
2024-07-04,"GHSR",5.509125,3.42662810915547,2.08249689084453
2024-07-04,"LEAM",4.45858333333333,3.99286311676534,0.465720216567994
2024-07-04,"NPT3",5.88841666666667,4.71967448405623,1.16874218261044
2024-07-04,"REA1",4.78966666666667,4.22605455241975,0.56361211424692
2024-07-04,"SOUT",4.84475,4.80357626619237,0.0411737338076277
2024-07-04,"WREX",5.17983333333333,3.69706406143289,1.48276927190044
2024-07-04,"LEAR",4.43195833333333,3.94162513862949,0.490333194703837
2024-07-04,"PLYM",6.99004166666667,5.68769907184929,1.30234259481738
2024-07-04,"SHDG",5.3155,4.71139966824143,0.60410033175857
2024-07-04,"SHE",5.402875,4.79147855337186,0.611396446628138
2024-07-04,"BEL2",4.94595833333333,4.64103665039148,0.304921682941847
2024-07-04,"GLKP",5.12579166666667,3.13165879769356,1.99413286897311
2024-07-04,"LECU",4.512625,4.07239474494016,0.440230255059843
2024-07-04,"SUN2",4.02908333333333,3.79327134793644,0.235811985396885
2024-07-04,"TRAN",5.4305,4.32106707654307,1.10943292345693
2024-07-04,"STOK",5.37929166666667,4.21651916893227,1.1627724977344
2024-07-04,"BEX",4.717,5.4504024879452,-0.733402487945201
2024-07-04,"SEND",4.41729166666667,5.05215492382945,-0.634863257162783
2024-07-04,"HUL2",5.09341666666667,5.30291835563329,-0.209501688966624
2024-07-04,"PEMB",5.81083333333333,3.43106255183561,2.37977078149772
2024-07-04,"WFEN",4.44875,4.19871361243653,0.250036387563465
2024-07-04,"OSY",4.69133333333333,4.70558017094842,-0.0142468376150857
2024-07-04,"ACTH",3.40025,1.94155257337044,1.45869742662956
2024-07-04,"COPP",5.73804166666667,4.24275582603448,1.49528584063219
2024-07-05,"EB",3.93875,6.04289106483212,-2.10414106483212
2024-07-05,"IMGM",4.42325,5.86367688102257,-1.44042688102257
2024-07-05,"PRES",4.69441666666667,6.2147733522337,-1.52035668556703
2024-07-05,"BIRR",4.938125,6.42437912109525,-1.48625412109525
2024-07-05,"BLC2",4.96175,7.21218004785715,-2.25043004785715
2024-07-05,"BOTR",3.457125,5.80078243292449,-2.34365743292449
2024-07-05,"GHSR",3.92095833333333,5.44542594833213,-1.5244676149988
2024-07-05,"LEAM",2.52354166666667,5.5109664551887,-2.98742478852203
2024-07-05,"NPT3",2.51779166666667,6.08853712620323,-3.57074545953656
2024-07-05,"REA1",2.59045833333333,5.56011577060988,-2.96965743727655
2024-07-05,"SOUT",3.25679166666667,5.75748985001783,-2.50069818335116
2024-07-05,"WREX",4.40358333333333,5.58058542356431,-1.17700209023098
2024-07-05,"LEAR",2.39875,5.39377810106824,-2.99502810106824
2024-07-05,"PLYM",2.56483333333333,7.0879763506433,-4.52314301730997
2024-07-05,"SHDG",4.68741666666667,6.33907000780602,-1.65165334113935
2024-07-05,"SHE",5.0295,6.29815495741501,-1.26865495741501
2024-07-05,"BEL2",4.572625,6.07692626921841,-1.50430126921841
2024-07-05,"GLKP",3.38941666666667,5.10961981290156,-1.72020314623489
2024-07-05,"LECU",3.10441666666667,5.61551652995904,-2.51109986329237
2024-07-05,"SUN2",3.506375,5.45846861389992,-1.95209361389992
2024-07-05,"TRAN",3.830625,5.91927790529652,-2.08865290529652
2024-07-05,"STOK",4.78379166666667,6.13284465847454,-1.34905299180787
2024-07-05,"BEX",3.12504166666667,6.03417174877419,-2.90913008210752
2024-07-05,"SEND",3.202625,5.73172011587184,-2.52909511587184
2024-07-05,"HUL2",4.90275,6.43715841959793,-1.53440841959793
2024-07-05,"PEMB",1.64904166666667,5.47429527076844,-3.82525360410177
2024-07-05,"WFEN",2.45483333333333,5.4138989565503,-2.95906562321698
2024-07-05,"OSY",3.642,5.78080502142574,-2.13880502142574
2024-07-05,"ACTH",2.52458333333333,3.67942041441728,-1.15483708108395
2024-07-05,"COPP",5.14741666666667,6.18944954350339,-1.04203287683672
2024-07-06,"EB",3.938625,4.33596499383948,-0.397339993839483
2024-07-06,"IMGM",3.19775,4.78524531058505,-1.58749531058505
2024-07-06,"PRES",4.30029166666667,4.64591597214917,-0.345624305482499
2024-07-06,"BIRR",3.61629166666667,5.33104803213567,-1.714756365469
2024-07-06,"BLC2",4.53220833333333,5.12796177258571,-0.595753439252385
2024-07-06,"BOTR",3.25179166666667,4.37362261172528,-1.12183094505861
2024-07-06,"GHSR",2.82920833333333,3.8523792619169,-1.02317092858357
2024-07-06,"LEAM",3.19383333333333,3.8091154477612,-0.615282114427875
2024-07-06,"NPT3",2.42041666666667,3.8588010736323,-1.43838440696563
2024-07-06,"REA1",1.96729166666667,3.76636464083614,-1.79907297416947
2024-07-06,"SOUT",2.37920833333333,4.20463690603537,-1.82542857270204
2024-07-06,"WREX",2.36545833333333,4.29389659031115,-1.92843825697782
2024-07-06,"LEAR",3.17129166666667,3.65785119640049,-0.486559529733817
2024-07-06,"PLYM",4.14208333333333,4.46665920954151,-0.32457587620818
2024-07-06,"SHDG",3.27341666666667,5.11607647752753,-1.84265981086086
2024-07-06,"SHE",3.258625,5.17376222171582,-1.91513722171582
2024-07-06,"BEL2",2.86366666666667,4.95584988862698,-2.09218322196031
2024-07-06,"GLKP",2.37808333333333,3.46321911022111,-1.08513577688778
2024-07-06,"LECU",3.67241666666667,4.10711315678571,-0.434696490119039
2024-07-06,"SUN2",2.64841666666667,4.27322898107125,-1.62481231440458
2024-07-06,"TRAN",2.72504166666667,4.33871957457321,-1.61367790790654
2024-07-06,"STOK",3.42470833333333,4.91231630947163,-1.4876079761383
2024-07-06,"BEX",1.94970833333333,4.4934472019618,-2.54373886862847
2024-07-06,"SEND",1.85141666666667,4.32694676232362,-2.47553009565695
2024-07-06,"HUL2",3.41795833333333,5.39433784449287,-1.97637951115954
2024-07-06,"PEMB",2.54425,2.92709678579774,-0.382846785797737
2024-07-06,"WFEN",2.78408333333333,3.70023843662342,-0.916155103290094
2024-07-06,"OSY",2.05291666666667,4.42221902028882,-2.36930235362215
2024-07-06,"ACTH",1.60575,2.3610217490372,-0.755271749037199
2024-07-06,"COPP",3.87579166666667,4.96953880890865,-1.09374714224198
2024-07-07,"EB",7.34966666666667,4.26699299238449,3.08267367428218
2024-07-07,"IMGM",2.59825,4.23757077523478,-1.63932077523478
2024-07-07,"PRES",3.14283333333333,4.42481289409048,-1.28197956075715
2024-07-07,"BIRR",2.92354166666667,4.74817872176723,-1.82463705510056
2024-07-07,"BLC2",3.15641666666667,4.91339211750976,-1.75697545084309
2024-07-07,"BOTR",2.29454166666667,4.21711500038237,-1.9225733337157
2024-07-07,"GHSR",2.42333333333333,3.37342026027182,-0.950086926938495
2024-07-07,"LEAM",2.37516666666667,3.98797763440694,-1.61281096774027
2024-07-07,"NPT3",2.54133333333333,3.77391857539583,-1.2325852420625
2024-07-07,"REA1",2.39791666666667,3.46981169523839,-1.07189502857172
2024-07-07,"SOUT",3.72354166666667,3.80502243669569,-0.0814807700290197
2024-07-07,"WREX",1.79545833333333,3.45261996996933,-1.657161636636
2024-07-07,"LEAR",2.19729166666667,3.87600996164364,-1.67871829497697
2024-07-07,"PLYM",3.74616666666667,5.01740105329126,-1.27123438662459
2024-07-07,"SHDG",2.50783333333333,4.50390111873786,-1.99606778540453
2024-07-07,"SHE",2.31133333333333,4.4256990733279,-2.11436573999457
2024-07-07,"BEL2",2.8735,4.23072591318512,-1.35722591318512
2024-07-07,"GLKP",1.97525,3.01618812820651,-1.04093812820651
2024-07-07,"LECU",2.405625,4.24049081127915,-1.83486581127915
2024-07-07,"SUN2",2.41454166666667,3.86554656766007,-1.4510049009934
2024-07-07,"TRAN",1.97220833333333,3.85480399384067,-1.88259566050734
2024-07-07,"STOK",2.34566666666667,4.32001808496998,-1.97435141830331
2024-07-07,"BEX",3.00325,3.98357564809363,-0.98032564809363
2024-07-07,"SEND",3.04045833333333,3.7464817707533,-0.706023437419966
2024-07-07,"HUL2",3.0365,4.7496360652506,-1.7131360652506
2024-07-07,"PEMB",2.89904166666667,3.22135304473314,-0.322311378066473
2024-07-07,"WFEN",2.48416666666667,3.75359438609503,-1.26942771942836
2024-07-07,"OSY",2.959875,3.75124200328952,-0.791367003289517
2024-07-07,"ACTH",1.77766666666667,1.93586786068277,-0.158201194016095
2024-07-07,"COPP",2.11679166666667,4.40957320281237,-2.2927815361457
2024-07-08,"EB",3.24583333333333,5.52842098750195,-2.28258765416862
2024-07-08,"IMGM",4.34745833333333,4.03076047730513,0.316697856028199
2024-07-08,"PRES",3.26458333333333,3.99931095665862,-0.734727623325286
2024-07-08,"BIRR",3.93391666666667,4.50820696533514,-0.574290298668474
2024-07-08,"BLC2",3.574125,4.40750889816351,-0.833383898163509
2024-07-08,"BOTR",3.33825,3.86307063693999,-0.524820636939991
2024-07-08,"GHSR",2.31525,3.23642101233828,-0.921171012338276
2024-07-08,"LEAM",2.80458333333333,3.67266918744993,-0.868085854116598
2024-07-08,"NPT3",2.91075,3.8177743025419,-0.907024302541896
2024-07-08,"REA1",3.24879166666667,3.63598365077673,-0.387191984110057
2024-07-08,"SOUT",3.47979166666667,4.31338156566083,-0.833589898994158
2024-07-08,"WREX",2.40479166666667,3.26844051646489,-0.863648849798222
2024-07-08,"LEAR",2.95704166666667,3.50167906564358,-0.544637398976915
2024-07-08,"PLYM",3.02579166666667,4.84565947767832,-1.81986781101165
2024-07-08,"SHDG",2.81445833333333,4.23827216546413,-1.4238138321308
2024-07-08,"SHE",3.39816666666667,4.09788697962265,-0.699720312955982
2024-07-08,"BEL2",4.066375,4.25663163038475,-0.190256630384747
2024-07-08,"GLKP",2.07458333333333,2.87915785369976,-0.804574520366426
2024-07-08,"LECU",2.85083333333333,3.76062753232942,-0.909794198996086
2024-07-08,"SUN2",3.31758333333333,3.78890589640197,-0.471322563068644
2024-07-08,"TRAN",2.555,3.5894578471877,-1.0344578471877
2024-07-08,"STOK",3.60158333333333,3.9374638379846,-0.335880504651275
2024-07-08,"BEX",3.592875,4.38848552104746,-0.795610521047459
2024-07-08,"SEND",3.40016666666667,4.20412610680211,-0.803959440135436
2024-07-08,"HUL2",4.39566666666667,4.62734259334449,-0.231675926677822
2024-07-08,"PEMB",2.10604166666667,3.33756558640774,-1.23152391974107
2024-07-08,"WFEN",2.95908333333333,3.63539063861518,-0.67630730528185
2024-07-08,"OSY",3.244,4.10780131093574,-0.863801310935741
2024-07-08,"ACTH",1.612625,2.01044725415068,-0.397822254150684
2024-07-08,"COPP",3.21341666666667,3.77383891771,-0.56042225104333
2024-07-09,"EB",3.25079166666667,4.18493096553232,-0.934139298865654
2024-07-09,"IMGM",5.66341666666667,4.91353825590009,0.749878410766582
2024-07-09,"PRES",2.64745833333333,4.28715890781744,-1.63970057448411
2024-07-09,"BIRR",3.19004545454545,5.11859393349881,-1.92854847895336
2024-07-09,"BLC2",3.56525,4.80815158439011,-1.24290158439011
2024-07-09,"BOTR",2.27495833333333,4.48961604050141,-2.21465770716808
2024-07-09,"GHSR",2.846,3.42829471784309,-0.582294717843093
2024-07-09,"LEAM",2.52754166666667,4.0696275133254,-1.54208584665873
2024-07-09,"NPT3",2.11679166666667,4.17897359145261,-2.06218192478594
2024-07-09,"REA1",3.7185,4.17110091941061,-0.452600919410613
2024-07-09,"SOUT",3.94758333333333,4.42978970097309,-0.482206367639755
2024-07-09,"WREX",2.44695833333333,3.72847630884352,-1.28151797551019
2024-07-09,"LEAR",2.60808333333333,4.02326071031345,-1.41517737698012
2024-07-09,"PLYM",5.975875,4.81053920899543,1.16533579100457
2024-07-09,"SHDG",3.26941666666667,4.58897251221196,-1.31955584554529
2024-07-09,"SHE",4.61391666666667,4.74026655704986,-0.126349890383189
2024-07-09,"BEL2",4.226625,4.92451707578136,-0.697892075781363
2024-07-09,"GLKP",2.93429166666667,3.14783445676822,-0.213542790101549
2024-07-09,"LECU",2.81254166666667,4.16988928432106,-1.35734761765439
2024-07-09,"SUN2",5.26625,4.3529189786047,0.9133310213953
2024-07-09,"TRAN",2.51295454545455,4.04229278198609,-1.52933823653154
2024-07-09,"STOK",2.05583333333333,4.64438494174292,-2.58855160840959
2024-07-09,"BEX",4.57554166666667,4.81784156251778,-0.242299895851114
2024-07-09,"SEND",4.277625,4.54634822034451,-0.268723220344511
2024-07-09,"HUL2",6.25104166666667,5.36247249667198,0.888569169994695
2024-07-09,"PEMB",1.55966666666667,3.26472846504583,-1.70506179837916
2024-07-09,"WFEN",4.143,4.0417367990893,0.101263200910702
2024-07-09,"OSY",4.50279166666667,4.42608204257984,0.0767096240868286
2024-07-09,"ACTH",1.86630434782609,2.17289840344695,-0.306594055620862
2024-07-09,"COPP",1.94383333333333,4.43153431473812,-2.48770098140479
2024-07-10,"EB",3.350125,4.34392887738626,-0.993803877386265
2024-07-10,"IMGM",1.88291666666667,5.47397428668265,-3.59105762001598
2024-07-10,"PRES",2.49904347826087,4.15483287872648,-1.65578940046561
2024-07-10,"BIRR",2.37225,4.92651354167013,-2.55426354167013
2024-07-10,"BLC2",3.63608333333333,4.89691711743678,-1.26083378410345
2024-07-10,"BOTR",1.25395833333333,4.17871220867018,-2.92475387533685
2024-07-10,"GHSR",0.889333333333333,3.7245592968891,-2.83522596355576
2024-07-10,"LEAM",1.65779166666667,4.05887022901797,-2.4010785623513
2024-07-10,"NPT3",2.08729166666667,3.9775655818181,-1.89027391515143
2024-07-10,"REA1",2.25122727272727,4.43094154273829,-2.17971427001102
2024-07-10,"SOUT",2.679875,4.70468208573448,-2.02480708573448
2024-07-10,"WREX",1.18116666666667,3.83339321597284,-2.65222654930617
2024-07-10,"LEAR",1.56541666666667,3.9811021285787,-2.41568546191203
2024-07-10,"PLYM",3.53470833333333,6.01196962556075,-2.47726129222742
2024-07-10,"SHDG",2.00958333333333,4.85118518420801,-2.84160185087468
2024-07-10,"SHE",2.94716666666667,5.27311373176942,-2.32594706510275
2024-07-10,"BEL2",2.67204166666667,5.06478057265474,-2.39273890598807
2024-07-10,"GLKP",0.864666666666667,3.56298956500937,-2.6983228983427
2024-07-10,"LECU",1.62445833333333,4.24736012784256,-2.62290179450923
2024-07-10,"SUN2",2.29458333333333,5.15995408904306,-2.86537075570973
2024-07-10,"TRAN",1.73554166666667,4.11639175950193,-2.38085009283526
2024-07-10,"STOK",1.425875,4.15167738129954,-2.72580238129954
2024-07-10,"BEX",2.34995454545455,5.27149215856543,-2.92153761311089
2024-07-10,"SEND",2.36541666666667,4.9643303749787,-2.59891370831203
2024-07-10,"HUL2",2.77225,6.12837567698313,-3.35612567698313
2024-07-10,"PEMB",2.08825,3.17178670322674,-1.08353670322674
2024-07-10,"WFEN",2.22095833333333,4.57160109983509,-2.35064276650176
2024-07-10,"OSY",2.449,4.98643437878482,-2.53743437878482
2024-07-10,"ACTH",0.464791666666667,2.36733004369359,-1.90253837702692
2024-07-10,"COPP",1.319875,4.04343862848146,-2.72356362848146
2024-07-11,"EB",3.925,3.63946352041278,0.285536479587223
2024-07-11,"IMGM",4.32595833333333,3.31317520957622,1.01278312375711
2024-07-11,"PRES",2.59925,3.36753581501953,-0.768285815019532
2024-07-11,"BIRR",4.48216666666667,3.89303983377815,0.589126832888524
2024-07-11,"BLC2",2.89904166666667,4.18209186336961,-1.28305019670294
2024-07-11,"BOTR",2.31829166666667,3.07455181532566,-0.756260148658994
2024-07-11,"GHSR",2.45183333333333,2.25078657909679,0.20104675423654
2024-07-11,"LEAM",2.61404166666667,2.99942562097953,-0.38538395431286
2024-07-11,"NPT3",3.01304166666667,3.23687207868562,-0.223830412018946
2024-07-11,"REA1",3.68916666666667,3.13936545621307,0.549801210453604
2024-07-11,"SOUT",4.8625,3.48707107109683,1.37542892890317
2024-07-11,"WREX",2.98441666666667,2.62262103374121,0.361795632925458
2024-07-11,"LEAR",2.56891666666667,2.85862843121246,-0.289711764545788
2024-07-11,"PLYM",3.91508333333333,4.32385561402668,-0.408772280693346
2024-07-11,"SHDG",4.42416666666667,3.63667660379653,0.787490062870142
2024-07-11,"SHE",3.67529166666667,3.89688994376103,-0.221598277094362
2024-07-11,"BEL2",4.552875,3.74531239825362,0.807562601746375
2024-07-11,"GLKP",2.27208333333333,2.04262964475812,0.229453688575207
2024-07-11,"LECU",2.461625,3.06653698798157,-0.604911987981571
2024-07-11,"SUN2",2.89108333333333,3.28971258135591,-0.398629248022577
2024-07-11,"TRAN",2.67495833333333,3.0877737398839,-0.412815406550572
2024-07-11,"STOK",2.46070833333333,3.19934278253494,-0.738634449201607
2024-07-11,"BEX",3.69895833333333,3.69157864064316,0.00737969269016769
2024-07-11,"SEND",3.60066666666667,3.50203684634452,0.0986298203221461
2024-07-11,"HUL2",4.18145833333333,4.07159057875607,0.109867754577256
2024-07-11,"PEMB",2.26229166666667,2.63429486548203,-0.372003198815357
2024-07-11,"WFEN",2.22783333333333,3.10125157994293,-0.873418246609598
2024-07-11,"OSY",3.04641666666667,3.46619408262805,-0.419777415961381
2024-07-11,"ACTH",2.557125,1.10322835473187,1.45389664526813
2024-07-11,"COPP",2.65133333333333,3.08935037837638,-0.438017045043049
2024-07-12,"EB",4.90770833333333,4.64288980624247,0.26481852709086
2024-07-12,"IMGM",4.24629166666667,5.06461365448144,-0.818321987814768
2024-07-12,"PRES",4.66008333333333,4.19866753874139,0.461415794591944
2024-07-12,"BIRR",6.1105,5.47839637583576,0.632103624164242
2024-07-12,"BLC2",4.38583333333333,4.69987086539018,-0.314037532056846
2024-07-12,"BOTR",4.67475,4.27545168893062,0.399298311069377
2024-07-12,"GHSR",2.59345833333333,3.64972735067768,-1.05626901734435
2024-07-12,"LEAM",5.462875,4.15810333429021,1.30477166570979
2024-07-12,"NPT3",4.46941666666667,4.37215067154076,0.0972659951259107
2024-07-12,"REA1",4.488,4.48511028271969,0.00288971728031306
2024-07-12,"SOUT",5.34291666666667,5.10584408489221,0.237072581774457
2024-07-12,"WREX",5.08354166666667,4.10081016857455,0.982731498092122
2024-07-12,"LEAR",5.14445833333333,4.03730188639887,1.10715644693446
2024-07-12,"PLYM",4.03020833333333,5.2918022744556,-1.26159394112227
2024-07-12,"SHDG",5.401,5.34127546630127,0.0597245336987253
2024-07-12,"SHE",5.371625,4.98252491429112,0.389100085708876
2024-07-12,"BEL2",4.201,5.25640412578535,-1.05540412578535
2024-07-12,"GLKP",2.291625,3.38573944844118,-1.09411444844118
2024-07-12,"LECU",4.894875,4.18567879275971,0.709196207240287
2024-07-12,"SUN2",3.523,4.3453711742111,-0.822371174211099
2024-07-12,"TRAN",3.93179166666667,4.23888520548209,-0.307093538815419
2024-07-12,"STOK",5.45704166666667,4.38368233269453,1.07335933397214
2024-07-12,"BEX",5.07083333333333,5.01529255621667,0.0555407771166578
2024-07-12,"SEND",4.93425,4.77909318321666,0.155156816783337
2024-07-12,"HUL2",4.548,5.43565525211003,-0.88765525211003
2024-07-12,"PEMB",2.308375,3.48303376469558,-1.17465876469558
2024-07-12,"WFEN",4.265875,3.92334355781082,0.342531442189185
2024-07-12,"OSY",4.73070833333333,4.50897550275591,0.221732830577419
2024-07-12,"ACTH",1.88766666666667,2.69047551351155,-0.802808846844883
2024-07-12,"COPP",5.84029166666667,4.38350140828531,1.45679025838136
2024-07-13,"EB",4.59129166666667,5.4493412047235,-0.858049538056826
2024-07-13,"IMGM",2.76045833333333,5.45056079295261,-2.69010245961928
2024-07-13,"PRES",4.344625,5.41139303102978,-1.06676803102978
2024-07-13,"BIRR",5.719375,6.50194458149933,-0.782569581499333
2024-07-13,"BLC2",3.96716666666667,5.71197300418593,-1.74480633751926
2024-07-13,"BOTR",5.14645833333333,5.58382177469317,-0.437363441359835
2024-07-13,"GHSR",3.28925,4.13034101052439,-0.841091010524388
2024-07-13,"LEAM",5.18583333333333,5.65045188618895,-0.464618552855623
2024-07-13,"NPT3",5.25358333333333,5.34904050879701,-0.0954571754636788
2024-07-13,"REA1",4.29733333333333,5.21100948322003,-0.9136761498867
2024-07-13,"SOUT",5.75475,5.70304874116436,0.0517012588356405
2024-07-13,"WREX",3.431625,5.30319980667517,-1.87157480667517
2024-07-13,"LEAR",4.80345833333333,5.42771706110904,-0.624258727775711
2024-07-13,"PLYM",4.12941666666667,5.77961965261526,-1.65020298594859
2024-07-13,"SHDG",3.69591666666667,6.1190596282799,-2.42314296161323
2024-07-13,"SHE",3.76183333333333,6.05116361875786,-2.28933028542453
2024-07-13,"BEL2",5.99158333333333,5.54959505254461,0.441988280788718
2024-07-13,"GLKP",3.192875,3.82335502485965,-0.630480024859646
2024-07-13,"LECU",4.509625,5.52577080400817,-1.01614580400817
2024-07-13,"SUN2",2.67295833333333,5.02154486923819,-2.34858653590486
2024-07-13,"TRAN",3.60654166666667,5.14164919895269,-1.53510753228602
2024-07-13,"STOK",5.85991666666667,5.9295472478621,-0.0696305811954261
2024-07-13,"BEX",4.551875,5.95478104955209,-1.40290604955209
2024-07-13,"SEND",4.07925,5.70603281105174,-1.62678281105174
2024-07-13,"HUL2",2.70158333333333,6.00180655654133,-3.300223223208
2024-07-13,"PEMB",3.25375,3.94824266139283,-0.694492661392826
2024-07-13,"WFEN",4.61779166666667,5.12896877934387,-0.511177112677196
2024-07-13,"OSY",3.75108695652174,5.57503495168828,-1.82394799516654
2024-07-13,"ACTH",2.72120833333333,2.86295816114838,-0.141749827815055
2024-07-13,"COPP",5.02954166666667,5.99646158693233,-0.96691992026566
2024-07-14,"EB",4.25808333333333,4.9831379328328,-0.725054599499469
2024-07-14,"IMGM",1.73641666666667,4.56639279268554,-2.82997612601887
2024-07-14,"PRES",3.617375,4.93002052973447,-1.31264552973447
2024-07-14,"BIRR",4.72595833333333,5.99876572422801,-1.27280739089468
2024-07-14,"BLC2",3.81583333333333,5.20062822234917,-1.38479488901584
2024-07-14,"BOTR",4.17841666666667,5.38983324292717,-1.2114165762605
2024-07-14,"GHSR",5.07858333333333,4.05126621367362,1.02731711965971
2024-07-14,"LEAM",4.767125,5.17196586297085,-0.40484086297085
2024-07-14,"NPT3",4.786875,5.28377661706504,-0.496901617065043
2024-07-14,"REA1",4.385875,4.79404354957178,-0.408168549571784
2024-07-14,"SOUT",4.45366666666667,5.51389062073327,-1.0602239540666
2024-07-14,"WREX",3.816,4.32612571782921,-0.510125717829211
2024-07-14,"LEAR",4.480125,4.92947005820716,-0.449345058207165
2024-07-14,"PLYM",3.89654166666667,5.47989570562375,-1.58335403895708
2024-07-14,"SHDG",3.20858333333333,5.13844784898364,-1.92986451565031
2024-07-14,"SHE",2.82920833333333,5.09549653629015,-2.26628820295682
2024-07-14,"BEL2",5.85,5.88324041617787,-0.0332404161778737
2024-07-14,"GLKP",4.83883333333333,3.82215929139578,1.01667404193755
2024-07-14,"LECU",3.878875,5.01317833355437,-1.13430333355437
2024-07-14,"SUN2",2.82429166666667,4.36268773707313,-1.53839607040646
2024-07-14,"TRAN",2.45966666666667,4.66822600871819,-2.20855934205152
2024-07-14,"STOK",3.96429166666667,5.70084258100244,-1.73655091433577
2024-07-14,"BEX",4.422125,5.4079334994553,-0.985808499455294
2024-07-14,"SEND",4.12929166666667,5.03523510897178,-0.905943442305108
2024-07-14,"HUL2",2.05183333333333,4.97761937700511,-2.92578604367178
2024-07-14,"PEMB",4.53316666666667,3.96301280708386,0.570153859582806
2024-07-14,"WFEN",4.84879166666667,4.89518310551803,-0.0463914388513613
2024-07-14,"OSY",4.834875,4.85301577025614,-0.0181407702561405
2024-07-14,"ACTH",2.899,2.8465980191928,0.0524019808071947
2024-07-14,"COPP",3.84433333333333,5.31534208618911,-1.47100875285578
2024-07-15,"EB",7.77820833333333,4.78421777999093,2.9939905533424
2024-07-15,"IMGM",7.08725,4.12836164421754,2.95888835578246
2024-07-15,"PRES",6.114375,4.58509638069649,1.52927861930351
2024-07-15,"BIRR",10.1965833333333,5.55631788863502,4.64026544469828
2024-07-15,"BLC2",6.80620833333333,5.07056405512441,1.73564427820892
2024-07-15,"BOTR",5.768625,4.94436247159883,0.824262528401166
2024-07-15,"GHSR",3.89158333333333,4.62416054867744,-0.732577215344109
2024-07-15,"LEAM",5.691875,4.94080147237415,0.751073527625845
2024-07-15,"NPT3",4.95779166666667,5.01954780176319,-0.061756135096517
2024-07-15,"REA1",5.279125,4.74956865672647,0.529556343273529
2024-07-15,"SOUT",5.94641666666667,4.94589196607794,1.00052470058873
2024-07-15,"WREX",5.89825,4.41229642565215,1.48595357434785
2024-07-15,"LEAR",5.43925,4.73456252044213,0.704687479557874
2024-07-15,"PLYM",5.175,5.31216375732539,-0.13716375732539
2024-07-15,"SHDG",5.67508333333333,4.90242114098138,0.772662192351953
2024-07-15,"SHE",5.79308333333333,4.69311966095206,1.09996367238127
2024-07-15,"BEL2",6.428875,5.72497683067805,0.703898169321954
2024-07-15,"GLKP",3.639875,4.33897554016423,-0.699100540164234
2024-07-15,"LECU",5.86683333333333,4.70501183959015,1.16182149374318
2024-07-15,"SUN2",6.94583333333333,4.35097136327083,2.5948619700625
2024-07-15,"TRAN",6.54679166666667,4.16797417684582,2.37881748982085
2024-07-15,"STOK",5.93166666666667,4.91269861370643,1.01896805296024
2024-07-15,"BEX",6.077,5.28730996812266,0.789690031877344
2024-07-15,"SEND",6.58120833333333,4.9860621453705,1.59514618796283
2024-07-15,"HUL2",8.19783333333333,4.68345332402544,3.51438000930789
2024-07-15,"PEMB",4.36020833333333,4.34339208185019,0.0168162514831369
2024-07-15,"WFEN",5.475625,4.89567537420351,0.57994962579649
2024-07-15,"OSY",7.54141666666667,5.18863442633837,2.3527822403283
2024-07-15,"ACTH",3.6065,2.820441821699,0.786058178300997
2024-07-15,"COPP",5.363625,4.80787885097186,0.555746149028137
2024-07-16,"EB",5.06191666666667,7.14850822737623,-2.08659156070956
2024-07-16,"IMGM",5.21533333333333,7.18086666178413,-1.9655333284508
2024-07-16,"PRES",5.69770833333333,6.57599877266464,-0.878290439331306
2024-07-16,"BIRR",5.57995833333333,8.65276405778979,-3.07280572445646
2024-07-16,"BLC2",6.98608333333333,7.23596626024004,-0.249882926906713
2024-07-16,"BOTR",5.20308695652174,6.60277094806137,-1.39968399153963
2024-07-16,"GHSR",4.97545833333333,5.21392475483209,-0.238466421498763
2024-07-16,"LEAM",4.87016666666667,6.34475138395396,-1.47458471728729
2024-07-16,"NPT3",4.678,6.14489791815556,-1.46689791815556
2024-07-16,"REA1",3.979875,6.13454393314484,-2.15466893314484
2024-07-16,"SOUT",4.79170833333333,6.57298826380549,-1.78127993047216
2024-07-16,"WREX",4.89883333333333,6.23352963676174,-1.33469630342841
2024-07-16,"LEAR",4.383875,6.14987483717558,-1.76599983717558
2024-07-16,"PLYM",4.609875,6.84448471807782,-2.23460971807782
2024-07-16,"SHDG",7.80954166666667,6.87856881517016,0.930972851496506
2024-07-16,"SHE",8.29804166666667,6.85995384966765,1.43808781699902
2024-07-16,"BEL2",5.42558333333333,6.99679160494568,-1.57120827161235
2024-07-16,"GLKP",4.66495833333333,4.92637375692736,-0.261415423594034
2024-07-16,"LECU",6.42295833333333,6.50592765252875,-0.0829693191954197
2024-07-16,"SUN2",6.28345833333333,6.9311061864624,-0.647647853129069
2024-07-16,"TRAN",5.95020833333333,6.75405116153906,-0.803842828205732
2024-07-16,"STOK",5.289,6.72420178154644,-1.43520178154644
2024-07-16,"BEX",3.69508333333333,6.95760623167998,-3.26252289834665
2024-07-16,"SEND",3.99958333333333,6.94906893314118,-2.94948559980785
2024-07-16,"HUL2",5.88745833333333,8.02517351769498,-2.13771518436165
2024-07-16,"PEMB",5.76754166666667,5.31619542179866,0.451346244868007
2024-07-16,"WFEN",4.83983333333333,6.17989348485202,-1.34006015151869
2024-07-16,"OSY",3.582,7.23109306506246,-3.64909306506246
2024-07-16,"ACTH",5.70266666666667,4.13531263843108,1.56735402823559
2024-07-16,"COPP",5.71841666666667,6.44314016196403,-0.724723495297365
2024-07-17,"EB",6.158625,5.42810076470803,0.730524235291965
2024-07-17,"IMGM",4.13329166666667,5.74693434681461,-1.61364268014794
2024-07-17,"PRES",5.53558333333333,5.72232161881713,-0.186738285483799
2024-07-17,"BIRR",7.501125,6.20020799205046,1.30091700794954
2024-07-17,"BLC2",5.396125,6.59620012826615,-1.20007512826615
2024-07-17,"BOTR",5.6015,5.7069949954942,-0.105494995494201
2024-07-17,"GHSR",3.37958333333333,4.96923691762468,-1.58965358429135
2024-07-17,"LEAM",5.16516666666667,5.36364795525037,-0.198481288583699
2024-07-17,"NPT3",6.02983333333333,5.37542623399323,0.654407099340104
2024-07-17,"REA1",5.87654166666667,4.97696761157546,0.899574055091207
2024-07-17,"SOUT",6.60383333333333,5.46033140458993,1.1435019287434
2024-07-17,"WREX",4.71504166666667,5.16991904715306,-0.454877380486394
2024-07-17,"LEAR",5.122875,5.08170425993954,0.0411707400604628
2024-07-17,"PLYM",4.73654166666667,5.95335078944241,-1.21680912277574
2024-07-17,"SHDG",5.07079166666667,6.97050814697706,-1.89971648031038
2024-07-17,"SHE",5.14741666666667,7.08199945385373,-1.93458278718706
2024-07-17,"BEL2",5.396125,5.95339295487999,-0.557267954879991
2024-07-17,"GLKP",3.23704166666667,4.66007613361706,-1.42303446695039
2024-07-17,"LECU",5.40595833333333,6.01999414261724,-0.614035809283908
2024-07-17,"SUN2",3.0985,5.96300316748972,-2.86450316748972
2024-07-17,"TRAN",5.223125,5.81081915817185,-0.58769415817185
2024-07-17,"STOK",6.5655,5.79441916229391,0.771080837706091
2024-07-17,"BEX",6.198875,5.38794117063474,0.810933829365262
2024-07-17,"SEND",5.840125,5.2939361977259,0.546188802274098
2024-07-17,"HUL2",4.64525,6.41734500973708,-1.77209500973708
2024-07-17,"PEMB",3.805125,5.17674552891709,-1.37162052891709
2024-07-17,"WFEN",5.732125,5.27196092678332,0.460164073216678
2024-07-17,"OSY",6.41020833333333,5.06182992031124,1.34837841302209
2024-07-17,"ACTH",2.41941666666667,4.23839356130459,-1.81897689463792
2024-07-17,"COPP",5.56995833333333,5.88936228672811,-0.319403953394779
2024-07-18,"EB",8.903375,5.90571493120096,2.99766006879904
2024-07-18,"IMGM",5.40195833333333,5.40517558634232,-0.00321725300899001
2024-07-18,"PRES",6.57125,5.70043211549224,0.870817884507762
2024-07-18,"BIRR",7.54533333333333,7.01064282514805,0.534690508185284
2024-07-18,"BLC2",5.592625,6.03671668895479,-0.444091688954793
2024-07-18,"BOTR",5.89820833333333,5.8949252991444,0.00328303418893228
2024-07-18,"GHSR",2.34283333333333,4.39454438525989,-2.05171105192656
2024-07-18,"LEAM",4.83791666666667,5.51695299696797,-0.679036330301299
2024-07-18,"NPT3",6.67258333333333,5.91247877481906,0.760104558514266
2024-07-18,"REA1",5.42239130434783,5.7305573295564,-0.308166025208566
2024-07-18,"SOUT",8.41391666666667,6.18051761146995,2.23339905519672
2024-07-18,"WREX",4.854625,5.14839338134653,-0.293768381346526
2024-07-18,"LEAR",4.79070833333333,5.40287342225594,-0.612165088922605
2024-07-18,"PLYM",6.742375,6.04059465818365,0.701780341816351
2024-07-18,"SHDG",5.8765,5.95725922124752,-0.0807592212475168
2024-07-18,"SHE",7.48429166666667,5.91081822791211,1.57347343875456
2024-07-18,"BEL2",4.9775,5.98910270891125,-1.01160270891125
2024-07-18,"GLKP",2.14725,4.14845776976721,-2.00120776976721
2024-07-18,"LECU",4.980375,5.66737075676537,-0.686995756765372
2024-07-18,"SUN2",6.11245833333333,4.82470914051668,1.28774919281665
2024-07-18,"TRAN",6.34341666666667,5.58220648583744,0.761210180829226
2024-07-18,"STOK",6.90045833333333,6.3087862913288,0.59167204200453
2024-07-18,"BEX",6.886875,6.38205693222312,0.504818067776883
2024-07-18,"SEND",7.02833333333333,6.04519727362939,0.983136059703944
2024-07-18,"HUL2",6.55954166666667,6.02255891984421,0.536982746822461
2024-07-18,"PEMB",5.395125,4.46159380742379,0.933531192576213
2024-07-18,"WFEN",6.559625,5.64388205762194,0.915742942378064
2024-07-18,"OSY",12.36925,6.1988551680935,6.1703948319065
2024-07-18,"ACTH",2.46170833333333,3.02396185646464,-0.56225352313131
2024-07-18,"COPP",6.52029166666667,5.86142771627036,0.658863950396314
2024-07-19,"EB",8.12895833333333,7.38170694834291,0.74725138499042
2024-07-19,"IMGM",7.44691666666667,6.36565968007014,1.08125698659653
2024-07-19,"PRES",5.52970833333333,6.56134484298243,-1.0316365096491
2024-07-19,"BIRR",8.34516666666667,7.47422785674749,0.870938809919178
2024-07-19,"BLC2",6.13891666666667,6.60728279326801,-0.468366126601341
2024-07-19,"BOTR",6.83558333333333,6.47398678929022,0.361596544043113
2024-07-19,"GHSR",1.32175,4.50828357338214,-3.18653357338215
2024-07-19,"LEAM",7.42929166666667,5.86633055205968,1.56296111460699
2024-07-19,"NPT3",8.414875,6.60601811357789,1.80885688642211
2024-07-19,"REA1",6.81604347826087,6.00985608205728,0.806187396203585
2024-07-19,"SOUT",8.45908333333333,7.29991941696973,1.1591639163636
2024-07-19,"WREX",4.32495833333333,5.67762431496488,-1.35266598163155
2024-07-19,"LEAR",7.22091666666667,5.74403607416205,1.47688059250462
2024-07-19,"PLYM",6.90841666666667,7.25679021007353,-0.348373543406859
2024-07-19,"SHDG",7.11775,6.77007538855748,0.34767461144252
2024-07-19,"SHE",8.06516666666667,7.29685366583575,0.768313000830921
2024-07-19,"BEL2",7.92466666666667,6.30929833135662,1.61536833531005
2024-07-19,"GLKP",1.31191666666667,4.24012683316572,-2.92821016649905
2024-07-19,"LECU",6.608875,5.99920830268518,0.609666697314817
2024-07-19,"SUN2",6.5645,6.46209448056583,0.102405519434174
2024-07-19,"TRAN",5.57491666666667,6.48260732070667,-0.907690654039998
2024-07-19,"STOK",6.69825,6.88937531794868,-0.191125317948684
2024-07-19,"BEX",9.24133333333333,7.07577370108395,2.16555963224938
2024-07-19,"SEND",10.0452916666667,6.93378874665235,3.11150292001435
2024-07-19,"HUL2",9.81529166666667,7.22454969880013,2.59074196786654
2024-07-19,"PEMB",4.21091666666667,5.55380689126278,-1.34289022459611
2024-07-19,"WFEN",6.63625,6.41248731668008,0.223762683319917
2024-07-19,"OSY",16.534,8.84079151603366,7.69320848396633
2024-07-19,"ACTH",1.65191666666667,3.56177692947871,-1.90986026281204
2024-07-19,"COPP",6.135125,6.69052813804321,-0.555403138043212
2024-07-20,"EB",3.34020833333333,7.32457095902433,-3.984362625691
2024-07-20,"IMGM",4.7475,7.37434071929226,-2.62684071929226
2024-07-20,"PRES",3.27825,6.42985022899995,-3.15160022899995
2024-07-20,"BIRR",3.29308333333333,8.03922855332637,-4.74614521999304
2024-07-20,"BLC2",3.06516666666667,7.07615484487301,-4.01098817820634
2024-07-20,"BOTR",2.81645833333333,7.08631005836954,-4.26985172503621
2024-07-20,"GHSR",2.996375,4.41421008396036,-1.41783508396036
2024-07-20,"LEAM",2.88720833333333,7.10043600291104,-4.21322766957771
2024-07-20,"NPT3",2.85979166666667,7.51157565962104,-4.65178399295437
2024-07-20,"REA1",2.98441666666667,6.80203931777725,-3.81762265111058
2024-07-20,"SOUT",2.80658333333333,7.55989297359246,-4.75330964025913
2024-07-20,"WREX",1.46916666666667,5.74867948470537,-4.2795128180387
2024-07-20,"LEAR",2.95508333333333,6.91850098821386,-3.96341765488053
2024-07-20,"PLYM",2.73883333333333,7.55872859641032,-4.81989526307699
2024-07-20,"SHDG",2.52075,7.48765335406476,-4.96690335406476
2024-07-20,"SHE",2.83995833333333,7.74771866236983,-4.9077603290365
2024-07-20,"BEL2",4.13041666666667,7.67653831106678,-3.54612164440011
2024-07-20,"GLKP",2.64145833333333,4.2156364273943,-1.57417809406097
2024-07-20,"LECU",3.05029166666667,6.87798997622637,-3.8276983095597
2024-07-20,"SUN2",4.52729166666667,6.8554779078148,-2.32818624114813
2024-07-20,"TRAN",1.85525,6.45105454761433,-4.59580454761433
2024-07-20,"STOK",2.72108333333333,7.07893866744424,-4.35785533411091
2024-07-20,"BEX",4.93733333333333,8.2074839460646,-3.27015061273127
2024-07-20,"SEND",5.743,8.30374880546522,-2.56074880546522
2024-07-20,"HUL2",6.28141666666667,8.67252559280349,-2.39110892613682
2024-07-20,"PEMB",1.78170833333333,5.36147305541605,-3.57976472208272
2024-07-20,"WFEN",5.84516666666667,6.6982645566072,-0.853097889940535
2024-07-20,"OSY",6.53604166666667,10.567305018092,-4.0312633514253
2024-07-20,"ACTH",1.11733333333333,3.53044831522428,-2.41311498189095
2024-07-20,"COPP",2.37820833333333,6.80344547268788,-4.42523713935454
2024-07-21,"EB",2.83220833333333,3.64519406779577,-0.812985734462438
2024-07-21,"IMGM",2.861625,4.42845281329729,-1.56682781329729
2024-07-21,"PRES",3.11420833333333,3.69437189547976,-0.580163562146429
2024-07-21,"BIRR",3.06604166666667,4.23962000141006,-1.17357833474339
2024-07-21,"BLC2",3.088625,4.01315837560308,-0.924533375603079
2024-07-21,"BOTR",3.32845833333333,3.66742618619271,-0.338967852859383
2024-07-21,"GHSR",3.585,3.13302871378877,0.451971286211228
2024-07-21,"LEAM",2.93429166666667,3.46398253665383,-0.529690869987164
2024-07-21,"NPT3",2.54220833333333,3.51203769170794,-0.969829358374608
2024-07-21,"REA1",2.631625,3.44605236889684,-0.814427368896844
2024-07-21,"SOUT",2.92558333333333,3.54870016140432,-0.623116828070992
2024-07-21,"WREX",2.14441666666667,2.78192842643126,-0.637511759764585
2024-07-21,"LEAR",2.69266666666667,3.38671726942856,-0.69405060276189
2024-07-21,"PLYM",3.51816666666667,4.09520745679812,-0.577040790131449
2024-07-21,"SHDG",3.39129166666667,3.8502944815195,-0.45900281485283
2024-07-21,"SHE",2.79770833333333,3.88712113749251,-1.08941280415918
2024-07-21,"BEL2",3.740125,4.31202967782371,-0.571904677823706
2024-07-21,"GLKP",3.35204166666667,2.80392896743332,0.548112699233353
2024-07-21,"LECU",3.217375,3.61978243014908,-0.402407430149078
2024-07-21,"SUN2",2.25620833333333,4.17787136949948,-1.92166303616615
2024-07-21,"TRAN",2.37420833333333,3.16768175609035,-0.793473422757017
2024-07-21,"STOK",2.87533333333333,3.69200936495616,-0.816676031622835
2024-07-21,"BEX",2.665125,4.6626504441751,-1.9975254441751
2024-07-21,"SEND",2.78008333333333,4.7500086698296,-1.96992533649627
2024-07-21,"HUL2",2.42233333333333,5.40004102070229,-2.97770768736896
2024-07-21,"PEMB",2.50983333333333,2.56219366322712,-0.0523603298937911
2024-07-21,"WFEN",2.723125,4.48774599638958,-1.76462099638958
2024-07-21,"OSY",2.86854166666667,4.88682532981946,-2.01828366315279
2024-07-21,"ACTH",2.26720833333333,1.42772535978601,0.839482973547316
2024-07-21,"COPP",2.73595833333333,3.50075202168628,-0.764793688352946
2024-07-22,"EB",4.56066666666667,3.85815587768032,0.702510788986348
2024-07-22,"IMGM",2.636625,4.10083475360071,-1.46420975360071
2024-07-22,"PRES",2.91475,3.99823299126519,-1.08348299126519
2024-07-22,"BIRR",3.867875,4.56046710187532,-0.69259210187532
2024-07-22,"BLC2",3.29278260869565,4.39832761096832,-1.10554500227267
2024-07-22,"BOTR",2.92158333333333,4.24721010533992,-1.32562677200659
2024-07-22,"GHSR",3.15645833333333,3.65921552806131,-0.502757194727975
2024-07-22,"LEAM",2.902,3.87904772837862,-0.977047728378615
2024-07-22,"NPT3",2.896875,3.80658248662242,-0.909707486622419
2024-07-22,"REA1",3.18104166666667,3.70273604325634,-0.521694376589675
2024-07-22,"SOUT",3.78045833333333,4.00639933426709,-0.225941000933761
2024-07-22,"WREX",2.281875,3.40544431221636,-1.12356931221636
2024-07-22,"LEAR",2.73970833333333,3.68313665392008,-0.943428320586749
2024-07-22,"PLYM",3.31183333333333,4.77620335620796,-1.46437002287463
2024-07-22,"SHDG",2.85875,4.57123706690346,-1.71248706690346
2024-07-22,"SHE",3.09860869565217,4.27892538508179,-1.18031668942962
2024-07-22,"BEL2",3.11029166666667,4.55428161407282,-1.44398994740615
2024-07-22,"GLKP",2.70645833333333,3.38026962231524,-0.673811288981915
2024-07-22,"LECU",2.88925,4.06514519042691,-1.17589519042691
2024-07-22,"SUN2",4.038875,3.69800045101794,0.340874548982057
2024-07-22,"TRAN",2.322125,3.74573169636295,-1.42360669636295
2024-07-22,"STOK",2.35458333333333,4.13864477117453,-1.7840614378412
2024-07-22,"BEX",3.69120833333333,4.21500301934034,-0.523794686007008
2024-07-22,"SEND",3.75795833333333,4.04643313625373,-0.288474802920403
2024-07-22,"HUL2",3.32754166666667,4.35337614163616,-1.02583447496949
2024-07-22,"PEMB",2.65233333333333,3.19915691817437,-0.546823584841038
2024-07-22,"WFEN",3.26854166666667,3.674656479012,-0.406114812345334
2024-07-22,"OSY",3.52108333333333,4.00421950815782,-0.483136174824486
2024-07-22,"ACTH",2.37820833333333,2.19366324543971,0.184545087893624
2024-07-22,"COPP",2.509875,4.01961156649682,-1.50973656649682
2024-07-23,"EB",3.876875,4.6994158557766,-0.822540855776595
2024-07-23,"IMGM",6.967375,4.23819001536731,2.72918498463268
2024-07-23,"PRES",3.97808333333333,4.12025803486814,-0.14217470153481
2024-07-23,"BIRR",3.52883333333333,5.05437217256013,-1.5255388392268
2024-07-23,"BLC2",3.88275,4.66719019007519,-0.784440190075189
2024-07-23,"BOTR",3.58391666666667,4.28265390082284,-0.69873723415617
2024-07-23,"GHSR",5.526875,3.68552859746245,1.84134640253755
2024-07-23,"LEAM",3.580875,4.0599670111395,-0.479092011139499
2024-07-23,"NPT3",4.48908333333333,4.13611859014168,0.352964743191649
2024-07-23,"REA1",3.56425,4.10493289105137,-0.540682891051373
2024-07-23,"SOUT",3.47591666666667,4.51497326986073,-1.03905660319406
2024-07-23,"WREX",3.049375,3.64020982045967,-0.590834820459675
2024-07-23,"LEAR",3.60654166666667,3.89790508072262,-0.291363414055946
2024-07-23,"PLYM",3.578125,4.88209727576682,-1.30397227576682
2024-07-23,"SHDG",4.36322727272727,4.55495931427121,-0.191732041543936
2024-07-23,"SHE",5.28308333333333,4.58457676080192,0.698506572531405
2024-07-23,"BEL2",3.50933333333333,4.52011301770944,-1.01077968437611
2024-07-23,"GLKP",5.34891666666667,3.32441386911396,2.02450279755271
2024-07-23,"LECU",3.67733333333333,4.13473198482842,-0.457398651495087
2024-07-23,"SUN2",5.02158333333333,4.58473154148843,0.436851791844905
2024-07-23,"TRAN",4.02425,3.91252359147185,0.111726408528146
2024-07-23,"STOK",4.10183333333333,4.13704988992089,-0.0352165565875584
2024-07-23,"BEX",4.19820833333333,4.82144048628461,-0.62323215295128
2024-07-23,"SEND",3.84333333333333,4.64495543269129,-0.801622099357962
2024-07-23,"HUL2",4.095,4.93788005816605,-0.842880058166045
2024-07-23,"PEMB",2.75254166666667,3.43502897024359,-0.682487303576918
2024-07-23,"WFEN",3.485625,4.11524671675577,-0.629621716755774
2024-07-23,"OSY",4.29054166666667,4.49235318824298,-0.20181152157631
2024-07-23,"ACTH",3.72545833333333,2.41179180576028,1.31366652757305
2024-07-23,"COPP",4.072375,4.12425874434147,-0.0518837443414712
2024-07-24,"EB",5.95908333333333,4.87943843079741,1.07964490253592
2024-07-24,"IMGM",4.90183333333333,6.30420027043748,-1.40236693710415
2024-07-24,"PRES",4.60191666666667,4.97534121160703,-0.373424544940361
2024-07-24,"BIRR",6.19004166666667,5.37546544892608,0.814576217740595
2024-07-24,"BLC2",3.85425,5.34108217459316,-1.48683217459316
2024-07-24,"BOTR",4.72866666666667,4.9921555205227,-0.263488853856026
2024-07-24,"GHSR",2.61016666666667,5.02817736501602,-2.41801069834935
2024-07-24,"LEAM",4.711125,4.77020347219093,-0.0590784721909312
2024-07-24,"NPT3",4.65904166666667,5.17916791373909,-0.520126247072418
2024-07-24,"REA1",4.18333333333333,4.69725031837213,-0.513916985038799
2024-07-24,"SOUT",3.80895833333333,4.84808483515168,-1.03912650181835
2024-07-24,"WREX",5.95229166666667,4.38083705240303,1.57145461426364
2024-07-24,"LEAR",4.59804166666667,4.6766366879779,-0.0785950213112336
2024-07-24,"PLYM",2.71916666666667,5.44198004273528,-2.72281337606861
2024-07-24,"SHDG",4.6335,5.57827999159719,-0.944779991597194
2024-07-24,"SHE",4.47520833333333,5.84783158150847,-1.37262324817514
2024-07-24,"BEL2",4.72591666666667,5.13527702452262,-0.409360357855951
2024-07-24,"GLKP",2.533375,4.77097778358937,-2.23760278358937
2024-07-24,"LECU",4.35045833333333,4.88968931658611,-0.539230983252777
2024-07-24,"SUN2",6.02008333333333,5.38140232603849,0.63868100729484
2024-07-24,"TRAN",2.73679166666667,5.00215334583873,-2.26536167917206
2024-07-24,"STOK",4.96417391304348,5.25014669000826,-0.285972776964776
2024-07-24,"BEX",6.43479166666667,5.45275833765567,0.982033329010998
2024-07-24,"SEND",5.704625,5.12075778717508,0.583867212824918
2024-07-24,"HUL2",5.66329166666667,5.66743676097298,-0.00414509430630527
2024-07-24,"PEMB",2.01845833333333,3.92835583749596,-1.90989750416263
2024-07-24,"WFEN",4.67460869565217,4.64607337357862,0.0285353220735498
2024-07-24,"OSY",5.03154166666667,5.22628911245259,-0.194747445785915
2024-07-24,"ACTH",2.123625,3.36759409851519,-1.24396909851519
2024-07-24,"COPP",4.70320833333333,5.16466371500886,-0.46145538167553
2024-07-25,"EB",3.70770833333333,5.69644618133452,-1.98873784800119
2024-07-25,"IMGM",2.91575,5.51228415046406,-2.59653415046406
2024-07-25,"PRES",2.63266666666667,5.22687187382968,-2.59420520716301
2024-07-25,"BIRR",4.38095833333333,6.40202523521957,-2.02106690188624
2024-07-25,"BLC2",2.62679166666667,5.35774320250265,-2.73095153583598
2024-07-25,"BOTR",2.67595833333333,5.44245698021928,-2.76649864688595
2024-07-25,"GHSR",2.77120833333333,3.94913633767307,-1.17792800433974
2024-07-25,"LEAM",2.069625,5.2148945752879,-3.1452695752879
2024-07-25,"NPT3",2.26225,5.25492501939621,-2.99267501939621
2024-07-25,"REA1",2.44408333333333,4.95681448247204,-2.51273114913871
2024-07-25,"SOUT",3.50820833333333,5.0115753331129,-1.50336699977957
2024-07-25,"WREX",4.32683333333333,5.48101493410379,-1.15418160077046
2024-07-25,"LEAR",1.94675,5.06721522945783,-3.12046522945783
2024-07-25,"PLYM",2.65929166666667,5.15562169665794,-2.49633002999127
2024-07-25,"SHDG",2.64254166666667,5.69246627899228,-3.04992461232561
2024-07-25,"SHE",2.89604166666667,5.55277875469709,-2.65673708803042
2024-07-25,"BEL2",4.196125,5.61598355149115,-1.41985855149115
2024-07-25,"GLKP",2.5855,3.72550121102227,-1.14000121102227
2024-07-25,"LECU",2.28579166666667,5.16344567884664,-2.87765401217997
2024-07-25,"SUN2",2.10508333333333,5.77290580440433,-3.667822471071
2024-07-25,"TRAN",2.08145833333333,4.53636313666414,-2.45490480333081
2024-07-25,"STOK",2.55430434782609,5.58019498341381,-3.02589063558772
2024-07-25,"BEX",2.842125,6.30981453597026,-3.46768953597026
2024-07-25,"SEND",2.50304166666667,5.84484167799199,-3.34180001132532
2024-07-25,"HUL2",4.07733333333333,6.27314426932759,-2.19581093599426
2024-07-25,"PEMB",2.93145833333333,3.69065445891186,-0.759196125578533
2024-07-25,"WFEN",2.54416666666667,5.11917447130117,-2.5750078046345
2024-07-25,"OSY",2.54329166666667,5.52546096392351,-2.98216929725684
2024-07-25,"ACTH",1.89375,2.79043970462549,-0.896689704625488
2024-07-25,"COPP",2.07845833333333,5.41160016779467,-3.33314183446134
2024-07-26,"EB",4.98829166666667,3.92077795927971,1.06751370738696
2024-07-26,"IMGM",4.25116666666667,3.89462983721933,0.356536829447344
2024-07-26,"PRES",4.36033333333333,3.57672899479666,0.78360433853667
2024-07-26,"BIRR",6.01920833333333,4.78188634383201,1.23732198950132
2024-07-26,"BLC2",5.17491666666667,3.99182308612284,1.18309358054383
2024-07-26,"BOTR",4.02029166666667,3.75389240802463,0.26639925864204
2024-07-26,"GHSR",4.33958333333333,3.13923586423024,1.20034746910309
2024-07-26,"LEAM",4.25616666666667,3.30839482908822,0.947771837578452
2024-07-26,"NPT3",5.11891666666667,3.45291588363442,1.66600078303225
2024-07-26,"REA1",4.86245833333333,3.39195369242848,1.47050464090485
2024-07-26,"SOUT",5.71245833333333,3.98378942390203,1.7286689094313
2024-07-26,"WREX",3.22225,3.92542762102711,-0.703177621027114
2024-07-26,"LEAR",3.966125,3.15908563460714,0.807039365392859
2024-07-26,"PLYM",6.21458333333333,4.2342426163292,1.98034071700413
2024-07-26,"SHDG",4.68654166666667,4.03937162462822,0.647170042038452
2024-07-26,"SHE",4.71716666666667,4.06777518494307,0.649391481723604
2024-07-26,"BEL2",4.556875,4.49061659195968,0.0662584080403175
2024-07-26,"GLKP",4.125375,2.87379099887673,1.25158400112327
2024-07-26,"LECU",4.3455,3.47724170001193,0.868258299988073
2024-07-26,"SUN2",3.0975,3.39647866260901,-0.298978662609012
2024-07-26,"TRAN",4.16075,3.40054024623833,0.760209753761672
2024-07-26,"STOK",3.77945833333333,3.76337071450237,0.0160876188309604
2024-07-26,"BEX",5.58966666666667,4.0349824806774,1.55468418598926
2024-07-26,"SEND",5.28983333333333,3.72030772546916,1.56952560786417
2024-07-26,"HUL2",5.56029166666667,4.75140919833256,0.808882468334113
2024-07-26,"PEMB",4.697375,3.12792191659582,1.56945308340418
2024-07-26,"WFEN",4.97541666666667,3.40117307094871,1.57424359571796
2024-07-26,"OSY",5.19458333333333,3.68134441366578,1.51323891966755
2024-07-26,"ACTH",2.86070833333333,1.8167734993175,1.04393483401583
2024-07-26,"COPP",3.84041666666667,3.5184974708149,0.321919195851768
2024-07-27,"EB",4.64133333333333,5.61367037008356,-0.972337036750232
2024-07-27,"IMGM",3.88479166666667,5.60401766180044,-1.71922599513377
2024-07-27,"PRES",4.668875,5.43120082503719,-0.762325825037187
2024-07-27,"BIRR",5.307625,6.60092351353395,-1.29329851353395
2024-07-27,"BLC2",5.280125,6.13958875437407,-0.859463754374065
2024-07-27,"BOTR",4.29054166666667,5.46754316280721,-1.17700149614054
2024-07-27,"GHSR",4.19525,4.90401624767273,-0.708766247672732
2024-07-27,"LEAM",4.26591666666667,5.34255719257127,-1.0766405259046
2024-07-27,"NPT3",4.68258333333333,5.73183211099126,-1.04924877765793
2024-07-27,"REA1",4.20591666666667,5.49901718476365,-1.29310051809698
2024-07-27,"SOUT",4.489,5.9908073733877,-1.5018073733877
2024-07-27,"WREX",4.26495833333333,4.72561655904464,-0.460658225711307
2024-07-27,"LEAR",4.33266666666667,5.13145469218244,-0.798788025515772
2024-07-27,"PLYM",4.94708333333333,6.73834538020248,-1.79126204686915
2024-07-27,"SHDG",4.22966666666667,6.01135574171062,-1.78168907504395
2024-07-27,"SHE",4.27870833333333,5.95125585441648,-1.67254752108315
2024-07-27,"BEL2",5.62795833333333,5.81792632269345,-0.189967989360117
2024-07-27,"GLKP",3.83754166666667,4.62958062229572,-0.792038955629045
2024-07-27,"LECU",4.6895,5.45610701648779,-0.766607016487789
2024-07-27,"SUN2",4.06641666666667,5.00656206098591,-0.940145394319237
2024-07-27,"TRAN",4.36725,5.36636760910728,-0.999117609107282
2024-07-27,"STOK",4.89670833333333,5.43800908397014,-0.541300750636809
2024-07-27,"BEX",5.393125,6.29068832458385,-0.897563324583845
2024-07-27,"SEND",4.48204166666667,5.98492413001937,-1.5028824633527
2024-07-27,"HUL2",5.018625,6.50969883625427,-1.49107383625427
2024-07-27,"PEMB",3.22720833333333,4.95506266191696,-1.72785432858363
2024-07-27,"WFEN",3.40591666666667,5.51863958388315,-2.11272291721648
2024-07-27,"OSY",4.50775,5.88548731083172,-1.37773731083172
2024-07-27,"ACTH",2.84879166666667,3.36436136891835,-0.51556970225168
2024-07-27,"COPP",4.35629166666667,5.39511293472482,-1.03882126805815
2024-07-28,"EB",4.22858333333333,5.08090502071947,-0.852321687386136
2024-07-28,"IMGM",5.48558333333333,5.06326898413766,0.422314349195671
2024-07-28,"PRES",5.27120833333333,5.13485679414976,0.136351539183572
2024-07-28,"BIRR",7.29770833333333,5.92791651178285,1.36979182155048
2024-07-28,"BLC2",6.25891666666667,5.75609682272777,0.502819843938904
2024-07-28,"BOTR",8.03070833333333,5.16253203345582,2.86817629987751
2024-07-28,"GHSR",3.79025,4.44217829907808,-0.651928299078078
2024-07-28,"LEAM",5.06,4.92890505192724,0.131094948072758
2024-07-28,"NPT3",4.47029166666667,5.14325927546006,-0.672967608793393
2024-07-28,"REA1",4.60791666666667,4.83516952384177,-0.227252857175097
2024-07-28,"SOUT",5.79695833333333,5.12000356945173,0.676954763881604
2024-07-28,"WREX",4.993125,4.74205962891587,0.251065371084134
2024-07-28,"LEAR",5.04129166666667,4.85239892454898,0.188892742117686
2024-07-28,"PLYM",4.61375,5.83177028337567,-1.21802028337567
2024-07-28,"SHDG",5.289,5.42687419763285,-0.137874197632854
2024-07-28,"SHE",5.48454166666667,5.3768068331073,0.107734833559371
2024-07-28,"BEL2",4.2935,5.823782338528,-1.530282338528
2024-07-28,"GLKP",3.626125,4.11498712083381,-0.488862120833814
2024-07-28,"LECU",5.65645833333333,5.16811891622891,0.488339417104418
2024-07-28,"SUN2",4.1165,4.96547032584012,-0.848970325840117
2024-07-28,"TRAN",4.54120833333333,5.0271545536863,-0.485946220352974
2024-07-28,"STOK",6.43870833333333,5.44852274198829,0.990185591345038
2024-07-28,"BEX",5.73516666666667,5.79252826578359,-0.0573615991169181
2024-07-28,"SEND",4.09491666666667,5.25973424799446,-1.16481758132779
2024-07-28,"HUL2",4.8005,5.90188109051485,-1.10138109051485
2024-07-28,"PEMB",3.01483333333333,3.99916653325171,-0.984333199918381
2024-07-28,"WFEN",4.1755,4.51636066040806,-0.340860660408059
2024-07-28,"OSY",3.98004166666667,5.20706291381294,-1.22702124714627
2024-07-28,"ACTH",3.04158333333333,2.96024304431175,0.0813402890215849
2024-07-28,"COPP",5.20741666666667,5.17509094755736,0.0323257191093065
2024-07-29,"EB",6.47904166666667,5.22572975379193,1.25331191287474
2024-07-29,"IMGM",5.13958333333333,5.95437904210161,-0.814795708768279
2024-07-29,"PRES",5.17395833333333,5.64632536391056,-0.472367030577229
2024-07-29,"BIRR",7.79683333333333,6.96822769011524,0.828605643218091
2024-07-29,"BLC2",5.24366666666667,6.40996892973055,-1.16630226306388
2024-07-29,"BOTR",7.27491666666667,6.83710138496919,0.437815281697485
2024-07-29,"GHSR",4.41820833333333,4.58695669718618,-0.16874836385285
2024-07-29,"LEAM",5.30854166666667,5.51571830857329,-0.207176641906624
2024-07-29,"NPT3",5.95620833333333,5.36363962199896,0.592568711334368
2024-07-29,"REA1",6.32079166666667,5.28631229404403,1.03447937262264
2024-07-29,"SOUT",7.59234782608696,5.91496197532562,1.67738585076134
2024-07-29,"WREX",4.3445,5.28957721904074,-0.945077219040744
2024-07-29,"LEAR",5.54745833333333,5.4024127907819,0.145045542551432
2024-07-29,"PLYM",6.53434782608696,6.01927363060492,0.515074195482042
2024-07-29,"SHDG",6.23333333333333,6.11868016213683,0.114653171196502
2024-07-29,"SHE",7.7025,6.12262502674585,1.57987497325415
2024-07-29,"BEL2",4.79452380952381,5.60670051379672,-0.812176704272909
2024-07-29,"GLKP",4.16475,4.33355334818017,-0.168803348180175
2024-07-29,"LECU",5.45508333333333,5.81416839856205,-0.359085065228721
2024-07-29,"SUN2",5.21041666666667,5.26282444796455,-0.0524077812978829
2024-07-29,"TRAN",5.065,5.3813819543139,-0.316381954313898
2024-07-29,"STOK",6.29333333333333,6.29648760368426,-0.00315427035093041
2024-07-29,"BEX",8.13291666666667,6.21483311887735,1.91808354778932
2024-07-29,"SEND",8.00808333333333,5.42068859285618,2.58739474047715
2024-07-29,"HUL2",5.877625,6.12161695051061,-0.243991950510607
2024-07-29,"PEMB",3.72854545454545,4.23440252103358,-0.505857066488133
2024-07-29,"WFEN",5.6545,5.11683696116162,0.537663038838379
2024-07-29,"OSY",10.3243333333333,5.31419021313945,5.01014312019385
2024-07-29,"ACTH",2.98833333333333,3.3245931432893,-0.336259809955968
2024-07-29,"COPP",5.94633333333333,5.77574995231608,0.170583381017254
2024-07-30,"EB",8.81879166666667,6.48610504187185,2.33268662479482
2024-07-30,"IMGM",6.36608695652174,6.22378761476326,0.142299341758485
2024-07-30,"PRES",5.302625,6.02227153626748,-0.719646536267482
2024-07-30,"BIRR",6.32370833333333,7.54514472722548,-1.22143639389215
2024-07-30,"BLC2",5.21620833333333,6.44038057133661,-1.22417223800328
2024-07-30,"BOTR",5.741875,6.92387889128203,-1.18200389128203
2024-07-30,"GHSR",4.49279166666667,5.24609336654267,-0.753301699875996
2024-07-30,"LEAM",8.586875,6.01701725403587,2.56985774596413
2024-07-30,"NPT3",6.79941666666667,6.33787010272241,0.461546563944263
2024-07-30,"REA1",9.2915,6.33578415325872,2.95571584674128
2024-07-30,"SOUT",10.0895833333333,6.98195978449526,3.10762354883804
2024-07-30,"WREX",4.35141666666667,5.45943017250537,-1.1080135058387
2024-07-30,"LEAR",8.38933333333333,6.00039087723187,2.38894245610146
2024-07-30,"PLYM",5.966,7.15629392902241,-1.19029392902241
2024-07-30,"SHDG",7.85279166666667,6.87394653911811,0.97884512754856
2024-07-30,"SHE",9.71908333333333,7.3476527208741,2.37143061245923
2024-07-30,"BEL2",5.80083333333333,6.23219224872791,-0.431358915394577
2024-07-30,"GLKP",4.16966666666667,4.95680505364065,-0.787138386973977
2024-07-30,"LECU",7.52858333333333,6.14628649183595,1.38229684149738
2024-07-30,"SUN2",4.38879166666667,6.08804313139786,-1.69925146473119
2024-07-30,"TRAN",4.05170833333333,5.99358884917839,-1.94188051584505
2024-07-30,"STOK",5.02570833333333,6.64107315910584,-1.61536482577251
2024-07-30,"BEX",12.6023333333333,7.51891063145159,5.08342270188171
2024-07-30,"SEND",12.3399166666667,7.29671888060864,5.04319778605806
2024-07-30,"HUL2",6.88027272727273,6.94447643941702,-0.0642037121442884
2024-07-30,"PEMB",3.07779166666667,4.92253680865744,-1.84474514199077
2024-07-30,"WFEN",8.56825,6.0743665060587,2.4938834939413
2024-07-30,"OSY",10.306625,8.09296279605417,2.21366220394583
2024-07-30,"ACTH",3.534875,3.7227381943951,-0.187863194395101
2024-07-30,"COPP",5.20145833333333,6.45790868457372,-1.25645035124039
2024-07-31,"EB",8.25966666666667,7.62505832936907,0.634608337297601
2024-07-31,"IMGM",5.75179166666667,6.98767673155425,-1.23588506488758
2024-07-31,"PRES",8.521,6.37583646801479,2.14516353198521
2024-07-31,"BIRR",8.49854166666667,7.29666754956875,1.20187411709792
2024-07-31,"BLC2",8.40325,6.74932067080167,1.65392932919833
2024-07-31,"BOTR",7.76925,6.67127289878169,1.09797710121831
2024-07-31,"GHSR",5.91559090909091,5.56917821079915,0.346412698291762
2024-07-31,"LEAM",8.701875,7.53253660444815,1.16933839555185
2024-07-31,"NPT3",8.29808333333333,6.93337210661708,1.36471122671625
2024-07-31,"REA1",8.107375,7.71624475959529,0.391130240404707
2024-07-31,"SOUT",11.5172916666667,8.1858132470274,3.3314784196393
2024-07-31,"WREX",7.58854166666667,5.77582685664783,1.81271481001884
2024-07-31,"LEAR",8.62525,7.35049526751714,1.27475473248286
2024-07-31,"PLYM",10.2240833333333,7.22256328148604,3.00152005184726
2024-07-31,"SHDG",7.76054166666667,7.76484319552153,-0.00430152885486024
2024-07-31,"SHE",7.52354166666667,8.36734257450918,-0.84380090784251
2024-07-31,"BEL2",7.692625,6.90230412154175,0.790320878458252
2024-07-31,"GLKP",5.67025,5.25536513492383,0.41488486507617
2024-07-31,"LECU",7.91170833333333,7.22190044561301,0.68980788772032
2024-07-31,"SUN2",6.04266666666667,6.07237839272239,-0.0297117260557238
2024-07-31,"TRAN",7.21795833333333,5.91512212306114,1.30283621027219
2024-07-31,"STOK",8.06316666666667,6.47801293634353,1.58515373032314
2024-07-31,"BEX",8.864,9.44477240634373,-0.58077240634373
2024-07-31,"SEND",7.980625,9.14978581581293,-1.16916081581293
2024-07-31,"HUL2",5.46083333333333,7.60493616157953,-2.1441028282462
2024-07-31,"PEMB",6.39577272727273,4.97565357625516,1.42011915101758
2024-07-31,"WFEN",6.9675,7.43709201899433,-0.469592018994327
2024-07-31,"OSY",6.273625,8.29954268590642,-2.02591768590642
2024-07-31,"ACTH",4.835,4.23048986656836,0.604510133431642
2024-07-31,"COPP",8.94070833333333,6.47579114951605,2.46491718381728
2024-08-01,"EB",10.5413636363636,7.6156804359432,2.9256832004204
2024-08-01,"IMGM",7.241625,6.97388857049274,0.267736429507264
2024-08-01,"PRES",8.7805,7.79783898091785,0.982661019082155
2024-08-01,"BIRR",10.5237916666667,8.35510854881586,2.16868311785084
2024-08-01,"BLC2",7.33072727272727,8.16196245854832,-0.831235185821052
2024-08-01,"BOTR",9.485125,7.67594418437737,1.80918081562263
2024-08-01,"GHSR",6.24808333333333,6.32670888004733,-0.0786255467140036
2024-08-01,"LEAM",9.02116666666667,7.75940321138388,1.26176345528279
2024-08-01,"NPT3",11.4956666666667,7.70794353384203,3.78772313282467
2024-08-01,"REA1",8.41108333333333,7.46622253774792,0.944860795585407
2024-08-01,"SOUT",9.05554166666667,8.91027811864306,0.145263548023607
2024-08-01,"WREX",7.56591666666667,7.20652925735244,0.359387409314227
2024-08-01,"LEAR",9.06645833333333,7.62844552301006,1.43801281032327
2024-08-01,"PLYM",7.91870833333333,9.03980836709962,-1.12110003376629
2024-08-01,"SHDG",10.0462916666667,7.93881155805133,2.10748010861537
2024-08-01,"SHE",9.37795833333333,7.75633499748185,1.62162333585148
2024-08-01,"BEL2",7.406625,7.82017757661341,-0.413552576613411
2024-08-01,"GLKP",5.8294347826087,6.04271752143605,-0.213282738827345
2024-08-01,"LECU",8.46704166666667,7.56545464298349,0.901587023683177
2024-08-01,"SUN2",10.04325,6.9284261230231,3.1148238769769
2024-08-01,"TRAN",6.91133333333333,7.33425606407442,-0.422922730741087
2024-08-01,"STOK",9.372125,7.8530925288872,1.5190324711128
2024-08-01,"BEX",9.41029166666667,8.22685011309204,1.18344155357463
2024-08-01,"SEND",8.15941666666667,7.70378310000667,0.455633566660001
2024-08-01,"HUL2",7.212125,7.2960700650527,-0.0839450650526992
2024-08-01,"PEMB",5.64079166666667,6.44578270690995,-0.804991040243281
2024-08-01,"WFEN",6.87695833333333,7.03353276603671,-0.156574432703382
2024-08-01,"OSY",7.0185,7.0370596984877,-0.0185596984876986
2024-08-01,"ACTH",4.87129166666667,4.93577453893068,-0.064482872264013
2024-08-01,"COPP",8.53091666666667,8.10335330988362,0.42756335678305
2024-08-02,"EB",12.5765833333333,8.64596452985925,3.93061880347405
2024-08-02,"IMGM",8.06020833333333,7.71158610563163,0.348622227701698
2024-08-02,"PRES",7.57866666666667,8.02451709663193,-0.44585042996526
2024-08-02,"BIRR",9.30033333333333,9.25101330815284,0.0493200251804939
2024-08-02,"BLC2",6.58520833333333,7.89558490745417,-1.31037657412084
2024-08-02,"BOTR",8.03066666666667,8.45935056784371,-0.428683901177036
2024-08-02,"GHSR",5.63770833333333,6.60628537640836,-0.968577043075035
2024-08-02,"LEAM",8.802125,8.05292034566637,0.749204654333635
2024-08-02,"NPT3",6.06559090909091,9.04792747933599,-2.98233657024508
2024-08-02,"REA1",10.4176666666667,7.77267267583195,2.64499399083475
2024-08-02,"SOUT",6.827875,8.15453299827915,-1.32665799827915
2024-08-02,"WREX",5.42454166666667,7.32841167724523,-1.90387001057856
2024-08-02,"LEAR",9.03795833333333,7.96539096905569,1.07256736427764
2024-08-02,"PLYM",5.58954166666667,8.30124376828013,-2.71170210161346
2024-08-02,"SHDG",7.22383333333333,8.96387458564355,-1.74004125231022
2024-08-02,"SHE",8.177125,8.65187748575839,-0.47475248575839
2024-08-02,"BEL2",7.47445833333333,7.8638529662622,-0.38939463292887
2024-08-02,"GLKP",5.391125,6.25696448263587,-0.865839482635868
2024-08-02,"LECU",8.84825,7.94256304999948,0.905686950000519
2024-08-02,"SUN2",8.62916666666667,8.56368210507887,0.0654845615877964
2024-08-02,"TRAN",5.51591666666667,7.35193865199056,-1.83602198532389
2024-08-02,"STOK",7.42629166666667,8.47119406974749,-1.04490240308082
2024-08-02,"BEX",14.8231666666667,8.65995490628181,6.16321176038489
2024-08-02,"SEND",11.2599166666667,8.00967262196589,3.25024404470081
2024-08-02,"HUL2",9.501875,8.14222996816414,1.35964503183586
2024-08-02,"PEMB",5.13558333333333,6.29516709704208,-1.15958376370875
2024-08-02,"WFEN",8.704875,7.19991464523648,1.50496035476352
2024-08-02,"OSY",10.3812916666667,7.54798149243589,2.83331017423081
2024-08-02,"ACTH",4.72675,5.10737676681954,-0.38062676681954
2024-08-02,"COPP",7.92358333333333,8.07456241367793,-0.150979080344602
2024-08-03,"EB",7.839125,9.15464424563957,-1.31551924563957
2024-08-03,"IMGM",5.68883333333333,7.78091127921585,-2.09207794588252
2024-08-03,"PRES",6.15970833333333,7.36300536978561,-1.20329703645228
2024-08-03,"BIRR",5.91491666666667,8.55606401041607,-2.6411473437494
2024-08-03,"BLC2",6.12720833333333,7.4223153144751,-1.29510698114177
2024-08-03,"BOTR",6.56545833333333,7.68327187890379,-1.11781354557046
2024-08-03,"GHSR",6.30116666666667,6.16285455620687,0.1383121104598
2024-08-03,"LEAM",5.72829166666667,7.75466638236817,-2.0263747157015
2024-08-03,"NPT3",6.88283333333333,6.77756952222717,0.105263811106158
2024-08-03,"REA1",5.53754166666667,8.29922450897643,-2.76168284230976
2024-08-03,"SOUT",6.00241666666667,7.1521400536798,-1.14972338701313
2024-08-03,"WREX",5.33704166666667,6.32286751876616,-0.985825852099493
2024-08-03,"LEAR",5.50416666666667,7.73597609045484,-2.23180942378817
2024-08-03,"PLYM",7.557,7.2589939543431,0.298006045656898
2024-08-03,"SHDG",5.65841666666667,7.67275385283321,-2.01433718616654
2024-08-03,"SHE",5.513,7.96777050880324,-2.45477050880324
2024-08-03,"BEL2",6.5635,7.68060035857905,-1.11710035857905
2024-08-03,"GLKP",6.13016666666667,5.87977836238791,0.25038830427876
2024-08-03,"LECU",6.20779166666667,7.86329945467476,-1.65550778800809
2024-08-03,"SUN2",5.10229166666667,7.76966383615982,-2.66737216949315
2024-08-03,"TRAN",5.98566666666667,6.62685722624871,-0.641190559582044
2024-08-03,"STOK",6.34533333333333,7.51892306813807,-1.17358973480474
2024-08-03,"BEX",5.98279166666667,10.4450253930174,-4.46223372635073
2024-08-03,"SEND",5.79008333333333,8.94331307701268,-3.15322974367935
2024-08-03,"HUL2",5.739,8.75284919918272,-3.01384919918272
2024-08-03,"PEMB",6.00145833333333,5.90635882727302,0.0950995060603059
2024-08-03,"WFEN",4.92233333333333,7.66594843341714,-2.74361510008381
2024-08-03,"OSY",5.437375,8.57064829314913,-3.13327329314913
2024-08-03,"ACTH",4.30225,4.84079964258588,-0.53854964258588
2024-08-03,"COPP",6.54291666666667,7.64294691331714,-1.10003024665047
2024-08-04,"EB",6.18525,6.3739165207993,-0.188666520799295
2024-08-04,"IMGM",5.023625,5.89432273335214,-0.870697733352136
2024-08-04,"PRES",5.25754166666667,5.8583744459314,-0.600832779264728
2024-08-04,"BIRR",6.05945833333333,6.3231828417738,-0.263724508440474
2024-08-04,"BLC2",4.58129166666667,6.26714336348294,-1.68585169681627
2024-08-04,"BOTR",5.90125,6.16514322584753,-0.26389322584753
2024-08-04,"GHSR",3.60658333333333,5.42123055739561,-1.81464722406228
2024-08-04,"LEAM",5.27920833333333,5.62276213170729,-0.343553798373955
2024-08-04,"NPT3",6.63720833333333,6.16232215566804,0.474886177665287
2024-08-04,"REA1",5.41666666666667,5.46605194007634,-0.0493852734096736
2024-08-04,"SOUT",6.61270833333333,5.88216882602442,0.730539507308912
2024-08-04,"WREX",5.50504166666667,5.32506311441237,0.179978552254304
2024-08-04,"LEAR",5.07770833333333,5.43091621889847,-0.353207885565137
2024-08-04,"PLYM",7.66708333333333,7.02524400293291,0.641839330400422
2024-08-04,"SHDG",5.63191666666667,6.13719687670404,-0.50528021003737
2024-08-04,"SHE",5.34104166666667,6.00179801609845,-0.660756349431777
2024-08-04,"BEL2",6.33558333333333,6.34589818635964,-0.0103148530263075
2024-08-04,"GLKP",3.58108333333333,5.16367993353027,-1.58259660019694
2024-08-04,"LECU",5.24466666666667,5.88331497444874,-0.638648307782073
2024-08-04,"SUN2",4.59820833333333,5.48711803324002,-0.888909699906692
2024-08-04,"TRAN",5.2035,5.8247694718652,-0.621269471865195
2024-08-04,"STOK",5.48745833333333,6.15023232988032,-0.662773996546991
2024-08-04,"BEX",6.16358333333333,6.09555437300896,0.0680289603243658
2024-08-04,"SEND",6.57729166666667,5.87590524791309,0.701386418753579
2024-08-04,"HUL2",5.95129166666667,6.32953398958816,-0.378242322921494
2024-08-04,"PEMB",6.36,5.23821472204757,1.12178527795243
2024-08-04,"WFEN",5.005875,5.24199692999551,-0.236121929995507
2024-08-04,"OSY",6.598,5.69431277208367,0.903687227916329
2024-08-04,"ACTH",2.54133333333333,3.68938557612281,-1.14805224278948
2024-08-04,"COPP",5.67225,6.14394242768515,-0.471692427685154
2024-08-05,"EB",6.30604166666667,5.92817206836258,0.377869598304088
2024-08-05,"IMGM",4.25616666666667,5.78080362494912,-1.52463695828245
2024-08-05,"PRES",3.40408333333333,5.64334945280908,-2.23926611947575
2024-08-05,"BIRR",7.729875,6.52427303269469,1.20560196730531
2024-08-05,"BLC2",3.21745833333333,5.79977549196547,-2.58231715863214
2024-08-05,"BOTR",5.74,6.03894641149429,-0.298946411494286
2024-08-05,"GHSR",1.684375,4.5121399598548,-2.8277649598548
2024-08-05,"LEAM",4.85752173913043,5.59943104192185,-0.741909302791424
2024-08-05,"NPT3",6.67070833333333,6.1583423057971,0.512366027536226
2024-08-05,"REA1",5.69875,5.59032957600077,0.108420423999228
2024-08-05,"SOUT",6.045625,6.21895503779448,-0.173330037794481
2024-08-05,"WREX",2.54516666666667,5.48735666712913,-2.94219000046246
2024-08-05,"LEAR",4.87472727272727,5.42259065854053,-0.547863385813258
2024-08-05,"PLYM",8.929875,7.13648972003661,1.79338527996339
2024-08-05,"SHDG",4.86645833333333,6.24871030727879,-1.38225197394546
2024-08-05,"SHE",5.22208333333333,6.07524063413651,-0.853157300803176
2024-08-05,"BEL2",3.47004166666667,6.37336412041141,-2.90332245374474
2024-08-05,"GLKP",1.40420833333333,4.30740790864552,-2.90319957531219
2024-08-05,"LECU",4.72983333333333,5.66329405702256,-0.933460723689231
2024-08-05,"SUN2",3.76375,5.44993325636485,-1.68618325636485
2024-08-05,"TRAN",2.810625,5.62700764639782,-2.81638264639782
2024-08-05,"STOK",4.794625,5.94675017110034,-1.15212517110034
2024-08-05,"BEX",6.49375,6.38862277249624,0.105127227503761
2024-08-05,"SEND",6.59191666666667,6.3451140048412,0.246802661825468
2024-08-05,"HUL2",5.48358333333333,6.56116032044046,-1.07757698710713
2024-08-05,"PEMB",4.233625,5.45737490975297,-1.22374990975297
2024-08-05,"WFEN",4.654125,5.42620530495273,-0.77208030495273
2024-08-05,"OSY",6.68841666666667,6.29429742869568,0.394119237970991
2024-08-05,"ACTH",0.446083333333333,3.14187904934806,-2.69579571601473
2024-08-05,"COPP",4.13720833333333,5.94003663078485,-1.80282829745152
2024-08-06,"EB",5.55329166666667,5.68375017109568,-0.130458504429012
2024-08-06,"IMGM",3.74616666666667,5.19305400794478,-1.44688734127811
2024-08-06,"PRES",3.72745833333333,4.6566550543824,-0.929196721049066
2024-08-06,"BIRR",4.6885,6.82808237643694,-2.13958237643694
2024-08-06,"BLC2",4.24429166666667,5.0037539457876,-0.759462279120927
2024-08-06,"BOTR",3.64775,5.67577913552242,-2.02802913552242
2024-08-06,"GHSR",3.60666666666667,3.52578369107588,0.080882975590792
2024-08-06,"LEAM",3.79033333333333,5.13667583111662,-1.34634249778329
2024-08-06,"NPT3",4.41633333333333,5.86130147443788,-1.44496814110455
2024-08-06,"REA1",4.48416666666667,5.38359113866728,-0.899424472000611
2024-08-06,"SOUT",4.78183333333333,5.68707686305751,-0.90524352972418
2024-08-06,"WREX",3.089625,4.07533149348287,-0.985706493482867
2024-08-06,"LEAR",3.87870833333333,5.04053881926483,-1.1618304859315
2024-08-06,"PLYM",4.572625,7.28977249638259,-2.71714749638259
2024-08-06,"SHDG",3.4895,5.65250470162358,-2.16300470162358
2024-08-06,"SHE",3.71075,5.72065410596835,-2.00990410596835
2024-08-06,"BEL2",4.76808333333333,5.00198984831725,-0.233906514983916
2024-08-06,"GLKP",3.429625,3.22460398429491,0.205021015705092
2024-08-06,"LECU",3.84972727272727,5.17343036882436,-1.32370309609709
2024-08-06,"SUN2",3.24204166666667,4.83504042698655,-1.59299876031988
2024-08-06,"TRAN",3.23904166666667,4.43873451971852,-1.19969285305185
2024-08-06,"STOK",3.4415,5.38942296473584,-1.94792296473584
2024-08-06,"BEX",4.70508333333333,6.19535513639744,-1.49027180306411
2024-08-06,"SEND",4.77704166666667,6.02620797688141,-1.24916631021474
2024-08-06,"HUL2",4.31704166666667,6.07183095470794,-1.75478928804127
2024-08-06,"PEMB",4.62083333333333,4.35141307261899,0.269420260714341
2024-08-06,"WFEN",3.56333333333333,4.98169175712563,-1.4183584237923
2024-08-06,"OSY",4.5755,5.99809482939746,-1.42259482939746
2024-08-06,"ACTH",2.59733333333333,2.07796764498608,0.51936568834725
2024-08-06,"COPP",3.39129166666667,5.07086021756875,-1.67956855090208
2024-08-07,"EB",4.86369565217391,5.16577609336155,-0.302080441187642
2024-08-07,"IMGM",4.05170833333333,4.77780763696433,-0.726099303630997
2024-08-07,"PRES",5.767625,4.56580706326038,1.20181793673962
2024-08-07,"BIRR",6.03875,5.43987217579003,0.598877824209967
2024-08-07,"BLC2",6.98020833333333,5.16648299108878,1.81372534224455
2024-08-07,"BOTR",4.861375,4.66558913802472,0.195785861975275
2024-08-07,"GHSR",4.15979166666667,4.02831518740887,0.131476479257802
2024-08-07,"LEAM",5.05795833333333,4.51001543997353,0.547942893359796
2024-08-07,"NPT3",6.252,4.7882408152372,1.4637591847628
2024-08-07,"REA1",4.75545833333333,4.69218794384084,0.0632703894924873
2024-08-07,"SOUT",5.71145833333333,4.98966969853688,0.721788634796454
2024-08-07,"WREX",4.41041666666667,4.08232528792823,0.328091378738439
2024-08-07,"LEAR",4.78291666666667,4.43709709579165,0.345819570875018
2024-08-07,"PLYM",7.60120833333333,5.41990762101554,2.18130071231779
2024-08-07,"SHDG",4.72970833333333,4.91602639931907,-0.186318065985741
2024-08-07,"SHE",5.13958333333333,4.92508145814952,0.214501875183811
2024-08-07,"BEL2",3.504375,5.28682364503683,-1.78244864503683
2024-08-07,"GLKP",3.93191666666667,3.76900973817198,0.162906928494693
2024-08-07,"LECU",4.5255,4.61742417414909,-0.091924174149093
2024-08-07,"SUN2",4.40058333333333,4.41642094074091,-0.0158376074075814
2024-08-07,"TRAN",5.10608333333333,4.39457111178313,0.711512221550202
2024-08-07,"STOK",4.58241666666667,4.66072902497204,-0.0783123583053689
2024-08-07,"BEX",4.752375,5.2905649628489,-0.538189962848898
2024-08-07,"SEND",4.73370833333333,5.11625135602566,-0.382543022692328
2024-08-07,"HUL2",5.3285652173913,5.40902342795732,-0.0804582105660225
2024-08-07,"PEMB",6.14783333333333,4.28814478788974,1.85968854544359
2024-08-07,"WFEN",3.711625,4.34527945137764,-0.633654451377639
2024-08-07,"OSY",4.36520833333333,4.97662411598096,-0.611415782647631
2024-08-07,"ACTH",2.318125,2.66781858734991,-0.349693587349909
2024-08-07,"COPP",4.741625,4.57926075508316,0.162364244916838
2024-08-08,"EB",5.61320833333333,5.49875047611298,0.114457857220355
2024-08-08,"IMGM",4.10570833333333,5.47597943251824,-1.37027109918491
2024-08-08,"PRES",3.60070833333333,5.89464750914172,-2.29393917580839
2024-08-08,"BIRR",4.8545,6.56155259287621,-1.70705259287621
2024-08-08,"BLC2",4.81729166666667,6.74296552124899,-1.92567385458232
2024-08-08,"BOTR",4.10383333333333,5.72298399767985,-1.61915066434652
2024-08-08,"GHSR",3.44725,4.78319180989523,-1.33594180989523
2024-08-08,"LEAM",4.28754166666667,5.57265678403317,-1.2851151173665
2024-08-08,"NPT3",3.90920833333333,6.07843306792807,-2.16922473459474
2024-08-08,"REA1",5.057,5.38781584283268,-0.33081584283268
2024-08-08,"SOUT",6.46516666666667,5.92991492142895,0.535251745237716
2024-08-08,"WREX",2.95104166666667,5.14145793326882,-2.19041626660215
2024-08-08,"LEAR",3.93981818181818,5.36406983816211,-1.42425165634393
2024-08-08,"PLYM",7.162,7.18234872356802,-0.0203487235680209
2024-08-08,"SHDG",3.41783333333333,5.97297050621903,-2.5551371728857
2024-08-08,"SHE",4.367125,6.05384496602197,-1.68671996602197
2024-08-08,"BEL2",3.985875,5.37756263557038,-1.39168763557038
2024-08-08,"GLKP",3.30975,4.50356796796797,-1.19381796796797
2024-08-08,"LECU",4.35729166666667,5.45809375470625,-1.10080208803958
2024-08-08,"SUN2",4.19816666666667,5.43079297806588,-1.23262631139921
2024-08-08,"TRAN",3.044375,5.65775719913919,-2.61338219913919
2024-08-08,"STOK",3.642875,5.68054294975571,-2.03766794975571
2024-08-08,"BEX",5.27516666666667,5.91146855563872,-0.636301888972048
2024-08-08,"SEND",5.35470833333333,5.70395628429774,-0.349247950964407
2024-08-08,"HUL2",5.12183333333333,6.37821126255062,-1.25637792921729
2024-08-08,"PEMB",2.81090909090909,5.42594074407779,-2.6150316531687
2024-08-08,"WFEN",4.482125,4.99355403172401,-0.511429031724013
2024-08-08,"OSY",5.45095833333333,5.50676353388563,-0.0558052005523004
2024-08-08,"ACTH",1.7945,3.1110235943312,-1.3165235943312
2024-08-08,"COPP",3.19779166666667,5.66791896591859,-2.47012729925192
2024-08-09,"EB",5.04820833333333,5.31528080962991,-0.267072476296578
2024-08-09,"IMGM",3.129,5.02049694862511,-1.89149694862511
2024-08-09,"PRES",5.16704166666667,4.59135057726084,0.575691089405832
2024-08-09,"BIRR",3.30183333333333,5.63226241656827,-2.33042908323494
2024-08-09,"BLC2",6.161625,5.43113222709686,0.730492772903138
2024-08-09,"BOTR",2.76933333333333,4.95375414202358,-2.18442080869025
2024-08-09,"GHSR",5.59258333333333,4.04014496120752,1.55243837212581
2024-08-09,"LEAM",2.78995833333333,4.79787924982831,-2.00792091649498
2024-08-09,"NPT3",4.70229166666667,4.71292011329279,-0.0106284466261224
2024-08-09,"REA1",3.688125,5.02453931615624,-1.33641431615624
2024-08-09,"SOUT",4.383875,5.72468400927267,-1.34080900927267
2024-08-09,"WREX",3.70095833333333,4.11065968942879,-0.409701356095463
2024-08-09,"LEAR",2.51475,4.56759706309392,-2.05284706309392
2024-08-09,"PLYM",7.11870833333333,6.50492535895791,0.613782974375417
2024-08-09,"SHDG",3.53779166666667,4.99798052030517,-1.4601888536385
2024-08-09,"SHE",3.431625,5.27598971262069,-1.84436471262069
2024-08-09,"BEL2",6.04070833333333,5.10306263216057,0.937645701172764
2024-08-09,"GLKP",5.275125,3.79473650923044,1.48038849076956
2024-08-09,"LECU",2.750625,4.91495326463407,-2.16432826463407
2024-08-09,"SUN2",3.52008333333333,4.86802694180309,-1.34794360846976
2024-08-09,"TRAN",4.5745,4.3959322419232,0.1785677580768
2024-08-09,"STOK",3.13291666666667,4.84493008089893,-1.71201341423226
2024-08-09,"BEX",3.577125,5.63338934759941,-2.05626434759941
2024-08-09,"SEND",3.65275,5.46356764532965,-1.81081764532965
2024-08-09,"HUL2",3.59570833333333,5.81596342634959,-2.22025509301626
2024-08-09,"PEMB",5.64958333333333,3.6965519188498,1.95303141448353
2024-08-09,"WFEN",2.31920833333333,4.80579501946735,-2.48658668613402
2024-08-09,"OSY",3.26154166666667,5.44096621667417,-2.1794245500075
2024-08-09,"ACTH",3.07183333333333,2.44995434552164,0.62187898781169
2024-08-09,"COPP",3.39729166666667,4.60540400939234,-1.20811234272567
2024-08-10,"EB",5.39895833333333,5.07844335256908,0.320514980764254
2024-08-10,"IMGM",5.03833333333333,4.64113881748474,0.397194515848589
2024-08-10,"PRES",7.49216666666667,5.18615465303727,2.3060120136294
2024-08-10,"BIRR",5.8275,5.0573449785226,0.770155021477404
2024-08-10,"BLC2",6.86029166666667,5.94362896789642,0.916662698770245
2024-08-10,"BOTR",5.600625,4.45352189581199,1.14710310418801
2024-08-10,"GHSR",6.63333333333333,4.82852320713307,1.80481012620026
2024-08-10,"LEAM",5.43341666666667,4.23741094744891,1.19600571921776
2024-08-10,"NPT3",5.26829166666667,5.02377194465967,0.244519722007005
2024-08-10,"REA1",5.59945833333333,4.49632122885618,1.10313710447715
2024-08-10,"SOUT",7.30745833333333,4.92600869730403,2.3814496360293
2024-08-10,"WREX",4.524375,4.39279790093694,0.131577099063063
2024-08-10,"LEAR",4.947,4.03504178208055,0.911958217919447
2024-08-10,"PLYM",7.16008333333333,6.47849466863375,0.681588664699576
2024-08-10,"SHDG",5.19066666666667,5.04459884911535,0.146067817551319
2024-08-10,"SHE",5.01866666666667,4.92379948767209,0.094867178994579
2024-08-10,"BEL2",6.91141666666667,5.84071773296623,1.07069893370044
2024-08-10,"GLKP",6.12033333333333,4.51513987578066,1.60519345755267
2024-08-10,"LECU",5.35783333333333,4.30539880610845,1.05243452722488
2024-08-10,"SUN2",6.26379166666667,4.60299990536179,1.66079176130488
2024-08-10,"TRAN",5.35570833333333,4.97580640572482,0.379901927608509
2024-08-10,"STOK",5.69970833333333,4.65280651307761,1.04690182025572
2024-08-10,"BEX",6.04566666666667,4.98003102849706,1.06563563816961
2024-08-10,"SEND",5.77533333333333,4.80734408849702,0.967989244836311
2024-08-10,"HUL2",5.63975,5.23680391096771,0.402946089032286
2024-08-10,"PEMB",2.937375,4.77959840116846,-1.84222340116846
2024-08-10,"WFEN",4.68070833333333,3.97663632026264,0.704072013070692
2024-08-10,"OSY",8.01404166666667,4.59745002680311,3.41659163986356
2024-08-10,"ACTH",4.57358333333333,2.91402325225512,1.65956008107821
2024-08-10,"COPP",5.54445833333333,4.68483211987959,0.859626213453742
2024-08-11,"EB",5.22416666666667,6.11642389981738,-0.892257233150711
2024-08-11,"IMGM",6.88970833333333,6.26249395455551,0.627214378777816
2024-08-11,"PRES",7.071625,6.92494012134305,0.146684878656948
2024-08-11,"BIRR",6.785625,6.91534152969793,-0.129716529697935
2024-08-11,"BLC2",5.94745833333333,7.08301752542992,-1.13555919209659
2024-08-11,"BOTR",5.58470833333333,6.42160931597937,-0.836900982646045
2024-08-11,"GHSR",5.11495833333333,6.08311782458442,-0.968159491251085
2024-08-11,"LEAM",5.11504166666667,6.13825547777267,-1.023213811106
2024-08-11,"NPT3",4.571625,6.12194589174732,-1.55032089174732
2024-08-11,"REA1",5.52958333333333,6.12406429500313,-0.5944809616698
2024-08-11,"SOUT",5.39704166666667,6.93904296091055,-1.54200129424388
2024-08-11,"WREX",4.72491666666667,5.58696483068691,-0.862048164020239
2024-08-11,"LEAR",5.20925,5.85659065572611,-0.647340655726107
2024-08-11,"PLYM",4.56466666666667,7.39434128289182,-2.82967461622515
2024-08-11,"SHDG",5.75179166666667,6.55514635782141,-0.803354691154742
2024-08-11,"SHE",5.716375,6.42515402218818,-0.708779022188182
2024-08-11,"BEL2",6.866125,7.03361601994227,-0.167491019942266
2024-08-11,"GLKP",4.98820833333333,5.69987869855233,-0.711670365219001
2024-08-11,"LECU",5.596625,6.19438364536781,-0.597758645367806
2024-08-11,"SUN2",5.32908333333333,6.52918623300301,-1.20010289966968
2024-08-11,"TRAN",6.18708333333333,6.14310090435936,0.0439824289739743
2024-08-11,"STOK",5.52975,6.51102533300538,-0.98127533300538
2024-08-11,"BEX",5.69179166666667,6.8189563957919,-1.12716472912524
2024-08-11,"SEND",5.89029166666667,6.51815025794931,-0.627858591282639
2024-08-11,"HUL2",6.54770833333333,6.91597895591087,-0.368270622577538
2024-08-11,"PEMB",4.03404545454545,4.63375964664615,-0.599714192100703
2024-08-11,"WFEN",4.24529166666667,5.78259725106454,-1.53730558439787
2024-08-11,"OSY",6.30875,7.28964444393794,-0.980894443937944
2024-08-11,"ACTH",3.915125,4.35191437381051,-0.436789373810513
2024-08-11,"COPP",6.30995833333333,6.37736653300044,-0.0674081996671134
2024-08-12,"EB",6.473125,5.6720582681398,0.801066731860196
2024-08-12,"IMGM",9.19233333333333,6.54636898286035,2.64596435047298
2024-08-12,"PRES",5.40683333333333,6.36109581881046,-0.954262485477132
2024-08-12,"BIRR",7.17170833333333,6.85939772027261,0.312310613060717
2024-08-12,"BLC2",5.03645833333333,6.36020188330049,-1.32374354996716
2024-08-12,"BOTR",6.26775,6.00038781009701,0.26736218990299
2024-08-12,"GHSR",4.70029166666667,5.13102666469742,-0.430734998030747
2024-08-12,"LEAM",6.43670833333333,5.60767955496717,0.829028778366164
2024-08-12,"NPT3",5.28775,5.48112908260872,-0.193379082608716
2024-08-12,"REA1",5.95129166666667,5.69609832458421,0.255193342082464
2024-08-12,"SOUT",6.15966666666667,5.81459103895236,0.34507562771431
2024-08-12,"WREX",4.42416666666667,5.27485197755143,-0.850685310884763
2024-08-12,"LEAR",6.36995833333333,5.54417425398189,0.825784079351441
2024-08-12,"PLYM",6.89175,6.05760264854518,0.834147351454824
2024-08-12,"SHDG",8.644,6.36468392824063,2.27931607175937
2024-08-12,"SHE",8.09954166666667,6.28624289737197,1.8132987692947
2024-08-12,"BEL2",5.85891666666667,6.62974234600735,-0.770825679340679
2024-08-12,"GLKP",4.38179166666667,4.89370663788503,-0.511914971218355
2024-08-12,"LECU",6.84066666666667,5.87075678031072,0.969909886355951
2024-08-12,"SUN2",6.758125,5.76881878125077,0.989306218749231
2024-08-12,"TRAN",4.98329166666667,6.06531598613237,-1.0820243194657
2024-08-12,"STOK",6.87408333333333,6.03654089050574,0.837542442827591
2024-08-12,"BEX",7.57083333333333,6.27774660908619,1.29308672424714
2024-08-12,"SEND",8.32345833333333,6.15562212631172,2.16783620702161
2024-08-12,"HUL2",9.27291666666667,6.84838376299409,2.42453290367258
2024-08-12,"PEMB",4.45066666666667,4.7045680736799,-0.253901407013227
2024-08-12,"WFEN",6.5665,5.2127180696912,1.3537819303088
2024-08-12,"OSY",9.38595833333333,6.21485497850938,3.17110335482395
2024-08-12,"ACTH",4.08604166666667,3.71177935422046,0.374262312446215
2024-08-12,"COPP",6.136125,6.25550640590762,-0.119381405907624
2024-08-13,"EB",3.6675,6.62608659062621,-2.95858659062621
2024-08-13,"IMGM",3.67629166666667,7.86159935479592,-4.18530768812925
2024-08-13,"PRES",4.46058333333333,6.23913497233214,-1.77855163899881
2024-08-13,"BIRR",5.94145833333333,7.47742251169999,-1.53596417836666
2024-08-13,"BLC2",4.4615,6.52460523716061,-2.06310523716061
2024-08-13,"BOTR",3.99270833333333,6.74245953074878,-2.74975119741545
2024-08-13,"GHSR",4.65016666666667,5.488038095448,-0.837871428781327
2024-08-13,"LEAM",4.116625,6.59071340647755,-2.47408840647755
2024-08-13,"NPT3",4.85358333333333,6.24526033958948,-1.39167700625615
2024-08-13,"REA1",4.014375,6.34212449556422,-2.32774949556422
2024-08-13,"SOUT",4.24445833333333,6.61342747820988,-2.36896914487655
2024-08-13,"WREX",3.98979166666667,5.64931762317439,-1.65952595650772
2024-08-13,"LEAR",4.09495833333333,6.45921334254218,-2.36425500920885
2024-08-13,"PLYM",4.886,7.4459255508427,-2.5599255508427
2024-08-13,"SHDG",3.94841666666667,7.9169303186455,-3.96851365197884
2024-08-13,"SHE",4.09295833333333,7.64792553527601,-3.55496720194268
2024-08-13,"BEL2",5.26541666666667,6.746009033617,-1.48059236695032
2024-08-13,"GLKP",4.23045833333333,5.17411403963366,-0.943655706300329
2024-08-13,"LECU",3.89445833333333,6.8170081794806,-2.92254984614727
2024-08-13,"SUN2",3.98975,6.80050925177314,-2.81075925177314
2024-08-13,"TRAN",4.35729166666667,6.09612624680095,-1.73883458013428
2024-08-13,"STOK",4.43583333333333,7.02583551135279,-2.59000217801946
2024-08-13,"BEX",3.95841666666667,7.4677959051567,-3.50937923849003
2024-08-13,"SEND",4.14508333333333,7.54422069421039,-3.39913736087706
2024-08-13,"HUL2",4.17558333333333,8.33376343257171,-4.15818009923838
2024-08-13,"PEMB",3.36,5.33191201269757,-1.97191201269757
2024-08-13,"WFEN",3.75891666666667,6.56776174746774,-2.80884508080107
2024-08-13,"OSY",5.774375,7.86827771693222,-2.09390271693222
2024-08-13,"ACTH",2.92645833333333,4.27336384924932,-1.34690551591599
2024-08-13,"COPP",4.390875,6.6688589287458,-2.2779839287458
2024-08-14,"EB",3.27629166666667,4.30951460109856,-1.03322293443189
2024-08-14,"IMGM",5.45708333333333,4.52566130007768,0.931422033255647
2024-08-14,"PRES",5.34604166666667,4.65340691876407,0.692634747902601
2024-08-14,"BIRR",6.01904166666667,5.7569428304115,0.26209883625517
2024-08-14,"BLC2",5.58958333333333,5.06558453367649,0.523998799656844
2024-08-14,"BOTR",4.49095833333333,4.63061447457852,-0.139656141245188
2024-08-14,"GHSR",6.15670833333333,4.21631828605607,1.94039004727726
2024-08-14,"LEAM",5.74495833333333,4.45298489159793,1.2919734417354
2024-08-14,"NPT3",3.67333333333333,4.81497262490507,-1.14163929157174
2024-08-14,"REA1",4.620625,4.3593158562271,0.261309143772905
2024-08-14,"SOUT",3.90620833333333,4.63375267856281,-0.727544345229481
2024-08-14,"WREX",5.62991666666667,4.23359504916743,1.39632161749924
2024-08-14,"LEAR",5.46775,4.34050563977326,1.12724436022673
2024-08-14,"PLYM",4.255125,5.41017841396876,-1.15505341396876
2024-08-14,"SHDG",5.70645833333333,4.87647780120061,0.829980532132723
2024-08-14,"SHE",5.993625,4.87007346301362,1.12355153698638
2024-08-14,"BEL2",6.53895833333333,5.28150408439339,1.25745424893994
2024-08-14,"GLKP",5.74091666666667,3.86765819134294,1.87325847532373
2024-08-14,"LECU",6.69029166666667,4.44842166110879,2.24187000555788
2024-08-14,"SUN2",6.2285,4.49514509461405,1.73335490538595
2024-08-14,"TRAN",5.88258333333333,4.62241090227815,1.26017243105518
2024-08-14,"STOK",5.76058333333333,4.84400053341511,0.916582799918221
2024-08-14,"BEX",4.85458333333333,4.84323940786446,0.011343925468867
2024-08-14,"SEND",4.87233333333333,4.70200081941219,0.170332513921144
2024-08-14,"HUL2",5.918875,5.14686951410186,0.772005485898138
2024-08-14,"PEMB",3.98591666666667,3.66270743744217,0.323209229224498
2024-08-14,"WFEN",4.8715,4.23502451623244,0.636475483767557
2024-08-14,"OSY",5.31066666666667,5.22677715789438,0.0838895087722857
2024-08-14,"ACTH",4.936125,2.58216402371787,2.35396097628213
2024-08-14,"COPP",5.91391666666667,4.76563710536716,1.14827956129951
2024-08-15,"EB",3.69495833333333,5.08805180119058,-1.39309346785725
2024-08-15,"IMGM",3.54730434782609,6.14794035549941,-2.60063600767332
2024-08-15,"PRES",3.08475,5.87816808985392,-2.79341808985392
2024-08-15,"BIRR",5.64179166666667,6.6864803199213,-1.04468865325463
2024-08-15,"BLC2",3.16625,6.3748905333442,-3.2086405333442
2024-08-15,"BOTR",3.62129166666667,5.73105088053535,-2.10975921386868
2024-08-15,"GHSR",3.28125,5.65828369352187,-2.37703369352187
2024-08-15,"LEAM",3.410875,5.97275931666413,-2.56188431666413
2024-08-15,"NPT3",5.48258333333333,5.26702694380864,0.21555638952469
2024-08-15,"REA1",3.86108333333333,5.49489687183938,-1.63381353850605
2024-08-15,"SOUT",4.358375,5.41908922932596,-1.06071422932596
2024-08-15,"WREX",1.927125,5.73058526771648,-3.80346026771648
2024-08-15,"LEAR",3.43645833333333,5.76495416028372,-2.32849582695039
2024-08-15,"PLYM",4.81725,6.08840280628411,-1.27115280628411
2024-08-15,"SHDG",2.73491666666667,6.47851405399848,-3.74359738733181
2024-08-15,"SHE",3.81975,6.51503032329878,-2.69528032329878
2024-08-15,"BEL2",3.94170833333333,6.64496855715853,-2.7032602238252
2024-08-15,"GLKP",2.836125,5.31253203455352,-2.47640703455352
2024-08-15,"LECU",4.09727272727273,6.40976398293565,-2.31249125566292
2024-08-15,"SUN2",2.64945833333333,6.24753052692395,-3.59807219359062
2024-08-15,"TRAN",2.33691666666667,6.07961529698803,-3.74269863032136
2024-08-15,"STOK",3.14083333333333,6.25300058156344,-3.11216724823011
2024-08-15,"BEX",3.79320833333333,6.11035899099045,-2.31715065765712
2024-08-15,"SEND",4.34370833333333,5.91468716348898,-1.57097883015565
2024-08-15,"HUL2",4.44970833333333,6.74922590988012,-2.29951757654679
2024-08-15,"PEMB",3.28225,4.79338940130335,-1.51113940130335
2024-08-15,"WFEN",5.47929166666667,5.57073617640143,-0.0914445097347558
2024-08-15,"OSY",4.20891666666667,5.99005878683437,-1.7811421201677
2024-08-15,"ACTH",1.92716666666667,4.22650984844262,-2.29934318177595
2024-08-15,"COPP",2.894125,6.23812434710845,-3.34399934710845
2024-08-16,"EB",2.12066666666667,4.24856127576378,-2.12789460909711
2024-08-16,"IMGM",4.21675,4.41449859387651,-0.19774859387651
2024-08-16,"PRES",3.82658333333333,4.02738508612898,-0.200801752795646
2024-08-16,"BIRR",5.05508333333333,5.5453569056415,-0.490273572308165
2024-08-16,"BLC2",3.29408333333333,4.46057837412794,-1.16649504079461
2024-08-16,"BOTR",4.64629166666667,4.40143256973603,0.244859096930645
2024-08-16,"GHSR",5.24954166666667,3.57101224323736,1.67852942342931
2024-08-16,"LEAM",4.0055,4.08431050602349,-0.0788105060234869
2024-08-16,"NPT3",4.25116666666667,4.95410131378191,-0.702934647115242
2024-08-16,"REA1",3.19095833333333,4.20452411880631,-1.01356578547298
2024-08-16,"SOUT",4.96941666666667,4.59124769845539,0.378168968211285
2024-08-16,"WREX",3.178125,3.33486801037214,-0.156743010372141
2024-08-16,"LEAR",4.18145833333333,3.99236757122802,0.189090762105305
2024-08-16,"PLYM",4.595125,5.30551381897842,-0.710388818978416
2024-08-16,"SHDG",4.42316666666667,4.35202284153249,0.071143825134178
2024-08-16,"SHE",4.48016666666667,4.68201636939382,-0.201849702727151
2024-08-16,"BEL2",5.32920833333333,4.66412675816802,0.665081575165305
2024-08-16,"GLKP",4.51754166666667,3.2143363536616,1.30320531300507
2024-08-16,"LECU",4.409375,4.40856977535179,0.000805224648211755
2024-08-16,"SUN2",3.65958333333333,3.88904213708359,-0.229458803750258
2024-08-16,"TRAN",3.47975,3.7437654826705,-0.264015482670503
2024-08-16,"STOK",4.98525,4.26308529440808,0.722164705591918
2024-08-16,"BEX",4.658,4.7039840961737,-0.0459840961736955
2024-08-16,"SEND",3.58091666666667,4.70812540245908,-1.12720873579241
2024-08-16,"HUL2",4.64920833333333,5.17956848208077,-0.530360148747438
2024-08-16,"PEMB",3.26458333333333,3.52343483106011,-0.258851497726778
2024-08-16,"WFEN",4.39666666666667,4.77966178330599,-0.382995116639324
2024-08-16,"OSY",2.87745833333333,4.58830648408722,-1.71084815075389
2024-08-16,"ACTH",3.23120833333333,2.08253274027707,1.14867559305626
2024-08-16,"COPP",4.13129166666667,4.09714062847807,0.0341510381885968
2024-08-17,"EB",4.356375,4.15807859688708,0.198296403112919
2024-08-17,"IMGM",5.6585,5.18883590922898,0.469664090771015
2024-08-17,"PRES",5.166125,4.83360317569135,0.33252182430865
2024-08-17,"BIRR",4.994125,5.83222890922482,-0.838103909224815
2024-08-17,"BLC2",5.007875,5.04164624788059,-0.0337712478805923
2024-08-17,"BOTR",5.00395833333333,5.29252382013712,-0.288565486803792
2024-08-17,"GHSR",6.64404166666667,4.84046976471554,1.80357190195113
2024-08-17,"LEAM",3.64083333333333,4.83703689699166,-1.19620356365833
2024-08-17,"NPT3",7.91966666666667,4.9706283930304,2.94903827363626
2024-08-17,"REA1",4.060625,4.46599546871287,-0.405370468712869
2024-08-17,"SOUT",5.17191666666667,5.30993621512022,-0.138019548453551
2024-08-17,"WREX",4.92929166666667,4.35048610058023,0.578805566086436
2024-08-17,"LEAR",3.53570833333333,4.79644704500643,-1.2607387116731
2024-08-17,"PLYM",4.77991666666667,5.71393549611803,-0.934018829451357
2024-08-17,"SHDG",6.49283333333333,5.5191100543416,0.973723278991725
2024-08-17,"SHE",5.46683333333333,5.45681130477782,0.0100220285555102
2024-08-17,"BEL2",7.00770833333333,5.71439825387584,1.29331007945749
2024-08-17,"GLKP",5.89333333333333,4.37793069950536,1.51540263382797
2024-08-17,"LECU",4.52933333333333,5.06035160374993,-0.531018270416604
2024-08-17,"SUN2",5.34691666666667,4.81363549140037,0.533281175266299
2024-08-17,"TRAN",5.16704166666667,4.71704594194648,0.449995724720185
2024-08-17,"STOK",5.08654166666667,5.48296580202393,-0.396424135357257
2024-08-17,"BEX",5.562125,5.53847954319985,0.0236454568001525
2024-08-17,"SEND",5.82066666666667,4.93193923213286,0.88872743453381
2024-08-17,"HUL2",6.289375,5.77344907981411,0.515925920185888
2024-08-17,"PEMB",3.86608333333333,4.02583372032259,-0.159750386989255
2024-08-17,"WFEN",5.34004166666667,4.86861553379732,0.471426132869354
2024-08-17,"OSY",6.539,4.60968516809798,1.92931483190202
2024-08-17,"ACTH",3.84529166666667,3.10781172557596,0.737479941090708
2024-08-17,"COPP",5.427375,5.09779879938354,0.32957620061646
2024-08-18,"EB",5.71945833333333,5.53244936430103,0.187008969032297
2024-08-18,"IMGM",9.96179166666667,6.2367412964905,3.72505037017617
2024-08-18,"PRES",11.6932083333333,5.84259862194829,5.85060971138501
2024-08-18,"BIRR",9.90666666666667,6.34147718997303,3.56518947669364
2024-08-18,"BLC2",11.98425,6.19814038464185,5.78610961535815
2024-08-18,"BOTR",9.54104166666667,5.93366274961652,3.60737891705015
2024-08-18,"GHSR",10.8314166666667,5.85216677267622,4.97924989399048
2024-08-18,"LEAM",9.10279166666667,5.21675254909217,3.8860391175745
2024-08-18,"NPT3",13.8553333333333,6.87090315247816,6.98443018085514
2024-08-18,"REA1",8.488625,5.32123616486775,3.16738883513225
2024-08-18,"SOUT",8.728375,5.8995475029622,2.82882749703779
2024-08-18,"WREX",10.3017916666667,5.50465460566828,4.79713706099842
2024-08-18,"LEAR",9.24225,5.06985761997685,4.17239238002315
2024-08-18,"PLYM",12.564875,6.30898299573435,6.25589200426565
2024-08-18,"SHDG",10.6692916666667,6.78498488770741,3.88430677895929
2024-08-18,"SHE",10.4658333333333,6.33624091623048,4.12959241710282
2024-08-18,"BEL2",13.6202916666667,6.83967866251496,6.78061300415175
2024-08-18,"GLKP",10.0146666666667,5.38682718648371,4.62783948018299
2024-08-18,"LECU",9.35641666666667,5.62368620287806,3.73273046378861
2024-08-18,"SUN2",10.38725,5.94762255004845,4.43962744995155
2024-08-18,"TRAN",11.289375,5.849106651163,5.440268348837
2024-08-18,"STOK",10.0472916666667,6.01732019416998,4.02997147249672
2024-08-18,"BEX",8.32554166666667,6.38438507177886,1.94115659488781
2024-08-18,"SEND",7.26416666666667,6.29612235114646,0.968044315520208
2024-08-18,"HUL2",11.1449583333333,6.90163362016667,4.24332471316663
2024-08-18,"PEMB",12.4313333333333,4.7723252231965,7.6590081101368
2024-08-18,"WFEN",9.10966666666667,5.75710447531034,3.35256219135633
2024-08-18,"OSY",7.08429166666667,6.508822438402,0.575469228264675
2024-08-18,"ACTH",8.03566666666667,3.839933556654,4.19573311001268
2024-08-18,"COPP",10.7509166666667,6.08356070809173,4.66735595857497
2024-08-19,"EB",16.21375,8.21074169080365,8.00300830919635
2024-08-19,"IMGM",17.63475,10.0157965658866,7.61895343411341
2024-08-19,"PRES",12.902,10.4470277908803,2.45497220911971
2024-08-19,"BIRR",17.649375,10.3678941253932,7.2814808746068
2024-08-19,"BLC2",12.781125,10.963640608925,1.817484391075
2024-08-19,"BOTR",16.5154166666667,9.81494658459668,6.70047008207002
2024-08-19,"GHSR",8.82873913043478,9.58895594494636,-0.760216814511578
2024-08-19,"LEAM",15.75175,9.4510984343159,6.3006515656841
2024-08-19,"NPT3",15.9720416666667,11.2226803508232,4.74936131584348
2024-08-19,"REA1",19.0989583333333,9.15473278399831,9.94422554933499
2024-08-19,"SOUT",17.5747083333333,9.41974964895089,8.15495868438241
2024-08-19,"WREX",11.606875,9.6753900874262,1.9314849125738
2024-08-19,"LEAR",16.2873333333333,9.39886765337562,6.88846567995768
2024-08-19,"PLYM",13.506375,11.3960753351562,2.11029966484383
2024-08-19,"SHDG",15.545375,10.5080075439053,5.03736745609475
2024-08-19,"SHE",18.6861666666667,10.3796050658747,8.30656160079203
2024-08-19,"BEL2",12.5137083333333,11.4709043195974,1.04280401373586
2024-08-19,"GLKP",8.85416666666667,9.0994176844098,-0.245251017743126
2024-08-19,"LECU",16.9095,9.6158362314842,7.2936637685158
2024-08-19,"SUN2",16.0279166666667,9.99621132838402,6.03170533828268
2024-08-19,"TRAN",12.731,10.2985708768107,2.43242912318935
2024-08-19,"STOK",15.4374545454545,10.0592617503427,5.3781927951118
2024-08-19,"BEX",20.5346666666667,9.60066685416432,10.9339998125024
2024-08-19,"SEND",20.0370434782609,9.0041503980445,11.0328930802164
2024-08-19,"HUL2",19.494,10.8824527428437,8.61154725715627
2024-08-19,"PEMB",12.9805,10.1425108638791,2.83798913612089
2024-08-19,"WFEN",19.9392916666667,9.34561554949264,10.5936761171741
2024-08-19,"OSY",19.502,8.86359654634831,10.6384034536517
2024-08-19,"ACTH",7.79775,7.58907169535505,0.208678304644952
2024-08-19,"COPP",15.2516666666667,10.2427103045535,5.00895636211324
2024-08-20,"EB",5.3105,14.0182329713183,-8.70773297131832
2024-08-20,"IMGM",3.59083333333333,14.7356628355109,-11.1448295021776
2024-08-20,"PRES",4.10579166666667,12.7399359399872,-8.63414427332052
2024-08-20,"BIRR",3.359875,15.1048295766179,-11.7449545766179
2024-08-20,"BLC2",4.9685,13.0974664727041,-8.12896647270412
2024-08-20,"BOTR",3.02383333333333,14.2726252563619,-11.2487919230286
2024-08-20,"GHSR",4.27179166666667,10.7257232674957,-6.45393160082904
2024-08-20,"LEAM",2.53741666666667,13.7748944936411,-11.2374778269744
2024-08-20,"NPT3",4.06841666666667,13.8604824707509,-9.79206580408423
2024-08-20,"REA1",3.66458333333333,14.9610840706367,-11.2965007373033
2024-08-20,"SOUT",3.93379166666667,14.585098589539,-10.6513069228723
2024-08-20,"WREX",3.10725,12.0205989873344,-8.91334898733441
2024-08-20,"LEAR",2.591375,13.8659039345593,-11.2745289345593
2024-08-20,"PLYM",5.530625,13.5718408741947,-8.04121587419469
2024-08-20,"SHDG",3.22908333333333,14.1934738461732,-10.9643905128398
2024-08-20,"SHE",3.49645833333333,15.2922529208649,-11.7957945875316
2024-08-20,"BEL2",4.78179166666667,12.9047480538876,-8.1229563872209
2024-08-20,"GLKP",3.68516666666667,10.5491579514848,-6.86399128481817
2024-08-20,"LECU",2.91754166666667,14.2837472419286,-11.366205575262
2024-08-20,"SUN2",2.62579166666667,13.9525121796885,-11.3267205130218
2024-08-20,"TRAN",4.19325,12.6835705840601,-8.49032058406014
2024-08-20,"STOK",3.33729166666667,13.9238983200258,-10.5866066533591
2024-08-20,"BEX",5.02366666666667,16.0233302602843,-10.9996635936176
2024-08-20,"SEND",5.75279166666667,15.6546865710826,-9.90189490441597
2024-08-20,"HUL2",4.38470833333333,15.8448514085311,-11.4601430751978
2024-08-20,"PEMB",4.42408333333333,12.1616834503002,-7.73760011696691
2024-08-20,"WFEN",4.72983333333333,15.2426933159178,-10.5128599825845
2024-08-20,"OSY",5.853,15.3954784233438,-9.54247842334377
2024-08-20,"ACTH",2.20025,9.37962968696754,-7.17937968696754
2024-08-20,"COPP",3.86895833333333,13.7726005002925,-9.90364216695915
2024-08-21,"EB",4.25404166666667,3.14352421760375,1.11051744906292
2024-08-21,"IMGM",4.664875,2.73798027354477,1.92689472645523
2024-08-21,"PRES",4.26008333333333,2.77957919683545,1.48050413649788
2024-08-21,"BIRR",5.82158333333333,3.01515543229453,2.8064279010388
2024-08-21,"BLC2",6.17845833333333,3.50745308890396,2.67100524442937
2024-08-21,"BOTR",4.596125,2.48963819127045,2.10648680872955
2024-08-21,"GHSR",4.68075,2.38223160152792,2.29851839847208
2024-08-21,"LEAM",4.56966666666667,2.09931276162823,2.47035390503844
2024-08-21,"NPT3",5.64570833333333,2.7357721234374,2.90993620989593
2024-08-21,"REA1",4.777,2.40594834690973,2.37105165309027
2024-08-21,"SOUT",5.09445833333333,2.71982941254769,2.37462892078564
2024-08-21,"WREX",3.54454166666667,2.16873814642746,1.37580352023921
2024-08-21,"LEAR",4.72691666666667,2.00617894091877,2.7207377257479
2024-08-21,"PLYM",6.445625,3.91930810120326,2.52631689879674
2024-08-21,"SHDG",4.37409090909091,2.87613967169918,1.49795123739173
2024-08-21,"SHE",4.69517391304348,2.8621792240765,1.83299468896698
2024-08-21,"BEL2",5.75970833333333,3.37204518886703,2.3876631444663
2024-08-21,"GLKP",4.20983333333333,1.96677750206876,2.24305583126457
2024-08-21,"LECU",4.63841666666667,2.30704106766986,2.33137559899681
2024-08-21,"SUN2",4.82908333333333,2.22187343570341,2.60720989762992
2024-08-21,"TRAN",3.994625,2.81561853781488,1.17900646218512
2024-08-21,"STOK",3.84333333333333,2.67923622725422,1.16409710607911
2024-08-21,"BEX",4.61875,3.41678386791814,1.20196613208186
2024-08-21,"SEND",4.52145833333333,3.4945257537935,1.02693257953983
2024-08-21,"HUL2",5.595625,3.44271831464735,2.15290668535265
2024-08-21,"PEMB",4.975375,2.29966631953725,2.67570868046275
2024-08-21,"WFEN",4.65908333333333,2.7677302833655,1.89135304996783
2024-08-21,"OSY",4.187375,3.47578898099148,0.711586019008523
2024-08-21,"ACTH",2.75758333333333,0.62520783476551,2.13237549856782
2024-08-21,"COPP",3.8305,2.80655819370121,1.02394180629879
2024-08-22,"EB",5.059875,5.17399241012214,-0.114117410122143
2024-08-22,"IMGM",6.32183333333333,5.60301012262144,0.718823210711887
2024-08-22,"PRES",4.99016666666667,5.22828337409408,-0.238116707427415
2024-08-22,"BIRR",5.451125,6.39784412803829,-0.946719128038292
2024-08-22,"BLC2",5.81570833333333,6.33311281421703,-0.517404480883701
2024-08-22,"BOTR",4.07920833333333,5.53131359766515,-1.45210526433182
2024-08-22,"GHSR",6.03975,4.86424577984086,1.17550422015914
2024-08-22,"LEAM",4.001625,5.30740789852103,-1.30578289852103
2024-08-22,"NPT3",5.395125,5.75643445237246,-0.361309452372461
2024-08-22,"REA1",3.44529166666667,5.30521759501256,-1.85992592834589
2024-08-22,"SOUT",4.85166666666667,5.6111503982629,-0.759483731596233
2024-08-22,"WREX",3.72016666666667,4.71802161073162,-0.997854944064954
2024-08-22,"LEAR",4.00058333333333,5.25947813419813,-1.2588948008648
2024-08-22,"PLYM",6.69220833333333,6.6380363332983,0.0541720000350328
2024-08-22,"SHDG",5.112125,5.74258532996414,-0.630460329964144
2024-08-22,"SHE",5.35775,5.78989869066362,-0.432148690663618
2024-08-22,"BEL2",4.602,6.11057264957248,-1.50857264957248
2024-08-22,"GLKP",4.54804166666667,4.50047411136215,0.0475675553045187
2024-08-22,"LECU",3.98883333333333,5.41097082299612,-1.42213748966279
2024-08-22,"SUN2",3.41783333333333,5.49604261320096,-2.07820927986763
2024-08-22,"TRAN",5.15620833333333,5.1298474679486,0.0263608653847349
2024-08-22,"STOK",4.67679166666667,5.30583653809923,-0.629044871432561
2024-08-22,"BEX",3.56916666666667,5.75499309343755,-2.18582642677088
2024-08-22,"SEND",3.67929166666667,5.50888794162631,-1.82959627495964
2024-08-22,"HUL2",6.10654166666667,6.37380026779473,-0.267258601128058
2024-08-22,"PEMB",4.98045833333333,4.89200389800746,0.0884544353258674
2024-08-22,"WFEN",4.05758333333333,5.22540435825906,-1.16782102492573
2024-08-22,"OSY",3.71470833333333,5.32010137021787,-1.60539303688454
2024-08-22,"ACTH",2.87645833333333,3.17717737470603,-0.300719041372703
2024-08-22,"COPP",4.50678260869565,5.22109348016335,-0.714310871467696
2024-08-23,"EB",4.76116666666667,5.35741683084707,-0.596250164180405
2024-08-23,"IMGM",4.05370833333333,6.07109372607573,-2.0173853927424
2024-08-23,"PRES",3.92783333333333,5.36620885188329,-1.43837551854996
2024-08-23,"BIRR",4.19616666666667,6.09479990356035,-1.89863323689368
2024-08-23,"BLC2",5.00395833333333,6.05094885495003,-1.0469905216167
2024-08-23,"BOTR",3.76670833333333,5.18681440485421,-1.42010607152088
2024-08-23,"GHSR",3.06116666666667,5.2315142749208,-2.17034760825413
2024-08-23,"LEAM",3.602,4.93734408834436,-1.33534408834436
2024-08-23,"NPT3",5.00495833333333,5.51053824839887,-0.505579915065542
2024-08-23,"REA1",4.15895833333333,4.66546461855147,-0.50650628521814
2024-08-23,"SOUT",5.46979166666667,5.37414008674442,0.0956515799222517
2024-08-23,"WREX",4.41929166666667,4.64644841618051,-0.227156749513837
2024-08-23,"LEAR",3.56725,4.82928082999002,-1.26203082999002
2024-08-23,"PLYM",7.273,6.58587411391717,0.68712588608283
2024-08-23,"SHDG",3.47095833333333,5.86919086482736,-2.39823253149403
2024-08-23,"SHE",4.50575,5.88777410443421,-1.38202410443421
2024-08-23,"BEL2",3.4995,5.53722239466443,-2.03772239466443
2024-08-23,"GLKP",2.40570833333333,4.487878975129,-2.08217064179567
2024-08-23,"LECU",3.52891666666667,5.01517988291611,-1.48626321624944
2024-08-23,"SUN2",3.490625,4.81111202352708,-1.32048702352708
2024-08-23,"TRAN",4.10875,5.43272300849205,-1.32397300849205
2024-08-23,"STOK",3.55541666666667,5.47699689836093,-1.92158023169426
2024-08-23,"BEX",3.93083333333333,5.24161442097734,-1.31078108764401
2024-08-23,"SEND",4.0055,5.08425581776215,-1.07875581776215
2024-08-23,"HUL2",4.012375,6.41531104116361,-2.40293604116361
2024-08-23,"PEMB",4.21691666666667,4.75560446117023,-0.538687794503562
2024-08-23,"WFEN",4.1795,4.87322623399235,-0.69372623399235
2024-08-23,"OSY",3.885625,5.03862040780623,-1.15299540780623
2024-08-23,"ACTH",1.39245833333333,3.08285010730505,-1.69039177397172
2024-08-23,"COPP",3.741125,5.34186156783611,-1.60073656783611
2024-08-24,"EB",2.57658333333333,4.90284053877189,-2.32625720543856
2024-08-24,"IMGM",3.62908333333333,4.8746041211544,-1.24552078782107
2024-08-24,"PRES",4.00854166666667,4.62980458943376,-0.621262922767092
2024-08-24,"BIRR",3.98791666666667,5.30287624556823,-1.31495957890156
2024-08-24,"BLC2",4.05758333333333,5.42312036930973,-1.3655370359764
2024-08-24,"BOTR",3.953375,4.74617510325653,-0.792800103256531
2024-08-24,"GHSR",5.117125,3.77609430023333,1.34103069976667
2024-08-24,"LEAM",3.4415,4.4651616358358,-1.0236616358358
2024-08-24,"NPT3",3.90633333333333,5.03728886471287,-1.13095553137954
2024-08-24,"REA1",4.034,4.61674669252221,-0.582746692522214
2024-08-24,"SOUT",3.61841666666667,5.27434483718831,-1.65592817052164
2024-08-24,"WREX",2.97258333333333,4.57063828295216,-1.59805494961883
2024-08-24,"LEAR",3.138875,4.34688892689623,-1.20801392689623
2024-08-24,"PLYM",5.58570833333333,6.46520040053979,-0.879492067206456
2024-08-24,"SHDG",3.75391666666667,4.91821765819564,-1.16430099152897
2024-08-24,"SHE",4.02529166666667,5.23026920561889,-1.20497753895222
2024-08-24,"BEL2",5.636875,4.81311956120418,0.823755438795821
2024-08-24,"GLKP",4.38675,3.35698359460902,1.02976640539098
2024-08-24,"LECU",3.606625,4.52183385678131,-0.915208856781307
2024-08-24,"SUN2",4.19020833333333,4.52609890161118,-0.335890568277855
2024-08-24,"TRAN",3.57120833333333,4.69561653454105,-1.12440820120772
2024-08-24,"STOK",3.535875,4.71722950256217,-1.18135450256217
2024-08-24,"BEX",5.65258333333333,5.05842008327417,0.594163250059162
2024-08-24,"SEND",4.15483333333333,4.88493770646481,-0.730104373131479
2024-08-24,"HUL2",4.33270833333333,5.29977425105484,-0.96706591772151
2024-08-24,"PEMB",3.885625,4.14034033234548,-0.254715332345484
2024-08-24,"WFEN",5.62404166666667,4.59475378115704,1.02928788550963
2024-08-24,"OSY",4.00641666666667,4.77644706160532,-0.770030394938646
2024-08-24,"ACTH",3.22433333333333,2.19902173809,1.02531159524333
2024-08-24,"COPP",3.25566666666667,4.71614866918209,-1.46048200251542
2024-08-25,"EB",4.93033333333333,4.21861573006554,0.711717603267793
2024-08-25,"IMGM",4.34454166666667,4.87079216372464,-0.526250497057969
2024-08-25,"PRES",7.71116666666667,4.79585315652753,2.91531351013914
2024-08-25,"BIRR",5.349875,5.36464106580145,-0.0147660658014486
2024-08-25,"BLC2",10.6200833333333,5.20503216763268,5.41505116570062
2024-08-25,"BOTR",5.246625,4.94068352659993,0.30594147340007
2024-08-25,"GHSR",5.00795833333333,4.70155449206178,0.306403841271552
2024-08-25,"LEAM",4.67675,4.53230132563719,0.144448674362808
2024-08-25,"NPT3",5.78429166666667,4.75672238280694,1.02756928385973
2024-08-25,"REA1",4.566625,4.68102370453976,-0.114398704539761
2024-08-25,"SOUT",5.61729166666667,4.70037002802939,0.916921638637284
2024-08-25,"WREX",7.46958333333333,4.14542382631479,3.32415950701854
2024-08-25,"LEAR",4.65504166666667,4.31526783012648,0.339773836540188
2024-08-25,"PLYM",7.79279166666667,5.95255510863246,1.84023655803421
2024-08-25,"SHDG",5.861875,5.16753351712529,0.694341482874712
2024-08-25,"SHE",5.17983333333333,5.18538005292484,-0.00554671959150799
2024-08-25,"BEL2",9.10091666666667,5.74172980673125,3.35918685993542
2024-08-25,"GLKP",4.16866666666667,4.2426461409045,-0.0739794742378344
2024-08-25,"LECU",4.35729166666667,4.67809653963685,-0.320804872970184
2024-08-25,"SUN2",7.99141666666667,4.90509208831777,3.0863245783489
2024-08-25,"TRAN",8.29791666666667,4.63239280208249,3.66552386458418
2024-08-25,"STOK",5.79995833333333,4.84698617563921,0.952972157694117
2024-08-25,"BEX",4.398625,5.81196059874398,-1.41333559874398
2024-08-25,"SEND",4.8645,5.05641736482151,-0.19191736482151
2024-08-25,"HUL2",5.286,5.56946023514321,-0.283460235143208
2024-08-25,"PEMB",8.13308333333333,4.14944283997862,3.98364049335471
2024-08-25,"WFEN",4.8595,5.24904242676223,-0.38954242676223
2024-08-25,"OSY",4.525375,4.93958829198267,-0.414213291982673
2024-08-25,"ACTH",2.82133333333333,3.01993931831392,-0.198605984980586
2024-08-25,"COPP",7.0175,4.66816377162987,2.34933622837013
2024-08-26,"EB",5.91891666666667,6.04892136509828,-0.130004698431609
2024-08-26,"IMGM",12.1580833333333,6.06877781701058,6.08930551632272
2024-08-26,"PRES",13.9927916666667,7.09329060810562,6.89950105856108
2024-08-26,"BIRR",15.5405416666667,6.79903563604975,8.74150603061695
2024-08-26,"BLC2",14.16175,8.57682636461873,5.58492363538127
2024-08-26,"BOTR",17.274125,6.34393551142087,10.9301894885791
2024-08-26,"GHSR",5.57491666666667,5.55830251372268,0.0166141529439949
2024-08-26,"LEAM",12.407625,5.91906361049969,6.48856138950031
2024-08-26,"NPT3",12.712375,6.39511282959989,6.31726217040011
2024-08-26,"REA1",8.61058333333333,5.80695564581602,2.80362768751731
2024-08-26,"SOUT",8.55254166666667,6.39439851404547,2.1581431526212
2024-08-26,"WREX",15.2329166666667,6.7591664873734,8.4737501792933
2024-08-26,"LEAR",12.3300416666667,5.80996536530076,6.52007630136594
2024-08-26,"PLYM",10.125875,7.72136090679408,2.40451409320592
2024-08-26,"SHDG",16.95575,6.87124377043673,10.0845062295633
2024-08-26,"SHE",16.372875,6.54684754746458,9.82602745253542
2024-08-26,"BEL2",9.63741666666667,7.92115885116577,1.7162578155009
2024-08-26,"GLKP",5.12866666666667,5.06011990732393,0.068546759342742
2024-08-26,"LECU",12.8872916666667,5.88189341267856,7.00539825398814
2024-08-26,"SUN2",9.99808333333333,7.23014271390924,2.76794061942409
2024-08-26,"TRAN",14.6365,7.3181496961545,7.3183503038455
2024-08-26,"STOK",16.04175,6.61289565345878,9.42885434654122
2024-08-26,"BEX",7.952125,6.24938219643033,1.70274280356967
2024-08-26,"SEND",7.11091666666667,6.24399261840888,0.866924048257792
2024-08-26,"HUL2",14.1717083333333,6.8448348790613,7.326873454272
2024-08-26,"PEMB",11.8957083333333,6.65467047075121,5.24103786258209
2024-08-26,"WFEN",11.726625,5.87178173297351,5.85484326702649
2024-08-26,"OSY",7.397875,6.05691817361962,1.34095682638038
2024-08-26,"ACTH",4.20908333333333,3.77105041251502,0.43803292081831
2024-08-26,"COPP",17.548125,6.99568999931603,10.552435000684
2024-08-27,"EB",5.70270833333333,8.95456054921386,-3.25185221588053
2024-08-27,"IMGM",7.620875,11.5266155700526,-3.90574057005258
2024-08-27,"PRES",5.60629166666667,11.9405487242264,-6.33425705755972
2024-08-27,"BIRR",8.46504166666667,13.1282755122406,-4.66323384557395
2024-08-27,"BLC2",5.57879166666667,12.3677651914525,-6.78897352478586
2024-08-27,"BOTR",7.40075,13.3547010472104,-5.95395104721036
2024-08-27,"GHSR",3.24791666666667,8.34319640280361,-5.09527973613694
2024-08-27,"LEAM",6.96341666666667,11.3387891776338,-4.37537251096713
2024-08-27,"NPT3",6.26479166666667,11.5081540745796,-5.24336240791295
2024-08-27,"REA1",6.74733333333333,9.87081688812531,-3.12348355479198
2024-08-27,"SOUT",6.58325,10.0263765938097,-3.44312659380972
2024-08-27,"WREX",5.4835,12.1439506411895,-6.66045064118951
2024-08-27,"LEAR",6.86425,11.2049445485827,-4.34069454858274
2024-08-27,"PLYM",5.706625,11.1272415985056,-5.42061659850559
2024-08-27,"SHDG",7.224875,13.5243752918758,-6.2995002918758
2024-08-27,"SHE",8.06216666666667,13.2504483239965,-5.18828165732986
2024-08-27,"BEL2",4.485125,10.6433162658318,-6.15819126583176
2024-08-27,"GLKP",2.57075,7.99220182683634,-5.42145182683634
2024-08-27,"LECU",7.75954166666667,11.6046679274703,-3.84512626080368
2024-08-27,"SUN2",8.05613043478261,10.4921335418027,-2.43600310702007
2024-08-27,"TRAN",5.41083333333333,12.1717644286666,-6.76093109533331
2024-08-27,"STOK",6.29620833333333,12.9480870484948,-6.65187871516149
2024-08-27,"BEX",6.63133333333333,10.1572570327408,-3.52592369940751
2024-08-27,"SEND",6.865125,9.63932561189148,-2.77420061189148
2024-08-27,"HUL2",9.114625,12.6964796427663,-3.58185464276631
2024-08-27,"PEMB",4.93120833333333,10.5608081714484,-5.62959983811506
2024-08-27,"WFEN",8.95145833333333,11.0002885131766,-2.04883017984328
2024-08-27,"OSY",6.52125,9.68695755573796,-3.16570755573796
2024-08-27,"ACTH",0.9355,6.8642739522945,-5.9287739522945
2024-08-27,"COPP",5.91883333333333,13.4163258932056,-7.49749255987229
2024-08-28,"EB",9.21579166666667,5.23570842019712,3.98008324646954
2024-08-28,"IMGM",10.550375,6.108582628894,4.441792371106
2024-08-28,"PRES",5.119875,5.11843369521118,0.00144130478882154
2024-08-28,"BIRR",8.77558333333333,6.73559091553964,2.03999241779369
2024-08-28,"BLC2",5.360625,5.51231705366315,-0.151692053663148
2024-08-28,"BOTR",9.16379166666667,5.89897048846988,3.26482117819679
2024-08-28,"GHSR",2.88816666666667,3.84837908499715,-0.960212418330483
2024-08-28,"LEAM",7.92945833333333,5.5859082393075,2.34355009402583
2024-08-28,"NPT3",7.74775,5.39508807300366,2.35266192699634
2024-08-28,"REA1",9.74066666666667,5.49774980947443,4.24291685719223
2024-08-28,"SOUT",9.82016666666667,5.62998634686572,4.19018031980095
2024-08-28,"WREX",4.90966666666667,4.79554711788471,0.114119548781961
2024-08-28,"LEAR",7.640625,5.44487167100717,2.19575332899283
2024-08-28,"PLYM",7.665125,5.83182652191207,1.83329847808793
2024-08-28,"SHDG",8.302875,6.1348837549174,2.1679912450826
2024-08-28,"SHE",8.44554166666667,6.38569252706684,2.05984913959983
2024-08-28,"BEL2",4.994125,5.10218303104147,-0.108058031041466
2024-08-28,"GLKP",2.50995833333333,3.40617165723938,-0.896213323906051
2024-08-28,"LECU",9.01733333333333,5.95752613103436,3.05980720229897
2024-08-28,"SUN2",5.76869565217391,6.11924313841472,-0.350547486240806
2024-08-28,"TRAN",5.00791666666667,5.03792275916704,-0.0300060925003649
2024-08-28,"STOK",7.59229166666667,5.56543103099492,2.02686063567175
2024-08-28,"BEX",8.08966666666667,5.99222995736286,2.09743670930381
2024-08-28,"SEND",9.1039,5.8914010585795,3.2124989414205
2024-08-28,"HUL2",11.4387916666667,7.07039747991454,4.36839418675216
2024-08-28,"PEMB",3.611375,4.30180798923292,-0.690432989232916
2024-08-28,"WFEN",10.1120833333333,6.24870976350896,3.86337356982434
2024-08-28,"OSY",11.4377083333333,5.69629765394855,5.74141067938475
2024-08-28,"ACTH",1.75808333333333,2.00693403534979,-0.248850702016464
2024-08-28,"COPP",7.07845833333333,5.3315922035802,1.74686612975313
2024-08-29,"EB",4.951875,7.96727859815915,-3.01540359815915
2024-08-29,"IMGM",7.14533333333333,8.68615804052615,-1.54082470719282
2024-08-29,"PRES",7.12370833333333,6.48585865842452,0.637849674908806
2024-08-29,"BIRR",9.91354166666667,8.37940687711764,1.53413478954903
2024-08-29,"BLC2",8.02875,6.98195598648203,1.04679401351797
2024-08-29,"BOTR",7.9835,8.12121698884283,-0.137716988842828
2024-08-29,"GHSR",7.61204166666667,5.17548053834752,2.43656112831915
2024-08-29,"LEAM",9.82020833333333,7.44909370311705,2.37111463021628
2024-08-29,"NPT3",10.16025,7.46423615835758,2.69601384164242
2024-08-29,"REA1",7.93866666666667,8.06047187785523,-0.121805211188558
2024-08-29,"SOUT",6.87991666666667,8.28448158495728,-1.40456491829061
2024-08-29,"WREX",8.437625,6.15020980115124,2.28741519884876
2024-08-29,"LEAR",9.47629166666667,7.23809749904828,2.23819416761839
2024-08-29,"PLYM",10.6437916666667,8.04795343308607,2.59583823358063
2024-08-29,"SHDG",7.19141666666667,8.10127430750781,-0.909857640841136
2024-08-29,"SHE",7.67883333333333,8.07427900697838,-0.395445673645048
2024-08-29,"BEL2",10.650625,6.79183374946416,3.85879125053584
2024-08-29,"GLKP",6.71,4.84736052027026,1.86263947972974
2024-08-29,"LECU",7.823375,7.92424652028767,-0.100871520287671
2024-08-29,"SUN2",5.83625,6.72660391792992,-0.89035391792992
2024-08-29,"TRAN",6.86325,6.44836744217491,0.414882557825089
2024-08-29,"STOK",7.809625,7.61283140877422,0.19679359122578
2024-08-29,"BEX",5.61720833333333,7.97843221335286,-2.36122388001953
2024-08-29,"SEND",5.36258333333333,8.15127322566023,-2.7886898923269
2024-08-29,"HUL2",9.16270833333333,9.43118618962711,-0.26847785629378
2024-08-29,"PEMB",8.81191666666667,5.33998095770256,3.47193570896411
2024-08-29,"WFEN",5.92279166666667,8.14555481231925,-2.22276314565258
2024-08-29,"OSY",4.72779166666667,8.95731985220139,-4.22952818553472
2024-08-29,"ACTH",4.98420833333333,3.78571343902116,1.19849489431217
2024-08-29,"COPP",7.62883333333333,7.35556029807447,0.273273035258865
2024-08-30,"EB",7.49616666666667,6.29294577216694,1.20322089449973
2024-08-30,"IMGM",11.702,7.33843673190853,4.36356326809147
2024-08-30,"PRES",13.8209166666667,7.1912817196166,6.6296349470501
2024-08-30,"BIRR",9.956875,8.7525525019596,1.2043224980404
2024-08-30,"BLC2",13.5869583333333,7.92963271029923,5.65732562303407
2024-08-30,"BOTR",9.72195833333333,7.61454913244986,2.10740920088347
2024-08-30,"GHSR",14.5430833333333,6.88683965368906,7.65624367964424
2024-08-30,"LEAM",10.758625,8.09170559363675,2.66691940636325
2024-08-30,"NPT3",8.248875,8.29271019912531,-0.043835199125315
2024-08-30,"REA1",12.228875,7.30574923348509,4.92312576651491
2024-08-30,"SOUT",12.4794166666667,7.10453634931907,5.37488031734763
2024-08-30,"WREX",13.298,7.42157125023765,5.87642874976235
2024-08-30,"LEAR",10.3557083333333,7.86303240226386,2.49267593106944
2024-08-30,"PLYM",13.1937916666667,9.07934151914835,4.11445014751835
2024-08-30,"SHDG",12.9570416666667,7.62997295631546,5.32706871035125
2024-08-30,"SHE",11.7935416666667,7.74070771067772,4.05283395598898
2024-08-30,"BEL2",19.39275,8.83621569902034,10.5565343009797
2024-08-30,"GLKP",13.4110416666667,6.36033756218801,7.05070410447869
2024-08-30,"LECU",9.775125,7.41979050721453,2.35533449278546
2024-08-30,"SUN2",14.3298333333333,6.74058009429072,7.58925323904258
2024-08-30,"TRAN",14.6355416666667,7.09756975305756,7.53797191360914
2024-08-30,"STOK",10.382375,7.63069955840696,2.75167544159304
2024-08-30,"BEX",9.13129166666667,6.99741155303945,2.13388011362722
2024-08-30,"SEND",9.092125,6.68890992458065,2.40321507541935
2024-08-30,"HUL2",14.1460416666667,8.51045392319332,5.63558774347339
2024-08-30,"PEMB",6.937,7.24176692711726,-0.304766927117258
2024-08-30,"WFEN",9.482125,6.53274396753321,2.94938103246679
2024-08-30,"OSY",8.065,6.35655026389616,1.70844973610384
2024-08-30,"ACTH",11.6175416666667,4.92513987864837,6.69240178801833
2024-08-30,"COPP",14.046875,7.4987834010932,6.5480915989068
2024-08-31,"EB",7.48729166666667,9.29042805856771,-1.80313639190104
2024-08-31,"IMGM",11.611625,11.0691252811223,0.5424997188777
2024-08-31,"PRES",12.5039583333333,11.6371445642053,0.866813769127958
2024-08-31,"BIRR",15.0137916666667,10.7456605224231,4.26813114424357
2024-08-31,"BLC2",12.0637916666667,11.9439371713257,0.119854495340995
2024-08-31,"BOTR",14.1805416666667,10.2690725919854,3.91146907468132
2024-08-31,"GHSR",14.6413333333333,11.380169618842,3.26116371449132
2024-08-31,"LEAM",13.5535,10.4055971975453,3.14790280245471
2024-08-31,"NPT3",11.5025833333333,9.54325734083909,1.95932599249421
2024-08-31,"REA1",11.3955833333333,10.9146337463365,0.480949586996823
2024-08-31,"SOUT",11.0995833333333,11.2148960262061,-0.115312692872767
2024-08-31,"WREX",13.6359583333333,11.1649513984788,2.47100693485451
2024-08-31,"LEAR",13.4679583333333,10.1558580052124,3.31210032812093
2024-08-31,"PLYM",12.14825,11.9746503040112,0.173599695988809
2024-08-31,"SHDG",14.0773333333333,11.7755476114181,2.30178572191523
2024-08-31,"SHE",14.0221666666667,11.2696629566844,2.75250370998227
2024-08-31,"BEL2",18.840625,13.9871125579172,4.85351244208275
2024-08-31,"GLKP",14.45075,10.7759966885146,3.67475331148541
2024-08-31,"LECU",13.592875,10.153534107348,3.43934089265198
2024-08-31,"SUN2",9.70616666666667,11.8798707974002,-2.17370413073355
2024-08-31,"TRAN",14.3475416666667,11.9438831610337,2.40365850563301
2024-08-31,"STOK",12.8873333333333,10.5741984613475,2.3131348719858
2024-08-31,"BEX",11.0535833333333,10.3284003229952,0.725183010338064
2024-08-31,"SEND",11.1202083333333,10.1179955020795,1.00221283125379
2024-08-31,"HUL2",13.661625,12.3829637934077,1.2786612065923
2024-08-31,"PEMB",10.1759583333333,8.46567571924901,1.71028261408429
2024-08-31,"WFEN",15.3253333333333,9.90521886891371,5.42011446441959
2024-08-31,"OSY",10.6634583333333,9.6830244476161,0.980433885717195
2024-08-31,"ACTH",12.3192083333333,9.32973720791437,2.98947112541893
2024-08-31,"COPP",14.6687916666667,11.862145421174,2.8066462454927
2024-09-01,"EB",13.841375,9.16450735955356,4.67686764044644
2024-09-01,"IMGM",12.63075,10.8840324274155,1.74671757258448
2024-09-01,"PRES",9.64133333333333,10.9667871770075,-1.32545384367422
2024-09-01,"BIRR",15.0787083333333,12.5325989746748,2.54610935865848
2024-09-01,"BLC2",9.78283333333333,11.2135816153721,-1.43074828203878
2024-09-01,"BOTR",13.7756666666667,11.8099232684855,1.96574339818119
2024-09-01,"GHSR",7.55995833333333,11.2307718264955,-3.67081349316215
2024-09-01,"LEAM",13.4140833333333,11.3415734675203,2.07250986581297
2024-09-01,"NPT3",15.0699166666667,10.6902638656123,4.37965280105443
2024-09-01,"REA1",14.2964166666667,10.4581313157818,3.83828535088491
2024-09-01,"SOUT",16.6992083333333,10.5370500825334,6.16215825079988
2024-09-01,"WREX",12.74475,11.1341804101129,1.61056958988706
2024-09-01,"LEAR",13.1397083333333,11.2102694689249,1.92943886440839
2024-09-01,"PLYM",20.4776666666667,11.4645683036529,9.01309836301378
2024-09-01,"SHDG",14.4527083333333,12.0215916735391,2.43111665979421
2024-09-01,"SHE",12.7929166666667,11.9501103237634,0.842806342903337
2024-09-01,"BEL2",11.88975,13.5706761249935,-1.68092612499346
2024-09-01,"GLKP",7.59533333333333,10.9787157029578,-3.38338236962448
2024-09-01,"LECU",13.2212916666667,11.453888419033,1.76740324763371
2024-09-01,"SUN2",9.34070833333333,9.95853016480444,-0.617821831471108
2024-09-01,"TRAN",13.5850416666667,11.6392684968223,1.94577316984445
2024-09-01,"STOK",12.1777083333333,11.3792289365631,0.798479396770173
2024-09-01,"BEX",13.565375,10.9040015344842,2.66137346551576
2024-09-01,"SEND",13.0060833333333,10.7296894670958,2.27639386623747
2024-09-01,"HUL2",13.17525,12.045737025255,1.12951297474496
2024-09-01,"PEMB",13.5162083333333,9.60669247702579,3.90951585630751
2024-09-01,"WFEN",14.3504166666667,11.932845839539,2.41757082712768
2024-09-01,"OSY",12.269125,10.5116884471035,1.75743655289645
2024-09-01,"ACTH",5.52279166666667,9.40818866227807,-3.8853969956114
2024-09-01,"COPP",14.1853333333333,11.914150011538,2.27118332179532
2024-09-02,"EB",5.683875,11.2887362170848,-5.60486121708476
2024-09-02,"IMGM",12.8057916666667,11.0328631050933,1.77292856157337
2024-09-02,"PRES",7.98166666666667,9.69511354098051,-1.71344687431384
2024-09-02,"BIRR",12.3831666666667,12.253783297518,0.129383369148686
2024-09-02,"BLC2",7.45579166666667,10.1603814352922,-2.70458976862554
2024-09-02,"BOTR",14.92825,11.3656680542413,3.5625819457587
2024-09-02,"GHSR",4.197125,8.37569724151268,-4.17857224151268
2024-09-02,"LEAM",9.98525,11.0196253551733,-1.03437535517332
2024-09-02,"NPT3",12.11475,11.7350386539595,0.379711346040455
2024-09-02,"REA1",10.1445833333333,11.3148217391649,-1.17023840583161
2024-09-02,"SOUT",7.06821739130435,12.4014973103462,-5.33327991904182
2024-09-02,"WREX",9.98629166666667,10.5690757341546,-0.582784067487934
2024-09-02,"LEAR",9.632625,10.8137896904066,-1.18116469040656
2024-09-02,"PLYM",8.638,14.3355742425872,-5.69757424258723
2024-09-02,"SHDG",13.3049583333333,11.9144838380884,1.39047449524493
2024-09-02,"SHE",11.6943333333333,11.2325387838538,0.461794549479466
2024-09-02,"BEL2",8.23208333333333,10.7733160174951,-2.54123268416174
2024-09-02,"GLKP",3.60458333333333,8.19380101868418,-4.58921768535085
2024-09-02,"LECU",14.1539166666667,11.0311951538515,3.12272151281518
2024-09-02,"SUN2",10.55725,9.65965699043782,0.897593009562176
2024-09-02,"TRAN",11.385625,11.1308629121963,0.254762087803687
2024-09-02,"STOK",11.4947916666667,10.8501964872578,0.644595179408862
2024-09-02,"BEX",8.24291666666667,11.5768756563567,-3.33395898969005
2024-09-02,"SEND",9.664,11.1691416931837,-1.5051416931837
2024-09-02,"HUL2",15.5297916666667,11.642462452982,3.88732921368471
2024-09-02,"PEMB",10.936625,10.5675465718925,0.369078428107548
2024-09-02,"WFEN",10.26825,11.2574557456653,-0.98920574566527
2024-09-02,"OSY",8.6105,10.839112056558,-2.22861205655799
2024-09-02,"ACTH",1.54479166666667,6.65000071877913,-5.10520905211246
2024-09-02,"COPP",11.830875,11.4960255798938,0.33484942010617
2024-09-03,"EB",3.01108333333333,6.70221021913148,-3.69112688579815
2024-09-03,"IMGM",6.56158333333333,9.61031628178171,-3.04873294844838
2024-09-03,"PRES",4.84670833333333,7.64871234392057,-2.80200401058724
2024-09-03,"BIRR",6.21075,9.7814416408946,-3.5706916408946
2024-09-03,"BLC2",4.32679166666667,7.85834598064788,-3.53155431398121
2024-09-03,"BOTR",5.80695833333333,10.3257995173005,-4.51884118396722
2024-09-03,"GHSR",6.03683333333333,5.75902968716924,0.277803646164092
2024-09-03,"LEAM",5.5425,8.27854557058734,-2.73604557058734
2024-09-03,"NPT3",4.84883333333333,9.11607492919665,-4.26724159586332
2024-09-03,"REA1",3.33620833333333,8.2620969779848,-4.92588864465147
2024-09-03,"SOUT",4.43091304347826,7.27991499786703,-2.84900195438877
2024-09-03,"WREX",4.95940909090909,8.08719137749857,-3.12778228658948
2024-09-03,"LEAR",5.72616666666667,8.04643780080241,-2.32027113413574
2024-09-03,"PLYM",3.74016666666667,8.35638294017522,-4.61621627350855
2024-09-03,"SHDG",5.283,10.0111197981107,-4.72811979811072
2024-09-03,"SHE",5.49241666666667,9.37049625229304,-3.87807958562637
2024-09-03,"BEL2",6.54291666666667,8.04553527605517,-1.5026186093885
2024-09-03,"GLKP",5.66145833333333,5.34124025945983,0.320218073873495
2024-09-03,"LECU",8.07783333333333,9.90935392721059,-1.83152059387726
2024-09-03,"SUN2",4.437875,8.64291707839334,-4.20504207839334
2024-09-03,"TRAN",4.41425,8.85424699930252,-4.43999699930252
2024-09-03,"STOK",6.61458333333333,9.13467383596749,-2.52009050263416
2024-09-03,"BEX",2.991375,8.09604293180934,-5.10466793180934
2024-09-03,"SEND",3.83654166666667,8.43103943072085,-4.59449776405418
2024-09-03,"HUL2",6.13108333333333,11.0490861898127,-4.91800285647939
2024-09-03,"PEMB",3.97804166666667,8.09100418612847,-4.1129625194618
2024-09-03,"WFEN",6.699125,8.28635032321294,-1.58722532321294
2024-09-03,"OSY",4.30925,7.98776772111779,-3.67851772111779
2024-09-03,"ACTH",3.68608333333333,3.80131420110196,-0.11523086776863
2024-09-03,"COPP",6.41908333333333,9.15794959580606,-2.73886626247273
2024-09-04,"EB",5.020625,3.96895112125436,1.05167387874564
2024-09-04,"IMGM",6.853375,5.43388453212596,1.41949046787404
2024-09-04,"PRES",4.25208333333333,4.65065862461498,-0.398575291281652
2024-09-04,"BIRR",6.79354166666667,5.67294279564125,1.12059887102542
2024-09-04,"BLC2",4.77104166666667,4.87210954826638,-0.101067881599707
2024-09-04,"BOTR",5.91875,5.06934879980132,0.849401200198683
2024-09-04,"GHSR",4.7415,4.62858615281,0.112913847189998
2024-09-04,"LEAM",5.72820833333333,4.82143730447579,0.906771028857544
2024-09-04,"NPT3",4.22570833333333,4.60617898016712,-0.380470646833793
2024-09-04,"REA1",4.68941666666667,3.93894882270041,0.750467843966262
2024-09-04,"SOUT",5.517,4.58102104417798,0.935978955822024
2024-09-04,"WREX",4.5215,4.40401235734721,0.117487642652792
2024-09-04,"LEAR",5.50816666666667,4.78914929584517,0.719017370821502
2024-09-04,"PLYM",4.782875,4.85177932022441,-0.0689043202244077
2024-09-04,"SHDG",5.17104166666667,5.19508910693771,-0.0240474402710431
2024-09-04,"SHE",5.164125,5.22807268171665,-0.0639476817166535
2024-09-04,"BEL2",4.512625,5.61190902557885,-1.09928402557885
2024-09-04,"GLKP",4.75045833333333,4.30029732462944,0.450161008703891
2024-09-04,"LECU",5.865875,5.78430283543059,0.0815721645694074
2024-09-04,"SUN2",5.13566666666667,4.49773845819314,0.637928208473526
2024-09-04,"TRAN",4.88108333333333,4.4425947630825,0.438488570250828
2024-09-04,"STOK",5.85695833333333,5.47595036226296,0.381007971070369
2024-09-04,"BEX",5.85691666666667,4.36654889901816,1.49036776764851
2024-09-04,"SEND",6.461375,4.45965545849796,2.00171954150204
2024-09-04,"HUL2",6.31970833333333,5.67254677031186,0.647161563021474
2024-09-04,"PEMB",4.004625,3.68956533806121,0.315059661938792
2024-09-04,"WFEN",6.668625,5.16232271943867,1.50630228056133
2024-09-04,"OSY",6.62741666666667,4.58639324829882,2.04102341836785
2024-09-04,"ACTH",3.81109090909091,2.79146356968498,1.01962733940593
2024-09-04,"COPP",5.52183333333333,5.32634661359406,0.195486719739267
2024-09-05,"EB",4.88020833333333,5.61867778900803,-0.738469455674695
2024-09-05,"IMGM",11.8662083333333,6.4986206289527,5.36758770438061
2024-09-05,"PRES",4.496,5.34221124476333,-0.846211244763326
2024-09-05,"BIRR",10.874625,6.84445898524667,4.03016601475333
2024-09-05,"BLC2",4.89091666666667,5.94847365242286,-1.05755698575619
2024-09-05,"BOTR",8.34025,6.10882401601094,2.23142598398906
2024-09-05,"GHSR",3.55254166666667,4.9888984123772,-1.43635674571053
2024-09-05,"LEAM",11.9379583333333,5.82093032180719,6.11702801152611
2024-09-05,"NPT3",7.68091666666667,5.34665557834921,2.33426108831746
2024-09-05,"REA1",8.905375,5.40505738552408,3.50031761447592
2024-09-05,"SOUT",4.33175,5.88810199903051,-1.55635199903051
2024-09-05,"WREX",6.059375,5.1808697876102,0.878505212389805
2024-09-05,"LEAR",11.6932083333333,5.63134842625309,6.06185990708022
2024-09-05,"PLYM",3.94354166666667,6.17533886313864,-2.23179719647197
2024-09-05,"SHDG",8.582,6.1358365480556,2.4461634519444
2024-09-05,"SHE",7.02141666666667,6.0624624575615,0.958954209105175
2024-09-05,"BEL2",5.05104166666667,5.75073686635052,-0.699695199683849
2024-09-05,"GLKP",3.51408333333333,4.79987584246156,-1.28579250912823
2024-09-05,"LECU",12.1354583333333,5.91899290579635,6.21646542753695
2024-09-05,"SUN2",5.49429166666667,5.71109772897018,-0.216806062303514
2024-09-05,"TRAN",5.05104166666667,5.58265352078923,-0.531611854122561
2024-09-05,"STOK",7.45883333333333,6.13224285421686,1.32659047911647
2024-09-05,"BEX",12.1540416666667,6.37055099251628,5.78349067415042
2024-09-05,"SEND",12.0921666666667,6.38276930209057,5.70939736457612
2024-09-05,"HUL2",10.44125,6.74448291601307,3.69676708398693
2024-09-05,"PEMB",5.69375,4.6663297826616,1.0274202173384
2024-09-05,"WFEN",13.8089583333333,6.06913215691108,7.73982617642222
2024-09-05,"OSY",13.361,6.37391244581755,6.98708755418245
2024-09-05,"ACTH",3.01208333333333,3.67366145907544,-0.661578125742112
2024-09-05,"COPP",6.032875,5.93856328518599,0.0943117148140056
2024-09-06,"EB",2.03720833333333,6.75130482796419,-4.71409649463086
2024-09-06,"IMGM",25.462875,9.56523195271116,15.8976430472888
2024-09-06,"PRES",16.76,6.65472987471688,10.1052701252831
2024-09-06,"BIRR",28.1654583333333,9.56167202488233,18.603786308451
2024-09-06,"BLC2",17.114,7.20007643779181,9.91392356220819
2024-09-06,"BOTR",24.7524583333333,8.21795295593774,16.5345053773956
2024-09-06,"GHSR",15.3567083333333,5.78063473894288,9.57607359439042
2024-09-06,"LEAM",27.9069166666667,9.33251999423573,18.574396672431
2024-09-06,"NPT3",14.6639583333333,7.84934989132403,6.81460844200927
2024-09-06,"REA1",9.29741666666667,8.16114735560114,1.13626931106553
2024-09-06,"SOUT",3.507125,6.64692136595136,-3.13979636595136
2024-09-06,"WREX",22.3389166666667,6.97053601675808,15.3683806499086
2024-09-06,"LEAR",27.3449583333333,9.13959693449273,18.2053613988406
2024-09-06,"PLYM",4.414375,7.06294301151104,-2.64856801151104
2024-09-06,"SHDG",27.1856666666667,8.61477602596249,18.5708906407042
2024-09-06,"SHE",24.5145833333333,7.96889232702563,16.5456910063077
2024-09-06,"BEL2",14.9822916666667,7.1930387214862,7.7892529451805
2024-09-06,"GLKP",15.5916666666667,5.56851041802297,10.0231562486437
2024-09-06,"LECU",26.5557083333333,9.48727530112143,17.0684330322119
2024-09-06,"SUN2",24.3565,7.04750519952021,17.3089948004798
2024-09-06,"TRAN",20.892375,6.85248671131196,14.039888288688
2024-09-06,"STOK",22.9472083333333,7.95022441692715,14.9969839164062
2024-09-06,"BEX",14.4970416666667,9.87592477921498,4.62111688745172
2024-09-06,"SEND",17.4164583333333,9.64473641850198,7.77172191483132
2024-09-06,"HUL2",26.5410416666667,9.48236127721264,17.0586803894541
2024-09-06,"PEMB",10.3086666666667,6.50534489325486,3.80332177341183
2024-09-06,"WFEN",30.73125,9.92861091959654,20.8026390804035
2024-09-06,"OSY",18.9210833333333,10.0488734008755,8.87220993245781
2024-09-06,"ACTH",6.59691666666667,4.58942035486141,2.00749631180526
2024-09-06,"COPP",22.0254166666667,7.35440780837706,14.6710088582896
2024-09-07,"EB",5.57791666666667,10.7991817942473,-5.22126512758062
2024-09-07,"IMGM",19.676625,19.6297085474656,0.0469164525344148
2024-09-07,"PRES",14.2277083333333,16.2941302912634,-2.06642195793009
2024-09-07,"BIRR",21.5772916666667,21.0082329465427,0.569058720123969
2024-09-07,"BLC2",14.2729583333333,16.8261035799103,-2.55314524657705
2024-09-07,"BOTR",21.0879583333333,19.362885212915,1.72507312041827
2024-09-07,"GHSR",14.482125,15.2703019719431,-0.788176971943143
2024-09-07,"LEAM",26.5125,20.2586823539102,6.25381764608978
2024-09-07,"NPT3",7.51766666666667,15.4859448002496,-7.96827813358297
2024-09-07,"REA1",9.95679166666667,13.3448599469339,-3.38806828026727
2024-09-07,"SOUT",7.21004166666667,11.4576397009814,-4.2475980343147
2024-09-07,"WREX",22.1374583333333,18.0790396433109,4.05841869002237
2024-09-07,"LEAR",25.1445,19.9485911940806,5.19590880591943
2024-09-07,"PLYM",4.38479166666667,12.3486403215171,-7.96384865485043
2024-09-07,"SHDG",22.9236666666667,20.5573835888425,2.36628307782421
2024-09-07,"SHE",19.5678333333333,19.522437726351,0.0453956069823143
2024-09-07,"BEL2",17.945375,15.9639279228411,1.98144707715893
2024-09-07,"GLKP",14.8005,15.1601597398907,-0.359659739890722
2024-09-07,"LECU",22.7515833333333,19.838788469436,2.91279486389734
2024-09-07,"SUN2",17.9010833333333,19.1298525595824,-1.22876922624913
2024-09-07,"TRAN",17.9275416666667,17.8183337368426,0.109207929824109
2024-09-07,"STOK",17.486375,18.7646837347099,-1.27830873470989
2024-09-07,"BEX",10.342,15.752488916559,-5.41048891655901
2024-09-07,"SEND",8.43458333333333,16.6354469245913,-8.20086359125795
2024-09-07,"HUL2",20.3410416666667,20.4870654608624,-0.146023794195656
2024-09-07,"PEMB",5.852125,13.2899933868707,-7.4378683868707
2024-09-07,"WFEN",13.6457916666667,21.194578074154,-7.54878640748726
2024-09-07,"OSY",10.50225,17.1110639085346,-6.60881390853458
2024-09-07,"ACTH",7.483375,11.0282562932683,-3.54488129326834
2024-09-07,"COPP",20.0070416666667,18.3713652873222,1.6356763793445
2024-09-08,"EB",2.42529166666667,8.65263567803484,-6.22734401136817
2024-09-08,"IMGM",9.23341666666667,13.7908570857654,-4.55744041909878
2024-09-08,"PRES",10.6565833333333,11.6800414068178,-1.02345807348449
2024-09-08,"BIRR",8.750125,14.8190823647858,-6.06895736478581
2024-09-08,"BLC2",10.6476666666667,12.0982137490535,-1.45054708238683
2024-09-08,"BOTR",9.63158333333333,14.269588124578,-4.63800479124471
2024-09-08,"GHSR",16.6293333333333,11.2770058943069,5.35232743902641
2024-09-08,"LEAM",6.31783333333333,16.0128207386627,-9.69498740532935
2024-09-08,"NPT3",3.87579166666667,9.23843745760685,-5.36264579094018
2024-09-08,"REA1",4.40845833333333,10.0842137561459,-5.6757554228126
2024-09-08,"SOUT",5.08845833333333,9.34212758572977,-4.25366925239644
2024-09-08,"WREX",7.57666666666667,14.2706901125081,-6.69402344584147
2024-09-08,"LEAR",6.06816666666667,15.4086633148494,-9.34049664818275
2024-09-08,"PLYM",6.42691666666667,8.83160443805356,-2.40468777138689
2024-09-08,"SHDG",12.5029166666667,15.2111605985079,-2.70824393184118
2024-09-08,"SHE",10.8668333333333,13.9385092197915,-3.07167588645815
2024-09-08,"BEL2",11.4525,13.4194342832151,-1.96693428321512
2024-09-08,"GLKP",16.3552083333333,11.1938320438735,5.16137628945978
2024-09-08,"LECU",6.08308333333333,14.7224439942043,-8.63936066087101
2024-09-08,"SUN2",7.26125,12.9672583379556,-5.70600833795563
2024-09-08,"TRAN",13.5270833333333,12.9924793921097,0.534603941223553
2024-09-08,"STOK",7.651375,13.0191579495735,-5.36778294957353
2024-09-08,"BEX",4.39470833333333,10.6800362185808,-6.28532788524743
2024-09-08,"SEND",5.24083333333333,9.73175129694315,-4.49091796360982
2024-09-08,"HUL2",10.9835833333333,14.4588786335658,-3.47529530023251
2024-09-08,"PEMB",6.305,8.07312255697757,-1.76812255697757
2024-09-08,"WFEN",7.03325,11.1215473775439,-4.08829737754391
2024-09-08,"OSY",4.80258333333333,10.4125767727751,-5.60999343944176
2024-09-08,"ACTH",5.19458333333333,7.80576909931182,-2.61118576597849
2024-09-08,"COPP",7.11975,13.8939910732456,-6.77424107324559
2024-09-09,"EB",4.04079166666667,4.35250535151451,-0.311713684847844
2024-09-09,"IMGM",4.49191666666667,6.92390911831156,-2.43199245164489
2024-09-09,"PRES",6.15766666666667,7.31230639070009,-1.15463972403341
2024-09-09,"BIRR",6.6795,7.08043846017921,-0.400938460179211
2024-09-09,"BLC2",6.2855,7.71485608660527,-1.42935608660527
2024-09-09,"BOTR",6.52216666666667,6.99671587262841,-0.474549205961742
2024-09-09,"GHSR",5.20254166666667,9.00401095872329,-3.80146929205662
2024-09-09,"LEAM",6.46133333333333,5.46977341586618,0.991559917467154
2024-09-09,"NPT3",6.48479166666667,4.91092851507667,1.57386315159
2024-09-09,"REA1",5.87558333333333,4.93797640804944,0.937606925283885
2024-09-09,"SOUT",5.59641666666667,5.42165664117317,0.174760025493502
2024-09-09,"WREX",6.38070833333333,5.79778363041819,0.58292470291514
2024-09-09,"LEAR",6.101625,5.29155859931798,0.810066400682023
2024-09-09,"PLYM",7.18070833333333,6.50750928426714,0.67319904906619
2024-09-09,"SHDG",4.34266666666667,8.33058512465504,-3.98791845798837
2024-09-09,"SHE",4.626625,7.70495128859705,-3.07832628859705
2024-09-09,"BEL2",7.1865,7.89007774332231,-0.70357774332231
2024-09-09,"GLKP",4.87129166666667,8.7001180826769,-3.82882641601023
2024-09-09,"LECU",5.81766666666667,5.52051957545525,0.297147091211422
2024-09-09,"SUN2",4.50675,6.03709748320533,-1.53034748320533
2024-09-09,"TRAN",6.65291666666667,8.32370940562153,-1.67079273895486
2024-09-09,"STOK",6.99683333333333,6.37286192649087,0.623971406842464
2024-09-09,"BEX",6.41508333333333,5.45531149024475,0.959771843088577
2024-09-09,"SEND",6.03966666666667,5.59670130384505,0.442965362821616
2024-09-09,"HUL2",4.53420833333333,8.00015259329189,-3.46594425995856
2024-09-09,"PEMB",6.94183333333333,5.22396458533416,1.71786874799917
2024-09-09,"WFEN",5.29775,5.83654074922053,-0.538790749220532
2024-09-09,"OSY",5.020625,5.34099147690762,-0.32036647690762
2024-09-09,"ACTH",2.973625,3.86390355402383,-0.890278554023832
2024-09-09,"COPP",6.823875,6.06726922249732,0.75660577750268
2024-09-10,"EB",5.42545833333333,4.97915068128181,0.44630765205152
2024-09-10,"IMGM",4.68166666666667,5.30030167118988,-0.618635004523208
2024-09-10,"PRES",5.408875,5.67962123736861,-0.270746237368606
2024-09-10,"BIRR",6.123375,6.48070243515847,-0.357327435158473
2024-09-10,"BLC2",5.76854166666667,6.13361599481206,-0.365074328145391
2024-09-10,"BOTR",5.32325,5.99237494931207,-0.669124949312073
2024-09-10,"GHSR",3.37554166666667,4.72224729701777,-1.3467056303511
2024-09-10,"LEAM",5.681,5.79644523689861,-0.11544523689861
2024-09-10,"NPT3",6.20283333333333,5.91270482162346,0.290128511709873
2024-09-10,"REA1",5.37245833333333,5.54414625846054,-0.171687925127211
2024-09-10,"SOUT",5.172,5.62311776372362,-0.451117763723617
2024-09-10,"WREX",4.268875,5.5470696843326,-1.2781946843326
2024-09-10,"LEAR",5.454,5.56135734874512,-0.107357348745117
2024-09-10,"PLYM",6.7385,6.74009561461971,-0.00159561461970625
2024-09-10,"SHDG",4.924375,5.44002685769985,-0.515651857699852
2024-09-10,"SHE",4.98133333333333,5.50099427925743,-0.519660945924104
2024-09-10,"BEL2",4.353375,6.38575815681158,-2.03238315681158
2024-09-10,"GLKP",2.95995833333333,4.40572154116627,-1.44576320783294
2024-09-10,"LECU",5.59170833333333,5.64491563049567,-0.0532072971623405
2024-09-10,"SUN2",3.087625,5.15249350711774,-2.06486850711774
2024-09-10,"TRAN",5.26633333333333,5.82294948497307,-0.556616151639742
2024-09-10,"STOK",4.46441666666667,6.25469150441752,-1.79027483775084
2024-09-10,"BEX",5.36554166666667,6.2722020556215,-0.906660388954831
2024-09-10,"SEND",5.66825,5.9213684502691,-0.253118450269104
2024-09-10,"HUL2",5.18875,5.72815308888336,-0.539403088883357
2024-09-10,"PEMB",5.28104166666667,5.43610266642882,-0.155060999762154
2024-09-10,"WFEN",5.64166666666667,5.27148014413178,0.370186522534886
2024-09-10,"OSY",5.61716666666667,5.48656215491969,0.130604511746979
2024-09-10,"ACTH",1.90641666666667,3.05672425855937,-1.1503075918927
2024-09-10,"COPP",4.42508333333333,6.12593374078525,-1.70085040745192
2024-09-11,"EB",2.11875,5.48129319559425,-3.36254319559425
2024-09-11,"IMGM",2.00570833333333,5.45127094794095,-3.44556261460762
2024-09-11,"PRES",2.986375,5.47937312407282,-2.49299812407282
2024-09-11,"BIRR",3.188875,6.31687043342467,-3.12799543342467
2024-09-11,"BLC2",3.70870833333333,6.01729170373089,-2.30858337039756
2024-09-11,"BOTR",2.57366666666667,5.60535020272176,-3.03168353605509
2024-09-11,"GHSR",2.33,4.22228594218583,-1.89228594218583
2024-09-11,"LEAM",2.71620833333333,5.51766338799157,-2.80145505465824
2024-09-11,"NPT3",3.03658333333333,5.78306650803135,-2.74648317469802
2024-09-11,"REA1",2.71325,5.34900919676853,-2.63575919676853
2024-09-11,"SOUT",3.00416666666667,5.47095305715271,-2.46678639048604
2024-09-11,"WREX",2.81933333333333,4.79426197033173,-1.9749286369984
2024-09-11,"LEAR",2.49016666666667,5.33332770987858,-2.84316104321191
2024-09-11,"PLYM",4.22175,6.57779935942095,-2.35604935942095
2024-09-11,"SHDG",2.20029166666667,5.78544220546692,-3.58515053880025
2024-09-11,"SHE",2.168875,5.73466008859002,-3.56578508859002
2024-09-11,"BEL2",3.67825,5.409922549975,-1.731672549975
2024-09-11,"GLKP",1.87691666666667,3.87533772807795,-1.99842106141128
2024-09-11,"LECU",2.82629166666667,5.5774146960663,-2.75112302939963
2024-09-11,"SUN2",1.73841666666667,4.67877226011269,-2.94035559344602
2024-09-11,"TRAN",4.07045833333333,5.42060521386907,-1.35014688053574
2024-09-11,"STOK",2.976625,5.33826401534269,-2.36163901534269
2024-09-11,"BEX",2.617875,5.86665429222312,-3.24877929222312
2024-09-11,"SEND",2.50291666666667,5.78465153483253,-3.28173486816586
2024-09-11,"HUL2",2.26816666666667,6.07591730481586,-3.80775063814919
2024-09-11,"PEMB",3.03066666666667,4.82401233814723,-1.79334567148056
2024-09-11,"WFEN",2.71225,5.43628288372008,-2.72403288372008
2024-09-11,"OSY",2.33695833333333,5.71683131341634,-3.37987298008301
2024-09-11,"ACTH",1.19991666666667,2.70570348854187,-1.5057868218752
2024-09-11,"COPP",2.953,5.25384899174772,-2.30084899174772
2024-09-12,"EB",2.19141666666667,3.21139936305581,-1.01998269638914
2024-09-12,"IMGM",3.44754166666667,3.43227241287789,0.0152692537887837
2024-09-12,"PRES",2.87541666666667,3.56779383908685,-0.692377172420177
2024-09-12,"BIRR",3.04241666666667,4.21282378737817,-1.1704071207115
2024-09-12,"BLC2",2.3595,4.23674010992165,-1.87724010992165
2024-09-12,"BOTR",2.949125,3.57906990474492,-0.629944904744922
2024-09-12,"GHSR",2.65629166666667,2.83638737619514,-0.180095709528466
2024-09-12,"LEAM",2.68079166666667,3.40562230330518,-0.724830636638508
2024-09-12,"NPT3",2.44004166666667,3.58920998625692,-1.14916831959025
2024-09-12,"REA1",2.03420833333333,3.34619338288717,-1.31198504955384
2024-09-12,"SOUT",2.49904166666667,3.64905553871989,-1.15001387205322
2024-09-12,"WREX",2.08041666666667,3.26278511312379,-1.18236844645712
2024-09-12,"LEAR",2.334,3.21973077007425,-0.885730770074249
2024-09-12,"PLYM",2.98345833333333,4.62688638828475,-1.64342805495142
2024-09-12,"SHDG",2.99525,3.74296969097397,-0.747719690973966
2024-09-12,"SHE",3.53970833333333,3.66271378889328,-0.123005455559951
2024-09-12,"BEL2",3.96133333333333,4.17574878676291,-0.214415453429579
2024-09-12,"GLKP",2.31330434782609,2.47675996951135,-0.163455621685262
2024-09-12,"LECU",3.21433333333333,3.53125828206523,-0.3169249487319
2024-09-12,"SUN2",2.76670833333333,3.17449379083272,-0.407785457499392
2024-09-12,"TRAN",2.19725,3.97266729421524,-1.77541729421524
2024-09-12,"STOK",2.382,3.79867187228036,-1.41667187228036
2024-09-12,"BEX",2.16179166666667,3.83893320720955,-1.67714154054288
2024-09-12,"SEND",2.63525,3.5924227736386,-0.957172773638598
2024-09-12,"HUL2",3.34404166666667,3.95959390589998,-0.61555223923331
2024-09-12,"PEMB",2.732875,2.98933658329667,-0.256461583296673
2024-09-12,"WFEN",2.85579166666667,3.32115957945022,-0.465367912783554
2024-09-12,"OSY",2.653375,3.46810405857728,-0.81472905857728
2024-09-12,"ACTH",1.30016666666667,1.43447743499182,-0.134310768325152
2024-09-12,"COPP",2.06458333333333,3.71815258530008,-1.65356925196675
2024-09-13,"EB",3.22825,3.63849710333651,-0.410247103336512
2024-09-13,"IMGM",4.16583333333333,4.35755623501496,-0.191722901681631
2024-09-13,"PRES",4.43195833333333,3.91412754623188,0.517830787101452
2024-09-13,"BIRR",6.65095833333333,4.55337740752819,2.09758092580514
2024-09-13,"BLC2",3.76483333333333,4.11908707325032,-0.354253739916986
2024-09-13,"BOTR",5.51795833333333,4.11032800446481,1.40763032886852
2024-09-13,"GHSR",4.05166666666667,3.32489243329594,0.726774233370731
2024-09-13,"LEAM",4.885125,3.78775240948218,1.09737259051782
2024-09-13,"NPT3",4.07929166666667,3.76634733736952,0.312944329297148
2024-09-13,"REA1",4.826125,3.48546388870569,1.34066111129431
2024-09-13,"SOUT",3.50045833333333,3.84568570579359,-0.34522737246026
2024-09-13,"WREX",3.16233333333333,3.36245387251835,-0.200120539185018
2024-09-13,"LEAR",5.07179166666667,3.55710988851558,1.51468177815109
2024-09-13,"PLYM",4.45858333333333,4.55690664349426,-0.098323310160934
2024-09-13,"SHDG",4.78183333333333,4.42928297213543,0.352550361197904
2024-09-13,"SHE",5.69866666666667,4.56365802442217,1.1350086422445
2024-09-13,"BEL2",4.49783333333333,4.64291164721868,-0.145078313885348
2024-09-13,"GLKP",3.63795833333333,3.00659494911528,0.631363384218049
2024-09-13,"LECU",5.73016666666667,4.06740642475242,1.66276024191425
2024-09-13,"SUN2",3.012,3.92745845511825,-0.915458455118246
2024-09-13,"TRAN",3.220375,3.6484348090067,-0.428059809006697
2024-09-13,"STOK",4.82508333333333,3.95235064836272,0.872732684970608
2024-09-13,"BEX",5.68395833333333,4.06208224915769,1.62187608417564
2024-09-13,"SEND",3.82866666666667,4.03959096819956,-0.21092430153289
2024-09-13,"HUL2",4.990125,4.75281468461196,0.237310315388043
2024-09-13,"PEMB",2.72508333333333,3.26397111676553,-0.538887783432197
2024-09-13,"WFEN",3.353,3.76908335391515,-0.41608335391515
2024-09-13,"OSY",4.42304166666667,3.98512820534222,0.437913461324449
2024-09-13,"ACTH",2.26125,1.83435336434174,0.426896635658264
2024-09-13,"COPP",4.90766666666667,3.76275702988911,1.14490963677756
2024-09-14,"EB",3.828625,4.86107351805253,-1.03244851805253
2024-09-14,"IMGM",4.66295833333333,5.44239967974657,-0.779441346413238
2024-09-14,"PRES",3.95045833333333,5.33189702166005,-1.38143868832672
2024-09-14,"BIRR",6.27370833333333,6.73191239101468,-0.458204057681351
2024-09-14,"BLC2",5.07970833333333,5.49866470148439,-0.418956368151057
2024-09-14,"BOTR",4.85854166666667,5.8961417080499,-1.03760004138323
2024-09-14,"GHSR",3.31070833333333,4.67665446456756,-1.36594613123423
2024-09-14,"LEAM",4.10495833333333,5.44443726381886,-1.33947893048553
2024-09-14,"NPT3",5.48545833333333,5.22175185860906,0.263706474724266
2024-09-14,"REA1",4.591375,5.36911280084587,-0.777737800845872
2024-09-14,"SOUT",4.99908333333333,5.06346026449726,-0.064376931163932
2024-09-14,"WREX",3.62620833333333,4.61341966873627,-0.987211335402942
2024-09-14,"LEAR",3.73725,5.41317674198984,-1.67592674198984
2024-09-14,"PLYM",4.30720833333333,5.96074456077552,-1.65353622744219
2024-09-14,"SHDG",4.029125,5.91923697653056,-1.89011197653056
2024-09-14,"SHE",4.287625,6.18328262998887,-1.89565762998887
2024-09-14,"BEL2",3.75695833333333,5.67708754628074,-1.92012921294741
2024-09-14,"GLKP",2.7525,4.33056993692082,-1.57806993692082
2024-09-14,"LECU",4.42408333333333,5.83340273804365,-1.40931940471032
2024-09-14,"SUN2",3.71766666666667,4.84301281580849,-1.12534614914182
2024-09-14,"TRAN",3.73525,4.89395167631813,-1.15870167631813
2024-09-14,"STOK",3.81979166666667,5.70554324997109,-1.88575158330442
2024-09-14,"BEX",6.17925,6.21307418138323,-0.0338241813832276
2024-09-14,"SEND",6.21379166666667,5.31932145701336,0.894470209653311
2024-09-14,"HUL2",6.1085,6.18666922386463,-0.0781692238646272
2024-09-14,"PEMB",3.20175,4.10485426392987,-0.90310426392987
2024-09-14,"WFEN",4.442,4.79071122155038,-0.348711221550381
2024-09-14,"OSY",5.66129166666667,5.47570536421452,0.185586302452151
2024-09-14,"ACTH",1.38166666666667,3.02846765305656,-1.64680098638989
2024-09-14,"COPP",3.744125,5.66837776250384,-1.92425276250384
2024-09-15,"EB",3.79129166666667,4.81177480515501,-1.02048313848834
2024-09-15,"IMGM",3.03354166666667,5.35943421814432,-2.32589255147765
2024-09-15,"PRES",3.78341666666667,4.87428631717514,-1.09086965050847
2024-09-15,"BIRR",5.47954166666667,6.28337827681791,-0.80383661015124
2024-09-15,"BLC2",3.26554166666667,5.70877801955777,-2.4432363528911
2024-09-15,"BOTR",4.658,5.35803756024009,-0.700037560240092
2024-09-15,"GHSR",3.90625,4.12523661629433,-0.218986616294326
2024-09-15,"LEAM",4.57845833333333,4.86684448639892,-0.288386153065591
2024-09-15,"NPT3",4.18733333333333,5.46231997487868,-1.27498664154535
2024-09-15,"REA1",4.04579166666667,4.98513298586631,-0.93934131919964
2024-09-15,"SOUT",5.550375,5.34746804537113,0.202906954628872
2024-09-15,"WREX",2.341875,4.51289931186716,-2.17102431186716
2024-09-15,"LEAR",4.440875,4.62250973251872,-0.181634732518723
2024-09-15,"PLYM",4.64033333333333,5.62661563769058,-0.986282304357252
2024-09-15,"SHDG",2.58454166666667,5.35783267898906,-2.77329101232239
2024-09-15,"SHE",2.39091666666667,5.37260762243134,-2.98169095576467
2024-09-15,"BEL2",3.68025,5.13806780409694,-1.45781780409694
2024-09-15,"GLKP",3.38729166666667,3.72663399613191,-0.339342329465243
2024-09-15,"LECU",4.93416666666667,5.0564754323471,-0.122308765680435
2024-09-15,"SUN2",1.09179166666667,4.84412174280993,-3.75233007614326
2024-09-15,"TRAN",2.62279166666667,4.81317309053317,-2.1903814238665
2024-09-15,"STOK",3.71475,5.04110509821085,-1.32635509821085
2024-09-15,"BEX",3.679375,6.08905553591893,-2.40968053591893
2024-09-15,"SEND",4.82208333333333,5.92900777398669,-1.10692444065336
2024-09-15,"HUL2",4.46045833333333,6.32051376864883,-1.8600554353155
2024-09-15,"PEMB",2.26329166666667,4.02476422561139,-1.76147255894472
2024-09-15,"WFEN",4.75441666666667,4.93021553550201,-0.175798868835338
2024-09-15,"OSY",6.13908333333333,5.65218339663646,0.486899936696865
2024-09-15,"ACTH",2.073625,2.43194354312636,-0.358318543126364
2024-09-15,"COPP",3.05520833333333,4.93954915034829,-1.88434081701496
2024-09-16,"EB",3.75583333333333,4.50112268725669,-0.745289353923357
2024-09-16,"IMGM",3.23208333333333,4.46041101009783,-1.2283276767645
2024-09-16,"PRES",6.17625,4.53115628332064,1.64509371667936
2024-09-16,"BIRR",6.54391666666667,5.70640086552951,0.837515801137163
2024-09-16,"BLC2",4.396625,4.72953092828809,-0.33290592828809
2024-09-16,"BOTR",4.94795833333333,5.00505784912709,-0.0570995157937633
2024-09-16,"GHSR",4.68554166666667,4.06837539938363,0.61716626728304
2024-09-16,"LEAM",4.058625,4.76533210001361,-0.706707100013607
2024-09-16,"NPT3",4.87825,4.67294884712168,0.205301152878321
2024-09-16,"REA1",3.43758333333333,4.49820238035127,-1.06061904701794
2024-09-16,"SOUT",4.57158333333333,5.24196393732551,-0.670380603992181
2024-09-16,"WREX",3.91320833333333,3.74220629454047,0.171002038792863
2024-09-16,"LEAR",3.872875,4.61423998314899,-0.741364983148993
2024-09-16,"PLYM",3.80791666666667,5.46404092818914,-1.65612426152247
2024-09-16,"SHDG",4.19725,4.54528594272244,-0.34803594272244
2024-09-16,"SHE",7.67895833333333,4.40203070890763,3.2769276244257
2024-09-16,"BEL2",5.98454166666667,4.8321405849086,1.15240108175807
2024-09-16,"GLKP",4.32291666666667,3.68639538539522,0.636521281271454
2024-09-16,"LECU",3.43845833333333,4.97608981486316,-1.53763148152983
2024-09-16,"SUN2",3.63891666666667,3.57291352652252,0.0660031401441548
2024-09-16,"TRAN",6.25008333333333,4.10542441711413,2.1446589162192
2024-09-16,"STOK",5.3705,4.72848796513536,0.642012034864643
2024-09-16,"BEX",4.469375,4.86755886391366,-0.398183863913658
2024-09-16,"SEND",4.68641666666667,5.09086820129234,-0.404451534625668
2024-09-16,"HUL2",5.33995833333333,5.4056445151784,-0.06568618184507
2024-09-16,"PEMB",2.86658333333333,3.38203173747494,-0.515448404141607
2024-09-16,"WFEN",3.7275,4.74210792718412,-1.01460792718412
2024-09-16,"OSY",4.206875,5.52319718421334,-1.31632218421334
2024-09-16,"ACTH",2.47645833333333,2.41280026120672,0.0636580721266049
2024-09-16,"COPP",5.75275,4.41288834517042,1.33986165482958
2024-09-17,"EB",3.22233333333333,4.97174936997685,-1.74941603664352
2024-09-17,"IMGM",4.69833333333333,5.04065830850334,-0.342324975170015
2024-09-17,"PRES",7.15025,5.90331893451197,1.24693106548803
2024-09-17,"BIRR",6.923125,6.59540744328069,0.327717556719306
2024-09-17,"BLC2",7.39975,5.65793988913506,1.74181011086494
2024-09-17,"BOTR",5.04933333333333,5.59859964838769,-0.549266315054361
2024-09-17,"GHSR",4.60495833333333,4.83174934298897,-0.22679100965564
2024-09-17,"LEAM",3.77066666666667,5.04914493766208,-1.27847827099541
2024-09-17,"NPT3",5.19370833333333,5.43084790245877,-0.237139569125442
2024-09-17,"REA1",3.59870833333333,4.76394690856457,-1.16523857523124
2024-09-17,"SOUT",5.053125,5.35461517376981,-0.301490173769807
2024-09-17,"WREX",6.16845833333333,4.82609612762399,1.34236220570934
2024-09-17,"LEAR",3.62608333333333,4.87689369699694,-1.25081036366361
2024-09-17,"PLYM",5.21620833333333,5.63406472539881,-0.417856392065484
2024-09-17,"SHDG",4.59316666666667,5.64681247197245,-1.05364580530578
2024-09-17,"SHE",6.11241666666667,6.87175763959144,-0.759340972924773
2024-09-17,"BEL2",6.51333333333333,6.17019831186736,0.343135021465967
2024-09-17,"GLKP",3.942625,4.50712476600739,-0.564499766007389
2024-09-17,"LECU",3.47779166666667,4.89781973841743,-1.42002807175076
2024-09-17,"SUN2",5.03933333333333,5.0376459355022,0.00168739783113381
2024-09-17,"TRAN",7.894125,5.94856023549619,1.94556476450381
2024-09-17,"STOK",3.546625,5.8266726736947,-2.2800476736947
2024-09-17,"BEX",3.31770833333333,5.67947213546089,-2.36176380212756
2024-09-17,"SEND",3.30283333333333,5.54387036995714,-2.24103703662381
2024-09-17,"HUL2",8.77558333333333,6.2384511915711,2.53713214176223
2024-09-17,"PEMB",4.30916666666667,4.10228726662216,0.206879400044513
2024-09-17,"WFEN",3.08958333333333,4.84036876668861,-1.75078543335528
2024-09-17,"OSY",3.208625,5.28367131849947,-2.07504631849947
2024-09-17,"ACTH",2.28283333333333,3.0353101968085,-0.752476863475168
2024-09-17,"COPP",4.78875,5.90545835577812,-1.11670835577812
2024-09-18,"EB",10.5611666666667,4.80072249186178,5.76044417480492
2024-09-18,"IMGM",5.368625,5.60715798892534,-0.238532988925341
2024-09-18,"PRES",6.42495833333333,6.25584644132034,0.169111892012988
2024-09-18,"BIRR",7.24354166666667,6.74669694057384,0.496844726092831
2024-09-18,"BLC2",7.09025,6.78041503499795,0.309834965002051
2024-09-18,"BOTR",6.69720833333333,5.65810456300712,1.03910377032621
2024-09-18,"GHSR",5.26254166666667,4.81679365365187,0.445748013014796
2024-09-18,"LEAM",6.67370833333333,4.97606453022632,1.69764380310701
2024-09-18,"NPT3",8.31766666666667,5.5638959400893,2.75377072657737
2024-09-18,"REA1",8.93275,4.85852186398151,4.07422813601849
2024-09-18,"SOUT",9.30233333333333,5.57323883691027,3.72909449642306
2024-09-18,"WREX",7.31633333333333,5.66514853006085,1.65118480327248
2024-09-18,"LEAR",6.50854166666667,4.81975887359341,1.68878279307326
2024-09-18,"PLYM",11.3257083333333,6.19393629056566,5.13177204276764
2024-09-18,"SHDG",8.07108333333333,5.79639667466391,2.27468665866942
2024-09-18,"SHE",7.48925,6.24133982153938,1.24791017846062
2024-09-18,"BEL2",12.6985416666667,6.35905360419803,6.33948806246867
2024-09-18,"GLKP",5.28116666666667,4.37887774689243,0.902288919774238
2024-09-18,"LECU",5.95820833333333,4.96005098650592,0.99815734682741
2024-09-18,"SUN2",3.53479166666667,5.54593669466066,-2.01114502799399
2024-09-18,"TRAN",7.048875,6.53155898670705,0.517316013292947
2024-09-18,"STOK",5.2565,5.15321691494595,0.103283085054051
2024-09-18,"BEX",9.717,5.26753196879504,4.44946803120497
2024-09-18,"SEND",9.64920833333333,5.05933538441497,4.58987294891836
2024-09-18,"HUL2",5.67804166666667,7.52478776156819,-1.84674609490152
2024-09-18,"PEMB",7.16783333333333,4.65419044950096,2.51364288383237
2024-09-18,"WFEN",8.71675,4.64493245114064,4.07181754885935
2024-09-18,"OSY",8.650875,4.96776915278578,3.68310584721422
2024-09-18,"ACTH",3.09358333333333,2.98389396361429,0.109689369719036
2024-09-18,"COPP",6.64120833333333,5.53558028445364,1.10562804887969
2024-09-19,"EB",24.779,8.74660751106052,16.0323924889395
2024-09-19,"IMGM",17.2102916666667,7.05359116398054,10.1567005026862
2024-09-19,"PRES",7.313375,7.19231200139897,0.121062998601032
2024-09-19,"BIRR",18.865125,8.07915609820411,10.7859689017959
2024-09-19,"BLC2",6.02208333333333,7.84171098618166,-1.81962765284833
2024-09-19,"BOTR",14.6129583333333,7.48638010082748,7.12657823250582
2024-09-19,"GHSR",6.10254166666667,6.28079183971732,-0.178250173050653
2024-09-19,"LEAM",16.776875,7.27497832301947,9.50189667698053
2024-09-19,"NPT3",18.1210833333333,7.93596930103141,10.1851140323019
2024-09-19,"REA1",23.3246666666667,8.05164083041194,15.2730258362548
2024-09-19,"SOUT",21.9360416666667,8.35981943417658,13.5762222324901
2024-09-19,"WREX",13.4483333333333,7.2771625365877,6.1711707967456
2024-09-19,"LEAR",16.3228333333333,7.11045388567686,9.21237944765645
2024-09-19,"PLYM",22.32225,9.65639978537049,12.6658502146295
2024-09-19,"SHDG",14.2266666666667,8.29845103861579,5.92821562805091
2024-09-19,"SHE",12.03925,7.99321285921318,4.04603714078682
2024-09-19,"BEL2",10.9582083333333,9.86223082390961,1.09597750942369
2024-09-19,"GLKP",6.352125,6.09948272491324,0.252642275086758
2024-09-19,"LECU",16.17925,7.0976718366186,9.0815781633814
2024-09-19,"SUN2",4.41641666666667,6.18755444306792,-1.77113777640125
2024-09-19,"TRAN",8.885625,7.41393250987353,1.47169249012647
2024-09-19,"STOK",13.5442727272727,7.032185426006,6.5120873012667
2024-09-19,"BEX",25.464,8.87422333395564,16.5897766660444
2024-09-19,"SEND",26.7463333333333,8.64976087198829,18.096572461345
2024-09-19,"HUL2",12.9030416666667,7.54690241535423,5.35613925131247
2024-09-19,"PEMB",14.6532083333333,6.91174490246652,7.74146343086678
2024-09-19,"WFEN",24.0689523809524,7.95815823441502,16.1107941465374
2024-09-19,"OSY",26.6825416666667,8.21767292408357,18.4648687425831
2024-09-19,"ACTH",5.04816666666667,4.50626725390092,0.541899412765746
2024-09-19,"COPP",13.829652173913,7.45499347882958,6.37465869508342
2024-09-20,"EB",21.8928333333333,17.5373855060444,4.35544782728891
2024-09-20,"IMGM",20.800125,15.060035507246,5.74008949275398
2024-09-20,"PRES",16.7080416666667,11.1607349803266,5.54730668634013
2024-09-20,"BIRR",24.443,16.0090987863857,8.43390121361434
2024-09-20,"BLC2",17.7772083333333,11.0792438411675,6.6979644921658
2024-09-20,"BOTR",21.437875,14.0242180903392,7.41365690966082
2024-09-20,"GHSR",8.859,10.2113642342005,-1.35236423420053
2024-09-20,"LEAM",23.1929166666667,14.6051681797724,8.58774848689435
2024-09-20,"NPT3",20.9512916666667,15.1519224334871,5.79936923317961
2024-09-20,"REA1",21.393625,16.9357833836436,4.45784161635638
2024-09-20,"SOUT",21.992,16.6081766797597,5.38382332024028
2024-09-20,"WREX",23.17325,13.1613309632557,10.0119190367443
2024-09-20,"LEAR",22.827375,14.3339135839591,8.49346141604086
2024-09-20,"PLYM",23.02075,17.2714091217141,5.74934087828587
2024-09-20,"SHDG",22.5688333333333,14.1578058982918,8.41102743504149
2024-09-20,"SHE",19.9705416666667,13.2879624332637,6.68257923340297
2024-09-20,"BEL2",13.349125,12.757210249538,0.591914750462035
2024-09-20,"GLKP",8.7795,10.1058185192648,-1.32631851926477
2024-09-20,"LECU",23.1349583333333,14.4776192308802,8.65733910245313
2024-09-20,"SUN2",16.827,10.1646818323777,6.66231816762229
2024-09-20,"TRAN",18.9955909090909,11.7354349168268,7.26015599226406
2024-09-20,"STOK",21.4859583333333,13.7069629615446,7.77899537178869
2024-09-20,"BEX",24.650375,18.2450776616957,6.40529733830426
2024-09-20,"SEND",25.2752916666667,18.5215907998858,6.75370086678089
2024-09-20,"HUL2",22.0304583333333,13.8971523170308,8.13330601630248
2024-09-20,"PEMB",18.3874166666667,13.2726968031016,5.11471986356506
2024-09-20,"WFEN",22.835125,17.193860378244,5.64126462175595
2024-09-20,"OSY",24.3160416666667,18.4487640269396,5.8672776397271
2024-09-20,"ACTH",7.98445833333333,8.84758093681429,-0.863122603480964
2024-09-20,"COPP",19.6197083333333,13.7204228074145,5.89928552591878
2024-09-21,"EB",12.9490833333333,17.2113332859996,-4.26224995266628
2024-09-21,"IMGM",24.38,17.1675196895822,7.21248031041779
2024-09-21,"PRES",18.1123333333333,15.5765964549052,2.53573687842808
2024-09-21,"BIRR",20.765625,18.856310155807,1.90931484419299
2024-09-21,"BLC2",18.4032083333333,16.3978152108467,2.00539312248661
2024-09-21,"BOTR",19.8320833333333,17.3868128534472,2.44527047988615
2024-09-21,"GHSR",13.5377916666667,12.1685044365929,1.36928723007377
2024-09-21,"LEAM",19.8379166666667,17.7847797281148,2.05313693855186
2024-09-21,"NPT3",19.1835,17.007319323845,2.17618067615495
2024-09-21,"REA1",18.8877083333333,16.9610928601127,1.92661547322061
2024-09-21,"SOUT",14.2974583333333,17.3949753937466,-3.09751706041333
2024-09-21,"WREX",18.81,17.6240440553145,1.18595594468548
2024-09-21,"LEAR",19.5019166666667,17.5504734878686,1.95144317879811
2024-09-21,"PLYM",19.0822083333333,18.3198399859264,0.762368347406888
2024-09-21,"SHDG",24.983375,18.1078783937973,6.87549660620273
2024-09-21,"SHE",20.93075,17.1089274150224,3.82182258497761
2024-09-21,"BEL2",18.4219166666667,14.6160744352738,3.80584223139286
2024-09-21,"GLKP",13.3864166666667,11.9377095708064,1.44870709586034
2024-09-21,"LECU",20.1720416666667,17.8554768884885,2.31656477817816
2024-09-21,"SUN2",21.4309583333333,15.698021077821,5.73293725551229
2024-09-21,"TRAN",21.1115416666667,16.4026553209059,4.70888634576081
2024-09-21,"STOK",18.1872916666667,17.4779573852747,0.709334281392017
2024-09-21,"BEX",23.0505,18.6648713559585,4.38562864404148
2024-09-21,"SEND",24.4811666666667,18.6783744510328,5.80279221563387
2024-09-21,"HUL2",25.8648333333333,18.1227565800897,7.74207675324355
2024-09-21,"PEMB",20.1397083333333,15.4963988188048,4.6433095145285
2024-09-21,"WFEN",22.511875,17.4636563042152,5.04821869578477
2024-09-21,"OSY",24.3319166666667,18.2603286760164,6.07158799065026
2024-09-21,"ACTH",12.636625,10.8552991042809,1.78132589571915
2024-09-21,"COPP",17.838125,16.7100803645314,1.1280446354686
2024-09-22,"EB",7.28095833333333,13.0030582189805,-5.72209988564719
2024-09-22,"IMGM",15.7665416666667,17.5059263570724,-1.73938469040569
2024-09-22,"PRES",16.7474166666667,15.0253761104465,1.72204055622021
2024-09-22,"BIRR",15.5838333333333,16.4773204815224,-0.893487148189083
2024-09-22,"BLC2",16.1842916666667,15.5242531917908,0.660038474875948
2024-09-22,"BOTR",16.0446666666667,15.7573764496983,0.287290216968401
2024-09-22,"GHSR",12.3378333333333,12.9260535286684,-0.58822019533512
2024-09-22,"LEAM",14.6600416666667,15.5131591129154,-0.853117446248731
2024-09-22,"NPT3",14.5244166666667,15.3753839974368,-0.850967330770137
2024-09-22,"REA1",14.781,15.1242452672824,-0.34324526728237
2024-09-22,"SOUT",7.94716666666667,13.6071602579697,-5.659993591303
2024-09-22,"WREX",19.5696666666667,14.9312269383466,4.63843972832012
2024-09-22,"LEAR",14.2561666666667,15.2885235507568,-1.03235688409015
2024-09-22,"PLYM",8.72454166666667,15.9143493173749,-7.18980765070822
2024-09-22,"SHDG",24.033125,17.9461052330906,6.0870197669094
2024-09-22,"SHE",20.1405416666667,16.4142483522709,3.72629331439579
2024-09-22,"BEL2",17.138375,15.524861844987,1.61351315501298
2024-09-22,"GLKP",12.070625,12.6733679662901,-0.602742966290139
2024-09-22,"LECU",15.002,15.7213500759276,-0.719350075927627
2024-09-22,"SUN2",21.6245,16.2888318349004,5.3356681650996
2024-09-22,"TRAN",20.085625,16.1048007871887,3.98082421281135
2024-09-22,"STOK",16.3464166666667,15.2052396867456,1.1411769799211
2024-09-22,"BEX",15.680125,17.1476169880829,-1.46749198808293
2024-09-22,"SEND",18.8826666666667,17.4691122412549,1.41355442541182
2024-09-22,"HUL2",19.488125,18.4757165153837,1.01240848461628
2024-09-22,"PEMB",10.0305833333333,15.1556173491765,-5.12503401584316
2024-09-22,"WFEN",23.1162083333333,16.4254348756476,6.69077345768567
2024-09-22,"OSY",17.5452916666667,17.3640608676238,0.181230799042854
2024-09-22,"ACTH",13.6214166666667,11.6003943042768,2.02102236238992
2024-09-22,"COPP",16.956625,15.030415454294,1.92620954570604
2024-09-23,"EB",6.47116666666667,9.23851553486291,-2.76734886819624
2024-09-23,"IMGM",17.6396666666667,12.4698225098511,5.16984415681559
2024-09-23,"PRES",7.71033333333333,12.7061426928966,-4.99580935956323
2024-09-23,"BIRR",15.5524166666667,12.8171292174206,2.73528744924614
2024-09-23,"BLC2",7.663125,12.8998245153036,-5.23669951530358
2024-09-23,"BOTR",12.6651666666667,12.583963765208,0.0812029014586813
2024-09-23,"GHSR",20.5916666666667,10.6207856027939,9.97088106387283
2024-09-23,"LEAM",14.592375,11.8497769649022,2.74259803509778
2024-09-23,"NPT3",6.44554166666667,11.8813564623543,-5.43581479568764
2024-09-23,"REA1",6.46420833333333,11.8454980401675,-5.38128970683412
2024-09-23,"SOUT",7.41354166666667,9.57189092968357,-2.1583492630169
2024-09-23,"WREX",11.4799583333333,13.4821883474318,-2.00223001409853
2024-09-23,"LEAR",14.319125,11.5995687207583,2.71955627924168
2024-09-23,"PLYM",8.77754166666667,10.3402864249015,-1.56274475823481
2024-09-23,"SHDG",17.4657916666667,15.765956526212,1.69983514045468
2024-09-23,"SHE",16.3032083333333,14.314335610301,1.98887272303233
2024-09-23,"BEL2",13.2547083333333,13.1829534301633,0.0717549031700049
2024-09-23,"GLKP",19.445875,10.326219401518,9.11965559848201
2024-09-23,"LECU",15.1121666666667,12.055224392867,3.05694227379967
2024-09-23,"SUN2",20.6456666666667,14.5009252855314,6.1447413811353
2024-09-23,"TRAN",10.3362083333333,13.9009175220512,-3.56470918871788
2024-09-23,"STOK",11.5526666666667,12.7773859005746,-1.22471923390791
2024-09-23,"BEX",7.00875,12.6466534190618,-5.63790341906177
2024-09-23,"SEND",6.39929166666667,13.6130160174603,-7.21372435079362
2024-09-23,"HUL2",19.046875,14.2646511925958,4.78222380740424
2024-09-23,"PEMB",9.321,9.59169349731495,-0.270693497314946
2024-09-23,"WFEN",12.7634583333333,14.8606728418451,-2.09721450851179
2024-09-23,"OSY",6.60475,13.0561076235457,-6.45135762354573
2024-09-23,"ACTH",15.8314166666667,10.1049472124678,5.72646945419889
2024-09-23,"COPP",9.93616666666667,12.9361596543191,-2.99999298765242
2024-09-24,"EB",4.35333333333333,7.82918001403465,-3.47584668070132
2024-09-24,"IMGM",5.72033333333333,12.0969032086106,-6.3765698752773
2024-09-24,"PRES",4.47725,8.18667904108334,-3.70942904108334
2024-09-24,"BIRR",6.076125,11.6891743298325,-5.61304932983253
2024-09-24,"BLC2",4.00254166666667,8.58380208958326,-4.58126042291659
2024-09-24,"BOTR",5.31845833333333,10.1954849639366,-4.87702663060332
2024-09-24,"GHSR",9.355375,12.5051329624789,-3.14975796247887
2024-09-24,"LEAM",5.89720833333333,10.7083352610375,-4.8111269277042
2024-09-24,"NPT3",6.36795833333333,7.76433736909996,-1.39637903576663
2024-09-24,"REA1",6.60179166666667,7.63237834038021,-1.03058667371354
2024-09-24,"SOUT",6.33558333333333,8.27469633698312,-1.93911300364979
2024-09-24,"WREX",4.55691666666667,9.28312915211825,-4.72621248545158
2024-09-24,"LEAR",5.84420833333333,10.5075001916883,-4.66329185835496
2024-09-24,"PLYM",7.566875,9.31813660669411,-1.75126160669411
2024-09-24,"SHDG",5.26829166666667,12.1555502799107,-6.88725861324403
2024-09-24,"SHE",5.32820833333333,11.7130743461111,-6.38486601277777
2024-09-24,"BEL2",3.50229166666667,10.5716296029352,-7.0693379362685
2024-09-24,"GLKP",9.46341666666667,11.8867245554964,-2.42330788882972
2024-09-24,"LECU",6.48970833333333,10.9795561329593,-4.48984779962599
2024-09-24,"SUN2",9.88395833333333,12.9445566679156,-3.06059833458226
2024-09-24,"TRAN",4.19316666666667,9.11265704519743,-4.91949037853076
2024-09-24,"STOK",5.247625,9.83690660455904,-4.58928160455904
2024-09-24,"BEX",6.65108333333333,8.34915725054834,-1.69807391721501
2024-09-24,"SEND",6.67366666666667,7.87768169811289,-1.20401503144622
2024-09-24,"HUL2",6.46908333333333,13.0020613946326,-6.5329780612993
2024-09-24,"PEMB",4.61975,8.28343205493871,-3.66368205493871
2024-09-24,"WFEN",6.793375,9.82540627473489,-3.03203127473489
2024-09-24,"OSY",5.72620833333333,7.90949249471865,-2.18328416138532
2024-09-24,"ACTH",5.24175,9.71862973562207,-4.47687973562207
2024-09-24,"COPP",5.34983333333333,9.15688321765893,-3.8070498843256
2024-09-25,"EB",3.369625,4.47143055751196,-1.10180555751196
2024-09-25,"IMGM",5.48645833333333,5.06912151277397,0.417336820559358
2024-09-25,"PRES",4.63733333333333,4.53420335615318,0.103129977180154
2024-09-25,"BIRR",6.11454166666667,5.59394981893962,0.520591847727047
2024-09-25,"BLC2",4.54408333333333,4.76551122703304,-0.22142789369971
2024-09-25,"BOTR",4.60795833333333,4.93746915253816,-0.32951081920483
2024-09-25,"GHSR",2.09120833333333,5.6385363431091,-3.54732800977578
2024-09-25,"LEAM",3.90333333333333,4.90303509688145,-0.999701763548117
2024-09-25,"NPT3",5.08258333333333,5.26715892498528,-0.184575591651945
2024-09-25,"REA1",4.03216666666667,5.21834376528421,-1.18617709861754
2024-09-25,"SOUT",3.81875,5.29823803761652,-1.47948803761652
2024-09-25,"WREX",4.609875,4.24990331419316,0.359971685806835
2024-09-25,"LEAR",3.86004166666667,4.78192048656026,-0.921878819893585
2024-09-25,"PLYM",5.62591666666667,6.2840636127083,-0.658146946041632
2024-09-25,"SHDG",5.25745833333333,5.14624642961287,0.11121190372046
2024-09-25,"SHE",5.11695833333333,5.11738960103653,-0.000431267703202565
2024-09-25,"BEL2",3.89841666666667,4.42957220012519,-0.531155533458519
2024-09-25,"GLKP",2.04616666666667,5.49731707487669,-3.45115040821002
2024-09-25,"LECU",4.30525,5.19863331055318,-0.893383310553179
2024-09-25,"SUN2",2.42420833333333,6.38673476434996,-3.96252643101663
2024-09-25,"TRAN",4.04579166666667,4.39231547343881,-0.346523806772136
2024-09-25,"STOK",4.72979166666667,4.98518663384541,-0.255394967178743
2024-09-25,"BEX",3.94266666666667,5.75674113195377,-1.8140744652871
2024-09-25,"SEND",3.78158333333333,5.57432370006182,-1.79274036672849
2024-09-25,"HUL2",5.53066666666667,5.76365009879567,-0.232983432128997
2024-09-25,"PEMB",3.99379166666667,3.9670984800199,0.0266931866467672
2024-09-25,"WFEN",4.54608333333333,5.17783238266057,-0.63174904932724
2024-09-25,"OSY",3.53479166666667,5.15676964869363,-1.62197798202696
2024-09-25,"ACTH",1.24033333333333,3.17863120175584,-1.93829786842251
2024-09-25,"COPP",3.73033333333333,4.9739980374994,-1.24366470416607
2024-09-26,"EB",4.38279166666667,4.24531809746945,0.137473569197216
2024-09-26,"IMGM",6.13104166666667,5.26195315188432,0.869088514782351
2024-09-26,"PRES",4.410375,4.74791806646401,-0.337543066464006
2024-09-26,"BIRR",3.72245833333333,5.85248578909627,-2.13002745576294
2024-09-26,"BLC2",4.47616666666667,5.12670979779179,-0.65054313112512
2024-09-26,"BOTR",5.64366666666667,4.88787116575823,0.755795500908439
2024-09-26,"GHSR",2.28283333333333,3.21684954867444,-0.93401621534111
2024-09-26,"LEAM",2.78504166666667,4.39737087789422,-1.61232921122755
2024-09-26,"NPT3",2.410625,4.89990243064965,-2.48927743064965
2024-09-26,"REA1",3.18591666666667,4.37218169108437,-1.1862650244177
2024-09-26,"SOUT",3.61725,4.48913797123086,-0.871887971230859
2024-09-26,"WREX",5.813625,4.47706177900001,1.33656322099999
2024-09-26,"LEAR",2.52645833333333,4.27668169563775,-1.75022336230442
2024-09-26,"PLYM",4.199125,5.69023287134855,-1.49110787134855
2024-09-26,"SHDG",8.68620833333333,5.42571915382266,3.26048917951067
2024-09-26,"SHE",8.25470833333333,5.30500589898892,2.94970243434441
2024-09-26,"BEL2",4.34766666666667,4.82461309096705,-0.476946424300377
2024-09-26,"GLKP",2.23954166666667,3.00085940576703,-0.761317739100359
2024-09-26,"LECU",3.70091666666667,4.6213120984159,-0.920395431749227
2024-09-26,"SUN2",6.48779166666667,3.88575177117354,2.60203989549313
2024-09-26,"TRAN",5.965,4.53402009365077,1.43097990634923
2024-09-26,"STOK",5.77829166666667,4.9919712409054,0.78632042576127
2024-09-26,"BEX",3.30591666666667,4.86628880670013,-1.56037214003346
2024-09-26,"SEND",3.20658333333333,4.60672293751577,-1.40013960418244
2024-09-26,"HUL2",4.32395833333333,5.70493442090263,-1.3809760875693
2024-09-26,"PEMB",1.19991666666667,3.91072985087081,-2.71081318420414
2024-09-26,"WFEN",3.18295833333333,4.5390393332617,-1.35608099992837
2024-09-26,"OSY",3.28016666666667,4.46536313884765,-1.18519647218098
2024-09-26,"ACTH",2.466625,1.95646375705478,0.510161242945222
2024-09-26,"COPP",8.04054166666667,4.54787314655947,3.4926685201072
2024-09-27,"EB",3.03158333333333,5.04131283348543,-2.0097295001521
2024-09-27,"IMGM",4.50370833333333,5.91059275507294,-1.40688442173961
2024-09-27,"PRES",3.229125,5.06798369880432,-1.83885869880432
2024-09-27,"BIRR",3.256625,5.37213684013072,-2.11551184013072
2024-09-27,"BLC2",2.098125,5.50020671572504,-3.40208171572504
2024-09-27,"BOTR",3.01304166666667,5.68828344191363,-2.67524177524696
2024-09-27,"GHSR",1.92995833333333,3.79890221213612,-1.86894387880279
2024-09-27,"LEAM",3.557375,4.4182181531193,-0.860843153119302
2024-09-27,"NPT3",2.33304166666667,4.33492310952245,-2.00188144285578
2024-09-27,"REA1",2.68879166666667,4.50210927582425,-1.81331760915758
2024-09-27,"SOUT",3.08575,4.85718159961848,-1.77143159961848
2024-09-27,"WREX",2.62870833333333,5.32873924239333,-2.70003090906
2024-09-27,"LEAR",2.662125,4.21762483901785,-1.55549983901785
2024-09-27,"PLYM",3.091625,5.59602068584335,-2.50439568584335
2024-09-27,"SHDG",4.299375,7.10266502280649,-2.80329002280649
2024-09-27,"SHE",4.18529166666667,6.87702379006507,-2.6917321233984
2024-09-27,"BEL2",3.151625,5.39181122185308,-2.24018622185308
2024-09-27,"GLKP",1.48975,3.58576473296107,-2.09601473296107
2024-09-27,"LECU",3.87870833333333,4.83532228744451,-0.956613954111181
2024-09-27,"SUN2",4.016375,5.90515925027428,-1.88878425027428
2024-09-27,"TRAN",2.61404166666667,5.65365546858964,-3.03961380192297
2024-09-27,"STOK",3.84033333333333,5.7943484843368,-1.95401515100347
2024-09-27,"BEX",3.49054166666667,5.07583345828625,-1.58529179161958
2024-09-27,"SEND",2.98445833333333,4.84179029141039,-1.85733195807706
2024-09-27,"HUL2",4.98425,5.67782592244139,-0.693575922441391
2024-09-27,"PEMB",2.644375,3.29108593443523,-0.646710934435235
2024-09-27,"WFEN",2.99820833333333,4.47282628298056,-1.47461794964723
2024-09-27,"OSY",3.13879166666667,4.80903847219741,-1.67024680553074
2024-09-27,"ACTH",1.138,2.87487309642547,-1.73687309642547
2024-09-27,"COPP",2.4785,6.57455805106074,-4.09605805106074
2024-09-28,"EB",2.86366666666667,3.86263979926358,-0.998973132596906
2024-09-28,"IMGM",2.67295833333333,4.63492433455933,-1.961966001226
2024-09-28,"PRES",3.88075,3.97013623987254,-0.0893862398725433
2024-09-28,"BIRR",5.24570833333333,4.57052355510631,0.675184778227016
2024-09-28,"BLC2",2.62683333333333,3.95666465496227,-1.32983132162894
2024-09-28,"BOTR",4.58820833333333,4.03526922285673,0.552939110476599
2024-09-28,"GHSR",3.46795833333333,3.00193565728611,0.466022676047217
2024-09-28,"LEAM",3.975,4.05699682045655,-0.0819968204565504
2024-09-28,"NPT3",3.9535,3.68118425652992,0.27231574347008
2024-09-28,"REA1",5.23991666666667,3.66664362932837,1.5732730373383
2024-09-28,"SOUT",5.13275,3.99969623781231,1.13305376218769
2024-09-28,"WREX",2.591375,3.46794342396451,-0.87656842396451
2024-09-28,"LEAR",3.56516666666667,3.62362218419368,-0.0584555175270145
2024-09-28,"PLYM",4.387875,4.54277398844513,-0.154898988445132
2024-09-28,"SHDG",3.911125,4.7645273865205,-0.853402386520497
2024-09-28,"SHE",3.81183333333333,4.66067743123306,-0.84884409789973
2024-09-28,"BEL2",5.70070833333333,4.27874658207314,1.42196175126019
2024-09-28,"GLKP",3.00216666666667,2.64171761128725,0.360449055379424
2024-09-28,"LECU",4.49095833333333,4.24642598822756,0.244532345105775
2024-09-28,"SUN2",2.14041666666667,4.26753141736351,-2.12711475069684
2024-09-28,"TRAN",3.163375,3.7210400303544,-0.557665030354401
2024-09-28,"STOK",4.49095833333333,4.39777913498185,0.0931791983514785
2024-09-28,"BEX",6.80829166666667,4.48993564875778,2.31835601790889
2024-09-28,"SEND",4.39166666666667,4.10430476068446,0.28736190598221
2024-09-28,"HUL2",2.77320833333333,5.27636693087227,-2.50315859753894
2024-09-28,"PEMB",2.07358333333333,3.20301038335022,-1.12942705001689
2024-09-28,"WFEN",3.184,3.76053645561467,-0.576536455614671
2024-09-28,"OSY",3.36770833333333,4.09685716933308,-0.729148835999747
2024-09-28,"ACTH",1.5655,1.70149819984063,-0.13599819984063
2024-09-28,"COPP",3.34033333333333,3.78831999333606,-0.447986660002727
2024-09-29,"EB",3.48466666666667,4.36004318045755,-0.875376513790882
2024-09-29,"IMGM",4.55575,4.52023343850097,0.035516561499028
2024-09-29,"PRES",3.533875,4.76872786082831,-1.23485286082831
2024-09-29,"BIRR",5.41166666666667,5.85433435675967,-0.442667690093002
2024-09-29,"BLC2",3.846375,4.72694935778557,-0.880574357785575
2024-09-29,"BOTR",5.00883333333333,5.1968978204536,-0.188064487120272
2024-09-29,"GHSR",2.905875,4.11699612372974,-1.21112112372974
2024-09-29,"LEAM",3.714625,4.74076246498164,-1.02613746498164
2024-09-29,"NPT3",3.40995833333333,4.82283104878301,-1.41287271544968
2024-09-29,"REA1",5.43141666666667,5.15913825179067,0.272278414876005
2024-09-29,"SOUT",5.664375,5.3059103916689,0.358464608331097
2024-09-29,"WREX",3.88866666666667,4.04013137399327,-0.151464707326595
2024-09-29,"LEAR",3.73229166666667,4.49639952208579,-0.764107855419123
2024-09-29,"PLYM",6.55279166666667,5.57913355513048,0.973658111536195
2024-09-29,"SHDG",4.97545833333333,5.22400951151891,-0.248551178185578
2024-09-29,"SHE",6.99395833333333,5.1210691946991,1.87288913863423
2024-09-29,"BEL2",5.744,5.78054871607504,-0.0365487160750382
2024-09-29,"GLKP",2.805625,3.75301493551256,-0.947389935512556
2024-09-29,"LECU",3.669375,5.01086009505078,-1.34148509505078
2024-09-29,"SUN2",4.20108333333333,4.14824533222979,0.0528380011035363
2024-09-29,"TRAN",3.97508333333333,4.51297553448229,-0.537892201148955
2024-09-29,"STOK",4.71708333333333,5.20689636080515,-0.489813027471819
2024-09-29,"BEX",4.67383333333333,6.25664372560953,-1.5828103922762
2024-09-29,"SEND",4.40633333333333,5.16902494489427,-0.76269161156094
2024-09-29,"HUL2",5.24775,4.98783984883456,0.25991015116544
2024-09-29,"PEMB",2.91570833333333,3.51089511822382,-0.595186784890489
2024-09-29,"WFEN",3.94175,4.37219053499682,-0.43044053499682
2024-09-29,"OSY",4.08120833333333,4.72386424469745,-0.642655911364121
2024-09-29,"ACTH",2.38504166666667,2.41917488521725,-0.034133218550584
2024-09-29,"COPP",4.46333333333333,4.72787310709053,-0.264539773757199
2024-09-30,"EB",3.40904166666667,4.78353384852035,-1.37449218185368
2024-09-30,"IMGM",5.67525,5.43515444351274,0.24009555648726
2024-09-30,"PRES",3.414875,4.821825487498,-1.406950487498
2024-09-30,"BIRR",2.60416666666667,6.07817530244715,-3.47400863578048
2024-09-30,"BLC2",2.59925,5.36216537086794,-2.76291537086794
2024-09-30,"BOTR",1.56258333333333,5.52105144406424,-3.95846811073091
2024-09-30,"GHSR",6.27945833333333,4.07759707329249,2.20186126004084
2024-09-30,"LEAM",0.982708333333333,4.82927729490944,-3.8465689615761
2024-09-30,"NPT3",1.251,4.78911423498496,-3.53811423498496
2024-09-30,"REA1",1.172375,5.3843492117195,-4.2119742117195
2024-09-30,"SOUT",2.33491666666667,5.6643947963692,-3.32947812970253
2024-09-30,"WREX",1.476,4.71230394533152,-3.23630394533152
2024-09-30,"LEAR",1.062375,4.73631099235478,-3.67393599235478
2024-09-30,"PLYM",3.96029166666667,6.55355353794258,-2.59326187127591
2024-09-30,"SHDG",3.294,5.81492531279594,-2.52092531279594
2024-09-30,"SHE",3.02283333333333,6.49640177570317,-3.47356844236984
2024-09-30,"BEL2",3.81379166666667,5.95087872992114,-2.13708706325447
2024-09-30,"GLKP",6.15766666666667,3.8494153770354,2.30825128963127
2024-09-30,"LECU",1.1635,4.8886479575313,-3.7251479575313
2024-09-30,"SUN2",9.29141666666667,5.12971898335656,4.16169768331011
2024-09-30,"TRAN",2.63075,4.99679463030932,-2.36604463030932
2024-09-30,"STOK",2.18554166666667,5.47230162851875,-3.28675996185208
2024-09-30,"BEX",1.35216666666667,5.60906145669732,-4.25689479003065
2024-09-30,"SEND",2.210125,5.34519180327587,-3.13506680327587
2024-09-30,"HUL2",5.814625,6.12747681224077,-0.312851812240772
2024-09-30,"PEMB",1.62745833333333,4.02211247474815,-2.39465414141482
2024-09-30,"WFEN",1.45729166666667,4.84125313454536,-3.38396146787869
2024-09-30,"OSY",2.64154166666667,5.17591149940999,-2.53436983274332
2024-09-30,"ACTH",5.37354166666667,2.90765050586699,2.46589116079968
2024-09-30,"COPP",1.66475,5.32252420212026,-3.65777420212026
2024-10-01,"EB",1.711875,3.99784209404114,-2.28596709404114
2024-10-01,"IMGM",6.31091666666667,5.07408074070428,1.23683592596239
2024-10-01,"PRES",4.52441666666667,4.03400030158829,0.490416365078375
2024-10-01,"BIRR",4.70820833333333,4.286891693776,0.421316639557327
2024-10-01,"BLC2",4.90575,4.13382092411787,0.771929075882128
2024-10-01,"BOTR",3.59779166666667,3.4894475611149,0.108344105551766
2024-10-01,"GHSR",7.47941666666667,4.58685300980268,2.89256365686399
2024-10-01,"LEAM",3.22633333333333,3.07213579927904,0.154197534054291
2024-10-01,"NPT3",3.06025,3.2483279563866,-0.188077956386601
2024-10-01,"REA1",2.05975,3.05490988646653,-0.995159886466531
2024-10-01,"SOUT",2.36145833333333,3.67446323526247,-1.31300490192914
2024-10-01,"WREX",4.86245833333333,3.05101339024919,1.81144494308414
2024-10-01,"LEAR",2.82241666666667,2.99598442710502,-0.173567760438346
2024-10-01,"PLYM",4.71704166666667,4.81314252968824,-0.096100863021567
2024-10-01,"SHDG",5.42358333333333,4.42789773310624,0.995685600227091
2024-10-01,"SHE",5.29975,4.23057091755868,1.06917908244132
2024-10-01,"BEL2",8.82279166666667,4.48639301395294,4.33639865271373
2024-10-01,"GLKP",7.24054166666667,4.34542669046925,2.89511497619742
2024-10-01,"LECU",3.04925,3.2233346426133,-0.174084642613299
2024-10-01,"SUN2",12.1099166666667,6.23725516861576,5.87266149805094
2024-10-01,"TRAN",5.41079166666667,3.73830757890264,1.67248408776403
2024-10-01,"STOK",5.41566666666667,3.78239265296501,1.63327401370166
2024-10-01,"BEX",2.82241666666667,3.66040649926715,-0.837989832600484
2024-10-01,"SEND",2.81054166666667,3.78256678093894,-0.972025114272266
2024-10-01,"HUL2",6.135,5.55313788100966,0.58186211899034
2024-10-01,"PEMB",4.6305,2.78396599956141,1.84653400043859
2024-10-01,"WFEN",3.99766666666667,3.161133218108,0.836533448558668
2024-10-01,"OSY",2.75166666666667,3.88351812510655,-1.13185145843988
2024-10-01,"ACTH",7.61983333333333,3.25434077151921,4.36549256181412
2024-10-01,"COPP",4.29445833333333,3.52076340115277,0.77369493218056
2024-10-02,"EB",2.54133333333333,4.46520390746823,-1.9238705741349
2024-10-02,"IMGM",5.449125,6.3885350297406,-0.939410029740603
2024-10-02,"PRES",4.79270833333333,5.54185616380532,-0.749147830471993
2024-10-02,"BIRR",5.21229166666667,6.20191677153742,-0.989625104870746
2024-10-02,"BLC2",3.769625,6.10138729584133,-2.33176229584133
2024-10-02,"BOTR",4.056625,5.38816785753917,-1.33154285753917
2024-10-02,"GHSR",4.5695,6.07791684440316,-1.50841684440316
2024-10-02,"LEAM",4.17558333333333,5.03778735834092,-0.862204025007586
2024-10-02,"NPT3",3.86395833333333,5.04479582717465,-1.18083749384132
2024-10-02,"REA1",3.74225,4.54006812196735,-0.797818121967352
2024-10-02,"SOUT",3.31370833333333,4.8273022310207,-1.51359389768737
2024-10-02,"WREX",4.81925,5.43548121202144,-0.616231212021436
2024-10-02,"LEAR",3.88270833333333,4.78157835203823,-0.898870018704898
2024-10-02,"PLYM",4.65520833333333,6.22590784845384,-1.57069951512051
2024-10-02,"SHDG",5.93758333333333,6.33617159838603,-0.398588265052698
2024-10-02,"SHE",5.30558333333333,6.22640062965557,-0.920817296322242
2024-10-02,"BEL2",7.05679166666667,7.46505621615053,-0.408264549483858
2024-10-02,"GLKP",4.56166666666667,5.79342200159264,-1.23175533492597
2024-10-02,"LECU",4.66683333333333,5.0531406987906,-0.386307365457275
2024-10-02,"SUN2",7.63958333333333,8.30325942328907,-0.663676089955742
2024-10-02,"TRAN",4.811375,5.88271818105324,-1.07134318105324
2024-10-02,"STOK",4.141125,6.11065158503151,-1.96952658503151
2024-10-02,"BEX",3.58108333333333,5.34801902821179,-1.76693569487846
2024-10-02,"SEND",3.590875,5.13170515095603,-1.54083015095603
2024-10-02,"HUL2",6.3395,6.75873583466478,-0.419235834664783
2024-10-02,"PEMB",2.949125,5.01018927076796,-2.06106427076796
2024-10-02,"WFEN",4.42720833333333,5.23316572851489,-0.805957395181556
2024-10-02,"OSY",3.22529166666667,5.04011252131563,-1.81482085464896
2024-10-02,"ACTH",3.90141666666667,5.13861010141043,-1.23719343474376
2024-10-02,"COPP",4.537125,5.63041659567653,-1.09329159567653
2024-10-03,"EB",3.15058333333333,4.36344691489972,-1.21286358156639
2024-10-03,"IMGM",3.99275,5.6265882732172,-1.6338382732172
2024-10-03,"PRES",4.24141666666667,5.1917753698304,-0.95035870316373
2024-10-03,"BIRR",5.63883333333333,5.92487530746067,-0.286041974127335
2024-10-03,"BLC2",3.83266666666667,5.21374270510292,-1.38107603843625
2024-10-03,"BOTR",4.47720833333333,5.09535268021443,-0.618144346881104
2024-10-03,"GHSR",4.5735,4.54902599526151,0.0244740047384946
2024-10-03,"LEAM",4.228625,4.92366770526014,-0.695042705260144
2024-10-03,"NPT3",5.60841666666667,4.88300852671254,0.725408139954132
2024-10-03,"REA1",4.43591666666667,4.71714252673164,-0.281225860064974
2024-10-03,"SOUT",4.74841666666667,4.74621859352928,0.00219807313738851
2024-10-03,"WREX",6.18604166666667,4.9372053463046,1.24883632036207
2024-10-03,"LEAR",4.03695833333333,4.71556228497847,-0.678603951645144
2024-10-03,"PLYM",5.49333333333333,5.75859758570309,-0.265264252369758
2024-10-03,"SHDG",5.48545833333333,6.06243641982383,-0.576978086490499
2024-10-03,"SHE",5.17591666666667,5.76227108823172,-0.586354421565045
2024-10-03,"BEL2",5.22408333333333,6.30513230823811,-1.08104897490478
2024-10-03,"GLKP",3.92191666666667,4.3518166986706,-0.429900032003929
2024-10-03,"LECU",3.88466666666667,5.19178790845876,-1.30712124179209
2024-10-03,"SUN2",3.59770833333333,6.17293714347894,-2.57522881014561
2024-10-03,"TRAN",5.59354166666667,5.18710228929689,0.406439377369782
2024-10-03,"STOK",4.70920833333333,5.15842481767326,-0.449216484339927
2024-10-03,"BEX",5.180875,5.17442542201028,0.00644957798972268
2024-10-03,"SEND",4.13125,4.97866394586034,-0.847413945860335
2024-10-03,"HUL2",7.60725,6.39638406863233,1.21086593136767
2024-10-03,"PEMB",3.91720833333333,3.91050291652504,0.0067054168082854
2024-10-03,"WFEN",3.44441666666667,4.92222408959246,-1.47780742292579
2024-10-03,"OSY",3.447375,4.78049749828528,-1.33312249828528
2024-10-03,"ACTH",1.96158333333333,3.29510809220877,-1.33352475887544
2024-10-03,"COPP",5.40095833333333,5.24895249102014,0.152005842313194
2024-10-04,"EB",4.716125,4.65499681372562,0.0611281862743844
2024-10-04,"IMGM",4.44191666666667,5.17718873613172,-0.735272069465053
2024-10-04,"PRES",5.38525,5.06143160903239,0.32381839096761
2024-10-04,"BIRR",9.4055,6.15341799238934,3.25208200761066
2024-10-04,"BLC2",6.3405,5.33122862147645,1.00927137852354
2024-10-04,"BOTR",7.60025,5.32233940657624,2.27791059342376
2024-10-04,"GHSR",4.858625,4.6701787359043,0.1884462640957
2024-10-04,"LEAM",6.15366666666667,5.00742065867929,1.14624600798738
2024-10-04,"NPT3",7.81933333333333,5.59551744077309,2.22381589256024
2024-10-04,"REA1",7.36825,5.02768508510849,2.34056491489151
2024-10-04,"SOUT",7.25533333333333,5.34182799225585,1.91350534107748
2024-10-04,"WREX",9.54016666666667,5.52198594739814,4.01818071926853
2024-10-04,"LEAR",5.87558333333333,4.83521342388051,1.04036990945282
2024-10-04,"PLYM",6.275625,6.14777838066806,0.127846619331942
2024-10-04,"SHDG",7.74775,5.965295307746,1.782454692254
2024-10-04,"SHE",10.61325,5.79191621870976,4.82133378129024
2024-10-04,"BEL2",8.08866666666667,5.72932341268595,2.35934325398072
2024-10-04,"GLKP",4.72875,4.23113687783115,0.497613122168848
2024-10-04,"LECU",6.375875,4.95647736601654,1.41939763398346
2024-10-04,"SUN2",6.65595833333333,4.81758517024976,1.83837316308357
2024-10-04,"TRAN",8.96129166666667,5.56329168416862,3.39799998249805
2024-10-04,"STOK",7.844,5.46501890807977,2.37898109192023
2024-10-04,"BEX",8.86808333333333,5.83398472888977,3.03409860444355
2024-10-04,"SEND",4.78975,5.24540341632265,-0.455653416322649
2024-10-04,"HUL2",8.65275,6.94090345935711,1.71184654064288
2024-10-04,"PEMB",5.8835,4.37115286312256,1.51234713687743
2024-10-04,"WFEN",4.904625,4.62969013918778,0.274934860812222
2024-10-04,"OSY",2.99133333333333,4.93372811318269,-1.94239477984936
2024-10-04,"ACTH",3.369625,2.70772350112491,0.66190149887509
2024-10-04,"COPP",7.73204166666667,5.6432734788277,2.08876818783897
2024-10-05,"EB",4.47804166666667,6.28663352704356,-1.80859186037689
2024-10-05,"IMGM",11.534,6.4249584929687,5.1090415070313
2024-10-05,"PRES",8.73441666666667,6.5535388147517,2.18087785191497
2024-10-05,"BIRR",9.17845833333333,8.6031898808564,0.575268452476932
2024-10-05,"BLC2",9.76425,7.31984407756656,2.44440592243344
2024-10-05,"BOTR",9.93116666666667,7.53373768849449,2.39742897817218
2024-10-05,"GHSR",5.97791666666667,5.83614355457677,0.141773112089903
2024-10-05,"LEAM",8.78241666666667,6.78025910962437,2.0021575570423
2024-10-05,"NPT3",8.61445833333333,7.44991567307001,1.16454266026332
2024-10-05,"REA1",7.721,7.16449479470341,0.556505205296587
2024-10-05,"SOUT",6.1625,7.31035273638053,-1.14785273638053
2024-10-05,"WREX",9.97754166666667,7.80537451652662,2.17216715014005
2024-10-05,"LEAR",8.58983333333333,6.57457765820696,2.01525567512637
2024-10-05,"PLYM",6.90554166666667,7.48592977431942,-0.58038810765275
2024-10-05,"SHDG",12.503,7.87035703162147,4.63264296837853
2024-10-05,"SHE",11.271625,8.86866963901547,2.40295536098453
2024-10-05,"BEL2",9.67091666666667,7.87741026048024,1.79350640618643
2024-10-05,"GLKP",5.654625,5.59966124131449,0.0549637586855072
2024-10-05,"LECU",8.92016666666667,6.9511037947511,1.96906287191557
2024-10-05,"SUN2",13.8769166666667,7.06923495467034,6.80768171199636
2024-10-05,"TRAN",9.8655,7.86014645139277,2.00535354860723
2024-10-05,"STOK",10.2702916666667,7.6786465958043,2.5916450708624
2024-10-05,"BEX",9.1825,8.23742373318914,0.945076266810863
2024-10-05,"SEND",7.99833333333333,6.54197810433768,1.45635522899565
2024-10-05,"HUL2",12.6759583333333,8.370385728149,4.3055726051843
2024-10-05,"PEMB",6.884,6.14609821011455,0.737901789885453
2024-10-05,"WFEN",10.1268333333333,6.24522579779605,3.88160753553725
2024-10-05,"OSY",8.842375,5.82195464074452,3.02042035925548
2024-10-05,"ACTH",6.38470833333333,4.31771247296534,2.06699586036799
2024-10-05,"COPP",9.387875,7.55487319497991,1.83300180502009
2024-10-06,"EB",3.841375,6.97526025357003,-3.13388525357003
2024-10-06,"IMGM",6.3875,9.845445348541,-3.457945348541
2024-10-06,"PRES",5.837375,8.57729358871798,-2.73991858871798
2024-10-06,"BIRR",5.94333333333333,9.26421273888545,-3.32087940555212
2024-10-06,"BLC2",5.88354166666667,9.35159085517182,-3.46804918850515
2024-10-06,"BOTR",7.11591666666667,9.15173733753119,-2.03582067086452
2024-10-06,"GHSR",8.357,7.04610715262744,1.31089284737256
2024-10-06,"LEAM",4.77195833333333,8.52585472218559,-3.75389638885226
2024-10-06,"NPT3",4.56766666666667,8.5120472390181,-3.94438057235143
2024-10-06,"REA1",4.264875,8.05234101612417,-3.78746601612417
2024-10-06,"SOUT",3.62233333333333,7.66874427137646,-4.04641093804313
2024-10-06,"WREX",5.84116666666667,8.71850029839573,-2.87733363172906
2024-10-06,"LEAR",4.81829166666667,8.35309487738902,-3.53480321072235
2024-10-06,"PLYM",5.12183333333333,8.50742384668517,-3.38559051335184
2024-10-06,"SHDG",7.37529166666667,10.3989526253063,-3.02366095863959
2024-10-06,"SHE",6.65983333333333,9.83367784294303,-3.1738445096097
2024-10-06,"BEL2",5.18079166666667,9.22175479566042,-4.04096312899375
2024-10-06,"GLKP",8.47104166666667,6.73045280949209,1.74058885717458
2024-10-06,"LECU",5.03633333333333,8.65725564978528,-3.62092231645195
2024-10-06,"SUN2",8.94858333333333,10.499900191703,-1.55131685836971
2024-10-06,"TRAN",6.429875,8.94603513768892,-2.51616013768892
2024-10-06,"STOK",6.03191666666667,9.33181294777936,-3.29989628111269
2024-10-06,"BEX",4.414375,9.10019797219316,-4.68582297219317
2024-10-06,"SEND",4.07041666666667,8.52063603150147,-4.4502193648348
2024-10-06,"HUL2",8.130875,10.6452850416792,-2.51441004167917
2024-10-06,"PEMB",3.26558333333333,7.2878424838206,-4.02225915048727
2024-10-06,"WFEN",4.497875,8.95837626782974,-4.46050126782974
2024-10-06,"OSY",4.88120833333333,8.7956770167462,-3.91446868341287
2024-10-06,"ACTH",7.80758333333333,6.21388684651883,1.5936964868145
2024-10-06,"COPP",5.95133333333333,8.93416198364655,-2.98282865031322
2024-10-07,"EB",5.18475,4.75399528524528,0.430754714754717
2024-10-07,"IMGM",6.22458333333333,5.8477632262184,0.376820107114928
2024-10-07,"PRES",5.15920833333333,5.46691851041934,-0.307710177086012
2024-10-07,"BIRR",7.02545833333333,6.08007474118323,0.945383592150103
2024-10-07,"BLC2",5.16691666666667,5.87569891973522,-0.708782253068548
2024-10-07,"BOTR",5.799875,6.08632773271703,-0.286452732717031
2024-10-07,"GHSR",7.839,5.92261510897336,1.91638489102664
2024-10-07,"LEAM",5.224125,5.0133386233947,0.210786376605301
2024-10-07,"NPT3",6.24129166666667,5.01247283326831,1.22881883339836
2024-10-07,"REA1",4.52441666666667,4.7779751588399,-0.253558492173231
2024-10-07,"SOUT",5.20825,4.75455121136447,0.453698788635531
2024-10-07,"WREX",5.58570833333333,5.19088714027778,0.394821193055545
2024-10-07,"LEAR",4.99108333333333,4.92786490161501,0.0632184317183206
2024-10-07,"PLYM",9.725875,5.8486878378482,3.8771871621518
2024-10-07,"SHDG",6.66079166666667,6.44188156202047,0.218910104646205
2024-10-07,"SHE",8.582,6.12674325949001,2.45525674050999
2024-10-07,"BEL2",9.692375,5.54659383182104,4.14578116817896
2024-10-07,"GLKP",7.780125,5.77177535098499,2.00834964901501
2024-10-07,"LECU",5.1405,5.19286953755906,-0.05236953755906
2024-10-07,"SUN2",5.97979166666667,6.58119186409689,-0.601400197430219
2024-10-07,"TRAN",4.4055,5.67132377881037,-1.26582377881037
2024-10-07,"STOK",5.29275,5.73777028601389,-0.445020286013886
2024-10-07,"BEX",4.878125,5.34029555006556,-0.462170550065557
2024-10-07,"SEND",4.581375,5.03035193460365,-0.448976934603645
2024-10-07,"HUL2",7.16291666666667,6.91461414337427,0.248302523292398
2024-10-07,"PEMB",7.31729166666667,3.94402131559401,3.37327035107266
2024-10-07,"WFEN",4.49883333333333,4.80887103889171,-0.310037705558382
2024-10-07,"OSY",4.8645,5.25502433280156,-0.390524332801558
2024-10-07,"ACTH",4.11379166666667,4.70882690743445,-0.59503524076778
2024-10-07,"COPP",4.75929166666667,5.64828810243502,-0.888996435768346
2024-10-08,"EB",4.99608333333333,5.88995798951959,-0.893874656186262
2024-10-08,"IMGM",4.36116666666667,6.49059204855344,-2.12942538188677
2024-10-08,"PRES",6.14779166666667,5.88645942643887,0.2613322402278
2024-10-08,"BIRR",4.870375,7.15666188626339,-2.28628688626339
2024-10-08,"BLC2",6.04570833333333,6.2951553909147,-0.249447057581365
2024-10-08,"BOTR",5.449125,6.26836184256743,-0.819236842567427
2024-10-08,"GHSR",3.360875,6.32552415616839,-2.96464915616839
2024-10-08,"LEAM",4.09995833333333,5.8676940750101,-1.76773574167677
2024-10-08,"NPT3",4.99616666666667,6.31989482766385,-1.32372816099718
2024-10-08,"REA1",4.31108333333333,5.55298211017299,-1.24189877683966
2024-10-08,"SOUT",6.11741666666667,6.0077833641454,0.109633302521272
2024-10-08,"WREX",5.33904166666667,5.78488466987946,-0.445843003212794
2024-10-08,"LEAR",4.1205,5.67527326248638,-1.55477326248638
2024-10-08,"PLYM",10.8865,8.20922564158475,2.67727435841525
2024-10-08,"SHDG",7.111,6.88008130830356,0.230918691696444
2024-10-08,"SHE",6.478875,7.53438415414499,-1.05550915414499
2024-10-08,"BEL2",6.06816666666667,7.91184695759932,-1.84368029093265
2024-10-08,"GLKP",3.49645833333333,6.10432244589356,-2.60786411256023
2024-10-08,"LECU",4.032,5.91646965183912,-1.88446965183912
2024-10-08,"SUN2",7.24554166666667,6.18131849858724,1.06422316807943
2024-10-08,"TRAN",5.08158333333333,5.59985740592325,-0.518274072589922
2024-10-08,"STOK",5.558125,6.15402536115615,-0.595900361156151
2024-10-08,"BEX",4.97241666666667,6.20985245936064,-1.23743579269397
2024-10-08,"SEND",4.509625,5.90530081903671,-1.39567581903671
2024-10-08,"HUL2",5.59841666666667,7.25051960402086,-1.65210293735419
2024-10-08,"PEMB",3.49058333333333,6.12634134582539,-2.63575801249206
2024-10-08,"WFEN",4.05766666666667,5.51936169756207,-1.4616950308954
2024-10-08,"OSY",5.23583333333333,5.93495449574029,-0.699121162406959
2024-10-08,"ACTH",1.721625,3.94889196802376,-2.22726696802376
2024-10-08,"COPP",5.14141666666667,5.88520969597976,-0.743793029313093
2024-10-09,"EB",3.48075,5.35364954186302,-1.87289954186302
2024-10-09,"IMGM",5.00204166666667,5.35548785223532,-0.353446185568653
2024-10-09,"PRES",2.00270833333333,5.81542427156005,-3.81271593822672
2024-10-09,"BIRR",5.23195833333333,5.89556907248875,-0.663610739155415
2024-10-09,"BLC2",1.32075,6.1839968223995,-4.8632468223995
2024-10-09,"BOTR",3.32633333333333,5.71029628147304,-2.38396294813971
2024-10-09,"GHSR",1.44258333333333,4.22679835556073,-2.7842150222274
2024-10-09,"LEAM",3.97804166666667,4.99762100712343,-1.01957934045676
2024-10-09,"NPT3",2.523625,5.38741919350029,-2.86379419350029
2024-10-09,"REA1",2.9835,5.02314128545757,-2.03964128545757
2024-10-09,"SOUT",3.32054166666667,5.87472348431764,-2.55418181765097
2024-10-09,"WREX",3.523,5.25010969386304,-1.72710969386304
2024-10-09,"LEAR",3.572125,4.903174192728,-1.331049192728
2024-10-09,"PLYM",3.757875,8.12587064188187,-4.36799564188187
2024-10-09,"SHDG",3.85225,6.61010445328135,-2.75785445328135
2024-10-09,"SHE",3.62025,6.28044556338771,-2.66019556338771
2024-10-09,"BEL2",2.85870833333333,6.05706975507204,-3.19836142173871
2024-10-09,"GLKP",1.362,4.0801322375795,-2.7181322375795
2024-10-09,"LECU",3.40604166666667,5.05721196454601,-1.65117029787934
2024-10-09,"SUN2",4.655125,6.24595550160991,-1.59083050160991
2024-10-09,"TRAN",2.51675,5.43242728706461,-2.91567728706461
2024-10-09,"STOK",2.60904166666667,5.81592399084068,-3.20688232417401
2024-10-09,"BEX",2.86575,5.79104448302635,-2.92529448302635
2024-10-09,"SEND",2.678875,5.4242955806223,-2.7454205806223
2024-10-09,"HUL2",5.32916666666667,6.23775440014205,-0.908587733475379
2024-10-09,"PEMB",2.42833333333333,4.20316094042647,-1.77482760709314
2024-10-09,"WFEN",2.61595833333333,4.90883334725252,-2.29287501391919
2024-10-09,"OSY",3.03558333333333,5.62570716355662,-2.59012383022329
2024-10-09,"ACTH",1.850375,2.66873116650802,-0.818356166508023
2024-10-09,"COPP",3.117125,5.59688463704954,-2.47975963704954
2024-10-10,"EB",4.489,3.91481000885707,0.574189991142929
2024-10-10,"IMGM",4.51058333333333,4.73962653730072,-0.22904320396739
2024-10-10,"PRES",4.61179166666667,3.38532569645463,1.22646597021204
2024-10-10,"BIRR",4.84083333333333,5.18043159017568,-0.339598256842351
2024-10-10,"BLC2",3.30883333333333,3.54063878451781,-0.231805451184479
2024-10-10,"BOTR",4.75045833333333,4.0487307829314,0.701727550401928
2024-10-10,"GHSR",3.274375,2.70043041249849,0.573944587501507
2024-10-10,"LEAM",4.88608333333333,4.08850500647436,0.797578326858966
2024-10-10,"NPT3",3.41983333333333,3.60915171683717,-0.189318383503841
2024-10-10,"REA1",4.46641666666667,3.65421724350891,0.812199423157762
2024-10-10,"SOUT",4.17258333333333,3.94527197772982,0.227311355603515
2024-10-10,"WREX",3.751,3.70069459491151,0.0503054050884875
2024-10-10,"LEAR",4.11454166666667,3.83240637241322,0.282135294253455
2024-10-10,"PLYM",3.274375,4.58790955868417,-1.31353455868417
2024-10-10,"SHDG",4.83691666666667,4.51613958183271,0.320777084833963
2024-10-10,"SHE",5.36954166666667,4.37149103928255,0.998050627384121
2024-10-10,"BEL2",4.32,4.04003606922582,0.279963930774178
2024-10-10,"GLKP",2.91175,2.47087570242255,0.440874297577449
2024-10-10,"LECU",4.80445833333333,3.96112580293689,0.843332530396445
2024-10-10,"SUN2",4.04695833333333,4.38786106952273,-0.340902736189403
2024-10-10,"TRAN",4.12945833333333,3.59230214423674,0.537156189096595
2024-10-10,"STOK",5.55825,3.83935033618066,1.71889966381934
2024-10-10,"BEX",5.35775,4.12904489983767,1.22870510016233
2024-10-10,"SEND",4.70625,3.86691244357452,0.839337556425478
2024-10-10,"HUL2",6.02795833333333,5.28039274585628,0.747565587477046
2024-10-10,"PEMB",1.7875,2.98457159822099,-1.19707159822099
2024-10-10,"WFEN",4.029125,3.50090729097276,0.528217709027238
2024-10-10,"OSY",3.97791666666667,3.92504627087498,0.0528703957916905
2024-10-10,"ACTH",2.194375,1.87074410126224,0.323630898737759
2024-10-10,"COPP",4.38779166666667,3.96125991344475,0.426531753221918
2024-10-11,"EB",4.13329166666667,5.17868370262477,-1.0453920359581
2024-10-11,"IMGM",5.8785,5.41681884853806,0.461681151461945
2024-10-11,"PRES",5.30754166666667,5.28016569680958,0.0273759698570908
2024-10-11,"BIRR",9.56266666666667,5.89881844603379,3.66384822063288
2024-10-11,"BLC2",2.87141666666667,5.21375163232941,-2.34233496566274
2024-10-11,"BOTR",6.7875,5.47543079733748,1.31206920266252
2024-10-11,"GHSR",2.99525,4.27522394410406,-1.27997394410406
2024-10-11,"LEAM",6.06041666666667,5.29518780478151,0.765228861885163
2024-10-11,"NPT3",5.35191666666667,4.84529777669856,0.506618889968106
2024-10-11,"REA1",5.380375,5.09124876240302,0.289126237596984
2024-10-11,"SOUT",5.55920833333333,5.1697247240832,0.389483609250132
2024-10-11,"WREX",4.01145833333333,4.67982010145476,-0.668361768121431
2024-10-11,"LEAR",6.97425,4.90976790505548,2.06448209494452
2024-10-11,"PLYM",5.62495833333333,5.37992604501179,0.245032288321545
2024-10-11,"SHDG",5.5395,5.79637983084355,-0.25687983084355
2024-10-11,"SHE",6.32379166666667,5.92925896766528,0.394532699001388
2024-10-11,"BEL2",4.724875,5.49615340309017,-0.771278403090173
2024-10-11,"GLKP",2.5895,3.94428705725602,-1.35478705725602
2024-10-11,"LECU",6.72766666666667,5.35674761669244,1.37091904997423
2024-10-11,"SUN2",2.14820833333333,5.06834206831388,-2.92013373498055
2024-10-11,"TRAN",2.89804166666667,5.09523631872653,-2.19719465205986
2024-10-11,"STOK",6.145875,5.84298310651556,0.302891893484444
2024-10-11,"BEX",7.60229166666667,5.95115434007564,1.65113732659103
2024-10-11,"SEND",4.58716666666667,5.51290794595791,-0.925741279291237
2024-10-11,"HUL2",5.358625,6.411671111527,-1.053046111527
2024-10-11,"PEMB",2.93963636363636,3.63094519416695,-0.69130883053059
2024-10-11,"WFEN",5.549375,4.91374015595935,0.635634844040647
2024-10-11,"OSY",3.70183333333333,5.17436056116538,-1.47252722783205
2024-10-11,"ACTH",1.498625,2.86484323532406,-1.36621823532406
2024-10-11,"COPP",4.769125,5.32968615316394,-0.560561153163937
2024-10-12,"EB",2.612125,5.24693124451606,-2.63480624451606
2024-10-12,"IMGM",3.69195833333333,6.14525445918214,-2.45329612584881
2024-10-12,"PRES",4.84366666666667,5.7149216317054,-0.871254965038733
2024-10-12,"BIRR",5.26045833333333,7.86841637644645,-2.60795804311312
2024-10-12,"BLC2",5.341,5.23761774983673,0.103382250163269
2024-10-12,"BOTR",4.99904166666667,6.42419028339143,-1.42514861672476
2024-10-12,"GHSR",2.561875,4.35998672056536,-1.79811172056536
2024-10-12,"LEAM",3.768625,5.93175001745671,-2.16312501745671
2024-10-12,"NPT3",4.64216666666667,5.76277244768954,-1.12060578102288
2024-10-12,"REA1",3.59583333333333,5.62306569864324,-2.02723236530991
2024-10-12,"SOUT",3.39329166666667,5.8857461550249,-2.49245448835823
2024-10-12,"WREX",3.71758333333333,4.98758897319022,-1.27000563985689
2024-10-12,"LEAR",3.49541666666667,6.17601672956761,-2.68060006290094
2024-10-12,"PLYM",4.79358333333333,6.47231947310948,-1.67873613977615
2024-10-12,"SHDG",5.02654166666667,6.25705800178068,-1.23051633511401
2024-10-12,"SHE",5.69675,6.47216811358917,-0.775418113589167
2024-10-12,"BEL2",4.45854166666667,5.8396692448581,-1.38112757819143
2024-10-12,"GLKP",2.008625,4.01713347977625,-2.00850847977625
2024-10-12,"LECU",3.84333333333333,6.26370268303092,-2.42036934969759
2024-10-12,"SUN2",3.658625,4.58817677721535,-0.929551777215353
2024-10-12,"TRAN",4.74558333333333,4.83033510277981,-0.0847517694464779
2024-10-12,"STOK",5.47566666666667,6.23278176885882,-0.757115102192148
2024-10-12,"BEX",4.27679166666667,6.96141470296727,-2.6846230363006
2024-10-12,"SEND",3.03275,5.6541489793065,-2.6213989793065
2024-10-12,"HUL2",4.67870833333333,6.36817836949691,-1.68947003616358
2024-10-12,"PEMB",3.52308333333333,4.28158633068438,-0.758502997351054
2024-10-12,"WFEN",3.4415,5.67118906093311,-2.22968906093311
2024-10-12,"OSY",2.78508333333333,5.27305786915267,-2.48797453581934
2024-10-12,"ACTH",0.776375,2.81667203369426,-2.04029703369426
2024-10-12,"COPP",8.57316666666667,5.66722481513566,2.90594185153101
2024-10-13,"EB",3.064125,4.11082988228147,-1.04670488228147
2024-10-13,"IMGM",3.27633333333333,4.73781638378259,-1.46148305044926
2024-10-13,"PRES",5.00383333333333,4.95540051570717,0.0484328176261579
2024-10-13,"BIRR",6.11045833333333,5.62884165127779,0.481616682055545
2024-10-13,"BLC2",4.95083333333333,5.58124311561382,-0.63040978228049
2024-10-13,"BOTR",5.23391666666667,5.15460486219263,0.0793118044740391
2024-10-13,"GHSR",3.82270833333333,3.62580323592263,0.1969050974107
2024-10-13,"LEAM",5.03441666666667,4.48810488742745,0.546311779239217
2024-10-13,"NPT3",5.677125,4.89435366058258,0.782771339417422
2024-10-13,"REA1",6.185125,4.3711030368728,1.8140219631272
2024-10-13,"SOUT",4.88404166666667,4.48568013722573,0.398361529440945
2024-10-13,"WREX",6.63629166666667,4.29731980241497,2.3389718642517
2024-10-13,"LEAR",5.14541666666667,4.26831112745162,0.877105539215052
2024-10-13,"PLYM",4.84475,5.55281319208765,-0.708063192087651
2024-10-13,"SHDG",5.664375,5.47925339441137,0.185121605588632
2024-10-13,"SHE",4.68158333333333,5.64847244650348,-0.966889113170148
2024-10-13,"BEL2",6.53204166666667,5.15752460055107,1.3745170661156
2024-10-13,"GLKP",2.99829166666667,3.22892305533239,-0.230631388665725
2024-10-13,"LECU",5.18870833333333,4.58974093055164,0.598967402781691
2024-10-13,"SUN2",3.40108333333333,4.59747858000916,-1.19639524667583
2024-10-13,"TRAN",5.014875,4.95493064272065,0.0599443572793481
2024-10-13,"STOK",6.36395833333333,5.39837225458848,0.965586078744847
2024-10-13,"BEX",8.824875,5.11937622179897,3.70549877820103
2024-10-13,"SEND",4.781875,4.50232143775153,0.279553562248472
2024-10-13,"HUL2",3.02279166666667,5.54827134102818,-2.5254796743615
2024-10-13,"PEMB",5.97491666666667,3.9035203874087,2.07139627925797
2024-10-13,"WFEN",3.636,4.2907030390253,-0.654703039025303
2024-10-13,"OSY",4.45554166666667,4.35974289767571,0.0957987689909574
2024-10-13,"ACTH",1.71975,1.98146112846527,-0.261711128465267
2024-10-13,"COPP",7.00970833333333,6.49346994705948,0.516238386273852
2024-10-14,"EB",5.05104166666667,4.88977627336837,0.161265393298304
2024-10-14,"IMGM",5.75179166666667,5.20489360564176,0.546898061024907
2024-10-14,"PRES",7.41745833333333,5.61100001602506,1.80645831730827
2024-10-14,"BIRR",7.39295833333333,6.59528993858553,0.797668394747796
2024-10-14,"BLC2",6.54975,5.99070738681093,0.559042613189072
2024-10-14,"BOTR",5.33995833333333,5.85695649853026,-0.516998165196928
2024-10-14,"GHSR",4.32191666666667,4.68875429762055,-0.36683763095388
2024-10-14,"LEAM",5.52583333333333,5.57965295345838,-0.0538196201250543
2024-10-14,"NPT3",5.86583333333333,5.87759893627533,-0.0117656029419955
2024-10-14,"REA1",6.40433333333333,5.94569626270093,0.458637070632403
2024-10-14,"SOUT",4.939125,5.65876146986762,-0.719636469867619
2024-10-14,"WREX",7.69545833333333,5.97249541663647,1.72296291669686
2024-10-14,"LEAR",5.3185,5.51929881059888,-0.200798810598877
2024-10-14,"PLYM",3.37266666666667,6.17332056899496,-2.80065390232829
2024-10-14,"SHDG",6.894625,6.31253244605107,0.582092553948925
2024-10-14,"SHE",5.29783333333333,5.87096712222025,-0.573133788886922
2024-10-14,"BEL2",6.85245833333333,6.51915875167427,0.333299581659058
2024-10-14,"GLKP",3.92483333333333,4.19353231136511,-0.268698978031785
2024-10-14,"LECU",4.61283333333333,5.71930637687471,-1.10647304354138
2024-10-14,"SUN2",8.80795833333333,5.06989102473687,3.73806730859646
2024-10-14,"TRAN",6.074125,5.61767746479757,0.456447535202431
2024-10-14,"STOK",5.79308333333333,6.32670899045345,-0.533625657120122
2024-10-14,"BEX",5.83329166666667,7.44187940183262,-1.60858773516595
2024-10-14,"SEND",4.40254166666667,5.76232404339002,-1.35978237672335
2024-10-14,"HUL2",8.22233333333333,5.53413315029655,2.68820018303678
2024-10-14,"PEMB",3.61941666666667,5.39308861323962,-1.77367194657295
2024-10-14,"WFEN",5.07758333333333,4.98269535604811,0.094887977285218
2024-10-14,"OSY",3.12708333333333,5.58141797267502,-2.45433463934169
2024-10-14,"ACTH",1.729625,2.93095529166243,-1.20133029166243
2024-10-14,"COPP",5.44916666666667,6.44902101073193,-0.999854344065264
2024-10-15,"EB",9.207,5.76829550425608,3.43870449574393
2024-10-15,"IMGM",9.098875,6.2769079717694,2.8219670282306
2024-10-15,"PRES",9.324125,6.65181446484156,2.67231053515844
2024-10-15,"BIRR",13.3118333333333,7.20709586346405,6.10473746986925
2024-10-15,"BLC2",10.095375,6.73760146663459,3.35777353336541
2024-10-15,"BOTR",10.5141666666667,6.04174869358132,4.47241797308538
2024-10-15,"GHSR",6.74333333333333,5.00443938599648,1.73889394733685
2024-10-15,"LEAM",11.4417916666667,5.89237987692228,5.54941178974442
2024-10-15,"NPT3",10.18575,6.08149799077862,4.10425200922138
2024-10-15,"REA1",13.6322083333333,6.13851402248764,7.49369431084567
2024-10-15,"SOUT",8.7,5.80659012337365,2.89340987662635
2024-10-15,"WREX",14.8859583333333,6.4717695806238,8.4141887527095
2024-10-15,"LEAR",11.2077916666667,5.70855269851018,5.49923896815652
2024-10-15,"PLYM",6.97341666666667,5.77607170377507,1.1973449628916
2024-10-15,"SHDG",14.2678333333333,6.9080351026227,7.3597982307106
2024-10-15,"SHE",12.40375,6.26278837620825,6.14096162379175
2024-10-15,"BEL2",7.57279166666667,6.75690068208132,0.815890984585347
2024-10-15,"GLKP",6.6175,4.67144659029384,1.94605340970616
2024-10-15,"LECU",10.172,5.63546185953314,4.53653814046686
2024-10-15,"SUN2",15.0414583333333,7.22570230134871,7.81575603198459
2024-10-15,"TRAN",13.0925416666667,6.1551323498246,6.9374093168421
2024-10-15,"STOK",12.795875,6.25129864216457,6.54457635783543
2024-10-15,"BEX",18.1369166666667,6.41691180329656,11.7200048633701
2024-10-15,"SEND",17.6081666666667,5.74548336315573,11.862683303511
2024-10-15,"HUL2",10.1169583333333,7.6332642803853,2.483694052948
2024-10-15,"PEMB",6.37675,4.63397088531435,1.74277911468566
2024-10-15,"WFEN",11.8062083333333,5.6628795174835,6.1433288158498
2024-10-15,"OSY",12.5010416666667,5.21406462495903,7.28697704170767
2024-10-15,"ACTH",7.97358333333333,3.06991635246616,4.90366698086717
2024-10-15,"COPP",12.1050416666667,6.04224836739823,6.06279329926847
2024-10-16,"EB",6.77479166666667,9.98415226359363,-3.20936059692696
2024-10-16,"IMGM",13.178125,10.1860464665112,2.99207853348876
2024-10-16,"PRES",6.913375,10.0281771344125,-3.11480213441248
2024-10-16,"BIRR",12.391,12.0862463569819,0.304753643018087
2024-10-16,"BLC2",7.84104166666667,10.7329201397644,-2.89187847309774
2024-10-16,"BOTR",11.55275,10.6619446429293,0.890805357070724
2024-10-16,"GHSR",5.32725,8.59908033646963,-3.27183033646963
2024-10-16,"LEAM",10.9747916666667,10.7818408384559,0.192950828210808
2024-10-16,"NPT3",7.48241666666667,10.3839933901634,-2.90157672349671
2024-10-16,"REA1",8.573125,11.5179522688099,-2.94482726880994
2024-10-16,"SOUT",7.45683333333333,9.90388787574211,-2.44705454240878
2024-10-16,"WREX",8.21354166666667,11.8252657578914,-3.6117240912247
2024-10-16,"LEAR",10.5652083333333,10.5927176009952,-0.0275092676619089
2024-10-16,"PLYM",8.31758333333333,9.83603424343674,-1.51845091010341
2024-10-16,"SHDG",13.919,12.3267601916713,1.5922398083287
2024-10-16,"SHE",14.2050833333333,11.5913246163092,2.61375871702409
2024-10-16,"BEL2",4.97860869565217,9.72387441222504,-4.74526571657287
2024-10-16,"GLKP",5.857,8.36043080616286,-2.50343080616286
2024-10-16,"LECU",11.6107083333333,10.4081018310439,1.2026065022894
2024-10-16,"SUN2",15.2211666666667,12.162031297961,3.0591353687057
2024-10-16,"TRAN",10.0679166666667,11.4448714306781,-1.37695476401142
2024-10-16,"STOK",11.449625,11.558721470488,-0.109096470487954
2024-10-16,"BEX",8.28216666666667,13.7231198369627,-5.44095317029605
2024-10-16,"SEND",7.793875,13.3482625965976,-5.55438759659758
2024-10-16,"HUL2",15.3695833333333,10.9650502247571,4.40453310857623
2024-10-16,"PEMB",2.86845833333333,8.39417296128216,-5.52571462794883
2024-10-16,"WFEN",9.93629166666667,10.8397470867448,-0.903455420078105
2024-10-16,"OSY",8.85316666666667,11.410899918536,-2.55773325186928
2024-10-16,"ACTH",2.337875,8.08783333016506,-5.74995833016506
2024-10-16,"COPP",10.570125,11.235391088421,-0.665266088421031
2024-10-17,"EB",4.5155,7.18648914428749,-2.67098914428749
2024-10-17,"IMGM",3.87183333333333,9.81248889775088,-5.94065556441755
2024-10-17,"PRES",4.04879166666667,7.27085251691793,-3.22206085025126
2024-10-17,"BIRR",6.97420833333333,9.8231542476936,-2.84894591436027
2024-10-17,"BLC2",4.87829166666667,8.00994709255168,-3.13165542588501
2024-10-17,"BOTR",5.76554166666667,9.1355279738091,-3.36998630714243
2024-10-17,"GHSR",4.71586956521739,6.20286200360649,-1.4869924383891
2024-10-17,"LEAM",5.320375,8.6869333965696,-3.36655839656959
2024-10-17,"NPT3",6.50058333333333,7.48351910859028,-0.982935775256953
2024-10-17,"REA1",5.3735,7.7028133325197,-2.3293133325197
2024-10-17,"SOUT",6.49379166666667,7.55244687111489,-1.05865520444822
2024-10-17,"WREX",4.80341666666667,7.41293417088711,-2.60951750422044
2024-10-17,"LEAR",4.5205,8.43314151489295,-3.91264151489295
2024-10-17,"PLYM",8.175125,8.44549122027882,-0.270366220278822
2024-10-17,"SHDG",4.36529166666667,10.2546493923092,-5.88935772564251
2024-10-17,"SHE",5.061,10.319687163384,-5.25868716338397
2024-10-17,"BEL2",6.48004166666667,6.91567133687743,-0.435629670210763
2024-10-17,"GLKP",4.47490476190476,6.20319654992922,-1.72829178802446
2024-10-17,"LECU",5.0905,9.02438605394228,-3.93388605394228
2024-10-17,"SUN2",4.04083333333333,10.3021532263084,-6.26131989297511
2024-10-17,"TRAN",3.87375,8.38650379956238,-4.51275379956238
2024-10-17,"STOK",4.5185,9.12240722265732,-4.60390722265732
2024-10-17,"BEX",5.75475,8.05812622997066,-2.30337622997066
2024-10-17,"SEND",5.01479166666667,7.68527036902265,-2.67047870235598
2024-10-17,"HUL2",5.617125,11.0471358599505,-5.43001085995054
2024-10-17,"PEMB",6.90741666666667,5.21796636032783,1.68945030633884
2024-10-17,"WFEN",4.15895833333333,8.21336513522634,-4.05440680189301
2024-10-17,"OSY",4.42704166666667,8.08770346544349,-3.66066179877682
2024-10-17,"ACTH",2.1355,4.07322585908807,-1.93772585908807
2024-10-17,"COPP",3.86104166666667,8.73417228381738,-4.87313061715071
2024-10-18,"EB",3.42475,4.55648880886871,-1.13173880886871
2024-10-18,"IMGM",4.52141666666667,4.47785444376858,0.0435622228980908
2024-10-18,"PRES",4.55875,4.41628607511796,0.142463924882044
2024-10-18,"BIRR",5.45595833333333,6.00155531729787,-0.545596983964542
2024-10-18,"BLC2",4.542125,5.11675816248702,-0.574633162487021
2024-10-18,"BOTR",5.98175,5.14847747156007,0.833272528439926
2024-10-18,"GHSR",2.5875,4.16877188146642,-1.58127188146642
2024-10-18,"LEAM",4.01633333333333,4.77076085526374,-0.754427521930411
2024-10-18,"NPT3",5.43741666666667,5.3307138421203,0.106702824546365
2024-10-18,"REA1",3.944625,4.76225010562365,-0.817625105623649
2024-10-18,"SOUT",5.17091666666667,5.38557837668319,-0.214661710016516
2024-10-18,"WREX",4.04875,4.41761282320709,-0.368862823207088
2024-10-18,"LEAR",3.58008333333333,4.37489641422499,-0.794813080891662
2024-10-18,"PLYM",8.985,6.54538829709788,2.43961170290211
2024-10-18,"SHDG",5.00195833333333,4.89210993955459,0.109848393778744
2024-10-18,"SHE",6.62245833333333,5.07795046691053,1.5445078664228
2024-10-18,"BEL2",5.940375,5.6813304224015,0.259044577598503
2024-10-18,"GLKP",2.34158333333333,3.87412100962746,-1.53253767629413
2024-10-18,"LECU",4.04775,4.7600016846261,-0.712251684626099
2024-10-18,"SUN2",5.23779166666667,4.32934781046678,0.908443856199892
2024-10-18,"TRAN",4.02129166666667,4.30718505974356,-0.285893393076892
2024-10-18,"STOK",5.29283333333333,4.74588212177522,0.546951211558111
2024-10-18,"BEX",7.291625,5.43566679418663,1.85595820581337
2024-10-18,"SEND",6.44566666666667,4.96898729108716,1.47667937557951
2024-10-18,"HUL2",7.790875,5.53030336962526,2.26057163037474
2024-10-18,"PEMB",5.28791666666667,4.93692672348907,0.350989943177598
2024-10-18,"WFEN",4.368125,4.27185373936653,0.0962712606334657
2024-10-18,"OSY",6.19408333333333,4.67240849688157,1.52167483645176
2024-10-18,"ACTH",1.60275,2.25142973206465,-0.648679732064646
2024-10-18,"COPP",4.31895833333333,4.44262903295567,-0.123670699622344
