"model","date","site_id","observed","forecast"
"Gaussian GNAR baseline",2024-10-19,"EB",4.59525,4.80340396968121
"Gaussian GNAR baseline",2024-10-19,"IMGM",5.39895833333333,5.2383519761348
"Gaussian GNAR baseline",2024-10-19,"PRES",6.41229166666667,5.25805406681702
"Gaussian GNAR baseline",2024-10-19,"BIRR",6.5575,5.69886913054891
"Gaussian GNAR baseline",2024-10-19,"BLC2",6.879,5.27163903702117
"Gaussian GNAR baseline",2024-10-19,"BOTR",7.903875,5.88524713147558
"Gaussian GNAR baseline",2024-10-19,"GHSR",8.922,4.46417886101232
"Gaussian GNAR baseline",2024-10-19,"LEAM",4.81916666666667,5.06639098838226
"Gaussian GNAR baseline",2024-10-19,"NPT3",7.3635,5.67958880169884
"Gaussian GNAR baseline",2024-10-19,"REA1",5.85308333333333,5.03822249891293
"Gaussian GNAR baseline",2024-10-19,"SOUT",6.33054166666667,5.56987496440517
"Gaussian GNAR baseline",2024-10-19,"WREX",5.33908333333333,5.06699074853248
"Gaussian GNAR baseline",2024-10-19,"LEAR",4.47325,4.86737788196155
"Gaussian GNAR baseline",2024-10-19,"PLYM",8.988875,7.17906744438474
"Gaussian GNAR baseline",2024-10-19,"SHDG",7.30645833333333,5.44802879063351
"Gaussian GNAR baseline",2024-10-19,"SHE",6.90154166666667,6.13127184816077
"Gaussian GNAR baseline",2024-10-19,"BEL2",9.75929166666667,5.88582762936212
"Gaussian GNAR baseline",2024-10-19,"GLKP",8.60645833333333,4.35716158950805
"Gaussian GNAR baseline",2024-10-19,"LECU",5.63204166666667,5.07364647222497
"Gaussian GNAR baseline",2024-10-19,"SUN2",7.334,5.53698290643046
"Gaussian GNAR baseline",2024-10-19,"TRAN",6.15083333333333,5.03281934066783
"Gaussian GNAR baseline",2024-10-19,"STOK",5.43045833333333,5.57136629971668
"Gaussian GNAR baseline",2024-10-19,"BEX",5.739,6.42341460010829
"Gaussian GNAR baseline",2024-10-19,"SEND",5.04825,6.05746296528211
"Gaussian GNAR baseline",2024-10-19,"HUL2",6.60575,6.6252469941571
"Gaussian GNAR baseline",2024-10-19,"PEMB",8.29804166666667,5.62815032042578
"Gaussian GNAR baseline",2024-10-19,"WFEN",4.16383333333333,5.18240819008231
"Gaussian GNAR baseline",2024-10-19,"OSY",4.5675,5.93957998295669
"Gaussian GNAR baseline",2024-10-19,"ACTH",5.07070833333333,3.99587279803118
"Gaussian GNAR baseline",2024-10-19,"COPP",5.82845833333333,5.15486444258682
"Gaussian GNAR baseline",2024-10-20,"EB",6.81508333333333,5.96332809591347
"Gaussian GNAR baseline",2024-10-20,"IMGM",6.42404166666667,6.32069323243543
"Gaussian GNAR baseline",2024-10-20,"PRES",7.73504166666667,6.73814984704723
"Gaussian GNAR baseline",2024-10-20,"BIRR",7.80470833333333,6.81992421379013
"Gaussian GNAR baseline",2024-10-20,"BLC2",10.3086666666667,6.92958427508431
"Gaussian GNAR baseline",2024-10-20,"BOTR",7.56970833333333,7.38630367608013
"Gaussian GNAR baseline",2024-10-20,"GHSR",6.33654166666667,7.72125883319723
"Gaussian GNAR baseline",2024-10-20,"LEAM",7.55708333333333,6.06993286540783
"Gaussian GNAR baseline",2024-10-20,"NPT3",10.0374166666667,7.15077963115087
"Gaussian GNAR baseline",2024-10-20,"REA1",7.57079166666667,6.49316625471279
"Gaussian GNAR baseline",2024-10-20,"SOUT",8.70775,6.71961490896295
"Gaussian GNAR baseline",2024-10-20,"WREX",7.40270833333333,6.28444614319771
"Gaussian GNAR baseline",2024-10-20,"LEAR",7.341875,5.91700280948173
"Gaussian GNAR baseline",2024-10-20,"PLYM",13.4699583333333,7.90622772231489
"Gaussian GNAR baseline",2024-10-20,"SHDG",7.46070833333333,7.11661311523428
"Gaussian GNAR baseline",2024-10-20,"SHE",8.190875,6.99005921241377
"Gaussian GNAR baseline",2024-10-20,"BEL2",7.01154166666667,8.14796696050062
"Gaussian GNAR baseline",2024-10-20,"GLKP",5.92479166666667,7.58549983332775
"Gaussian GNAR baseline",2024-10-20,"LECU",6.88875,6.4048440621401
"Gaussian GNAR baseline",2024-10-20,"SUN2",7.268125,7.13373952821811
"Gaussian GNAR baseline",2024-10-20,"TRAN",8.08566666666667,6.61744564682798
"Gaussian GNAR baseline",2024-10-20,"STOK",7.63866666666667,6.35263054774134
"Gaussian GNAR baseline",2024-10-20,"BEX",7.169875,6.52866053725674
"Gaussian GNAR baseline",2024-10-20,"SEND",6.67158333333333,6.22389908087375
"Gaussian GNAR baseline",2024-10-20,"HUL2",7.497125,6.89723350574698
"Gaussian GNAR baseline",2024-10-20,"PEMB",11.4229583333333,7.53124934161988
"Gaussian GNAR baseline",2024-10-20,"WFEN",6.950625,5.80921322517196
"Gaussian GNAR baseline",2024-10-20,"OSY",7.07645833333333,6.02009057163932
"Gaussian GNAR baseline",2024-10-20,"ACTH",4.666875,6.1139185553019
"Gaussian GNAR baseline",2024-10-20,"COPP",7.80183333333333,6.4922584868393
"Gaussian GNAR baseline",2024-10-21,"EB",5.89833333333333,7.2292291938612
"Gaussian GNAR baseline",2024-10-21,"IMGM",9.52113043478261,7.08827274000623
"Gaussian GNAR baseline",2024-10-21,"PRES",7.22095833333333,7.65211228467942
"Gaussian GNAR baseline",2024-10-21,"BIRR",12.4931666666667,7.68432366301062
"Gaussian GNAR baseline",2024-10-21,"BLC2",8.54166666666667,8.72150690484151
"Gaussian GNAR baseline",2024-10-21,"BOTR",11.6794583333333,7.62086737181742
"Gaussian GNAR baseline",2024-10-21,"GHSR",6.29525,7.13902768744364
"Gaussian GNAR baseline",2024-10-21,"LEAM",11.4859166666667,7.53974527303776
"Gaussian GNAR baseline",2024-10-21,"NPT3",11.1125,8.62193407566943
"Gaussian GNAR baseline",2024-10-21,"REA1",10.3047083333333,7.57083084418295
"Gaussian GNAR baseline",2024-10-21,"SOUT",9.086125,8.04993838476614
"Gaussian GNAR baseline",2024-10-21,"WREX",7.048,7.48908652414357
"Gaussian GNAR baseline",2024-10-21,"LEAR",10.975875,7.44276740071125
"Gaussian GNAR baseline",2024-10-21,"PLYM",12.5807083333333,10.0729137753405
"Gaussian GNAR baseline",2024-10-21,"SHDG",7.51079166666667,7.56135629525572
"Gaussian GNAR baseline",2024-10-21,"SHE",7.89216666666667,7.85152897767095
"Gaussian GNAR baseline",2024-10-21,"BEL2",6.43966666666667,7.43710166139642
"Gaussian GNAR baseline",2024-10-21,"GLKP",6.09079166666667,6.96200771769865
"Gaussian GNAR baseline",2024-10-21,"LECU",11.253,7.28503182004101
"Gaussian GNAR baseline",2024-10-21,"SUN2",4.90383333333333,7.48287155322284
"Gaussian GNAR baseline",2024-10-21,"TRAN",5.97626086956522,7.78980309758286
"Gaussian GNAR baseline",2024-10-21,"STOK",9.32395833333333,7.58832808445615
"Gaussian GNAR baseline",2024-10-21,"BEX",8.946625,7.40322304478188
"Gaussian GNAR baseline",2024-10-21,"SEND",8.33229166666667,7.18139348236327
"Gaussian GNAR baseline",2024-10-21,"HUL2",11.3050833333333,7.55907713305357
"Gaussian GNAR baseline",2024-10-21,"PEMB",9.35829166666667,9.21447496588128
"Gaussian GNAR baseline",2024-10-21,"WFEN",10.3271739130435,7.27432486840482
"Gaussian GNAR baseline",2024-10-21,"OSY",9.571625,7.33598609459663
"Gaussian GNAR baseline",2024-10-21,"ACTH",3.405125,6.35789718461154
"Gaussian GNAR baseline",2024-10-21,"COPP",7.615,7.66519594426295
"Gaussian GNAR baseline",2024-10-22,"EB",4.2305,7.08971599469363
"Gaussian GNAR baseline",2024-10-22,"IMGM",7.0215,8.56926582559956
"Gaussian GNAR baseline",2024-10-22,"PRES",6.46329166666667,7.65603557686553
"Gaussian GNAR baseline",2024-10-22,"BIRR",8.561375,9.82492791708933
"Gaussian GNAR baseline",2024-10-22,"BLC2",7.02629166666667,8.26227359711791
"Gaussian GNAR baseline",2024-10-22,"BOTR",6.869125,9.48466281014987
"Gaussian GNAR baseline",2024-10-22,"GHSR",6.103625,7.24109163920921
"Gaussian GNAR baseline",2024-10-22,"LEAM",5.06895833333333,9.40479540473544
"Gaussian GNAR baseline",2024-10-22,"NPT3",6.402375,9.3123552625543
"Gaussian GNAR baseline",2024-10-22,"REA1",5.190625,8.91958904904626
"Gaussian GNAR baseline",2024-10-22,"SOUT",6.91220833333333,8.44666911933524
"Gaussian GNAR baseline",2024-10-22,"WREX",4.05858333333333,7.57675922154194
"Gaussian GNAR baseline",2024-10-22,"LEAR",4.95091666666667,9.18984175381182
"Gaussian GNAR baseline",2024-10-22,"PLYM",8.9575,10.0003670755764
"Gaussian GNAR baseline",2024-10-22,"SHDG",6.273625,7.76842062953161
"Gaussian GNAR baseline",2024-10-22,"SHE",7.82629166666667,7.94316106527313
"Gaussian GNAR baseline",2024-10-22,"BEL2",6.68533333333333,7.31707075418697
"Gaussian GNAR baseline",2024-10-22,"GLKP",5.74983333333333,7.14691208926701
"Gaussian GNAR baseline",2024-10-22,"LECU",6.318875,9.29260186221832
"Gaussian GNAR baseline",2024-10-22,"SUN2",5.36170833333333,6.69207191485562
"Gaussian GNAR baseline",2024-10-22,"TRAN",6.81908333333333,7.1530250451143
"Gaussian GNAR baseline",2024-10-22,"STOK",6.27945833333333,8.51811582268629
"Gaussian GNAR baseline",2024-10-22,"BEX",5.94345833333333,8.35147069163083
"Gaussian GNAR baseline",2024-10-22,"SEND",5.60345833333333,8.08667891749654
"Gaussian GNAR baseline",2024-10-22,"HUL2",7.49259090909091,9.32898670002502
"Gaussian GNAR baseline",2024-10-22,"PEMB",6.88583333333333,8.62538207132081
"Gaussian GNAR baseline",2024-10-22,"WFEN",4.63045833333333,8.913557792801
"Gaussian GNAR baseline",2024-10-22,"OSY",5.83520833333333,8.60608170939832
"Gaussian GNAR baseline",2024-10-22,"ACTH",3.71275,6.01198576127994
"Gaussian GNAR baseline",2024-10-22,"COPP",5.21629166666667,7.81965323897864
"Gaussian GNAR baseline",2024-10-23,"EB",3.88958333333333,4.97909385661097
"Gaussian GNAR baseline",2024-10-23,"IMGM",6.032875,6.21553155428898
"Gaussian GNAR baseline",2024-10-23,"PRES",5.8315,5.92945565204349
"Gaussian GNAR baseline",2024-10-23,"BIRR",8.12216666666667,6.92166674170619
"Gaussian GNAR baseline",2024-10-23,"BLC2",6.11633333333333,6.19339093583129
"Gaussian GNAR baseline",2024-10-23,"BOTR",7.55608333333333,6.20602569175833
"Gaussian GNAR baseline",2024-10-23,"GHSR",4.16358333333333,5.75882516488483
"Gaussian GNAR baseline",2024-10-23,"LEAM",5.28,5.46129064195152
"Gaussian GNAR baseline",2024-10-23,"NPT3",6.57433333333333,6.00020877662476
"Gaussian GNAR baseline",2024-10-23,"REA1",5.62216666666667,5.48222619474532
"Gaussian GNAR baseline",2024-10-23,"SOUT",6.37383333333333,6.15989846551224
"Gaussian GNAR baseline",2024-10-23,"WREX",5.57036363636364,4.93672627346998
"Gaussian GNAR baseline",2024-10-23,"LEAR",4.68954166666667,5.40021373011003
"Gaussian GNAR baseline",2024-10-23,"PLYM",6.25095833333333,7.08665154975545
"Gaussian GNAR baseline",2024-10-23,"SHDG",6.625375,5.85862634018728
"Gaussian GNAR baseline",2024-10-23,"SHE",9.602,6.50624847962076
"Gaussian GNAR baseline",2024-10-23,"BEL2",5.62504166666667,6.00149529910463
"Gaussian GNAR baseline",2024-10-23,"GLKP",3.88570833333333,5.60836376911254
"Gaussian GNAR baseline",2024-10-23,"LECU",5.66445833333333,5.96934404549081
"Gaussian GNAR baseline",2024-10-23,"SUN2",8.17029166666667,5.41960441573272
"Gaussian GNAR baseline",2024-10-23,"TRAN",6.06533333333333,6.04506705932112
"Gaussian GNAR baseline",2024-10-23,"STOK",7.24982608695652,5.90565668611238
"Gaussian GNAR baseline",2024-10-23,"BEX",6.83966666666667,5.75825322390342
"Gaussian GNAR baseline",2024-10-23,"SEND",6.14583333333333,5.60337159404802
"Gaussian GNAR baseline",2024-10-23,"HUL2",8.50933333333333,6.45309010202371
"Gaussian GNAR baseline",2024-10-23,"PEMB",4.9755,6.15575643579423
"Gaussian GNAR baseline",2024-10-23,"WFEN",6.43579166666667,5.2525188474264
"Gaussian GNAR baseline",2024-10-23,"OSY",5.72629166666667,5.72914118136521
"Gaussian GNAR baseline",2024-10-23,"ACTH",2.63270833333333,4.70489689244334
"Gaussian GNAR baseline",2024-10-23,"COPP",6.01004347826087,5.42656738213532
"Gaussian GNAR baseline",2024-10-24,"EB",5.52766666666667,5.29214170414976
"Gaussian GNAR baseline",2024-10-24,"IMGM",7.73104166666667,6.24185910789195
"Gaussian GNAR baseline",2024-10-24,"PRES",6.64808333333333,6.14534179698156
"Gaussian GNAR baseline",2024-10-24,"BIRR",7.638,7.13858202137563
"Gaussian GNAR baseline",2024-10-24,"BLC2",6.669625,6.27628317955362
"Gaussian GNAR baseline",2024-10-24,"BOTR",7.34966666666667,6.86423352382188
"Gaussian GNAR baseline",2024-10-24,"GHSR",4.822125,5.45087972118846
"Gaussian GNAR baseline",2024-10-24,"LEAM",6.58308333333333,5.88432133026554
"Gaussian GNAR baseline",2024-10-24,"NPT3",7.1855,6.44918902849578
"Gaussian GNAR baseline",2024-10-24,"REA1",6.61566666666667,6.02796620839305
"Gaussian GNAR baseline",2024-10-24,"SOUT",6.27554166666667,6.37932207247291
"Gaussian GNAR baseline",2024-10-24,"WREX",7.26145833333333,5.97880612691011
"Gaussian GNAR baseline",2024-10-24,"LEAR",6.27166666666667,5.63870368969049
"Gaussian GNAR baseline",2024-10-24,"PLYM",9.05445454545455,6.37915991235745
"Gaussian GNAR baseline",2024-10-24,"SHDG",8.80804166666667,6.46700077424554
"Gaussian GNAR baseline",2024-10-24,"SHE",9.08025,7.72878302477189
"Gaussian GNAR baseline",2024-10-24,"BEL2",7.5265,6.06594141038674
"Gaussian GNAR baseline",2024-10-24,"GLKP",4.6395,5.32794843590526
"Gaussian GNAR baseline",2024-10-24,"LECU",7.289875,6.07312324369912
"Gaussian GNAR baseline",2024-10-24,"SUN2",12.3594583333333,7.07960183808257
"Gaussian GNAR baseline",2024-10-24,"TRAN",7.17979166666667,6.25021868430063
"Gaussian GNAR baseline",2024-10-24,"STOK",8.11716666666667,6.723829273835
"Gaussian GNAR baseline",2024-10-24,"BEX",7.46458333333333,6.54695952494281
"Gaussian GNAR baseline",2024-10-24,"SEND",6.53708333333333,6.25338520291975
"Gaussian GNAR baseline",2024-10-24,"HUL2",8.95145833333333,7.27142058298313
"Gaussian GNAR baseline",2024-10-24,"PEMB",6.67058333333333,5.80387831192157
"Gaussian GNAR baseline",2024-10-24,"WFEN",8.458125,6.34862341179799
"Gaussian GNAR baseline",2024-10-24,"OSY",8.22233333333333,6.08663442708029
"Gaussian GNAR baseline",2024-10-24,"ACTH",4.04175,4.76274978338353
"Gaussian GNAR baseline",2024-10-24,"COPP",8.18704166666667,6.18803744048564
"Gaussian GNAR baseline",2024-10-25,"EB",6.56158333333333,6.54064017663083
"Gaussian GNAR baseline",2024-10-25,"IMGM",15.9395,7.49911140043924
"Gaussian GNAR baseline",2024-10-25,"PRES",10.9228333333333,7.04899693765047
"Gaussian GNAR baseline",2024-10-25,"BIRR",13.0474583333333,7.51229553124125
"Gaussian GNAR baseline",2024-10-25,"BLC2",11.141875,7.06486318271669
"Gaussian GNAR baseline",2024-10-25,"BOTR",11.7561666666667,7.37983955097481
"Gaussian GNAR baseline",2024-10-25,"GHSR",13.2115833333333,6.25736715353028
"Gaussian GNAR baseline",2024-10-25,"LEAM",10.6747826086957,7.00870263787265
"Gaussian GNAR baseline",2024-10-25,"NPT3",8.983,7.28819117194355
"Gaussian GNAR baseline",2024-10-25,"REA1",10.0412083333333,7.0305189406445
"Gaussian GNAR baseline",2024-10-25,"SOUT",8.52795833333333,6.90921108599118
"Gaussian GNAR baseline",2024-10-25,"WREX",12.3044166666667,7.2947008679496
"Gaussian GNAR baseline",2024-10-25,"LEAR",10.9654166666667,6.86615808525123
"Gaussian GNAR baseline",2024-10-25,"PLYM",9.23941666666667,8.0484776440694
"Gaussian GNAR baseline",2024-10-25,"SHDG",17.0165416666667,7.95640449687083
"Gaussian GNAR baseline",2024-10-25,"SHE",14.893,8.14156955173117
"Gaussian GNAR baseline",2024-10-25,"BEL2",14.4054583333333,7.40499400756836
"Gaussian GNAR baseline",2024-10-25,"GLKP",12.9363333333333,6.17545778291577
"Gaussian GNAR baseline",2024-10-25,"LECU",11.26575,7.30869794841207
"Gaussian GNAR baseline",2024-10-25,"SUN2",15.3145833333333,9.4542680368915
"Gaussian GNAR baseline",2024-10-25,"TRAN",11.6342083333333,7.27331528962447
"Gaussian GNAR baseline",2024-10-25,"STOK",13.0276666666667,7.68778693514962
"Gaussian GNAR baseline",2024-10-25,"BEX",10.3499166666667,7.40944167995026
"Gaussian GNAR baseline",2024-10-25,"SEND",9.26591666666667,7.01110718599113
"Gaussian GNAR baseline",2024-10-25,"HUL2",16.1705416666667,8.06173200896391
"Gaussian GNAR baseline",2024-10-25,"PEMB",6.104625,7.03717460833568
"Gaussian GNAR baseline",2024-10-25,"WFEN",9.81720833333333,7.80790210620642
"Gaussian GNAR baseline",2024-10-25,"OSY",8.76866666666667,7.69351342553091
"Gaussian GNAR baseline",2024-10-25,"ACTH",11.7747916666667,5.89890496652058
"Gaussian GNAR baseline",2024-10-25,"COPP",12.1159166666667,7.68599131614125
"Gaussian GNAR baseline",2024-10-26,"EB",7.56983333333333,8.74210366907562
"Gaussian GNAR baseline",2024-10-26,"IMGM",7.97075,12.6511985122634
"Gaussian GNAR baseline",2024-10-26,"PRES",6.92516666666667,10.5624053628815
"Gaussian GNAR baseline",2024-10-26,"BIRR",9.30529166666667,11.4601146315939
"Gaussian GNAR baseline",2024-10-26,"BLC2",7.37416666666667,10.6529742091268
"Gaussian GNAR baseline",2024-10-26,"BOTR",9.78583333333333,10.9222227741502
"Gaussian GNAR baseline",2024-10-26,"GHSR",7.80470833333333,11.4582643766443
"Gaussian GNAR baseline",2024-10-26,"LEAM",6.546875,10.4588423833151
"Gaussian GNAR baseline",2024-10-26,"NPT3",7.99329166666667,9.77825248112274
"Gaussian GNAR baseline",2024-10-26,"REA1",8.05233333333333,10.1992093907471
"Gaussian GNAR baseline",2024-10-26,"SOUT",7.91379166666667,9.56880514380982
"Gaussian GNAR baseline",2024-10-26,"WREX",5.437375,11.1454133845537
"Gaussian GNAR baseline",2024-10-26,"LEAR",6.796375,10.5706437441176
"Gaussian GNAR baseline",2024-10-26,"PLYM",10.75475,9.92966008924912
"Gaussian GNAR baseline",2024-10-26,"SHDG",7.014625,13.1204350821238
"Gaussian GNAR baseline",2024-10-26,"SHE",6.60179166666667,12.2542393180413
"Gaussian GNAR baseline",2024-10-26,"BEL2",8.07795833333333,12.0155851976488
"Gaussian GNAR baseline",2024-10-26,"GLKP",6.95845833333333,11.3406255168769
"Gaussian GNAR baseline",2024-10-26,"LECU",8.180125,10.7191618169289
"Gaussian GNAR baseline",2024-10-26,"SUN2",7.18075,12.5082543176119
"Gaussian GNAR baseline",2024-10-26,"TRAN",6.21366666666667,10.8679093578646
"Gaussian GNAR baseline",2024-10-26,"STOK",8.299,11.4637741929891
"Gaussian GNAR baseline",2024-10-26,"BEX",10.3381666666667,10.347002818172
"Gaussian GNAR baseline",2024-10-26,"SEND",9.91054166666667,9.87858603692099
"Gaussian GNAR baseline",2024-10-26,"HUL2",10.75375,12.7762112857694
"Gaussian GNAR baseline",2024-10-26,"PEMB",6.88295833333333,8.58240159488562
"Gaussian GNAR baseline",2024-10-26,"WFEN",5.74095833333333,10.152486203953
"Gaussian GNAR baseline",2024-10-26,"OSY",6.22158333333333,9.71567175520297
"Gaussian GNAR baseline",2024-10-26,"ACTH",4.14504166666667,10.8484517549444
"Gaussian GNAR baseline",2024-10-26,"COPP",7.64045833333333,11.0907131220295
"Gaussian GNAR baseline",2024-10-27,"EB",4.08041666666667,6.49527546654697
"Gaussian GNAR baseline",2024-10-27,"IMGM",4.537125,6.89091976165185
"Gaussian GNAR baseline",2024-10-27,"PRES",4.48216666666667,6.33763638252
"Gaussian GNAR baseline",2024-10-27,"BIRR",5.46875,7.36830241302317
"Gaussian GNAR baseline",2024-10-27,"BLC2",4.93416666666667,6.52759279766934
"Gaussian GNAR baseline",2024-10-27,"BOTR",4.87229166666667,7.53404621177526
"Gaussian GNAR baseline",2024-10-27,"GHSR",3.99958333333333,6.75551739414465
"Gaussian GNAR baseline",2024-10-27,"LEAM",5.09441666666667,6.17603103272858
"Gaussian GNAR baseline",2024-10-27,"NPT3",4.54995833333333,6.72894598564168
"Gaussian GNAR baseline",2024-10-27,"REA1",5.403875,6.7792640931222
"Gaussian GNAR baseline",2024-10-27,"SOUT",7.15029166666667,6.68506575853103
"Gaussian GNAR baseline",2024-10-27,"WREX",4.62858333333333,5.76007815419184
"Gaussian GNAR baseline",2024-10-27,"LEAR",4.54795833333333,6.28574390551902
"Gaussian GNAR baseline",2024-10-27,"PLYM",7.89320833333333,7.8703742936775
"Gaussian GNAR baseline",2024-10-27,"SHDG",3.87583333333333,6.52441023664928
"Gaussian GNAR baseline",2024-10-27,"SHE",3.78933333333333,6.30243962263538
"Gaussian GNAR baseline",2024-10-27,"BEL2",6.006375,6.89722684905773
"Gaussian GNAR baseline",2024-10-27,"GLKP",3.84529166666667,6.40088502645243
"Gaussian GNAR baseline",2024-10-27,"LECU",4.583375,6.86193678518645
"Gaussian GNAR baseline",2024-10-27,"SUN2",4.19129166666667,6.55080202453175
"Gaussian GNAR baseline",2024-10-27,"TRAN",4.40845833333333,6.06268047294924
"Gaussian GNAR baseline",2024-10-27,"STOK",5.104125,6.95417212568233
"Gaussian GNAR baseline",2024-10-27,"BEX",7.86954166666667,7.72647067892277
"Gaussian GNAR baseline",2024-10-27,"SEND",6.69716666666667,7.52400897910852
"Gaussian GNAR baseline",2024-10-27,"HUL2",4.70920833333333,8.0405782942507
"Gaussian GNAR baseline",2024-10-27,"PEMB",4.81341666666667,6.20168239446571
"Gaussian GNAR baseline",2024-10-27,"WFEN",5.18875,5.82364359164927
"Gaussian GNAR baseline",2024-10-27,"OSY",5.51204166666667,5.99539712606059
"Gaussian GNAR baseline",2024-10-27,"ACTH",2.53041666666667,5.21581852960564
"Gaussian GNAR baseline",2024-10-27,"COPP",4.45758333333333,6.66103061261681
"Gaussian GNAR baseline",2024-10-28,"EB",3.14066666666667,4.63357446939614
"Gaussian GNAR baseline",2024-10-28,"IMGM",3.63891666666667,4.83117644312812
"Gaussian GNAR baseline",2024-10-28,"PRES",3.04529166666667,4.7828475920948
"Gaussian GNAR baseline",2024-10-28,"BIRR",4.26104166666667,5.24697808290057
"Gaussian GNAR baseline",2024-10-28,"BLC2",4.33375,4.97969778189642
"Gaussian GNAR baseline",2024-10-28,"BOTR",3.39225,5.01362869756936
"Gaussian GNAR baseline",2024-10-28,"GHSR",2.06966666666667,4.60612900427205
"Gaussian GNAR baseline",2024-10-28,"LEAM",2.87641666666667,5.02520521409609
"Gaussian GNAR baseline",2024-10-28,"NPT3",3.16729166666667,4.83700655366171
"Gaussian GNAR baseline",2024-10-28,"REA1",3.56229166666667,5.18946822027868
"Gaussian GNAR baseline",2024-10-28,"SOUT",4.043875,5.90393447275282
"Gaussian GNAR baseline",2024-10-28,"WREX",1.83370833333333,4.80641001405627
"Gaussian GNAR baseline",2024-10-28,"LEAR",2.32120833333333,4.80672140097838
"Gaussian GNAR baseline",2024-10-28,"PLYM",4.74733333333333,6.27924787948207
"Gaussian GNAR baseline",2024-10-28,"SHDG",1.53695833333333,4.5358121983808
"Gaussian GNAR baseline",2024-10-28,"SHE",1.69908695652174,4.49009356430373
"Gaussian GNAR baseline",2024-10-28,"BEL2",3.03066666666667,5.43776076217091
"Gaussian GNAR baseline",2024-10-28,"GLKP",1.74345833333333,4.52187525017609
"Gaussian GNAR baseline",2024-10-28,"LECU",3.17908333333333,4.85534175245475
"Gaussian GNAR baseline",2024-10-28,"SUN2",2.13241666666667,4.66957280929192
"Gaussian GNAR baseline",2024-10-28,"TRAN",1.89958333333333,4.73503514708393
"Gaussian GNAR baseline",2024-10-28,"STOK",2.77604166666667,5.07232581706234
"Gaussian GNAR baseline",2024-10-28,"BEX",3.644,6.25926500938149
"Gaussian GNAR baseline",2024-10-28,"SEND",3.21745833333333,5.76682589118797
"Gaussian GNAR baseline",2024-10-28,"HUL2",5.46970833333333,4.97041819849686
"Gaussian GNAR baseline",2024-10-28,"PEMB",2.18158333333333,4.9179711882548
"Gaussian GNAR baseline",2024-10-28,"WFEN",3.44545833333333,5.04414331012483
"Gaussian GNAR baseline",2024-10-28,"OSY",3.575125,5.18886552972721
"Gaussian GNAR baseline",2024-10-28,"ACTH",0.650666666666667,3.9121324024153
"Gaussian GNAR baseline",2024-10-28,"COPP",1.40629166666667,4.79034990737017
"Gaussian GNAR baseline",2024-10-29,"EB",2.50395833333333,3.7686090561241
"Gaussian GNAR baseline",2024-10-29,"IMGM",3.92295833333333,3.98466037268212
"Gaussian GNAR baseline",2024-10-29,"PRES",3.41095833333333,3.73929389756709
"Gaussian GNAR baseline",2024-10-29,"BIRR",6.79154166666667,4.26332180348745
"Gaussian GNAR baseline",2024-10-29,"BLC2",2.80266666666667,4.28004987676632
"Gaussian GNAR baseline",2024-10-29,"BOTR",4.03,3.89151673481555
"Gaussian GNAR baseline",2024-10-29,"GHSR",1.86120833333333,3.32637737568144
"Gaussian GNAR baseline",2024-10-29,"LEAM",6.33529166666667,3.68494768124205
"Gaussian GNAR baseline",2024-10-29,"NPT3",6.25591666666667,3.79111158021033
"Gaussian GNAR baseline",2024-10-29,"REA1",4.19029166666667,3.97449886870845
"Gaussian GNAR baseline",2024-10-29,"SOUT",3.48491304347826,4.21544641580534
"Gaussian GNAR baseline",2024-10-29,"WREX",2.549125,3.24486840885169
"Gaussian GNAR baseline",2024-10-29,"LEAR",5.70070833333333,3.44327398424713
"Gaussian GNAR baseline",2024-10-29,"PLYM",3.40308333333333,4.52289526874023
"Gaussian GNAR baseline",2024-10-29,"SHDG",3.37260869565217,3.10435775410274
"Gaussian GNAR baseline",2024-10-29,"SHE",3.97416666666667,3.16887257295009
"Gaussian GNAR baseline",2024-10-29,"BEL2",5.15920833333333,3.77080176993409
"Gaussian GNAR baseline",2024-10-29,"GLKP",1.15766666666667,3.18848919019364
"Gaussian GNAR baseline",2024-10-29,"LECU",5.14941666666667,3.79678120312931
"Gaussian GNAR baseline",2024-10-29,"SUN2",1.83670833333333,3.3568902445134
"Gaussian GNAR baseline",2024-10-29,"TRAN",3.09954166666667,3.26652823111182
"Gaussian GNAR baseline",2024-10-29,"STOK",5.60154166666667,3.64392682640613
"Gaussian GNAR baseline",2024-10-29,"BEX",4.89004166666667,4.06877995175765
"Gaussian GNAR baseline",2024-10-29,"SEND",4.42808333333333,3.86458814387363
"Gaussian GNAR baseline",2024-10-29,"HUL2",4.48991666666667,4.74145582540604
"Gaussian GNAR baseline",2024-10-29,"PEMB",3.18295833333333,3.39241463345084
"Gaussian GNAR baseline",2024-10-29,"WFEN",4.432,3.9211782547617
"Gaussian GNAR baseline",2024-10-29,"OSY",3.875875,3.98243670551928
"Gaussian GNAR baseline",2024-10-29,"ACTH",0.49925,2.7069229956885
"Gaussian GNAR baseline",2024-10-29,"COPP",4.096,3.06496655424823
"Gaussian GNAR baseline",2024-10-30,"EB",8.56929166666667,4.33632469627497
"Gaussian GNAR baseline",2024-10-30,"IMGM",6.367,4.93187920390185
"Gaussian GNAR baseline",2024-10-30,"PRES",7.078375,4.70680554469119
"Gaussian GNAR baseline",2024-10-30,"BIRR",10.6447916666667,6.12634417520535
"Gaussian GNAR baseline",2024-10-30,"BLC2",5.94441666666667,4.48847948643894
"Gaussian GNAR baseline",2024-10-30,"BOTR",7.51470833333333,4.96980752333249
"Gaussian GNAR baseline",2024-10-30,"GHSR",2.19529166666667,4.04575439305911
"Gaussian GNAR baseline",2024-10-30,"LEAM",9.78970833333333,5.90471585330182
"Gaussian GNAR baseline",2024-10-30,"NPT3",7.17570833333333,5.87924832986412
"Gaussian GNAR baseline",2024-10-30,"REA1",7.95608333333333,5.03988222215809
"Gaussian GNAR baseline",2024-10-30,"SOUT",7.52858333333333,4.76178604514209
"Gaussian GNAR baseline",2024-10-30,"WREX",4.64529166666667,4.32271896422353
"Gaussian GNAR baseline",2024-10-30,"LEAR",8.88966666666667,5.6301991293852
"Gaussian GNAR baseline",2024-10-30,"PLYM",5.3685,4.74546555736018
"Gaussian GNAR baseline",2024-10-30,"SHDG",4.42525,4.65391285924604
"Gaussian GNAR baseline",2024-10-30,"SHE",4.09691666666667,4.9051783169952
"Gaussian GNAR baseline",2024-10-30,"BEL2",8.666625,5.42507570699295
"Gaussian GNAR baseline",2024-10-30,"GLKP",1.77666666666667,3.74852888660119
"Gaussian GNAR baseline",2024-10-30,"LECU",7.83804166666667,5.42470416738205
"Gaussian GNAR baseline",2024-10-30,"SUN2",2.41858333333333,4.0372281400915
"Gaussian GNAR baseline",2024-10-30,"TRAN",6.15191666666667,4.55059307948073
"Gaussian GNAR baseline",2024-10-30,"STOK",8.0455,5.60063206793281
"Gaussian GNAR baseline",2024-10-30,"BEX",11.0260416666667,5.32953057945687
"Gaussian GNAR baseline",2024-10-30,"SEND",9.98329166666667,5.12913977777518
"Gaussian GNAR baseline",2024-10-30,"HUL2",7.02433333333333,5.20999768758756
"Gaussian GNAR baseline",2024-10-30,"PEMB",3.45325,4.5918237234919
"Gaussian GNAR baseline",2024-10-30,"WFEN",7.62483333333333,5.13636214865063
"Gaussian GNAR baseline",2024-10-30,"OSY",11.537,4.91095499468596
"Gaussian GNAR baseline",2024-10-30,"ACTH",0.8765,3.45098227356397
"Gaussian GNAR baseline",2024-10-30,"COPP",7.82625,4.94805136048476
"Gaussian GNAR baseline",2024-10-31,"EB",11.9134166666667,7.94436896281463
"Gaussian GNAR baseline",2024-10-31,"IMGM",8.644875,7.07403164334844
"Gaussian GNAR baseline",2024-10-31,"PRES",4.85266666666667,7.35384394221548
"Gaussian GNAR baseline",2024-10-31,"BIRR",16.3227916666667,8.9030597045242
"Gaussian GNAR baseline",2024-10-31,"BLC2",3.73420833333333,6.8727490075086
"Gaussian GNAR baseline",2024-10-31,"BOTR",11.2874166666667,7.5484399495828
"Gaussian GNAR baseline",2024-10-31,"GHSR",4.21308333333333,5.30847069774731
"Gaussian GNAR baseline",2024-10-31,"LEAM",14.3336666666667,8.54034087808237
"Gaussian GNAR baseline",2024-10-31,"NPT3",12.283875,7.46388434954563
"Gaussian GNAR baseline",2024-10-31,"REA1",17.8292916666667,7.73381587896591
"Gaussian GNAR baseline",2024-10-31,"SOUT",18.82875,7.54072562228233
"Gaussian GNAR baseline",2024-10-31,"WREX",7.63858333333333,6.3324936286642
"Gaussian GNAR baseline",2024-10-31,"LEAR",13.4404583333333,8.1547518056465
"Gaussian GNAR baseline",2024-10-31,"PLYM",10.3144583333333,6.65079423211284
"Gaussian GNAR baseline",2024-10-31,"SHDG",7.11383333333333,6.26231468509729
"Gaussian GNAR baseline",2024-10-31,"SHE",6.19904166666667,6.14215883317377
"Gaussian GNAR baseline",2024-10-31,"BEL2",5.038375,8.04973955129307
"Gaussian GNAR baseline",2024-10-31,"GLKP",3.89754166666667,5.11907378888031
"Gaussian GNAR baseline",2024-10-31,"LECU",14.2391739130435,7.70890365254315
"Gaussian GNAR baseline",2024-10-31,"SUN2",3.03458333333333,5.39965318407909
"Gaussian GNAR baseline",2024-10-31,"TRAN",7.09116666666667,6.96535111754047
"Gaussian GNAR baseline",2024-10-31,"STOK",10.0667916666667,7.80531023525859
"Gaussian GNAR baseline",2024-10-31,"BEX",15.2791666666667,9.01296822693081
"Gaussian GNAR baseline",2024-10-31,"SEND",13.3455909090909,8.57296721332367
"Gaussian GNAR baseline",2024-10-31,"HUL2",9.99220833333333,7.35818914642488
"Gaussian GNAR baseline",2024-10-31,"PEMB",9.62858333333333,5.85809901831707
"Gaussian GNAR baseline",2024-10-31,"WFEN",12.8057391304348,7.60360313118324
"Gaussian GNAR baseline",2024-10-31,"OSY",12.6091666666667,9.19803665379779
"Gaussian GNAR baseline",2024-10-31,"ACTH",0.689833333333333,4.7328466582141
"Gaussian GNAR baseline",2024-10-31,"COPP",7.88333333333333,7.67812593265733
"Gaussian GNAR baseline",2024-11-01,"EB",10.6820833333333,10.3045394976584
"Gaussian GNAR baseline",2024-11-01,"IMGM",8.59183333333333,8.906771869692
"Gaussian GNAR baseline",2024-11-01,"PRES",7.93825,7.3654696438265
"Gaussian GNAR baseline",2024-11-01,"BIRR",11.6185833333333,12.1681334256938
"Gaussian GNAR baseline",2024-11-01,"BLC2",5.04908333333333,6.877806394837
"Gaussian GNAR baseline",2024-11-01,"BOTR",10.6865833333333,10.0212585060454
"Gaussian GNAR baseline",2024-11-01,"GHSR",4.97158333333333,6.98236361090684
"Gaussian GNAR baseline",2024-11-01,"LEAM",12.1642916666667,11.3294413903393
"Gaussian GNAR baseline",2024-11-01,"NPT3",8.96720833333333,10.4225147969786
"Gaussian GNAR baseline",2024-11-01,"REA1",12.20125,12.7212059397286
"Gaussian GNAR baseline",2024-11-01,"SOUT",16.363875,13.1215169046149
"Gaussian GNAR baseline",2024-11-01,"WREX",7.11779166666667,8.45074757382555
"Gaussian GNAR baseline",2024-11-01,"LEAR",11.1920416666667,10.9401267422078
"Gaussian GNAR baseline",2024-11-01,"PLYM",10.9552916666667,9.56848670657379
"Gaussian GNAR baseline",2024-11-01,"SHDG",10.8717083333333,8.22962898520355
"Gaussian GNAR baseline",2024-11-01,"SHE",8.35391666666667,7.84551540701168
"Gaussian GNAR baseline",2024-11-01,"BEL2",6.849625,7.48090234425501
"Gaussian GNAR baseline",2024-11-01,"GLKP",2.69170833333333,6.84235326046843
"Gaussian GNAR baseline",2024-11-01,"LECU",13.1034166666667,11.2425576951454
"Gaussian GNAR baseline",2024-11-01,"SUN2",3.11820833333333,6.5034295917389
"Gaussian GNAR baseline",2024-11-01,"TRAN",5.71058333333333,8.26281494532719
"Gaussian GNAR baseline",2024-11-01,"STOK",11.6205833333333,9.53257806910817
"Gaussian GNAR baseline",2024-11-01,"BEX",17.32325,11.7485289692852
"Gaussian GNAR baseline",2024-11-01,"SEND",14.8546666666667,10.9280512698662
"Gaussian GNAR baseline",2024-11-01,"HUL2",8.009,9.47678326238351
"Gaussian GNAR baseline",2024-11-01,"PEMB",9.597125,9.23940770256309
"Gaussian GNAR baseline",2024-11-01,"WFEN",15.2457083333333,10.64808619434
"Gaussian GNAR baseline",2024-11-01,"OSY",13.62425,10.6635847724357
"Gaussian GNAR baseline",2024-11-01,"ACTH",1.24808333333333,5.50164441620149
"Gaussian GNAR baseline",2024-11-01,"COPP",7.81554166666667,8.62965551686083
"Gaussian GNAR baseline",2024-11-02,"EB",8.28820833333333,9.16453986968172
"Gaussian GNAR baseline",2024-11-02,"IMGM",7.421375,8.22487054602384
"Gaussian GNAR baseline",2024-11-02,"PRES",12.4007916666667,7.86286245743252
"Gaussian GNAR baseline",2024-11-02,"BIRR",11.9409583333333,9.6580348366722
"Gaussian GNAR baseline",2024-11-02,"BLC2",12.4842083333333,6.64771893280713
"Gaussian GNAR baseline",2024-11-02,"BOTR",19.7445416666667,9.15098014646532
"Gaussian GNAR baseline",2024-11-02,"GHSR",4.26783333333333,6.62764990788738
"Gaussian GNAR baseline",2024-11-02,"LEAM",7.34283333333333,9.83338812852588
"Gaussian GNAR baseline",2024-11-02,"NPT3",13.0071666666667,8.46874784585001
"Gaussian GNAR baseline",2024-11-02,"REA1",11.539,9.93462764588999
"Gaussian GNAR baseline",2024-11-02,"SOUT",11.814125,11.6703056855613
"Gaussian GNAR baseline",2024-11-02,"WREX",12.4508333333333,7.59418494075253
"Gaussian GNAR baseline",2024-11-02,"LEAR",7.06866666666667,9.41175106835432
"Gaussian GNAR baseline",2024-11-02,"PLYM",12.7673333333333,9.23748442257288
"Gaussian GNAR baseline",2024-11-02,"SHDG",14.208125,9.12434103427026
"Gaussian GNAR baseline",2024-11-02,"SHE",9.68166666666667,8.06686716783877
"Gaussian GNAR baseline",2024-11-02,"BEL2",10.0088333333333,7.41994703108991
"Gaussian GNAR baseline",2024-11-02,"GLKP",3.6095,5.68272432808147
"Gaussian GNAR baseline",2024-11-02,"LECU",6.47204166666667,10.2170958959852
"Gaussian GNAR baseline",2024-11-02,"SUN2",5.20245833333333,5.83679768830862
"Gaussian GNAR baseline",2024-11-02,"TRAN",17.4391666666667,7.00226720276897
"Gaussian GNAR baseline",2024-11-02,"STOK",11.333625,9.5048606223434
"Gaussian GNAR baseline",2024-11-02,"BEX",9.06841666666667,11.9772876003615
"Gaussian GNAR baseline",2024-11-02,"SEND",6.34141666666667,10.9149629908562
"Gaussian GNAR baseline",2024-11-02,"HUL2",5.70175,8.01845856464242
"Gaussian GNAR baseline",2024-11-02,"PEMB",10.4687916666667,8.66231733839414
"Gaussian GNAR baseline",2024-11-02,"WFEN",6.3465,11.0624144799662
"Gaussian GNAR baseline",2024-11-02,"OSY",5.17304166666667,10.3910641123654
"Gaussian GNAR baseline",2024-11-02,"ACTH",4.62370833333333,5.01035211121623
"Gaussian GNAR baseline",2024-11-02,"COPP",15.368625,7.88702458233286
"Gaussian GNAR baseline",2024-11-03,"EB",9.02725,8.26864851592665
"Gaussian GNAR baseline",2024-11-03,"IMGM",8.26641666666667,7.86087758458548
"Gaussian GNAR baseline",2024-11-03,"PRES",13.467,9.89161253570925
"Gaussian GNAR baseline",2024-11-03,"BIRR",11.2097916666667,9.7931891668612
"Gaussian GNAR baseline",2024-11-03,"BLC2",15.4000416666667,9.85478243446094
"Gaussian GNAR baseline",2024-11-03,"BOTR",16.8004166666667,12.9779637766822
"Gaussian GNAR baseline",2024-11-03,"GHSR",3.15941666666667,6.47547734406588
"Gaussian GNAR baseline",2024-11-03,"LEAM",9.56370833333333,7.91653134631955
"Gaussian GNAR baseline",2024-11-03,"NPT3",13.811,10.1661957569064
"Gaussian GNAR baseline",2024-11-03,"REA1",14.9125416666667,9.64230422887214
"Gaussian GNAR baseline",2024-11-03,"SOUT",12.553125,9.85786251626445
"Gaussian GNAR baseline",2024-11-03,"WREX",16.7139166666667,9.89198628350736
"Gaussian GNAR baseline",2024-11-03,"LEAR",9.5245,7.77990056181768
"Gaussian GNAR baseline",2024-11-03,"PLYM",11.2490416666667,10.1165488428724
"Gaussian GNAR baseline",2024-11-03,"SHDG",12.5777083333333,10.706738682621
"Gaussian GNAR baseline",2024-11-03,"SHE",9.97945833333333,8.78412949142767
"Gaussian GNAR baseline",2024-11-03,"BEL2",9.89191666666667,8.88158428174564
"Gaussian GNAR baseline",2024-11-03,"GLKP",3.01604166666667,6.14874400200187
"Gaussian GNAR baseline",2024-11-03,"LECU",9.47629166666667,7.58170374747596
"Gaussian GNAR baseline",2024-11-03,"SUN2",11.9074583333333,6.81403909484307
"Gaussian GNAR baseline",2024-11-03,"TRAN",14.7022916666667,11.9078354234847
"Gaussian GNAR baseline",2024-11-03,"STOK",12.6013333333333,9.5435898610703
"Gaussian GNAR baseline",2024-11-03,"BEX",14.5873333333333,8.75283601570892
"Gaussian GNAR baseline",2024-11-03,"SEND",13.5151666666667,7.57111783126808
"Gaussian GNAR baseline",2024-11-03,"HUL2",8.69108333333333,7.13966702141457
"Gaussian GNAR baseline",2024-11-03,"PEMB",9.40354166666667,9.13828517252558
"Gaussian GNAR baseline",2024-11-03,"WFEN",12.2680833333333,7.58283316650458
"Gaussian GNAR baseline",2024-11-03,"OSY",9.21591666666667,7.06056159641515
"Gaussian GNAR baseline",2024-11-03,"ACTH",0.996458333333333,6.53010534486544
"Gaussian GNAR baseline",2024-11-03,"COPP",13.8797916666667,11.1085402466155
"Gaussian GNAR baseline",2024-11-04,"EB",15.368625,9.07639677392909
"Gaussian GNAR baseline",2024-11-04,"IMGM",16.4201666666667,8.74231322766684
"Gaussian GNAR baseline",2024-11-04,"PRES",22.6365833333333,11.0026209522108
"Gaussian GNAR baseline",2024-11-04,"BIRR",21.716875,10.0634608092791
"Gaussian GNAR baseline",2024-11-04,"BLC2",22.3831666666667,11.7992643703283
"Gaussian GNAR baseline",2024-11-04,"BOTR",23.4897083333333,12.5536169085398
"Gaussian GNAR baseline",2024-11-04,"GHSR",7.81945833333333,6.56541891470044
"Gaussian GNAR baseline",2024-11-04,"LEAM",21.0319166666667,9.27364051153468
"Gaussian GNAR baseline",2024-11-04,"NPT3",15.4334583333333,11.1589509089418
"Gaussian GNAR baseline",2024-11-04,"REA1",18.7372916666667,11.5756071059082
"Gaussian GNAR baseline",2024-11-04,"SOUT",14.4605833333333,10.612525099301
"Gaussian GNAR baseline",2024-11-04,"WREX",23.8837916666667,12.3385201600346
"Gaussian GNAR baseline",2024-11-04,"LEAR",20.2782083333333,9.25077483014867
"Gaussian GNAR baseline",2024-11-04,"PLYM",15.907125,10.0999366576221
"Gaussian GNAR baseline",2024-11-04,"SHDG",24.2915416666667,10.6815604278146
"Gaussian GNAR baseline",2024-11-04,"SHE",20.8353333333333,9.50210961400229
"Gaussian GNAR baseline",2024-11-04,"BEL2",12.3467916666667,9.47417847388016
"Gaussian GNAR baseline",2024-11-04,"GLKP",7.876375,6.49027824698169
"Gaussian GNAR baseline",2024-11-04,"LECU",17.3330416666667,9.21627207313315
"Gaussian GNAR baseline",2024-11-04,"SUN2",14.9824166666667,10.1843680410778
"Gaussian GNAR baseline",2024-11-04,"TRAN",22.6367083333333,11.6344196121133
"Gaussian GNAR baseline",2024-11-04,"STOK",23.3069166666667,10.6205135828406
"Gaussian GNAR baseline",2024-11-04,"BEX",18.620375,11.3811126481012
"Gaussian GNAR baseline",2024-11-04,"SEND",17.3546666666667,10.8732639412576
"Gaussian GNAR baseline",2024-11-04,"HUL2",19.0989166666667,8.87454546428947
"Gaussian GNAR baseline",2024-11-04,"PEMB",11.951625,9.28475081011423
"Gaussian GNAR baseline",2024-11-04,"WFEN",19.000625,10.3607669033267
"Gaussian GNAR baseline",2024-11-04,"OSY",14.5214583333333,9.07726724137206
"Gaussian GNAR baseline",2024-11-04,"ACTH",8.0975,5.68508017947414
"Gaussian GNAR baseline",2024-11-04,"COPP",22.8349166666667,11.2453573379091
"Gaussian GNAR baseline",2024-11-05,"EB",26.1292916666667,14.5529708936571
"Gaussian GNAR baseline",2024-11-05,"IMGM",27.3389583333333,14.9664858099308
"Gaussian GNAR baseline",2024-11-05,"PRES",25.3795,17.6498029923908
"Gaussian GNAR baseline",2024-11-05,"BIRR",21.177375,17.2161876193696
"Gaussian GNAR baseline",2024-11-05,"BLC2",31.7719166666667,17.5932176622793
"Gaussian GNAR baseline",2024-11-05,"BOTR",30.0670416666667,18.0825405380132
"Gaussian GNAR baseline",2024-11-05,"GHSR",24.6916666666667,11.3053927913208
"Gaussian GNAR baseline",2024-11-05,"LEAM",20.58775,16.8941111652979
"Gaussian GNAR baseline",2024-11-05,"NPT3",26.6136666666667,14.6973768245334
"Gaussian GNAR baseline",2024-11-05,"REA1",28.5968333333333,16.0825555131285
"Gaussian GNAR baseline",2024-11-05,"SOUT",24.38,14.2665062988912
"Gaussian GNAR baseline",2024-11-05,"WREX",25.5524166666667,18.2424019333479
"Gaussian GNAR baseline",2024-11-05,"LEAR",19.5647916666667,16.583329035246
"Gaussian GNAR baseline",2024-11-05,"PLYM",19.502875,14.8290161545007
"Gaussian GNAR baseline",2024-11-05,"SHDG",27.338875,18.3081943710435
"Gaussian GNAR baseline",2024-11-05,"SHE",27.1010833333333,16.8235382472438
"Gaussian GNAR baseline",2024-11-05,"BEL2",19.4645416666667,13.3321099960182
"Gaussian GNAR baseline",2024-11-05,"GLKP",26.883875,11.3252594903633
"Gaussian GNAR baseline",2024-11-05,"LECU",26.27075,15.371511366036
"Gaussian GNAR baseline",2024-11-05,"SUN2",31.4890416666667,14.4651158846129
"Gaussian GNAR baseline",2024-11-05,"TRAN",25.372625,17.6802620440571
"Gaussian GNAR baseline",2024-11-05,"STOK",25.5396666666667,17.9040390509988
"Gaussian GNAR baseline",2024-11-05,"BEX",33.337375,16.0264908571803
"Gaussian GNAR baseline",2024-11-05,"SEND",27.4057916666667,15.4798205346491
"Gaussian GNAR baseline",2024-11-05,"HUL2",36.3661666666667,16.0780578947847
"Gaussian GNAR baseline",2024-11-05,"PEMB",14.9715833333333,13.1576522917796
"Gaussian GNAR baseline",2024-11-05,"WFEN",22.9314583333333,16.1257050800649
"Gaussian GNAR baseline",2024-11-05,"OSY",21.8455833333333,14.2093813950633
"Gaussian GNAR baseline",2024-11-05,"ACTH",13.7589166666667,11.3664408183943
"Gaussian GNAR baseline",2024-11-05,"COPP",22.1433333333333,17.7414904604603
"Gaussian GNAR baseline",2024-11-06,"EB",15.4620416666667,21.1331832043363
"Gaussian GNAR baseline",2024-11-06,"IMGM",19.7505,21.656309514444
"Gaussian GNAR baseline",2024-11-06,"PRES",18.7245416666667,21.0038826638962
"Gaussian GNAR baseline",2024-11-06,"BIRR",16.4328333333333,19.2539309865319
"Gaussian GNAR baseline",2024-11-06,"BLC2",22.3664583333333,23.6252913835572
"Gaussian GNAR baseline",2024-11-06,"BOTR",16.83175,22.9517291947789
"Gaussian GNAR baseline",2024-11-06,"GHSR",12.4734583333333,20.3564089396442
"Gaussian GNAR baseline",2024-11-06,"LEAM",11.697125,18.9947007966415
"Gaussian GNAR baseline",2024-11-06,"NPT3",18.6204166666667,21.3338847975491
"Gaussian GNAR baseline",2024-11-06,"REA1",11.026,22.2304055136261
"Gaussian GNAR baseline",2024-11-06,"SOUT",10.8737083333333,20.3917726968815
"Gaussian GNAR baseline",2024-11-06,"WREX",15.89825,21.1056622548038
"Gaussian GNAR baseline",2024-11-06,"LEAR",11.0064166666667,18.5556536293254
"Gaussian GNAR baseline",2024-11-06,"PLYM",12.1639583333333,18.4226047267447
"Gaussian GNAR baseline",2024-11-06,"SHDG",18.468,21.8500353055505
"Gaussian GNAR baseline",2024-11-06,"SHE",21.575375,21.6672121394023
"Gaussian GNAR baseline",2024-11-06,"BEL2",9.07629166666667,18.319207160004
"Gaussian GNAR baseline",2024-11-06,"GLKP",12.780125,21.2589322776421
"Gaussian GNAR baseline",2024-11-06,"LECU",11.9153333333333,21.2396862748048
"Gaussian GNAR baseline",2024-11-06,"SUN2",23.6547916666667,23.3268384284923
"Gaussian GNAR baseline",2024-11-06,"TRAN",16.5941666666667,21.0010597249068
"Gaussian GNAR baseline",2024-11-06,"STOK",24.0715,21.0862210508863
"Gaussian GNAR baseline",2024-11-06,"BEX",28.7540416666667,24.1761597249137
"Gaussian GNAR baseline",2024-11-06,"SEND",16.2912916666667,21.7067852627316
"Gaussian GNAR baseline",2024-11-06,"HUL2",30.1299166666667,25.4329450158811
"Gaussian GNAR baseline",2024-11-06,"PEMB",14.1108333333333,16.4626184467292
"Gaussian GNAR baseline",2024-11-06,"WFEN",15.4825833333333,19.9080963702963
"Gaussian GNAR baseline",2024-11-06,"OSY",20.96025,19.35148180736
"Gaussian GNAR baseline",2024-11-06,"ACTH",5.44516666666667,15.8692711874993
"Gaussian GNAR baseline",2024-11-06,"COPP",19.3779583333333,19.6785162620852
"Gaussian GNAR baseline",2024-11-07,"EB",13.7314583333333,11.6584116554318
"Gaussian GNAR baseline",2024-11-07,"IMGM",14.9430833333333,13.4509887932632
"Gaussian GNAR baseline",2024-11-07,"PRES",9.63445833333333,12.9810279769946
"Gaussian GNAR baseline",2024-11-07,"BIRR",14.774,11.9355669387669
"Gaussian GNAR baseline",2024-11-07,"BLC2",10.5219583333333,14.6354171635438
"Gaussian GNAR baseline",2024-11-07,"BOTR",15.2162916666667,12.3183704648981
"Gaussian GNAR baseline",2024-11-07,"GHSR",5.93854166666667,10.3945456903801
"Gaussian GNAR baseline",2024-11-07,"LEAM",14.6267083333333,9.97440742716324
"Gaussian GNAR baseline",2024-11-07,"NPT3",12.7240833333333,12.9686066575
"Gaussian GNAR baseline",2024-11-07,"REA1",16.0997083333333,9.89568673122281
"Gaussian GNAR baseline",2024-11-07,"SOUT",17.1738333333333,9.72928554853958
"Gaussian GNAR baseline",2024-11-07,"WREX",8.74808333333333,11.8235178575232
"Gaussian GNAR baseline",2024-11-07,"LEAR",14.4320833333333,9.66530610485255
"Gaussian GNAR baseline",2024-11-07,"PLYM",17.6425416666667,10.1395974288922
"Gaussian GNAR baseline",2024-11-07,"SHDG",13.1594583333333,12.9238063097483
"Gaussian GNAR baseline",2024-11-07,"SHE",12.26125,14.1952607148309
"Gaussian GNAR baseline",2024-11-07,"BEL2",9.940125,8.86944723694511
"Gaussian GNAR baseline",2024-11-07,"GLKP",5.52966666666667,10.5745660506436
"Gaussian GNAR baseline",2024-11-07,"LECU",13.502375,10.2039949464182
"Gaussian GNAR baseline",2024-11-07,"SUN2",15.98575,15.1580322383224
"Gaussian GNAR baseline",2024-11-07,"TRAN",10.407,12.1051534700106
"Gaussian GNAR baseline",2024-11-07,"STOK",12.9500833333333,15.1828745462538
"Gaussian GNAR baseline",2024-11-07,"BEX",20.3864285714286,17.2996121376314
"Gaussian GNAR baseline",2024-11-07,"SEND",23.6685833333333,12.0307026074482
"Gaussian GNAR baseline",2024-11-07,"HUL2",15.3213333333333,17.9397310781982
"Gaussian GNAR baseline",2024-11-07,"PEMB",15.5425,10.8283324823915
"Gaussian GNAR baseline",2024-11-07,"WFEN",21.7415,11.5881382824839
"Gaussian GNAR baseline",2024-11-07,"OSY",21.2687916666667,13.8130411205544
"Gaussian GNAR baseline",2024-11-07,"ACTH",4.61579166666667,7.23639995258075
"Gaussian GNAR baseline",2024-11-07,"COPP",12.4872083333333,13.1699586139323
"Gaussian GNAR baseline",2024-11-08,"EB",15.2437083333333,11.047430823784
"Gaussian GNAR baseline",2024-11-08,"IMGM",19.3504583333333,11.6510413531392
"Gaussian GNAR baseline",2024-11-08,"PRES",23.6959583333333,9.44363982543719
"Gaussian GNAR baseline",2024-11-08,"BIRR",24.8979166666667,11.4998715306157
"Gaussian GNAR baseline",2024-11-08,"BLC2",23.3638333333333,9.89810141941334
"Gaussian GNAR baseline",2024-11-08,"BOTR",25.4373333333333,11.6914982029493
"Gaussian GNAR baseline",2024-11-08,"GHSR",11.571375,7.77053259848794
"Gaussian GNAR baseline",2024-11-08,"LEAM",23.25775,11.3227531187257
"Gaussian GNAR baseline",2024-11-08,"NPT3",17.9432916666667,10.7110882805659
"Gaussian GNAR baseline",2024-11-08,"REA1",24.7927083333333,11.9117196178775
"Gaussian GNAR baseline",2024-11-08,"SOUT",18.7402916666667,12.3494972970053
"Gaussian GNAR baseline",2024-11-08,"WREX",23.6213333333333,9.0097179170921
"Gaussian GNAR baseline",2024-11-08,"LEAR",22.996375,11.2257488506414
"Gaussian GNAR baseline",2024-11-08,"PLYM",12.1050416666667,12.5739235880156
"Gaussian GNAR baseline",2024-11-08,"SHDG",25.3577916666667,10.8863003087892
"Gaussian GNAR baseline",2024-11-08,"SHE",22.5935,10.5935760687267
"Gaussian GNAR baseline",2024-11-08,"BEL2",16.99,9.33178699553447
"Gaussian GNAR baseline",2024-11-08,"GLKP",11.3552083333333,7.61001056151746
"Gaussian GNAR baseline",2024-11-08,"LECU",22.2957083333333,10.8659595496433
"Gaussian GNAR baseline",2024-11-08,"SUN2",28.7922916666667,12.1757438366403
"Gaussian GNAR baseline",2024-11-08,"TRAN",23.3855,9.70875753755587
"Gaussian GNAR baseline",2024-11-08,"STOK",25.7744583333333,10.9381698079554
"Gaussian GNAR baseline",2024-11-08,"BEX",23.0268333333333,14.110195006818
"Gaussian GNAR baseline",2024-11-08,"SEND",18.114375,15.152566932057
"Gaussian GNAR baseline",2024-11-08,"HUL2",22.4342083333333,12.062021064266
"Gaussian GNAR baseline",2024-11-08,"PEMB",10.9611666666667,11.7586108887967
"Gaussian GNAR baseline",2024-11-08,"WFEN",21.5685,14.3405191066988
"Gaussian GNAR baseline",2024-11-08,"OSY",19.5227142857143,14.2810461450139
"Gaussian GNAR baseline",2024-11-08,"ACTH",12.7997916666667,7.05380023652229
"Gaussian GNAR baseline",2024-11-08,"COPP",25.5023333333333,10.6323666651676
"Gaussian GNAR baseline",2024-11-09,"EB",15.24075,15.3334705399769
"Gaussian GNAR baseline",2024-11-09,"IMGM",18.7058333333333,17.051403425467
"Gaussian GNAR baseline",2024-11-09,"PRES",27.0332916666667,18.7069750897217
"Gaussian GNAR baseline",2024-11-09,"BIRR",29.5559583333333,19.327562150596
"Gaussian GNAR baseline",2024-11-09,"BLC2",30.9297916666667,18.5922993336381
"Gaussian GNAR baseline",2024-11-09,"BOTR",29.036125,19.5601804306733
"Gaussian GNAR baseline",2024-11-09,"GHSR",17.3723333333333,13.6321039719499
"Gaussian GNAR baseline",2024-11-09,"LEAM",25.139625,18.6497346794301
"Gaussian GNAR baseline",2024-11-09,"NPT3",34.0322083333333,16.4183554850279
"Gaussian GNAR baseline",2024-11-09,"REA1",23.754,19.3169488891454
"Gaussian GNAR baseline",2024-11-09,"SOUT",22.082375,16.8555018812139
"Gaussian GNAR baseline",2024-11-09,"WREX",32.616125,18.6544811578207
"Gaussian GNAR baseline",2024-11-09,"LEAR",23.7864166666667,18.5375038443192
"Gaussian GNAR baseline",2024-11-09,"PLYM",19.6796666666667,14.1395744248893
"Gaussian GNAR baseline",2024-11-09,"SHDG",21.81325,19.4768537227742
"Gaussian GNAR baseline",2024-11-09,"SHE",22.0332916666667,18.3184625502821
"Gaussian GNAR baseline",2024-11-09,"BEL2",31.5784583333333,15.9579690893953
"Gaussian GNAR baseline",2024-11-09,"GLKP",16.7836666666667,13.5331824015588
"Gaussian GNAR baseline",2024-11-09,"LECU",23.5977916666667,18.2266045023158
"Gaussian GNAR baseline",2024-11-09,"SUN2",8.870875,20.9581999108846
"Gaussian GNAR baseline",2024-11-09,"TRAN",34.047,18.5983757765645
"Gaussian GNAR baseline",2024-11-09,"STOK",32.3615416666667,19.6429734882279
"Gaussian GNAR baseline",2024-11-09,"BEX",25.4089166666667,18.6965948118037
"Gaussian GNAR baseline",2024-11-09,"SEND",23.419875,16.7580878829361
"Gaussian GNAR baseline",2024-11-09,"HUL2",12.553125,18.3283109590247
"Gaussian GNAR baseline",2024-11-09,"PEMB",22.29375,13.6176825844352
"Gaussian GNAR baseline",2024-11-09,"WFEN",24.3780416666667,18.1304930224383
"Gaussian GNAR baseline",2024-11-09,"OSY",20.3322916666667,17.2779226707655
"Gaussian GNAR baseline",2024-11-09,"ACTH",10.5179166666667,14.1044925538138
"Gaussian GNAR baseline",2024-11-09,"COPP",35.794125,19.51972060845
"Gaussian GNAR baseline",2024-11-10,"EB",15.398,15.4957920802771
"Gaussian GNAR baseline",2024-11-10,"IMGM",23.997875,17.0212292399247
"Gaussian GNAR baseline",2024-11-10,"PRES",19.8682916666667,20.5512560520785
"Gaussian GNAR baseline",2024-11-10,"BIRR",18.2155416666667,21.6178026526125
"Gaussian GNAR baseline",2024-11-10,"BLC2",20.6525833333333,22.1447636187936
"Gaussian GNAR baseline",2024-11-10,"BOTR",20.9709583333333,21.4173997538578
"Gaussian GNAR baseline",2024-11-10,"GHSR",12.4430833333333,16.2815966931379
"Gaussian GNAR baseline",2024-11-10,"LEAM",18.8100833333333,19.7620645240195
"Gaussian GNAR baseline",2024-11-10,"NPT3",25.4452916666667,23.2866024261695
"Gaussian GNAR baseline",2024-11-10,"REA1",19.7151666666667,19.2302780510879
"Gaussian GNAR baseline",2024-11-10,"SOUT",14.247375,18.3941601501887
"Gaussian GNAR baseline",2024-11-10,"WREX",12.4254166666667,22.8442810795642
"Gaussian GNAR baseline",2024-11-10,"LEAR",18.1318333333333,19.1993849959862
"Gaussian GNAR baseline",2024-11-10,"PLYM",12.3496666666667,17.2431785267275
"Gaussian GNAR baseline",2024-11-10,"SHDG",18.3650416666667,18.4464294038179
"Gaussian GNAR baseline",2024-11-10,"SHE",20.1101666666667,18.4688338427473
"Gaussian GNAR baseline",2024-11-10,"BEL2",11.7797916666667,22.2545056190274
"Gaussian GNAR baseline",2024-11-10,"GLKP",11.8790416666667,16.034300105906
"Gaussian GNAR baseline",2024-11-10,"LECU",20.751875,19.1046019369494
"Gaussian GNAR baseline",2024-11-10,"SUN2",8.608625,13.2109201830438
"Gaussian GNAR baseline",2024-11-10,"TRAN",19.1057916666667,23.4266468526706
"Gaussian GNAR baseline",2024-11-10,"STOK",22.4058333333333,22.7926337063175
"Gaussian GNAR baseline",2024-11-10,"BEX",21.33275,19.8670745187114
"Gaussian GNAR baseline",2024-11-10,"SEND",22.712375,18.9285412822814
"Gaussian GNAR baseline",2024-11-10,"HUL2",27.8952083333333,14.5680251432612
"Gaussian GNAR baseline",2024-11-10,"PEMB",8.47491666666667,18.289558055479
"Gaussian GNAR baseline",2024-11-10,"WFEN",21.2245416666667,19.4074282562698
"Gaussian GNAR baseline",2024-11-10,"OSY",21.2598333333333,17.6940363219343
"Gaussian GNAR baseline",2024-11-10,"ACTH",6.67266666666667,13.4942800876315
"Gaussian GNAR baseline",2024-11-10,"COPP",18.8041666666667,24.1969220882654
"Gaussian GNAR baseline",2024-11-11,"EB",8.797125,12.1201392001211
"Gaussian GNAR baseline",2024-11-11,"IMGM",6.53408333333333,15.7404726096966
"Gaussian GNAR baseline",2024-11-11,"PRES",10.6270416666667,14.2479659152561
"Gaussian GNAR baseline",2024-11-11,"BIRR",10.5995416666667,13.6306890890315
"Gaussian GNAR baseline",2024-11-11,"BLC2",9.193125,14.6662697827282
"Gaussian GNAR baseline",2024-11-11,"BOTR",9.02133333333333,14.7505259282293
"Gaussian GNAR baseline",2024-11-11,"GHSR",9.50679166666667,10.9579710014892
"Gaussian GNAR baseline",2024-11-11,"LEAM",9.02625,13.7663680283006
"Gaussian GNAR baseline",2024-11-11,"NPT3",9.37116666666667,16.7127138659827
"Gaussian GNAR baseline",2024-11-11,"REA1",8.68525,14.1043005058474
"Gaussian GNAR baseline",2024-11-11,"SOUT",7.34379166666667,11.8155788372955
"Gaussian GNAR baseline",2024-11-11,"WREX",8.388375,11.3259468392947
"Gaussian GNAR baseline",2024-11-11,"LEAR",8.49654166666667,13.454258427673
"Gaussian GNAR baseline",2024-11-11,"PLYM",10.5209583333333,10.9763682519557
"Gaussian GNAR baseline",2024-11-11,"SHDG",9.24245833333333,13.5015492753668
"Gaussian GNAR baseline",2024-11-11,"SHE",7.50304166666667,14.2243113883129
"Gaussian GNAR baseline",2024-11-11,"BEL2",12.9354166666667,11.0350152736303
"Gaussian GNAR baseline",2024-11-11,"GLKP",9.1825,10.7116273110632
"Gaussian GNAR baseline",2024-11-11,"LECU",9.45366666666667,14.5266013953834
"Gaussian GNAR baseline",2024-11-11,"SUN2",7.27308333333333,9.17252053212849
"Gaussian GNAR baseline",2024-11-11,"TRAN",9.88504166666667,14.1071829647228
"Gaussian GNAR baseline",2024-11-11,"STOK",11.419,15.4221988801017
"Gaussian GNAR baseline",2024-11-11,"BEX",9.16675,14.8099563101048
"Gaussian GNAR baseline",2024-11-11,"SEND",8.25870833333333,15.3280988257897
"Gaussian GNAR baseline",2024-11-11,"HUL2",7.70541666666667,17.1910445171962
"Gaussian GNAR baseline",2024-11-11,"PEMB",6.39445833333333,9.44797335946287
"Gaussian GNAR baseline",2024-11-11,"WFEN",7.96983333333333,14.7401007380096
"Gaussian GNAR baseline",2024-11-11,"OSY",8.16529166666667,14.6550183225919
"Gaussian GNAR baseline",2024-11-11,"ACTH",5.86770833333333,8.41727478209959
"Gaussian GNAR baseline",2024-11-11,"COPP",10.425625,14.0262047841236
"Gaussian GNAR baseline",2024-11-12,"EB",4.79175,6.52195079585408
"Gaussian GNAR baseline",2024-11-12,"IMGM",10.6800833333333,5.80340462053483
"Gaussian GNAR baseline",2024-11-12,"PRES",13.447375,7.38419033030644
"Gaussian GNAR baseline",2024-11-12,"BIRR",10.4540833333333,7.33220253384837
"Gaussian GNAR baseline",2024-11-12,"BLC2",10.1709166666667,6.81407498963643
"Gaussian GNAR baseline",2024-11-12,"BOTR",8.86408333333333,6.75129589470739
"Gaussian GNAR baseline",2024-11-12,"GHSR",10.3361666666667,6.74092657007438
"Gaussian GNAR baseline",2024-11-12,"LEAM",8.22533333333333,6.70012529780138
"Gaussian GNAR baseline",2024-11-12,"NPT3",7.97070833333333,7.00523649972956
"Gaussian GNAR baseline",2024-11-12,"REA1",6.686375,6.58223423950984
"Gaussian GNAR baseline",2024-11-12,"SOUT",6.80033333333333,5.89622461543454
"Gaussian GNAR baseline",2024-11-12,"WREX",9.22570833333333,6.28075884003271
"Gaussian GNAR baseline",2024-11-12,"LEAR",7.464625,6.46568939607128
"Gaussian GNAR baseline",2024-11-12,"PLYM",6.68345833333333,7.15550721866529
"Gaussian GNAR baseline",2024-11-12,"SHDG",10.7017083333333,6.7780441696127
"Gaussian GNAR baseline",2024-11-12,"SHE",10.6752083333333,6.10600261924691
"Gaussian GNAR baseline",2024-11-12,"BEL2",19.4615833333333,8.13395897878873
"Gaussian GNAR baseline",2024-11-12,"GLKP",10.282125,6.593739927178
"Gaussian GNAR baseline",2024-11-12,"LECU",8.718625,6.92361657287026
"Gaussian GNAR baseline",2024-11-12,"SUN2",10.5346666666667,5.72835723241765
"Gaussian GNAR baseline",2024-11-12,"TRAN",13.420875,7.06041660156315
"Gaussian GNAR baseline",2024-11-12,"STOK",12.6139583333333,7.77219381257695
"Gaussian GNAR baseline",2024-11-12,"BEX",6.423,6.81997619870515
"Gaussian GNAR baseline",2024-11-12,"SEND",5.52579166666667,6.48067998323818
"Gaussian GNAR baseline",2024-11-12,"HUL2",10.789125,6.38082513613868
"Gaussian GNAR baseline",2024-11-12,"PEMB",5.95129166666667,5.36390105736659
"Gaussian GNAR baseline",2024-11-12,"WFEN",5.95420833333333,6.3253117507185
"Gaussian GNAR baseline",2024-11-12,"OSY",4.9354347826087,6.40652497283882
"Gaussian GNAR baseline",2024-11-12,"ACTH",3.02879166666667,5.10301306064246
"Gaussian GNAR baseline",2024-11-12,"COPP",13.1034166666667,7.27520235798363
"Gaussian GNAR baseline",2024-11-13,"EB",9.50079166666667,6.62833757147465
"Gaussian GNAR baseline",2024-11-13,"IMGM",12.341875,8.99307088574619
"Gaussian GNAR baseline",2024-11-13,"PRES",16.556625,10.231336496276
"Gaussian GNAR baseline",2024-11-13,"BIRR",15.9975,9.00024646713655
"Gaussian GNAR baseline",2024-11-13,"BLC2",11.4219583333333,8.84922881909799
"Gaussian GNAR baseline",2024-11-13,"BOTR",11.8720833333333,8.3078172170267
"Gaussian GNAR baseline",2024-11-13,"GHSR",3.69591666666667,8.92487711648514
"Gaussian GNAR baseline",2024-11-13,"LEAM",15.121,8.04537567068645
"Gaussian GNAR baseline",2024-11-13,"NPT3",12.012625,7.94920070911972
"Gaussian GNAR baseline",2024-11-13,"REA1",9.79720833333333,7.40438229797928
"Gaussian GNAR baseline",2024-11-13,"SOUT",8.10241666666667,7.41820460846192
"Gaussian GNAR baseline",2024-11-13,"WREX",8.184,8.44088489270166
"Gaussian GNAR baseline",2024-11-13,"LEAR",13.8237083333333,7.71964210181686
"Gaussian GNAR baseline",2024-11-13,"PLYM",11.0202083333333,7.44837077705398
"Gaussian GNAR baseline",2024-11-13,"SHDG",8.03466666666667,9.06862875728645
"Gaussian GNAR baseline",2024-11-13,"SHE",10.9189166666667,9.01491864997946
"Gaussian GNAR baseline",2024-11-13,"BEL2",8.79729166666667,12.7603405867887
"Gaussian GNAR baseline",2024-11-13,"GLKP",2.935375,8.89468022552914
"Gaussian GNAR baseline",2024-11-13,"LECU",15.326375,8.25866779301612
"Gaussian GNAR baseline",2024-11-13,"SUN2",5.6575,8.95148742871604
"Gaussian GNAR baseline",2024-11-13,"TRAN",8.30775,10.2021785795406
"Gaussian GNAR baseline",2024-11-13,"STOK",14.9323333333333,9.90824952535725
"Gaussian GNAR baseline",2024-11-13,"BEX",9.88995833333333,7.30797269429248
"Gaussian GNAR baseline",2024-11-13,"SEND",9.49295833333333,6.91681689244143
"Gaussian GNAR baseline",2024-11-13,"HUL2",15.5100833333333,9.06672649685142
"Gaussian GNAR baseline",2024-11-13,"PEMB",6.918375,7.0458316190771
"Gaussian GNAR baseline",2024-11-13,"WFEN",9.9175,7.08580962146835
"Gaussian GNAR baseline",2024-11-13,"OSY",8.10145833333333,6.67184711690319
"Gaussian GNAR baseline",2024-11-13,"ACTH",1.68433333333333,5.83155156182838
"Gaussian GNAR baseline",2024-11-13,"COPP",15.4412916666667,10.0849920326996
"Gaussian GNAR baseline",2024-11-14,"EB",14.483125,8.99397540954006
"Gaussian GNAR baseline",2024-11-14,"IMGM",9.44191666666667,10.3067681498196
"Gaussian GNAR baseline",2024-11-14,"PRES",7.91966666666667,12.1073891274733
"Gaussian GNAR baseline",2024-11-14,"BIRR",12.705375,11.8038747434396
"Gaussian GNAR baseline",2024-11-14,"BLC2",11.0495,9.91609655139093
"Gaussian GNAR baseline",2024-11-14,"BOTR",9.90179166666667,10.0689548001637
"Gaussian GNAR baseline",2024-11-14,"GHSR",5.29983333333333,6.74432182580592
"Gaussian GNAR baseline",2024-11-14,"LEAM",9.218875,11.3887209766665
"Gaussian GNAR baseline",2024-11-14,"NPT3",10.188875,10.1047342937218
"Gaussian GNAR baseline",2024-11-14,"REA1",10.959125,9.16245719065092
"Gaussian GNAR baseline",2024-11-14,"SOUT",12.9256666666667,8.46860661098866
"Gaussian GNAR baseline",2024-11-14,"WREX",10.0560416666667,8.56184450107297
"Gaussian GNAR baseline",2024-11-14,"LEAR",8.18491666666667,10.836734898309
"Gaussian GNAR baseline",2024-11-14,"PLYM",8.12504166666667,9.6651079432226
"Gaussian GNAR baseline",2024-11-14,"SHDG",10.56025,8.53679290216049
"Gaussian GNAR baseline",2024-11-14,"SHE",10.5503333333333,9.72173135321198
"Gaussian GNAR baseline",2024-11-14,"BEL2",4.354375,9.06590631308424
"Gaussian GNAR baseline",2024-11-14,"GLKP",4.22558333333333,6.4303656730716
"Gaussian GNAR baseline",2024-11-14,"LECU",9.4675,11.4852845405737
"Gaussian GNAR baseline",2024-11-14,"SUN2",9.16279166666667,7.55553035817771
"Gaussian GNAR baseline",2024-11-14,"TRAN",13.1152083333333,8.71598009374214
"Gaussian GNAR baseline",2024-11-14,"STOK",11.697125,11.4191976811025
"Gaussian GNAR baseline",2024-11-14,"BEX",14.11175,9.19409953367443
"Gaussian GNAR baseline",2024-11-14,"SEND",12.6514583333333,9.00882447324137
"Gaussian GNAR baseline",2024-11-14,"HUL2",10.9660416666667,11.611766087819
"Gaussian GNAR baseline",2024-11-14,"PEMB",5.51495833333333,7.96099832882463
"Gaussian GNAR baseline",2024-11-14,"WFEN",11.693375,9.19388105173153
"Gaussian GNAR baseline",2024-11-14,"OSY",10.342,8.42230674654494
"Gaussian GNAR baseline",2024-11-14,"ACTH",2.19920833333333,5.7375699374999
"Gaussian GNAR baseline",2024-11-14,"COPP",13.0121666666667,11.6404568984525
"Gaussian GNAR baseline",2024-11-15,"EB",10.0484583333333,10.6395129277102
"Gaussian GNAR baseline",2024-11-15,"IMGM",11.9762916666667,8.63722510934799
"Gaussian GNAR baseline",2024-11-15,"PRES",9.77791666666667,8.115243157637
"Gaussian GNAR baseline",2024-11-15,"BIRR",15.15725,10.0686781337869
"Gaussian GNAR baseline",2024-11-15,"BLC2",7.55604166666667,9.27538881061293
"Gaussian GNAR baseline",2024-11-15,"BOTR",13.1565,8.8146955972152
"Gaussian GNAR baseline",2024-11-15,"GHSR",1.963375,6.72176629080749
"Gaussian GNAR baseline",2024-11-15,"LEAM",13.6115,8.6139526339068
"Gaussian GNAR baseline",2024-11-15,"NPT3",13.9505833333333,8.93616271577988
"Gaussian GNAR baseline",2024-11-15,"REA1",14.9606666666667,9.19824505550641
"Gaussian GNAR baseline",2024-11-15,"SOUT",11.91725,9.96488689116525
"Gaussian GNAR baseline",2024-11-15,"WREX",11.7187083333333,8.78731606608556
"Gaussian GNAR baseline",2024-11-15,"LEAR",12.71725,8.15700311257787
"Gaussian GNAR baseline",2024-11-15,"PLYM",12.54825,8.06338073966676
"Gaussian GNAR baseline",2024-11-15,"SHDG",11.2579583333333,8.99089840732776
"Gaussian GNAR baseline",2024-11-15,"SHE",10.7647083333333,9.05782016072454
"Gaussian GNAR baseline",2024-11-15,"BEL2",5.32229166666667,6.45870348176125
"Gaussian GNAR baseline",2024-11-15,"GLKP",1.537125,6.26146712383806
"Gaussian GNAR baseline",2024-11-15,"LECU",12.5806666666667,8.72120711361016
"Gaussian GNAR baseline",2024-11-15,"SUN2",2.71825,8.35794774789261
"Gaussian GNAR baseline",2024-11-15,"TRAN",6.68920833333333,10.0478537353066
"Gaussian GNAR baseline",2024-11-15,"STOK",14.0546666666667,9.62801013766279
"Gaussian GNAR baseline",2024-11-15,"BEX",14.1392083333333,10.4964363252208
"Gaussian GNAR baseline",2024-11-15,"SEND",10.9217916666667,9.88640094231259
"Gaussian GNAR baseline",2024-11-15,"HUL2",16.1902083333333,9.3417150806609
"Gaussian GNAR baseline",2024-11-15,"PEMB",8.63995833333333,6.88951822907722
"Gaussian GNAR baseline",2024-11-15,"WFEN",10.89325,9.50302463362072
"Gaussian GNAR baseline",2024-11-15,"OSY",9.25125,8.90282937512069
"Gaussian GNAR baseline",2024-11-15,"ACTH",0.8225,5.39771639642686
"Gaussian GNAR baseline",2024-11-15,"COPP",11.229375,10.1810954524609
"Gaussian GNAR baseline",2024-11-16,"EB",8.97608333333333,9.27125596560377
"Gaussian GNAR baseline",2024-11-16,"IMGM",5.97679166666667,9.93961181408832
"Gaussian GNAR baseline",2024-11-16,"PRES",5.14441666666667,8.99848330048567
"Gaussian GNAR baseline",2024-11-16,"BIRR",7.55108333333333,11.3274991580667
"Gaussian GNAR baseline",2024-11-16,"BLC2",5.72029166666667,8.16220961661248
"Gaussian GNAR baseline",2024-11-16,"BOTR",5.551375,10.4360647366899
"Gaussian GNAR baseline",2024-11-16,"GHSR",6.30116666666667,5.72177303980526
"Gaussian GNAR baseline",2024-11-16,"LEAM",9.59025,10.6062850839313
"Gaussian GNAR baseline",2024-11-16,"NPT3",10.960125,10.769544924555
"Gaussian GNAR baseline",2024-11-16,"REA1",11.569375,11.2037069207555
"Gaussian GNAR baseline",2024-11-16,"SOUT",10.3665833333333,10.0010975597966
"Gaussian GNAR baseline",2024-11-16,"WREX",3.429625,9.84884758275765
"Gaussian GNAR baseline",2024-11-16,"LEAR",9.032125,10.2132457881787
"Gaussian GNAR baseline",2024-11-16,"PLYM",10.3244166666667,10.1423033077121
"Gaussian GNAR baseline",2024-11-16,"SHDG",4.33470833333333,9.67186461327275
"Gaussian GNAR baseline",2024-11-16,"SHE",3.83558333333333,9.468866707022
"Gaussian GNAR baseline",2024-11-16,"BEL2",7.3105,7.0792056064329
"Gaussian GNAR baseline",2024-11-16,"GLKP",5.22108333333333,5.5201165470515
"Gaussian GNAR baseline",2024-11-16,"LECU",6.997875,10.188674061949
"Gaussian GNAR baseline",2024-11-16,"SUN2",4.04083333333333,6.1271593301011
"Gaussian GNAR baseline",2024-11-16,"TRAN",4.41825,7.85674084686292
"Gaussian GNAR baseline",2024-11-16,"STOK",5.19566666666667,10.8494558456902
"Gaussian GNAR baseline",2024-11-16,"BEX",12.9914166666667,10.9436451593572
"Gaussian GNAR baseline",2024-11-16,"SEND",12.8046666666667,9.58515772348136
"Gaussian GNAR baseline",2024-11-16,"HUL2",6.53795833333333,11.7092887255167
"Gaussian GNAR baseline",2024-11-16,"PEMB",3.867,8.4715239384477
"Gaussian GNAR baseline",2024-11-16,"WFEN",9.10283333333333,9.54984150555747
"Gaussian GNAR baseline",2024-11-16,"OSY",12.1158333333333,8.84162097808654
"Gaussian GNAR baseline",2024-11-16,"ACTH",3.79325,5.17648422940703
"Gaussian GNAR baseline",2024-11-16,"COPP",4.99504166666667,9.72047108234892
"Gaussian GNAR baseline",2024-11-17,"EB",3.2725,7.24077257635258
"Gaussian GNAR baseline",2024-11-17,"IMGM",3.530875,6.05534826379007
"Gaussian GNAR baseline",2024-11-17,"PRES",4.04295833333333,5.65908008564087
"Gaussian GNAR baseline",2024-11-17,"BIRR",4.03491666666667,6.78077343915353
"Gaussian GNAR baseline",2024-11-17,"BLC2",3.220375,5.84110426988186
"Gaussian GNAR baseline",2024-11-17,"BOTR",3.779625,5.9095295717992
"Gaussian GNAR baseline",2024-11-17,"GHSR",5.0305,5.94220906784945
"Gaussian GNAR baseline",2024-11-17,"LEAM",4.00458333333333,7.58093705687087
"Gaussian GNAR baseline",2024-11-17,"NPT3",4.329875,8.15238038403266
"Gaussian GNAR baseline",2024-11-17,"REA1",4.07241666666667,8.42768077085028
"Gaussian GNAR baseline",2024-11-17,"SOUT",3.75008333333333,7.85834891724797
"Gaussian GNAR baseline",2024-11-17,"WREX",3.68420833333333,5.00197729851238
"Gaussian GNAR baseline",2024-11-17,"LEAR",4.61979166666667,7.3295032803947
"Gaussian GNAR baseline",2024-11-17,"PLYM",5.012875,7.85654857737277
"Gaussian GNAR baseline",2024-11-17,"SHDG",2.47933333333333,5.362676296826
"Gaussian GNAR baseline",2024-11-17,"SHE",2.949125,5.1453658038327
"Gaussian GNAR baseline",2024-11-17,"BEL2",3.89041666666667,6.43978482402841
"Gaussian GNAR baseline",2024-11-17,"GLKP",4.54804166666667,5.48774091972507
"Gaussian GNAR baseline",2024-11-17,"LECU",3.85129166666667,6.48994874280011
"Gaussian GNAR baseline",2024-11-17,"SUN2",3.6665,5.03166536693303
"Gaussian GNAR baseline",2024-11-17,"TRAN",4.96166666666667,5.28455332161043
"Gaussian GNAR baseline",2024-11-17,"STOK",5.24575,5.78542229293147
"Gaussian GNAR baseline",2024-11-17,"BEX",4.316125,8.99199992468233
"Gaussian GNAR baseline",2024-11-17,"SEND",4.15,8.83603582958401
"Gaussian GNAR baseline",2024-11-17,"HUL2",3.69783333333333,6.38974852702579
"Gaussian GNAR baseline",2024-11-17,"PEMB",3.36283333333333,5.10597745900873
"Gaussian GNAR baseline",2024-11-17,"WFEN",3.67345833333333,7.31366924121629
"Gaussian GNAR baseline",2024-11-17,"OSY",3.64875,8.51176446916652
"Gaussian GNAR baseline",2024-11-17,"ACTH",2.272,4.8832291700837
"Gaussian GNAR baseline",2024-11-17,"COPP",5.05991666666667,5.63340724705853
"Gaussian GNAR baseline",2024-11-18,"EB",2.56595833333333,3.9413165870117
"Gaussian GNAR baseline",2024-11-18,"IMGM",6.671625,3.97369349723603
"Gaussian GNAR baseline",2024-11-18,"PRES",8.60947826086957,4.16369930699474
"Gaussian GNAR baseline",2024-11-18,"BIRR",7.87145833333333,4.21963570511258
"Gaussian GNAR baseline",2024-11-18,"BLC2",5.84908695652174,3.8397463920529
"Gaussian GNAR baseline",2024-11-18,"BOTR",6.32179166666667,4.06547192931001
"Gaussian GNAR baseline",2024-11-18,"GHSR",7.52266666666667,4.59810939580141
"Gaussian GNAR baseline",2024-11-18,"LEAM",7.59833333333333,4.25736266092302
"Gaussian GNAR baseline",2024-11-18,"NPT3",3.32254166666667,4.42479657781645
"Gaussian GNAR baseline",2024-11-18,"REA1",3.90133333333333,4.33396372666017
"Gaussian GNAR baseline",2024-11-18,"SOUT",2.68079166666667,4.1718587397978
"Gaussian GNAR baseline",2024-11-18,"WREX",5.201625,3.97402171917197
"Gaussian GNAR baseline",2024-11-18,"LEAR",7.31133333333333,4.4965095881455
"Gaussian GNAR baseline",2024-11-18,"PLYM",3.98783333333333,4.68989996079307
"Gaussian GNAR baseline",2024-11-18,"SHDG",5.76941666666667,3.50102890971742
"Gaussian GNAR baseline",2024-11-18,"SHE",5.49133333333333,3.68185364859851
"Gaussian GNAR baseline",2024-11-18,"BEL2",4.60108333333333,4.15431584107302
"Gaussian GNAR baseline",2024-11-18,"GLKP",7.50208333333333,4.37320448957861
"Gaussian GNAR baseline",2024-11-18,"LECU",6.17433333333333,4.13053773250191
"Gaussian GNAR baseline",2024-11-18,"SUN2",7.446,3.98178795783496
"Gaussian GNAR baseline",2024-11-18,"TRAN",6.15279166666667,4.52346551649346
"Gaussian GNAR baseline",2024-11-18,"STOK",8.19970833333333,4.65937664019745
"Gaussian GNAR baseline",2024-11-18,"BEX",5.574,4.46914637739678
"Gaussian GNAR baseline",2024-11-18,"SEND",4.613875,4.39626255816589
"Gaussian GNAR baseline",2024-11-18,"HUL2",7.93054166666667,4.05613642265299
"Gaussian GNAR baseline",2024-11-18,"PEMB",1.64604166666667,3.85268464583522
"Gaussian GNAR baseline",2024-11-18,"WFEN",7.48625,4.1092533136792
"Gaussian GNAR baseline",2024-11-18,"OSY",5.40391666666667,4.17326413276268
"Gaussian GNAR baseline",2024-11-18,"ACTH",2.50691666666667,3.40247469931067
"Gaussian GNAR baseline",2024-11-18,"COPP",8.35308333333333,4.57805003124249
"Gaussian GNAR baseline",2024-11-19,"EB",3.117125,5.05056337034342
"Gaussian GNAR baseline",2024-11-19,"IMGM",3.587875,6.744585950665
"Gaussian GNAR baseline",2024-11-19,"PRES",6.31095833333333,7.55375917255633
"Gaussian GNAR baseline",2024-11-19,"BIRR",6.997875,7.25019306129478
"Gaussian GNAR baseline",2024-11-19,"BLC2",2.9815,6.39883283924383
"Gaussian GNAR baseline",2024-11-19,"BOTR",5.91008333333333,6.6069077322269
"Gaussian GNAR baseline",2024-11-19,"GHSR",6.30116666666667,7.13132691312415
"Gaussian GNAR baseline",2024-11-19,"LEAM",6.15866666666667,7.13717647573678
"Gaussian GNAR baseline",2024-11-19,"NPT3",3.03466666666667,5.38759025692285
"Gaussian GNAR baseline",2024-11-19,"REA1",5.17429166666667,5.61916900815392
"Gaussian GNAR baseline",2024-11-19,"SOUT",4.372,5.10952248749994
"Gaussian GNAR baseline",2024-11-19,"WREX",5.738125,6.14410677566843
"Gaussian GNAR baseline",2024-11-19,"LEAR",5.46395833333333,7.03434698865876
"Gaussian GNAR baseline",2024-11-19,"PLYM",4.87820833333333,5.67787554386052
"Gaussian GNAR baseline",2024-11-19,"SHDG",6.49666666666667,6.3478424998556
"Gaussian GNAR baseline",2024-11-19,"SHE",6.46033333333333,6.24509872497368
"Gaussian GNAR baseline",2024-11-19,"BEL2",6.116375,5.90232597878182
"Gaussian GNAR baseline",2024-11-19,"GLKP",5.03841666666667,7.11098990376835
"Gaussian GNAR baseline",2024-11-19,"LECU",5.918875,6.54805810267859
"Gaussian GNAR baseline",2024-11-19,"SUN2",5.06091666666667,7.06623662755674
"Gaussian GNAR baseline",2024-11-19,"TRAN",4.24241666666667,6.5665360008695
"Gaussian GNAR baseline",2024-11-19,"STOK",6.97720833333333,7.41492808652976
"Gaussian GNAR baseline",2024-11-19,"BEX",3.96220833333333,6.31272919908838
"Gaussian GNAR baseline",2024-11-19,"SEND",2.908875,5.91397392778109
"Gaussian GNAR baseline",2024-11-19,"HUL2",4.42116666666667,7.26618210157254
"Gaussian GNAR baseline",2024-11-19,"PEMB",1.85013043478261,4.67464893282811
"Gaussian GNAR baseline",2024-11-19,"WFEN",3.26566666666667,7.08295295127386
"Gaussian GNAR baseline",2024-11-19,"OSY",2.236625,6.22638731985156
"Gaussian GNAR baseline",2024-11-19,"ACTH",2.20716666666667,5.00166579857773
"Gaussian GNAR baseline",2024-11-19,"COPP",5.573875,7.47339950083942
"Gaussian GNAR baseline",2024-11-20,"EB",3.682125,4.39488970234553
"Gaussian GNAR baseline",2024-11-20,"IMGM",3.93370833333333,4.68945891550742
"Gaussian GNAR baseline",2024-11-20,"PRES",7.54625,5.856502791804
"Gaussian GNAR baseline",2024-11-20,"BIRR",4.84570833333333,6.12069766767908
"Gaussian GNAR baseline",2024-11-20,"BLC2",1.92216666666667,4.41995689102947
"Gaussian GNAR baseline",2024-11-20,"BOTR",4.913625,5.63540717718286
"Gaussian GNAR baseline",2024-11-20,"GHSR",3.74216666666667,5.82572514341851
"Gaussian GNAR baseline",2024-11-20,"LEAM",4.73566666666667,5.76901213396215
"Gaussian GNAR baseline",2024-11-20,"NPT3",5.158875,4.37961852806883
"Gaussian GNAR baseline",2024-11-20,"REA1",3.8895,5.27337348668598
"Gaussian GNAR baseline",2024-11-20,"SOUT",4.83295833333333,4.91354140081241
"Gaussian GNAR baseline",2024-11-20,"WREX",2.83916666666667,5.53714874566076
"Gaussian GNAR baseline",2024-11-20,"LEAR",4.74,5.4763827735913
"Gaussian GNAR baseline",2024-11-20,"PLYM",6.81008333333333,5.15379566433813
"Gaussian GNAR baseline",2024-11-20,"SHDG",3.15254166666667,5.8629291423241
"Gaussian GNAR baseline",2024-11-20,"SHE",3.5515,5.84114883762108
"Gaussian GNAR baseline",2024-11-20,"BEL2",5.26829166666667,5.67784820333156
"Gaussian GNAR baseline",2024-11-20,"GLKP",2.72204166666667,5.30615640951363
"Gaussian GNAR baseline",2024-11-20,"LECU",5.00291666666667,5.63539125005034
"Gaussian GNAR baseline",2024-11-20,"SUN2",2.8145,5.31402465395575
"Gaussian GNAR baseline",2024-11-20,"TRAN",2.850875,4.94574127458207
"Gaussian GNAR baseline",2024-11-20,"STOK",4.94204166666667,6.12028262264822
"Gaussian GNAR baseline",2024-11-20,"BEX",4.8625,4.8163123058072
"Gaussian GNAR baseline",2024-11-20,"SEND",4.44770833333333,4.35969817861784
"Gaussian GNAR baseline",2024-11-20,"HUL2",5.215125,5.0629783948735
"Gaussian GNAR baseline",2024-11-20,"PEMB",2.37225,3.85143841807458
"Gaussian GNAR baseline",2024-11-20,"WFEN",3.76958333333333,4.57706559829186
"Gaussian GNAR baseline",2024-11-20,"OSY",2.84879166666667,4.10281269255058
"Gaussian GNAR baseline",2024-11-20,"ACTH",1.6795,4.01939172379522
"Gaussian GNAR baseline",2024-11-20,"COPP",4.50475,5.5472082644567
"Gaussian GNAR baseline",2024-11-21,"EB",4.71891666666667,4.55890249280861
"Gaussian GNAR baseline",2024-11-21,"IMGM",5.34691666666667,4.67390542871725
"Gaussian GNAR baseline",2024-11-21,"PRES",5.969125,6.22589631279506
"Gaussian GNAR baseline",2024-11-21,"BIRR",12.3162916666667,5.13272910598434
"Gaussian GNAR baseline",2024-11-21,"BLC2",5.45108333333333,3.83212101854024
"Gaussian GNAR baseline",2024-11-21,"BOTR",6.41308333333333,5.13386987640567
"Gaussian GNAR baseline",2024-11-21,"GHSR",2.71325,4.66196070565502
"Gaussian GNAR baseline",2024-11-21,"LEAM",8.26654166666667,5.06683795438946
"Gaussian GNAR baseline",2024-11-21,"NPT3",6.19404166666667,5.16390094516133
"Gaussian GNAR baseline",2024-11-21,"REA1",5.91495833333333,4.69478417549342
"Gaussian GNAR baseline",2024-11-21,"SOUT",5.86666666666667,5.06285016610113
"Gaussian GNAR baseline",2024-11-21,"WREX",3.649875,4.27691664401035
"Gaussian GNAR baseline",2024-11-21,"LEAR",7.37133333333333,5.05151841238562
"Gaussian GNAR baseline",2024-11-21,"PLYM",4.57654166666667,5.88802168833403
"Gaussian GNAR baseline",2024-11-21,"SHDG",4.29445833333333,4.42440368557696
"Gaussian GNAR baseline",2024-11-21,"SHE",5.31445833333333,4.5875038748365
"Gaussian GNAR baseline",2024-11-21,"BEL2",5.49245833333333,5.28473607586922
"Gaussian GNAR baseline",2024-11-21,"GLKP",2.04591666666667,4.21154774110298
"Gaussian GNAR baseline",2024-11-21,"LECU",7.708375,5.17079024291811
"Gaussian GNAR baseline",2024-11-21,"SUN2",2.078375,4.2501072290308
"Gaussian GNAR baseline",2024-11-21,"TRAN",4.71208333333333,4.24491140554883
"Gaussian GNAR baseline",2024-11-21,"STOK",6.660875,5.17181885804476
"Gaussian GNAR baseline",2024-11-21,"BEX",7.40170833333333,5.06490612899173
"Gaussian GNAR baseline",2024-11-21,"SEND",7.66716666666667,4.86847454293447
"Gaussian GNAR baseline",2024-11-21,"HUL2",6.64029166666667,5.22115267476997
"Gaussian GNAR baseline",2024-11-21,"PEMB",2.55008333333333,3.98928131769254
"Gaussian GNAR baseline",2024-11-21,"WFEN",6.02,4.59850931050676
"Gaussian GNAR baseline",2024-11-21,"OSY",5.52970833333333,4.19468090799515
"Gaussian GNAR baseline",2024-11-21,"ACTH",1.10158333333333,3.71331039874576
"Gaussian GNAR baseline",2024-11-21,"COPP",4.99504166666667,4.95752296900622
"Gaussian GNAR baseline",2024-11-22,"EB",3.676375,5.76585963582172
"Gaussian GNAR baseline",2024-11-22,"IMGM",4.50570833333333,6.03019626875315
"Gaussian GNAR baseline",2024-11-22,"PRES",5.89333333333333,6.37488481275493
"Gaussian GNAR baseline",2024-11-22,"BIRR",4.59220833333333,8.91745531526279
"Gaussian GNAR baseline",2024-11-22,"BLC2",4.46245833333333,6.02349902259807
"Gaussian GNAR baseline",2024-11-22,"BOTR",4.2395,6.49257281307742
"Gaussian GNAR baseline",2024-11-22,"GHSR",3.89254166666667,4.9428945516876
"Gaussian GNAR baseline",2024-11-22,"LEAM",4.39270833333333,7.25006900566493
"Gaussian GNAR baseline",2024-11-22,"NPT3",10.1985416666667,6.40857125216211
"Gaussian GNAR baseline",2024-11-22,"REA1",5.406,6.26260547403245
"Gaussian GNAR baseline",2024-11-22,"SOUT",7.35545833333333,6.26597881685675
"Gaussian GNAR baseline",2024-11-22,"WREX",4.065625,5.30567263939024
"Gaussian GNAR baseline",2024-11-22,"LEAR",4.68554166666667,6.88219414104841
"Gaussian GNAR baseline",2024-11-22,"PLYM",7.18554166666667,5.78433255272643
"Gaussian GNAR baseline",2024-11-22,"SHDG",4.303375,5.57834701552492
"Gaussian GNAR baseline",2024-11-22,"SHE",4.23745833333333,6.00744569117855
"Gaussian GNAR baseline",2024-11-22,"BEL2",7.104,6.12287398181538
"Gaussian GNAR baseline",2024-11-22,"GLKP",3.05620833333333,4.64347142836178
"Gaussian GNAR baseline",2024-11-22,"LECU",4.31804166666667,7.02720933184573
"Gaussian GNAR baseline",2024-11-22,"SUN2",5.67525,4.6590895832931
"Gaussian GNAR baseline",2024-11-22,"TRAN",4.880125,5.7425888789902
"Gaussian GNAR baseline",2024-11-22,"STOK",4.29633333333333,6.5951287777518
"Gaussian GNAR baseline",2024-11-22,"BEX",5.68791666666667,6.89769542660414
"Gaussian GNAR baseline",2024-11-22,"SEND",4.852625,6.9966034765112
"Gaussian GNAR baseline",2024-11-22,"HUL2",5.3685,6.59339001685596
"Gaussian GNAR baseline",2024-11-22,"PEMB",3.95429166666667,4.8421022037334
"Gaussian GNAR baseline",2024-11-22,"WFEN",3.42670833333333,6.30283173001351
"Gaussian GNAR baseline",2024-11-22,"OSY",3.58381818181818,6.07862796716684
"Gaussian GNAR baseline",2024-11-22,"ACTH",1.38570833333333,4.22963374905312
"Gaussian GNAR baseline",2024-11-22,"COPP",4.31808333333333,5.89961227040555
"Gaussian GNAR baseline",2024-11-23,"EB",7.41758333333333,4.77506544433196
"Gaussian GNAR baseline",2024-11-23,"IMGM",3.779125,5.13142731688821
"Gaussian GNAR baseline",2024-11-23,"PRES",3.53583333333333,5.71713624653492
"Gaussian GNAR baseline",2024-11-23,"BIRR",3.84833333333333,5.33854034697874
"Gaussian GNAR baseline",2024-11-23,"BLC2",4.57058333333333,5.11621325127087
"Gaussian GNAR baseline",2024-11-23,"BOTR",3.33525,5.04824507890111
"Gaussian GNAR baseline",2024-11-23,"GHSR",3.69208333333333,4.81455118502003
"Gaussian GNAR baseline",2024-11-23,"LEAM",3.277375,5.15684674148811
"Gaussian GNAR baseline",2024-11-23,"NPT3",6.45829166666667,7.49235819621749
"Gaussian GNAR baseline",2024-11-23,"REA1",4.93125,5.51548117842422
"Gaussian GNAR baseline",2024-11-23,"SOUT",7.70825,6.31563067657786
"Gaussian GNAR baseline",2024-11-23,"WREX",3.18195833333333,4.90875403398429
"Gaussian GNAR baseline",2024-11-23,"LEAR",3.35595833333333,5.25518164151633
"Gaussian GNAR baseline",2024-11-23,"PLYM",19.1442916666667,6.21402782898941
"Gaussian GNAR baseline",2024-11-23,"SHDG",3.75104166666667,5.02234972655277
"Gaussian GNAR baseline",2024-11-23,"SHE",4.110625,5.02036232502252
"Gaussian GNAR baseline",2024-11-23,"BEL2",6.46525,6.20305557133449
"Gaussian GNAR baseline",2024-11-23,"GLKP",3.58983333333333,4.45434369366059
"Gaussian GNAR baseline",2024-11-23,"LECU",2.72308333333333,5.11241478678497
"Gaussian GNAR baseline",2024-11-23,"SUN2",5.00491666666667,5.53171774349499
"Gaussian GNAR baseline",2024-11-23,"TRAN",3.258625,5.26970694039958
"Gaussian GNAR baseline",2024-11-23,"STOK",3.67533333333333,5.07770639633888
"Gaussian GNAR baseline",2024-11-23,"BEX",5.61316666666667,5.66796247314644
"Gaussian GNAR baseline",2024-11-23,"SEND",5.10125,5.33114456172614
"Gaussian GNAR baseline",2024-11-23,"HUL2",5.04029166666667,5.51792119263573
"Gaussian GNAR baseline",2024-11-23,"PEMB",8.36179166666667,4.83591747158174
"Gaussian GNAR baseline",2024-11-23,"WFEN",3.98966666666667,4.70446542932312
"Gaussian GNAR baseline",2024-11-23,"OSY",6.15283333333333,4.75697759898999
"Gaussian GNAR baseline",2024-11-23,"ACTH",1.90458333333333,3.74442769413705
"Gaussian GNAR baseline",2024-11-23,"COPP",2.99233333333333,5.04564109411849
"Gaussian GNAR baseline",2024-11-24,"EB",9.05958333333333,6.49904424507243
"Gaussian GNAR baseline",2024-11-24,"IMGM",3.15354166666667,5.02384564908139
"Gaussian GNAR baseline",2024-11-24,"PRES",4.36525,4.95799641234449
"Gaussian GNAR baseline",2024-11-24,"BIRR",4.06941666666667,5.05442347485228
"Gaussian GNAR baseline",2024-11-24,"BLC2",6.98516666666667,5.34811539956747
"Gaussian GNAR baseline",2024-11-24,"BOTR",3.08966666666667,4.83483485602331
"Gaussian GNAR baseline",2024-11-24,"GHSR",5.49820833333333,4.97297299767279
"Gaussian GNAR baseline",2024-11-24,"LEAM",4.8575,4.81481628266621
"Gaussian GNAR baseline",2024-11-24,"NPT3",6.70104166666667,6.2652690463595
"Gaussian GNAR baseline",2024-11-24,"REA1",10.8353333333333,5.51959592502724
"Gaussian GNAR baseline",2024-11-24,"SOUT",12.8920416666667,6.70908828534055
"Gaussian GNAR baseline",2024-11-24,"WREX",4.134375,4.76754319477307
"Gaussian GNAR baseline",2024-11-24,"LEAR",4.67083333333333,4.85432682278371
"Gaussian GNAR baseline",2024-11-24,"PLYM",18.1633333333333,11.4057691146369
"Gaussian GNAR baseline",2024-11-24,"SHDG",1.872,5.00732120896938
"Gaussian GNAR baseline",2024-11-24,"SHE",2.013625,5.15350781721779
"Gaussian GNAR baseline",2024-11-24,"BEL2",5.54545833333333,6.19195475604623
"Gaussian GNAR baseline",2024-11-24,"GLKP",5.2025,4.91035543453962
"Gaussian GNAR baseline",2024-11-24,"LECU",4.08520833333333,4.58513290830428
"Gaussian GNAR baseline",2024-11-24,"SUN2",3.82870833333333,5.55650491337102
"Gaussian GNAR baseline",2024-11-24,"TRAN",4.34066666666667,4.81910710849413
"Gaussian GNAR baseline",2024-11-24,"STOK",2.33983333333333,4.97602744252058
"Gaussian GNAR baseline",2024-11-24,"BEX",10.0550833333333,5.80684205274985
"Gaussian GNAR baseline",2024-11-24,"SEND",9.54895833333333,5.57585383445429
"Gaussian GNAR baseline",2024-11-24,"HUL2",3.33929166666667,5.5634951591226
"Gaussian GNAR baseline",2024-11-24,"PEMB",8.76279166666667,6.89400870046557
"Gaussian GNAR baseline",2024-11-24,"WFEN",8.99175,5.08382981893315
"Gaussian GNAR baseline",2024-11-24,"OSY",11.5222916666667,5.97688171386782
"Gaussian GNAR baseline",2024-11-24,"ACTH",3.82179166666667,4.17650118634162
"Gaussian GNAR baseline",2024-11-24,"COPP",2.79870833333333,4.69581099545874
"Gaussian GNAR baseline",2024-11-25,"EB",5.30954166666667,7.79549192254093
"Gaussian GNAR baseline",2024-11-25,"IMGM",4.09691666666667,5.27820944266765
"Gaussian GNAR baseline",2024-11-25,"PRES",5.72633333333333,5.77030165967413
"Gaussian GNAR baseline",2024-11-25,"BIRR",5.288875,5.65638976812593
"Gaussian GNAR baseline",2024-11-25,"BLC2",7.41458333333333,6.87270757677294
"Gaussian GNAR baseline",2024-11-25,"BOTR",4.315125,5.24102685533216
"Gaussian GNAR baseline",2024-11-25,"GHSR",4.2285,6.23985817869055
"Gaussian GNAR baseline",2024-11-25,"LEAM",4.8625,5.96628224874053
"Gaussian GNAR baseline",2024-11-25,"NPT3",5.98275,6.80238345994334
"Gaussian GNAR baseline",2024-11-25,"REA1",5.95329166666667,8.46422311682135
"Gaussian GNAR baseline",2024-11-25,"SOUT",6.68141666666667,9.378005225872
"Gaussian GNAR baseline",2024-11-25,"WREX",4.63145833333333,5.6666879958348
"Gaussian GNAR baseline",2024-11-25,"LEAR",4.60595833333333,5.89148602367788
"Gaussian GNAR baseline",2024-11-25,"PLYM",8.88270833333333,11.8263129655963
"Gaussian GNAR baseline",2024-11-25,"SHDG",4.15191666666667,4.75073164677302
"Gaussian GNAR baseline",2024-11-25,"SHE",4.49591666666667,4.81779900029881
"Gaussian GNAR baseline",2024-11-25,"BEL2",4.81920833333333,6.32754427995245
"Gaussian GNAR baseline",2024-11-25,"GLKP",3.87391666666667,6.11578827393997
"Gaussian GNAR baseline",2024-11-25,"LECU",4.47129166666667,5.63518213320112
"Gaussian GNAR baseline",2024-11-25,"SUN2",4.83891666666667,5.5859151571489
"Gaussian GNAR baseline",2024-11-25,"TRAN",3.93766666666667,5.75337281196953
"Gaussian GNAR baseline",2024-11-25,"STOK",4.33183333333333,4.94117413137154
"Gaussian GNAR baseline",2024-11-25,"BEX",5.93941666666667,8.16028190773776
"Gaussian GNAR baseline",2024-11-25,"SEND",4.892875,7.93963452208898
"Gaussian GNAR baseline",2024-11-25,"HUL2",5.40195833333333,5.38560785865233
"Gaussian GNAR baseline",2024-11-25,"PEMB",5.14341666666667,7.69673609569899
"Gaussian GNAR baseline",2024-11-25,"WFEN",4.43404166666667,7.68322771792985
"Gaussian GNAR baseline",2024-11-25,"OSY",5.33116666666667,8.77667228544869
"Gaussian GNAR baseline",2024-11-25,"ACTH",2.45966666666667,5.50675488640281
"Gaussian GNAR baseline",2024-11-25,"COPP",4.59904166666667,5.11298527265834
"Gaussian GNAR baseline",2024-11-26,"EB",6.14983333333333,5.50121113267713
"Gaussian GNAR baseline",2024-11-26,"IMGM",5.304625,4.85737146882208
"Gaussian GNAR baseline",2024-11-26,"PRES",10.5945833333333,5.55698152658676
"Gaussian GNAR baseline",2024-11-26,"BIRR",11.2687083333333,5.36987910590444
"Gaussian GNAR baseline",2024-11-26,"BLC2",6.58808333333333,6.31543957845365
"Gaussian GNAR baseline",2024-11-26,"BOTR",8.75204166666667,4.9454951696886
"Gaussian GNAR baseline",2024-11-26,"GHSR",6.51833333333333,4.96917550358135
"Gaussian GNAR baseline",2024-11-26,"LEAM",5.46391666666667,5.21401402115786
"Gaussian GNAR baseline",2024-11-26,"NPT3",6.40041666666667,5.71988069521031
"Gaussian GNAR baseline",2024-11-26,"REA1",7.15520833333333,5.80954046465959
"Gaussian GNAR baseline",2024-11-26,"SOUT",6.9655,6.15946872871207
"Gaussian GNAR baseline",2024-11-26,"WREX",6.56445833333333,5.10124247058085
"Gaussian GNAR baseline",2024-11-26,"LEAR",5.05116666666667,5.10396586149831
"Gaussian GNAR baseline",2024-11-26,"PLYM",5.99058333333333,7.19408174807873
"Gaussian GNAR baseline",2024-11-26,"SHDG",6.76983333333333,4.84843344707395
"Gaussian GNAR baseline",2024-11-26,"SHE",7.84,4.99332321942725
"Gaussian GNAR baseline",2024-11-26,"BEL2",11.8642083333333,5.21315331618585
"Gaussian GNAR baseline",2024-11-26,"GLKP",5.504125,4.81614249774191
"Gaussian GNAR baseline",2024-11-26,"LECU",6.16154166666667,5.03419458643314
"Gaussian GNAR baseline",2024-11-26,"SUN2",5.562,5.17899541932833
"Gaussian GNAR baseline",2024-11-26,"TRAN",6.88379166666667,4.82113267214181
"Gaussian GNAR baseline",2024-11-26,"STOK",5.74395833333333,4.93390551147013
"Gaussian GNAR baseline",2024-11-26,"BEX",7.90104166666667,5.78463058723646
"Gaussian GNAR baseline",2024-11-26,"SEND",6.286375,5.34198378599863
"Gaussian GNAR baseline",2024-11-26,"HUL2",6.87208333333333,5.39839018928747
"Gaussian GNAR baseline",2024-11-26,"PEMB",2.90875,5.42561855184128
"Gaussian GNAR baseline",2024-11-26,"WFEN",5.32820833333333,5.13966107493189
"Gaussian GNAR baseline",2024-11-26,"OSY",4.83491666666667,5.5707217272682
"Gaussian GNAR baseline",2024-11-26,"ACTH",1.41808333333333,4.20081810885926
"Gaussian GNAR baseline",2024-11-26,"COPP",6.14495833333333,5.05503889852555
"Gaussian GNAR baseline",2024-11-27,"EB",4.45566666666667,6.69762890795306
"Gaussian GNAR baseline",2024-11-27,"IMGM",5.18275,6.3203505064639
"Gaussian GNAR baseline",2024-11-27,"PRES",15.4864583333333,8.5349335710258
"Gaussian GNAR baseline",2024-11-27,"BIRR",9.210875,8.80126890295656
"Gaussian GNAR baseline",2024-11-27,"BLC2",7.79575,6.92959182538715
"Gaussian GNAR baseline",2024-11-27,"BOTR",10.3450833333333,7.74280617005918
"Gaussian GNAR baseline",2024-11-27,"GHSR",5.9375,6.82249267823465
"Gaussian GNAR baseline",2024-11-27,"LEAM",9.30625,6.40467387186783
"Gaussian GNAR baseline",2024-11-27,"NPT3",6.48691666666667,6.81720445705829
"Gaussian GNAR baseline",2024-11-27,"REA1",5.57795833333333,7.12674161506424
"Gaussian GNAR baseline",2024-11-27,"SOUT",5.40891666666667,7.06668406766839
"Gaussian GNAR baseline",2024-11-27,"WREX",9.259125,6.85137181045729
"Gaussian GNAR baseline",2024-11-27,"LEAR",8.81379166666667,6.22869517635469
"Gaussian GNAR baseline",2024-11-27,"PLYM",5.11895833333333,6.72012439120765
"Gaussian GNAR baseline",2024-11-27,"SHDG",9.66295833333333,6.92398832175091
"Gaussian GNAR baseline",2024-11-27,"SHE",10.4314583333333,7.37235550792688
"Gaussian GNAR baseline",2024-11-27,"BEL2",24.42025,9.0344920554121
"Gaussian GNAR baseline",2024-11-27,"GLKP",5.54045833333333,6.39686703223392
"Gaussian GNAR baseline",2024-11-27,"LECU",8.85229166666667,6.68180752006506
"Gaussian GNAR baseline",2024-11-27,"SUN2",5.87858333333333,6.44441117741696
"Gaussian GNAR baseline",2024-11-27,"TRAN",8.842375,6.96555774609155
"Gaussian GNAR baseline",2024-11-27,"STOK",10.6938333333333,6.50672414742562
"Gaussian GNAR baseline",2024-11-27,"BEX",6.45054166666667,7.43297998456063
"Gaussian GNAR baseline",2024-11-27,"SEND",5.05016666666667,6.74349872213866
"Gaussian GNAR baseline",2024-11-27,"HUL2",8.65279166666667,6.99678963875596
"Gaussian GNAR baseline",2024-11-27,"PEMB",3.387375,5.36127004990404
"Gaussian GNAR baseline",2024-11-27,"WFEN",5.29191666666667,6.33834319286658
"Gaussian GNAR baseline",2024-11-27,"OSY",4.355375,6.15765569857934
"Gaussian GNAR baseline",2024-11-27,"ACTH",1.82004166666667,4.68245867667498
"Gaussian GNAR baseline",2024-11-27,"COPP",9.84670833333333,6.67813549308331
"Gaussian GNAR baseline",2024-11-28,"EB",10.18275,6.34030364826567
"Gaussian GNAR baseline",2024-11-28,"IMGM",7.44895833333333,6.61837078194782
"Gaussian GNAR baseline",2024-11-28,"PRES",8.507375,10.983997307748
"Gaussian GNAR baseline",2024-11-28,"BIRR",17.06675,8.4209697964143
"Gaussian GNAR baseline",2024-11-28,"BLC2",8.578,7.72405570566586
"Gaussian GNAR baseline",2024-11-28,"BOTR",14.1294166666667,8.82524420430792
"Gaussian GNAR baseline",2024-11-28,"GHSR",6.12433333333333,6.95849233142019
"Gaussian GNAR baseline",2024-11-28,"LEAM",16.1920833333333,8.31728486273357
"Gaussian GNAR baseline",2024-11-28,"NPT3",9.640375,7.18143121433139
"Gaussian GNAR baseline",2024-11-28,"REA1",17.1177916666667,6.82637743602884
"Gaussian GNAR baseline",2024-11-28,"SOUT",9.35729166666667,6.75222187924878
"Gaussian GNAR baseline",2024-11-28,"WREX",7.51875,8.32500450088845
"Gaussian GNAR baseline",2024-11-28,"LEAR",15.4992083333333,8.1046963192529
"Gaussian GNAR baseline",2024-11-28,"PLYM",8.01891666666667,6.60903417963527
"Gaussian GNAR baseline",2024-11-28,"SHDG",9.54016666666667,8.49605843185705
"Gaussian GNAR baseline",2024-11-28,"SHE",9.16479166666667,8.83829862297372
"Gaussian GNAR baseline",2024-11-28,"BEL2",11.244125,14.6875465339589
"Gaussian GNAR baseline",2024-11-28,"GLKP",6.27066666666667,6.77032009720088
"Gaussian GNAR baseline",2024-11-28,"LECU",14.1775,8.14785475684601
"Gaussian GNAR baseline",2024-11-28,"SUN2",7.20333333333333,6.91073333877208
"Gaussian GNAR baseline",2024-11-28,"TRAN",11.9262083333333,8.16155719098566
"Gaussian GNAR baseline",2024-11-28,"STOK",12.2150833333333,8.89455396516228
"Gaussian GNAR baseline",2024-11-28,"BEX",18.4553333333333,7.20341807765992
"Gaussian GNAR baseline",2024-11-28,"SEND",11.0839583333333,6.58803803563384
"Gaussian GNAR baseline",2024-11-28,"HUL2",9.16091666666667,8.08333945013681
"Gaussian GNAR baseline",2024-11-28,"PEMB",5.06579166666667,5.82139322385855
"Gaussian GNAR baseline",2024-11-28,"WFEN",11.073125,6.66382501212843
"Gaussian GNAR baseline",2024-11-28,"OSY",10.4304583333333,6.26671036881114
"Gaussian GNAR baseline",2024-11-28,"ACTH",1.95566666666667,5.14043616926364
"Gaussian GNAR baseline",2024-11-28,"COPP",14.5460416666667,8.55620834484245
"Gaussian GNAR baseline",2024-11-29,"EB",4.48308333333333,9.62886715110574
"Gaussian GNAR baseline",2024-11-29,"IMGM",5.50725,8.52302103734404
"Gaussian GNAR baseline",2024-11-29,"PRES",6.18025,9.21172430787407
"Gaussian GNAR baseline",2024-11-29,"BIRR",7.75154166666667,12.5756357935546
"Gaussian GNAR baseline",2024-11-29,"BLC2",7.02054166666667,9.05144240443766
"Gaussian GNAR baseline",2024-11-29,"BOTR",9.082125,11.3961441799238
"Gaussian GNAR baseline",2024-11-29,"GHSR",5.52391666666667,7.99710359557937
"Gaussian GNAR baseline",2024-11-29,"LEAM",5.28008333333333,12.2184457838449
"Gaussian GNAR baseline",2024-11-29,"NPT3",6.36008333333333,9.45592098859842
"Gaussian GNAR baseline",2024-11-29,"REA1",7.88633333333333,12.5071897388587
"Gaussian GNAR baseline",2024-11-29,"SOUT",5.348875,9.31302182815386
"Gaussian GNAR baseline",2024-11-29,"WREX",6.85541666666667,8.65205253686153
"Gaussian GNAR baseline",2024-11-29,"LEAR",4.83104166666667,11.9215125103228
"Gaussian GNAR baseline",2024-11-29,"PLYM",11.0249583333333,8.75573604256759
"Gaussian GNAR baseline",2024-11-29,"SHDG",8.34916666666667,9.49291041222335
"Gaussian GNAR baseline",2024-11-29,"SHE",10.0806666666667,9.35752716865336
"Gaussian GNAR baseline",2024-11-29,"BEL2",8.47183333333333,10.5565964514213
"Gaussian GNAR baseline",2024-11-29,"GLKP",5.60629166666667,8.04748142629856
"Gaussian GNAR baseline",2024-11-29,"LECU",6.13416666666667,11.3791629310361
"Gaussian GNAR baseline",2024-11-29,"SUN2",10.8815416666667,8.43918367551746
"Gaussian GNAR baseline",2024-11-29,"TRAN",7.126625,10.4535099248567
"Gaussian GNAR baseline",2024-11-29,"STOK",8.04241666666667,10.6178290708661
"Gaussian GNAR baseline",2024-11-29,"BEX",7.95995833333333,13.0784747466589
"Gaussian GNAR baseline",2024-11-29,"SEND",5.45208333333333,10.013949107318
"Gaussian GNAR baseline",2024-11-29,"HUL2",6.486875,9.31215105354944
"Gaussian GNAR baseline",2024-11-29,"PEMB",5.70270833333333,7.49920945487598
"Gaussian GNAR baseline",2024-11-29,"WFEN",6.02408333333333,10.0154468563955
"Gaussian GNAR baseline",2024-11-29,"OSY",5.369625,9.72822060485121
"Gaussian GNAR baseline",2024-11-29,"ACTH",3.20258333333333,6.18219008111714
"Gaussian GNAR baseline",2024-11-29,"COPP",8.28529166666667,11.5551328572008
"Gaussian GNAR baseline",2024-11-30,"EB",7.90779166666667,5.14312068747323
"Gaussian GNAR baseline",2024-11-30,"IMGM",8.44545833333333,5.4968170110806
"Gaussian GNAR baseline",2024-11-30,"PRES",5.81270833333333,5.79951203594777
"Gaussian GNAR baseline",2024-11-30,"BIRR",8.45920833333333,6.65609796933184
"Gaussian GNAR baseline",2024-11-30,"BLC2",5.71825,6.14665818554949
"Gaussian GNAR baseline",2024-11-30,"BOTR",8.18995833333333,7.13073863084058
"Gaussian GNAR baseline",2024-11-30,"GHSR",3.408,5.47106127950994
"Gaussian GNAR baseline",2024-11-30,"LEAM",7.194375,5.61865744597409
"Gaussian GNAR baseline",2024-11-30,"NPT3",9.12341666666667,5.90132344282636
"Gaussian GNAR baseline",2024-11-30,"REA1",8.82075,6.71276144006405
"Gaussian GNAR baseline",2024-11-30,"SOUT",9.809375,5.47869099579308
"Gaussian GNAR baseline",2024-11-30,"WREX",4.43591666666667,6.05270815396664
"Gaussian GNAR baseline",2024-11-30,"LEAR",6.63529166666667,5.41702012573035
"Gaussian GNAR baseline",2024-11-30,"PLYM",16.791625,7.77893888247789
"Gaussian GNAR baseline",2024-11-30,"SHDG",7.71429166666667,6.71648310002873
"Gaussian GNAR baseline",2024-11-30,"SHE",9.87633333333333,7.41898791668627
"Gaussian GNAR baseline",2024-11-30,"BEL2",7.15904166666667,6.80885034148595
"Gaussian GNAR baseline",2024-11-30,"GLKP",3.511125,5.50852419828264
"Gaussian GNAR baseline",2024-11-30,"LECU",7.56483333333333,5.92014372248771
"Gaussian GNAR baseline",2024-11-30,"SUN2",7.95020833333333,7.69991025577399
"Gaussian GNAR baseline",2024-11-30,"TRAN",5.25845833333333,6.27268323242712
"Gaussian GNAR baseline",2024-11-30,"STOK",8.41595833333333,6.65623656978083
"Gaussian GNAR baseline",2024-11-30,"BEX",11.1162916666667,6.7759501351124
"Gaussian GNAR baseline",2024-11-30,"SEND",12.3005833333333,5.56361873907707
"Gaussian GNAR baseline",2024-11-30,"HUL2",10.7617083333333,5.94163978662
"Gaussian GNAR baseline",2024-11-30,"PEMB",7.961,5.51849799168762
"Gaussian GNAR baseline",2024-11-30,"WFEN",10.9219166666667,5.79847659615797
"Gaussian GNAR baseline",2024-11-30,"OSY",10.6446666666667,5.51363726179581
"Gaussian GNAR baseline",2024-11-30,"ACTH",1.31095833333333,4.41424628460838
"Gaussian GNAR baseline",2024-11-30,"COPP",6.41804166666667,6.81345036705106
"Gaussian GNAR baseline",2024-12-01,"EB",7.67304166666667,7.68578330932155
"Gaussian GNAR baseline",2024-12-01,"IMGM",6.55470833333333,7.93200554764843
"Gaussian GNAR baseline",2024-12-01,"PRES",4.07233333333333,6.86636200133716
"Gaussian GNAR baseline",2024-12-01,"BIRR",4.69445833333333,7.99290257250251
"Gaussian GNAR baseline",2024-12-01,"BLC2",4.30525,6.84821869068359
"Gaussian GNAR baseline",2024-12-01,"BOTR",8.68133333333333,7.91497885939363
"Gaussian GNAR baseline",2024-12-01,"GHSR",4.565625,5.86173396945842
"Gaussian GNAR baseline",2024-12-01,"LEAM",4.31408333333333,7.41214726703253
"Gaussian GNAR baseline",2024-12-01,"NPT3",5.51895833333333,8.2316781351017
"Gaussian GNAR baseline",2024-12-01,"REA1",5.55825,8.14483475956234
"Gaussian GNAR baseline",2024-12-01,"SOUT",6.63520833333333,8.4887543354173
"Gaussian GNAR baseline",2024-12-01,"WREX",3.81591666666667,6.31704208706795
"Gaussian GNAR baseline",2024-12-01,"LEAR",4.17645833333333,7.17127871204271
"Gaussian GNAR baseline",2024-12-01,"PLYM",9.572625,11.4985773727113
"Gaussian GNAR baseline",2024-12-01,"SHDG",3.95054166666667,7.70141046749164
"Gaussian GNAR baseline",2024-12-01,"SHE",7.02941666666667,8.6327547671643
"Gaussian GNAR baseline",2024-12-01,"BEL2",5.12575,7.47619067781641
"Gaussian GNAR baseline",2024-12-01,"GLKP",4.05658333333333,5.90615193387756
"Gaussian GNAR baseline",2024-12-01,"LECU",4.46154166666667,7.58545063754471
"Gaussian GNAR baseline",2024-12-01,"SUN2",4.60591666666667,7.86072202268576
"Gaussian GNAR baseline",2024-12-01,"TRAN",3.67625,6.66182949275043
"Gaussian GNAR baseline",2024-12-01,"STOK",3.80808333333333,7.98228447839286
"Gaussian GNAR baseline",2024-12-01,"BEX",7.69266666666667,9.09024526251875
"Gaussian GNAR baseline",2024-12-01,"SEND",8.87779166666667,9.5153231822562
"Gaussian GNAR baseline",2024-12-01,"HUL2",7.821375,8.90823025112406
"Gaussian GNAR baseline",2024-12-01,"PEMB",3.7195,7.73767698244797
"Gaussian GNAR baseline",2024-12-01,"WFEN",7.86566666666667,8.96269300825274
"Gaussian GNAR baseline",2024-12-01,"OSY",10.819625,8.83261748858864
"Gaussian GNAR baseline",2024-12-01,"ACTH",1.359125,4.94258915779416
"Gaussian GNAR baseline",2024-12-01,"COPP",3.431625,7.16700567033464
"Gaussian GNAR baseline",2024-12-02,"EB",2.54329166666667,6.35188036647688
"Gaussian GNAR baseline",2024-12-02,"IMGM",3.62320833333333,5.90541685507831
"Gaussian GNAR baseline",2024-12-02,"PRES",4.20304166666667,4.82021236600929
"Gaussian GNAR baseline",2024-12-02,"BIRR",3.74016666666667,5.14108678484011
"Gaussian GNAR baseline",2024-12-02,"BLC2",4.03791666666667,4.91362919565174
"Gaussian GNAR baseline",2024-12-02,"BOTR",3.50433333333333,6.77329133318123
"Gaussian GNAR baseline",2024-12-02,"GHSR",2.96870833333333,4.96378951861133
"Gaussian GNAR baseline",2024-12-02,"LEAM",2.58058333333333,4.95359616820933
"Gaussian GNAR baseline",2024-12-02,"NPT3",2.23083333333333,5.49635317895419
"Gaussian GNAR baseline",2024-12-02,"REA1",2.98345833333333,5.50505391187616
"Gaussian GNAR baseline",2024-12-02,"SOUT",2.793875,5.97208080732159
"Gaussian GNAR baseline",2024-12-02,"WREX",2.19429166666667,4.68091973169084
"Gaussian GNAR baseline",2024-12-02,"LEAR",2.436125,4.88326219377505
"Gaussian GNAR baseline",2024-12-02,"PLYM",5.8195,7.35139963928012
"Gaussian GNAR baseline",2024-12-02,"SHDG",3.85908333333333,4.81695802458991
"Gaussian GNAR baseline",2024-12-02,"SHE",3.17804166666667,6.13577108154279
"Gaussian GNAR baseline",2024-12-02,"BEL2",4.54991666666667,5.28636756782261
"Gaussian GNAR baseline",2024-12-02,"GLKP",2.623875,4.75708294828151
"Gaussian GNAR baseline",2024-12-02,"LECU",3.126,5.0233290500826
"Gaussian GNAR baseline",2024-12-02,"SUN2",3.81195833333333,5.09216169202029
"Gaussian GNAR baseline",2024-12-02,"TRAN",3.816875,4.64375629504659
"Gaussian GNAR baseline",2024-12-02,"STOK",3.40904166666667,4.77567162162188
"Gaussian GNAR baseline",2024-12-02,"BEX",3.07791666666667,6.43892709192541
"Gaussian GNAR baseline",2024-12-02,"SEND",2.84308333333333,6.95523312638984
"Gaussian GNAR baseline",2024-12-02,"HUL2",4.34945833333333,6.48310519040937
"Gaussian GNAR baseline",2024-12-02,"PEMB",3.6655,4.7280596792825
"Gaussian GNAR baseline",2024-12-02,"WFEN",2.39775,6.50525523745516
"Gaussian GNAR baseline",2024-12-02,"OSY",2.74183333333333,7.71267537045422
"Gaussian GNAR baseline",2024-12-02,"ACTH",1.45254166666667,3.59411535476759
"Gaussian GNAR baseline",2024-12-02,"COPP",2.56095833333333,4.57174555868366
"Gaussian GNAR baseline",2024-12-03,"EB",10.7675833333333,3.62153716948007
"Gaussian GNAR baseline",2024-12-03,"IMGM",6.90458333333333,4.03791568253178
"Gaussian GNAR baseline",2024-12-03,"PRES",6.40041666666667,4.21515455583308
"Gaussian GNAR baseline",2024-12-03,"BIRR",14.3180416666667,4.04020070138836
"Gaussian GNAR baseline",2024-12-03,"BLC2",5.97,4.15301221637177
"Gaussian GNAR baseline",2024-12-03,"BOTR",9.9755,4.04139983343416
"Gaussian GNAR baseline",2024-12-03,"GHSR",3.74404166666667,3.71991612254092
"Gaussian GNAR baseline",2024-12-03,"LEAM",9.31016666666667,3.55418278128958
"Gaussian GNAR baseline",2024-12-03,"NPT3",8.1545,3.44007458152416
"Gaussian GNAR baseline",2024-12-03,"REA1",7.39291666666667,3.75041345128495
"Gaussian GNAR baseline",2024-12-03,"SOUT",8.60070833333333,3.69899409105495
"Gaussian GNAR baseline",2024-12-03,"WREX",5.962,3.38313217722182
"Gaussian GNAR baseline",2024-12-03,"LEAR",9.495875,3.49141444443996
"Gaussian GNAR baseline",2024-12-03,"PLYM",11.97825,5.0150048312853
"Gaussian GNAR baseline",2024-12-03,"SHDG",8.06695833333333,4.07077012384582
"Gaussian GNAR baseline",2024-12-03,"SHE",9.04975,3.86661218367808
"Gaussian GNAR baseline",2024-12-03,"BEL2",11.06825,4.38367058097394
"Gaussian GNAR baseline",2024-12-03,"GLKP",3.37566666666667,3.56563955447093
"Gaussian GNAR baseline",2024-12-03,"LECU",9.08020833333333,3.78200984970504
"Gaussian GNAR baseline",2024-12-03,"SUN2",6.75229166666667,4.06753163667416
"Gaussian GNAR baseline",2024-12-03,"TRAN",7.425375,4.04666819488551
"Gaussian GNAR baseline",2024-12-03,"STOK",11.1528333333333,3.88227068304743
"Gaussian GNAR baseline",2024-12-03,"BEX",10.7469583333333,3.84178153182223
"Gaussian GNAR baseline",2024-12-03,"SEND",8.70970833333333,3.77442445536581
"Gaussian GNAR baseline",2024-12-03,"HUL2",7.75941666666667,4.36762572204207
"Gaussian GNAR baseline",2024-12-03,"PEMB",3.148625,3.98550909415421
"Gaussian GNAR baseline",2024-12-03,"WFEN",6.41316666666667,3.56645288281184
"Gaussian GNAR baseline",2024-12-03,"OSY",7.034125,3.78060469229268
"Gaussian GNAR baseline",2024-12-03,"ACTH",2.32316666666667,3.01775489950245
"Gaussian GNAR baseline",2024-12-03,"COPP",9.66795833333333,3.52439338889552
"Gaussian GNAR baseline",2024-12-04,"EB",7.09808333333333,9.5698492731831
"Gaussian GNAR baseline",2024-12-04,"IMGM",11.6440416666667,8.00851958767423
"Gaussian GNAR baseline",2024-12-04,"PRES",6.958625,7.81555146766837
"Gaussian GNAR baseline",2024-12-04,"BIRR",9.89491666666667,11.0587515661422
"Gaussian GNAR baseline",2024-12-04,"BLC2",7.40770833333333,7.63456106017865
"Gaussian GNAR baseline",2024-12-04,"BOTR",9.813375,9.26791477113738
"Gaussian GNAR baseline",2024-12-04,"GHSR",4.34458333333333,6.69324620259333
"Gaussian GNAR baseline",2024-12-04,"LEAM",8.37658333333333,8.97168610747263
"Gaussian GNAR baseline",2024-12-04,"NPT3",8.84925,8.48803201840731
"Gaussian GNAR baseline",2024-12-04,"REA1",8.01508333333333,8.19350441171727
"Gaussian GNAR baseline",2024-12-04,"SOUT",10.6781666666667,8.68530872858331
"Gaussian GNAR baseline",2024-12-04,"WREX",5.24870833333333,7.58589033536794
"Gaussian GNAR baseline",2024-12-04,"LEAR",7.92858333333333,9.04446683844176
"Gaussian GNAR baseline",2024-12-04,"PLYM",6.08891666666667,10.1481485483791
"Gaussian GNAR baseline",2024-12-04,"SHDG",8.71170833333333,8.49212806112367
"Gaussian GNAR baseline",2024-12-04,"SHE",9.56670833333333,8.87934695199588
"Gaussian GNAR baseline",2024-12-04,"BEL2",5.98270833333333,9.7428350134897
"Gaussian GNAR baseline",2024-12-04,"GLKP",4.40154166666667,6.53333478720192
"Gaussian GNAR baseline",2024-12-04,"LECU",9.421375,8.89058601278915
"Gaussian GNAR baseline",2024-12-04,"SUN2",8.18495833333333,7.95056528099962
"Gaussian GNAR baseline",2024-12-04,"TRAN",5.21325,8.227361834964
"Gaussian GNAR baseline",2024-12-04,"STOK",8.84345833333333,9.74952004397175
"Gaussian GNAR baseline",2024-12-04,"BEX",9.44975,9.57453143739576
"Gaussian GNAR baseline",2024-12-04,"SEND",8.83070833333333,8.73132522868288
"Gaussian GNAR baseline",2024-12-04,"HUL2",13.28225,8.37778191086105
"Gaussian GNAR baseline",2024-12-04,"PEMB",2.239625,6.46564816421358
"Gaussian GNAR baseline",2024-12-04,"WFEN",9.52445833333333,7.77635377780368
"Gaussian GNAR baseline",2024-12-04,"OSY",7.99641666666667,8.04007284506911
"Gaussian GNAR baseline",2024-12-04,"ACTH",2.54320833333333,6.07186414925138
"Gaussian GNAR baseline",2024-12-04,"COPP",5.46683333333333,9.11827574437849
"Gaussian GNAR baseline",2024-12-05,"EB",3.66945833333333,7.15701888871094
"Gaussian GNAR baseline",2024-12-05,"IMGM",2.96983333333333,8.93057551637194
"Gaussian GNAR baseline",2024-12-05,"PRES",5.49529166666667,6.99219236336217
"Gaussian GNAR baseline",2024-12-05,"BIRR",2.42441666666667,8.39407374281602
"Gaussian GNAR baseline",2024-12-05,"BLC2",6.615625,7.16619610892764
"Gaussian GNAR baseline",2024-12-05,"BOTR",2.00575,8.25366042464211
"Gaussian GNAR baseline",2024-12-05,"GHSR",5.79025,5.8522838389427
"Gaussian GNAR baseline",2024-12-05,"LEAM",1.58716666666667,7.64667964345385
"Gaussian GNAR baseline",2024-12-05,"NPT3",2.84191666666667,7.81252488472089
"Gaussian GNAR baseline",2024-12-05,"REA1",1.91816666666667,7.45088797918244
"Gaussian GNAR baseline",2024-12-05,"SOUT",3.660625,8.57529740687864
"Gaussian GNAR baseline",2024-12-05,"WREX",2.789875,6.27852740636562
"Gaussian GNAR baseline",2024-12-05,"LEAR",1.45245833333333,7.4670975226691
"Gaussian GNAR baseline",2024-12-05,"PLYM",7.294625,6.77199550615822
"Gaussian GNAR baseline",2024-12-05,"SHDG",2.72595833333333,7.75383253158492
"Gaussian GNAR baseline",2024-12-05,"SHE",3.56233333333333,8.12947833782088
"Gaussian GNAR baseline",2024-12-05,"BEL2",7.1335,6.70593748036696
"Gaussian GNAR baseline",2024-12-05,"GLKP",5.49529166666667,5.8666291145532
"Gaussian GNAR baseline",2024-12-05,"LECU",1.93504166666667,8.07048782879269
"Gaussian GNAR baseline",2024-12-05,"SUN2",4.38779166666667,7.50494677957917
"Gaussian GNAR baseline",2024-12-05,"TRAN",4.69045833333333,6.29997413396752
"Gaussian GNAR baseline",2024-12-05,"STOK",2.95991666666667,7.8839504980828
"Gaussian GNAR baseline",2024-12-05,"BEX",2.12654166666667,8.12317992094833
"Gaussian GNAR baseline",2024-12-05,"SEND",2.51866666666667,7.81857009223949
"Gaussian GNAR baseline",2024-12-05,"HUL2",4.16083333333333,9.62501469212846
"Gaussian GNAR baseline",2024-12-05,"PEMB",4.16779166666667,4.97236961435746
"Gaussian GNAR baseline",2024-12-05,"WFEN",1.597875,8.04720962636307
"Gaussian GNAR baseline",2024-12-05,"OSY",3.731375,7.43438298044786
"Gaussian GNAR baseline",2024-12-05,"ACTH",2.961875,5.07684032645668
"Gaussian GNAR baseline",2024-12-05,"COPP",2.71229166666667,6.45941424551489
"Gaussian GNAR baseline",2024-12-06,"EB",4.84766666666667,3.7979355542927
"Gaussian GNAR baseline",2024-12-06,"IMGM",5.74583333333333,3.62225220988353
"Gaussian GNAR baseline",2024-12-06,"PRES",6.878,4.54502400850506
"Gaussian GNAR baseline",2024-12-06,"BIRR",7.35254166666667,3.35499886502179
"Gaussian GNAR baseline",2024-12-06,"BLC2",7.16595833333333,5.01659925587532
"Gaussian GNAR baseline",2024-12-06,"BOTR",6.71491666666667,3.18089584477882
"Gaussian GNAR baseline",2024-12-06,"GHSR",4.39179166666667,4.60192197888282
"Gaussian GNAR baseline",2024-12-06,"LEAM",6.02983333333333,2.97346654161371
"Gaussian GNAR baseline",2024-12-06,"NPT3",6.73154166666667,3.50087520506169
"Gaussian GNAR baseline",2024-12-06,"REA1",5.31829166666667,3.10062775970655
"Gaussian GNAR baseline",2024-12-06,"SOUT",6.457375,3.88243110047807
"Gaussian GNAR baseline",2024-12-06,"WREX",6.274625,3.39085297422485
"Gaussian GNAR baseline",2024-12-06,"LEAR",5.51395833333333,2.90706588608599
"Gaussian GNAR baseline",2024-12-06,"PLYM",9.36620833333333,5.26324378141273
"Gaussian GNAR baseline",2024-12-06,"SHDG",6.75416666666667,3.44982404024272
"Gaussian GNAR baseline",2024-12-06,"SHE",6.305125,3.81466822060311
"Gaussian GNAR baseline",2024-12-06,"BEL2",6.19695833333333,5.19439784257333
"Gaussian GNAR baseline",2024-12-06,"GLKP",4.15391666666667,4.48207940430349
"Gaussian GNAR baseline",2024-12-06,"LECU",7.02054166666667,3.14218131250773
"Gaussian GNAR baseline",2024-12-06,"SUN2",5.80891666666667,4.11996568125079
"Gaussian GNAR baseline",2024-12-06,"TRAN",8.13083333333333,4.17122797052069
"Gaussian GNAR baseline",2024-12-06,"STOK",7.45583333333333,3.54923734899248
"Gaussian GNAR baseline",2024-12-06,"BEX",6.03,3.2215971753744
"Gaussian GNAR baseline",2024-12-06,"SEND",6.125125,3.36754465512298
"Gaussian GNAR baseline",2024-12-06,"HUL2",6.797375,4.15214671685609
"Gaussian GNAR baseline",2024-12-06,"PEMB",6.35904166666667,3.88318414513717
"Gaussian GNAR baseline",2024-12-06,"WFEN",6.32866666666667,3.00612411557246
"Gaussian GNAR baseline",2024-12-06,"OSY",6.20879166666667,3.84550000222472
"Gaussian GNAR baseline",2024-12-06,"ACTH",3.189875,3.39495675896991
"Gaussian GNAR baseline",2024-12-06,"COPP",6.68733333333333,3.36433112958176
"Gaussian GNAR baseline",2024-12-07,"EB",3.94558333333333,6.28786266389197
"Gaussian GNAR baseline",2024-12-07,"IMGM",2.70833333333333,6.63983842410644
"Gaussian GNAR baseline",2024-12-07,"PRES",1.90166666666667,7.16738943738529
"Gaussian GNAR baseline",2024-12-07,"BIRR",2.43316666666667,7.28686106072442
"Gaussian GNAR baseline",2024-12-07,"BLC2",4.311125,7.31333456813424
"Gaussian GNAR baseline",2024-12-07,"BOTR",1.56054166666667,7.01445511864717
"Gaussian GNAR baseline",2024-12-07,"GHSR",0.951333333333333,6.152677058486
"Gaussian GNAR baseline",2024-12-07,"LEAM",2.749625,6.72254315406191
"Gaussian GNAR baseline",2024-12-07,"NPT3",3.671375,7.04187183489506
"Gaussian GNAR baseline",2024-12-07,"REA1",2.332,6.43820688929447
"Gaussian GNAR baseline",2024-12-07,"SOUT",3.905375,6.94932688911562
"Gaussian GNAR baseline",2024-12-07,"WREX",4.43004166666667,6.85277205503075
"Gaussian GNAR baseline",2024-12-07,"LEAR",2.17675,6.50717324181077
"Gaussian GNAR baseline",2024-12-07,"PLYM",11.2126666666667,8.23447655574792
"Gaussian GNAR baseline",2024-12-07,"SHDG",1.30404166666667,7.04831759153785
"Gaussian GNAR baseline",2024-12-07,"SHE",1.2235,6.88432395490834
"Gaussian GNAR baseline",2024-12-07,"BEL2",5.62004166666667,6.92776836156701
"Gaussian GNAR baseline",2024-12-07,"GLKP",0.638708333333333,6.04763627636013
"Gaussian GNAR baseline",2024-12-07,"LECU",1.71191666666667,7.13834383281667
"Gaussian GNAR baseline",2024-12-07,"SUN2",3.753,6.70067341376236
"Gaussian GNAR baseline",2024-12-07,"TRAN",6.97129166666667,7.6625635811759
"Gaussian GNAR baseline",2024-12-07,"STOK",2.84395833333333,7.34250156054114
"Gaussian GNAR baseline",2024-12-07,"BEX",2.04004166666667,6.73588880060006
"Gaussian GNAR baseline",2024-12-07,"SEND",2.039125,6.78464304835159
"Gaussian GNAR baseline",2024-12-07,"HUL2",3.01204166666667,7.10139924292559
"Gaussian GNAR baseline",2024-12-07,"PEMB",7.50960869565217,6.9213906009427
"Gaussian GNAR baseline",2024-12-07,"WFEN",1.35908333333333,6.84564424187237
"Gaussian GNAR baseline",2024-12-07,"OSY",2.59925,6.84888656940425
"Gaussian GNAR baseline",2024-12-07,"ACTH",0.452958333333333,5.58899829828818
"Gaussian GNAR baseline",2024-12-07,"COPP",3.00520833333333,7.02050887523418
"Gaussian GNAR baseline",2024-12-08,"EB",1.52020833333333,3.95135106158383
"Gaussian GNAR baseline",2024-12-08,"IMGM",6.934875,3.46488002689902
"Gaussian GNAR baseline",2024-12-08,"PRES",2.46366666666667,3.1611633211216
"Gaussian GNAR baseline",2024-12-08,"BIRR",2.38795833333333,3.39132125994832
"Gaussian GNAR baseline",2024-12-08,"BLC2",2.25625,4.15867603466847
"Gaussian GNAR baseline",2024-12-08,"BOTR",2.550125,3.01692712362027
"Gaussian GNAR baseline",2024-12-08,"GHSR",1.3975,2.70932231761511
"Gaussian GNAR baseline",2024-12-08,"LEAM",2.51479166666667,3.48884413194157
"Gaussian GNAR baseline",2024-12-08,"NPT3",2.200375,3.88500889819229
"Gaussian GNAR baseline",2024-12-08,"REA1",2.08916666666667,3.29966135369105
"Gaussian GNAR baseline",2024-12-08,"SOUT",1.71783333333333,3.97444737840257
"Gaussian GNAR baseline",2024-12-08,"WREX",3.74120833333333,4.18561668069338
"Gaussian GNAR baseline",2024-12-08,"LEAR",2.20804166666667,3.24066126293855
"Gaussian GNAR baseline",2024-12-08,"PLYM",5.14358333333333,7.04976300399684
"Gaussian GNAR baseline",2024-12-08,"SHDG",3.694,2.91245720659792
"Gaussian GNAR baseline",2024-12-08,"SHE",3.79725,2.86829648993864
"Gaussian GNAR baseline",2024-12-08,"BEL2",3.804125,4.67286252699191
"Gaussian GNAR baseline",2024-12-08,"GLKP",1.09075,2.57496018551661
"Gaussian GNAR baseline",2024-12-08,"LECU",3.04245833333333,3.08667405506658
"Gaussian GNAR baseline",2024-12-08,"SUN2",9.4635,3.89585027971964
"Gaussian GNAR baseline",2024-12-08,"TRAN",3.83258333333333,5.27590696295144
"Gaussian GNAR baseline",2024-12-08,"STOK",2.60708333333333,3.56272260060614
"Gaussian GNAR baseline",2024-12-08,"BEX",3.06604166666667,3.19716913254575
"Gaussian GNAR baseline",2024-12-08,"SEND",3.508375,3.19913390661744
"Gaussian GNAR baseline",2024-12-08,"HUL2",5.61725,3.61560594268188
"Gaussian GNAR baseline",2024-12-08,"PEMB",4.624625,5.45357183820648
"Gaussian GNAR baseline",2024-12-08,"WFEN",4.59420833333333,2.92460844670388
"Gaussian GNAR baseline",2024-12-08,"OSY",3.42275,3.43143665473683
"Gaussian GNAR baseline",2024-12-08,"ACTH",1.46233333333333,2.47487573356259
"Gaussian GNAR baseline",2024-12-08,"COPP",2.60720833333333,3.6100882924843
"Gaussian GNAR baseline",2024-12-09,"EB",3.7805,3.6450793859735
"Gaussian GNAR baseline",2024-12-09,"IMGM",5.947375,5.84035942750926
"Gaussian GNAR baseline",2024-12-09,"PRES",3.79620833333333,3.9825818070749
"Gaussian GNAR baseline",2024-12-09,"BIRR",5.59658333333333,3.96454466453526
"Gaussian GNAR baseline",2024-12-09,"BLC2",3.01895833333333,3.95663246134854
"Gaussian GNAR baseline",2024-12-09,"BOTR",5.10520833333333,4.00972404030968
"Gaussian GNAR baseline",2024-12-09,"GHSR",4.01241666666667,3.52093347961528
"Gaussian GNAR baseline",2024-12-09,"LEAM",4.94595833333333,4.02447024632992
"Gaussian GNAR baseline",2024-12-09,"NPT3",3.93870833333333,3.91791671278077
"Gaussian GNAR baseline",2024-12-09,"REA1",4.20495833333333,3.83923400154057
"Gaussian GNAR baseline",2024-12-09,"SOUT",3.72533333333333,3.72532473981494
"Gaussian GNAR baseline",2024-12-09,"WREX",4.81520833333333,4.56996200845364
"Gaussian GNAR baseline",2024-12-09,"LEAR",4.51354166666667,3.88427678657739
"Gaussian GNAR baseline",2024-12-09,"PLYM",3.70779166666667,5.31337749652187
"Gaussian GNAR baseline",2024-12-09,"SHDG",5.52191666666667,4.4736077663784
"Gaussian GNAR baseline",2024-12-09,"SHE",4.663875,4.51406679186264
"Gaussian GNAR baseline",2024-12-09,"BEL2",5.623125,4.62511711614372
"Gaussian GNAR baseline",2024-12-09,"GLKP",3.918125,3.38714627695649
"Gaussian GNAR baseline",2024-12-09,"LECU",5.11104166666667,4.2158272518342
"Gaussian GNAR baseline",2024-12-09,"SUN2",5.832375,6.90548338460377
"Gaussian GNAR baseline",2024-12-09,"TRAN",4.44191666666667,4.67007718402551
"Gaussian GNAR baseline",2024-12-09,"STOK",4.19425,4.06472945840613
"Gaussian GNAR baseline",2024-12-09,"BEX",5.550375,4.23359839620482
"Gaussian GNAR baseline",2024-12-09,"SEND",5.28108333333333,4.41539998600215
"Gaussian GNAR baseline",2024-12-09,"HUL2",7.09220833333333,5.30621664077317
"Gaussian GNAR baseline",2024-12-09,"PEMB",2.667125,5.00890244450422
"Gaussian GNAR baseline",2024-12-09,"WFEN",5.09441666666667,4.84499947734803
"Gaussian GNAR baseline",2024-12-09,"OSY",5.24770833333333,4.39399115627019
"Gaussian GNAR baseline",2024-12-09,"ACTH",3.63804166666667,3.53531577648087
"Gaussian GNAR baseline",2024-12-09,"COPP",4.173625,4.06875013525561
"Gaussian GNAR baseline",2024-12-10,"EB",3.87866666666667,5.09345187906835
"Gaussian GNAR baseline",2024-12-10,"IMGM",4.50570833333333,6.11744697890476
"Gaussian GNAR baseline",2024-12-10,"PRES",3.93766666666667,5.12313286139424
"Gaussian GNAR baseline",2024-12-10,"BIRR",5.54833333333333,5.86132574892258
"Gaussian GNAR baseline",2024-12-10,"BLC2",4.02420833333333,4.79853318804056
"Gaussian GNAR baseline",2024-12-10,"BOTR",4.68754166666667,5.66333454000346
"Gaussian GNAR baseline",2024-12-10,"GHSR",12.0469583333333,5.18576225602074
"Gaussian GNAR baseline",2024-12-10,"LEAM",4.56475,5.59700397629256
"Gaussian GNAR baseline",2024-12-10,"NPT3",4.20304166666667,5.17522733487667
"Gaussian GNAR baseline",2024-12-10,"REA1",3.55929166666667,5.28193374575542
"Gaussian GNAR baseline",2024-12-10,"SOUT",3.51029166666667,5.07563993568113
"Gaussian GNAR baseline",2024-12-10,"WREX",5.33616666666667,5.57344749540299
"Gaussian GNAR baseline",2024-12-10,"LEAR",4.13520833333333,5.41170524503613
"Gaussian GNAR baseline",2024-12-10,"PLYM",4.436875,5.15275682606106
"Gaussian GNAR baseline",2024-12-10,"SHDG",7.43320833333333,5.86278273892504
"Gaussian GNAR baseline",2024-12-10,"SHE",5.16020833333333,5.5126203989108
"Gaussian GNAR baseline",2024-12-10,"BEL2",7.99441666666667,5.90709593228088
"Gaussian GNAR baseline",2024-12-10,"GLKP",13.110375,5.13945212799046
"Gaussian GNAR baseline",2024-12-10,"LECU",4.677625,5.67785154140861
"Gaussian GNAR baseline",2024-12-10,"SUN2",3.78058333333333,6.13241951926628
"Gaussian GNAR baseline",2024-12-10,"TRAN",4.595125,5.42225265936649
"Gaussian GNAR baseline",2024-12-10,"STOK",4.60295833333333,5.29028093522138
"Gaussian GNAR baseline",2024-12-10,"BEX",4.01345833333333,5.85902304724713
"Gaussian GNAR baseline",2024-12-10,"SEND",4.36029166666667,5.7592172389935
"Gaussian GNAR baseline",2024-12-10,"HUL2",6.01520833333333,6.55560421349678
"Gaussian GNAR baseline",2024-12-10,"PEMB",3.42970833333333,4.7122090813909
"Gaussian GNAR baseline",2024-12-10,"WFEN",4.27275,5.7092152596856
"Gaussian GNAR baseline",2024-12-10,"OSY",3.87579166666667,5.74339048977305
"Gaussian GNAR baseline",2024-12-10,"ACTH",4.87720833333333,5.03346876451502
"Gaussian GNAR baseline",2024-12-10,"COPP",4.75933333333333,5.28180596430779
"Gaussian GNAR baseline",2024-12-11,"EB",9.84466666666667,5.16899780240642
"Gaussian GNAR baseline",2024-12-11,"IMGM",4.40641666666667,5.48008690670915
"Gaussian GNAR baseline",2024-12-11,"PRES",5.97095833333333,5.19363683047049
"Gaussian GNAR baseline",2024-12-11,"BIRR",5.05120833333333,5.90003006192378
"Gaussian GNAR baseline",2024-12-11,"BLC2",6.78754166666667,5.21007776080728
"Gaussian GNAR baseline",2024-12-11,"BOTR",5.06883333333333,5.53410015654539
"Gaussian GNAR baseline",2024-12-11,"GHSR",10.01675,8.53233899533828
"Gaussian GNAR baseline",2024-12-11,"LEAM",3.921,5.47970573554722
"Gaussian GNAR baseline",2024-12-11,"NPT3",5.39408695652174,5.3062287954479
"Gaussian GNAR baseline",2024-12-11,"REA1",4.45266666666667,5.04816488896179
"Gaussian GNAR baseline",2024-12-11,"SOUT",5.01483333333333,5.01621675834317
"Gaussian GNAR baseline",2024-12-11,"WREX",9.71108333333333,5.79358334045234
"Gaussian GNAR baseline",2024-12-11,"LEAR",3.755,5.29249540959563
"Gaussian GNAR baseline",2024-12-11,"PLYM",6.77779166666667,5.39666339872327
"Gaussian GNAR baseline",2024-12-11,"SHDG",6.40720833333333,6.67298289617045
"Gaussian GNAR baseline",2024-12-11,"SHE",6.1695,5.71752927094966
"Gaussian GNAR baseline",2024-12-11,"BEL2",8.20466666666667,6.90616275772699
"Gaussian GNAR baseline",2024-12-11,"GLKP",10.07975,8.96714265583075
"Gaussian GNAR baseline",2024-12-11,"LECU",3.98775,5.53016743467002
"Gaussian GNAR baseline",2024-12-11,"SUN2",6.89866666666667,5.17918848101775
"Gaussian GNAR baseline",2024-12-11,"TRAN",6.93204166666667,5.47978420843586
"Gaussian GNAR baseline",2024-12-11,"STOK",7.46666666666667,5.47690764538381
"Gaussian GNAR baseline",2024-12-11,"BEX",4.84670833333333,5.26797169863192
"Gaussian GNAR baseline",2024-12-11,"SEND",4.75920833333333,5.40391109729335
"Gaussian GNAR baseline",2024-12-11,"HUL2",5.82941666666667,6.12875821477019
"Gaussian GNAR baseline",2024-12-11,"PEMB",6.20183333333333,4.95704380084812
"Gaussian GNAR baseline",2024-12-11,"WFEN",4.08408333333333,5.36333154819267
"Gaussian GNAR baseline",2024-12-11,"OSY",3.77458333333333,5.20393249342678
"Gaussian GNAR baseline",2024-12-11,"ACTH",3.013,5.57594848850394
"Gaussian GNAR baseline",2024-12-11,"COPP",15.81375,5.54067896250399
"Gaussian GNAR baseline",2024-12-12,"EB",14.631625,8.05787758316834
"Gaussian GNAR baseline",2024-12-12,"IMGM",2.31129166666667,5.83788269560896
"Gaussian GNAR baseline",2024-12-12,"PRES",8.59079166666667,6.46701550227333
"Gaussian GNAR baseline",2024-12-12,"BIRR",7.562,6.12859376713318
"Gaussian GNAR baseline",2024-12-12,"BLC2",9.83295833333333,6.80480797983455
"Gaussian GNAR baseline",2024-12-12,"BOTR",7.02933333333333,6.11464958497181
"Gaussian GNAR baseline",2024-12-12,"GHSR",11.373,8.32968250065603
"Gaussian GNAR baseline",2024-12-12,"LEAM",5.913875,5.63980219807295
"Gaussian GNAR baseline",2024-12-12,"NPT3",6.06329166666667,6.23642097430984
"Gaussian GNAR baseline",2024-12-12,"REA1",5.42545833333333,5.8335972899943
"Gaussian GNAR baseline",2024-12-12,"SOUT",6.170375,6.0634735855598
"Gaussian GNAR baseline",2024-12-12,"WREX",14.0989583333333,8.03884473795965
"Gaussian GNAR baseline",2024-12-12,"LEAR",5.39891666666667,5.56099325437262
"Gaussian GNAR baseline",2024-12-12,"PLYM",12.286875,6.81095828781222
"Gaussian GNAR baseline",2024-12-12,"SHDG",10.2849583333333,6.73238454992631
"Gaussian GNAR baseline",2024-12-12,"SHE",9.67570833333333,6.57872123613017
"Gaussian GNAR baseline",2024-12-12,"BEL2",17.8666666666667,7.48505672299044
"Gaussian GNAR baseline",2024-12-12,"GLKP",12.2887916666667,8.38175591543042
"Gaussian GNAR baseline",2024-12-12,"LECU",5.21529166666667,5.67001875027813
"Gaussian GNAR baseline",2024-12-12,"SUN2",12.4853333333333,6.84448965447455
"Gaussian GNAR baseline",2024-12-12,"TRAN",16.4534166666667,6.87825925697677
"Gaussian GNAR baseline",2024-12-12,"STOK",8.02683333333333,7.09821335823063
"Gaussian GNAR baseline",2024-12-12,"BEX",7.637625,6.006750490404
"Gaussian GNAR baseline",2024-12-12,"SEND",7.82825,5.97932058801769
"Gaussian GNAR baseline",2024-12-12,"HUL2",3.98091666666667,6.45997413958479
"Gaussian GNAR baseline",2024-12-12,"PEMB",7.63366666666667,6.54941446522778
"Gaussian GNAR baseline",2024-12-12,"WFEN",4.41633333333333,5.6996509140162
"Gaussian GNAR baseline",2024-12-12,"OSY",3.59179166666667,5.56265737407956
"Gaussian GNAR baseline",2024-12-12,"ACTH",5.93945833333333,5.27425396865541
"Gaussian GNAR baseline",2024-12-12,"COPP",11.0357916666667,10.5331885763974
"Gaussian GNAR baseline",2024-12-13,"EB",20.7390416666667,11.0173615623904
"Gaussian GNAR baseline",2024-12-13,"IMGM",7.12954166666667,5.81913716650704
"Gaussian GNAR baseline",2024-12-13,"PRES",7.22879166666667,8.43888117973053
"Gaussian GNAR baseline",2024-12-13,"BIRR",9.04679166666667,7.99334893532895
"Gaussian GNAR baseline",2024-12-13,"BLC2",7.1945,8.96958315506528
"Gaussian GNAR baseline",2024-12-13,"BOTR",10.8825,7.77482649720666
"Gaussian GNAR baseline",2024-12-13,"GHSR",9.891875,9.68211734417638
"Gaussian GNAR baseline",2024-12-13,"LEAM",8.63508333333333,7.28805487485271
"Gaussian GNAR baseline",2024-12-13,"NPT3",7.46758333333333,7.3857348081786
"Gaussian GNAR baseline",2024-12-13,"REA1",12.9325,7.1003752403709
"Gaussian GNAR baseline",2024-12-13,"SOUT",12.562,7.42041652344843
"Gaussian GNAR baseline",2024-12-13,"WREX",10.6771666666667,10.7951170129979
"Gaussian GNAR baseline",2024-12-13,"LEAR",8.804125,7.07229149590541
"Gaussian GNAR baseline",2024-12-13,"PLYM",10.6780833333333,9.9780424485972
"Gaussian GNAR baseline",2024-12-13,"SHDG",8.68120833333333,9.14601865687556
"Gaussian GNAR baseline",2024-12-13,"SHE",9.95875,8.88973088417046
"Gaussian GNAR baseline",2024-12-13,"BEL2",17.2564166666667,12.3067777737939
"Gaussian GNAR baseline",2024-12-13,"GLKP",8.67333333333333,10.0601105919199
"Gaussian GNAR baseline",2024-12-13,"LECU",6.82979166666667,7.00254050177045
"Gaussian GNAR baseline",2024-12-13,"SUN2",6.28545833333333,10.0625955419388
"Gaussian GNAR baseline",2024-12-13,"TRAN",12.3182916666667,11.6945249974783
"Gaussian GNAR baseline",2024-12-13,"STOK",9.83304166666667,8.24388026327407
"Gaussian GNAR baseline",2024-12-13,"BEX",24.31225,8.01940118362784
"Gaussian GNAR baseline",2024-12-13,"SEND",26.7572083333333,8.09560501807292
"Gaussian GNAR baseline",2024-12-13,"HUL2",9.52929166666667,6.54047624527319
"Gaussian GNAR baseline",2024-12-13,"PEMB",4.833,8.05113154421686
"Gaussian GNAR baseline",2024-12-13,"WFEN",10.742,6.6764945125064
"Gaussian GNAR baseline",2024-12-13,"OSY",19.93225,6.32994241379568
"Gaussian GNAR baseline",2024-12-13,"ACTH",2.91270833333333,7.27621995024881
"Gaussian GNAR baseline",2024-12-13,"COPP",8.275375,9.68620322750668
"Gaussian GNAR baseline",2024-12-14,"EB",5.95716666666667,14.2459526384977
"Gaussian GNAR baseline",2024-12-14,"IMGM",5.98179166666667,8.34839957280263
"Gaussian GNAR baseline",2024-12-14,"PRES",4.21979166666667,8.54377176579816
"Gaussian GNAR baseline",2024-12-14,"BIRR",5.31545833333333,9.26574863967896
"Gaussian GNAR baseline",2024-12-14,"BLC2",4.35233333333333,8.56025284378122
"Gaussian GNAR baseline",2024-12-14,"BOTR",5.53470833333333,10.0072171501006
"Gaussian GNAR baseline",2024-12-14,"GHSR",3.59683333333333,9.70693668989912
"Gaussian GNAR baseline",2024-12-14,"LEAM",6.08691666666667,9.05594321735274
"Gaussian GNAR baseline",2024-12-14,"NPT3",3.873875,8.57971233287763
"Gaussian GNAR baseline",2024-12-14,"REA1",7.32508333333333,10.810403091589
"Gaussian GNAR baseline",2024-12-14,"SOUT",6.139,10.6764432280701
"Gaussian GNAR baseline",2024-12-14,"WREX",2.61595833333333,10.0968378165224
"Gaussian GNAR baseline",2024-12-14,"LEAR",5.622125,9.11275285354852
"Gaussian GNAR baseline",2024-12-14,"PLYM",6.688375,10.0526087715474
"Gaussian GNAR baseline",2024-12-14,"SHDG",3.700875,9.18250084690528
"Gaussian GNAR baseline",2024-12-14,"SHE",3.47983333333333,9.69264595735702
"Gaussian GNAR baseline",2024-12-14,"BEL2",6.49275,12.8940287946151
"Gaussian GNAR baseline",2024-12-14,"GLKP",2.809625,9.22858969725118
"Gaussian GNAR baseline",2024-12-14,"LECU",7.39395833333333,8.2966695058672
"Gaussian GNAR baseline",2024-12-14,"SUN2",2.70345833333333,8.25187530714755
"Gaussian GNAR baseline",2024-12-14,"TRAN",3.52883333333333,10.8293903492337
"Gaussian GNAR baseline",2024-12-14,"STOK",4.796625,9.6003843372175
"Gaussian GNAR baseline",2024-12-14,"BEX",10.4129166666667,15.5425816872023
"Gaussian GNAR baseline",2024-12-14,"SEND",10.3715416666667,16.5522909834847
"Gaussian GNAR baseline",2024-12-14,"HUL2",6.57633333333333,9.37593241381512
"Gaussian GNAR baseline",2024-12-14,"PEMB",2.99433333333333,7.53540476908982
"Gaussian GNAR baseline",2024-12-14,"WFEN",7.6455,9.88514262361581
"Gaussian GNAR baseline",2024-12-14,"OSY",9.778125,13.642561260141
"Gaussian GNAR baseline",2024-12-14,"ACTH",1.39745833333333,6.7043514305782
"Gaussian GNAR baseline",2024-12-14,"COPP",4.5225,9.03416261745111
"Gaussian GNAR baseline",2024-12-15,"EB",3.20179166666667,5.2434543076278
"Gaussian GNAR baseline",2024-12-15,"IMGM",2.40470833333333,4.91856810683577
"Gaussian GNAR baseline",2024-12-15,"PRES",5.107125,4.19672902310574
"Gaussian GNAR baseline",2024-12-15,"BIRR",1.33654166666667,4.69186182109082
"Gaussian GNAR baseline",2024-12-15,"BLC2",6.52525,4.25036706921238
"Gaussian GNAR baseline",2024-12-15,"BOTR",1.337375,4.82717343416452
"Gaussian GNAR baseline",2024-12-15,"GHSR",1.82975,4.00621159922557
"Gaussian GNAR baseline",2024-12-15,"LEAM",1.696125,4.99884054446643
"Gaussian GNAR baseline",2024-12-15,"NPT3",1.97904166666667,4.06041564524172
"Gaussian GNAR baseline",2024-12-15,"REA1",1.91333333333333,5.61358172454675
"Gaussian GNAR baseline",2024-12-15,"SOUT",2.24554166666667,5.11691387830758
"Gaussian GNAR baseline",2024-12-15,"WREX",1.088,3.62234676255355
"Gaussian GNAR baseline",2024-12-15,"LEAR",1.70308333333333,4.81194583076408
"Gaussian GNAR baseline",2024-12-15,"PLYM",2.95891666666667,5.29636416400282
"Gaussian GNAR baseline",2024-12-15,"SHDG",2.30645833333333,4.01917713484279
"Gaussian GNAR baseline",2024-12-15,"SHE",1.536875,3.95976412613885
"Gaussian GNAR baseline",2024-12-15,"BEL2",2.083375,5.37788197926958
"Gaussian GNAR baseline",2024-12-15,"GLKP",1.47991666666667,3.6526288526618
"Gaussian GNAR baseline",2024-12-15,"LECU",1.56845833333333,5.49167033236069
"Gaussian GNAR baseline",2024-12-15,"SUN2",0.7145,3.5502089063921
"Gaussian GNAR baseline",2024-12-15,"TRAN",2.93525,4.03798787436161
"Gaussian GNAR baseline",2024-12-15,"STOK",1.74333333333333,4.49794597456413
"Gaussian GNAR baseline",2024-12-15,"BEX",2.60629166666667,7.16297825872459
"Gaussian GNAR baseline",2024-12-15,"SEND",2.985375,7.2061553405625
"Gaussian GNAR baseline",2024-12-15,"HUL2",2.153125,5.22203026303366
"Gaussian GNAR baseline",2024-12-15,"PEMB",2.869625,3.63402167590364
"Gaussian GNAR baseline",2024-12-15,"WFEN",1.69129166666667,5.69137032672401
"Gaussian GNAR baseline",2024-12-15,"OSY",3.680375,6.79422566262279
"Gaussian GNAR baseline",2024-12-15,"ACTH",0.536541666666667,2.93034576129829
"Gaussian GNAR baseline",2024-12-15,"COPP",2.343625,4.34692182877224
"Gaussian GNAR baseline",2024-12-16,"EB",1.86320833333333,3.45443727947169
"Gaussian GNAR baseline",2024-12-16,"IMGM",2.46658333333333,3.12739686518007
"Gaussian GNAR baseline",2024-12-16,"PRES",5.92079166666667,4.19487078736116
"Gaussian GNAR baseline",2024-12-16,"BIRR",3.47095833333333,2.67191730588659
"Gaussian GNAR baseline",2024-12-16,"BLC2",7.46958333333333,4.78106342386168
"Gaussian GNAR baseline",2024-12-16,"BOTR",2.99225,2.67765686333473
"Gaussian GNAR baseline",2024-12-16,"GHSR",4.38091666666667,2.83234868106407
"Gaussian GNAR baseline",2024-12-16,"LEAM",2.54820833333333,2.83871655403461
"Gaussian GNAR baseline",2024-12-16,"NPT3",3.48470833333333,2.90053564295371
"Gaussian GNAR baseline",2024-12-16,"REA1",2.11083333333333,2.95847997099619
"Gaussian GNAR baseline",2024-12-16,"SOUT",3.27841666666667,3.06584011977361
"Gaussian GNAR baseline",2024-12-16,"WREX",2.78295833333333,2.50330224528746
"Gaussian GNAR baseline",2024-12-16,"LEAR",2.27791666666667,2.83013561470029
"Gaussian GNAR baseline",2024-12-16,"PLYM",3.54466666666667,3.37260110729485
"Gaussian GNAR baseline",2024-12-16,"SHDG",2.773125,3.03086398205497
"Gaussian GNAR baseline",2024-12-16,"SHE",3.39029166666667,2.70908035466249
"Gaussian GNAR baseline",2024-12-16,"BEL2",5.737125,3.00788823045639
"Gaussian GNAR baseline",2024-12-16,"GLKP",4.16275,2.66916953881526
"Gaussian GNAR baseline",2024-12-16,"LECU",2.55708333333333,2.81841214585615
"Gaussian GNAR baseline",2024-12-16,"SUN2",2.123625,2.35192638625093
"Gaussian GNAR baseline",2024-12-16,"TRAN",2.71529166666667,3.28509817463611
"Gaussian GNAR baseline",2024-12-16,"STOK",2.82816666666667,2.82636032610939
"Gaussian GNAR baseline",2024-12-16,"BEX",2.165875,3.31933468275262
"Gaussian GNAR baseline",2024-12-16,"SEND",1.9635,3.47414101221206
"Gaussian GNAR baseline",2024-12-16,"HUL2",3.35491666666667,3.03861691600145
"Gaussian GNAR baseline",2024-12-16,"PEMB",3.78929166666667,3.24496543259906
"Gaussian GNAR baseline",2024-12-16,"WFEN",1.74233333333333,2.87509552570997
"Gaussian GNAR baseline",2024-12-16,"OSY",2.43225,3.74521812001439
"Gaussian GNAR baseline",2024-12-16,"ACTH",2.14133333333333,2.24662718082654
"Gaussian GNAR baseline",2024-12-16,"COPP",3.15733333333333,3.06636653696319
"Gaussian GNAR baseline",2024-12-17,"EB",3.75020833333333,3.88502062030328
"Gaussian GNAR baseline",2024-12-17,"IMGM",4.905625,4.11342122851437
"Gaussian GNAR baseline",2024-12-17,"PRES",4.61966666666667,5.59981938246921
"Gaussian GNAR baseline",2024-12-17,"BIRR",6.38466666666667,4.49998271241932
"Gaussian GNAR baseline",2024-12-17,"BLC2",4.74354166666667,6.27136908784651
"Gaussian GNAR baseline",2024-12-17,"BOTR",5.584625,4.30322687776203
"Gaussian GNAR baseline",2024-12-17,"GHSR",3.757875,4.88616804270144
"Gaussian GNAR baseline",2024-12-17,"LEAM",4.87029166666667,4.12953141290605
"Gaussian GNAR baseline",2024-12-17,"NPT3",7.43425,4.52145038385446
"Gaussian GNAR baseline",2024-12-17,"REA1",5.07966666666667,3.95509216844765
"Gaussian GNAR baseline",2024-12-17,"SOUT",5.28491666666667,4.44321288334958
"Gaussian GNAR baseline",2024-12-17,"WREX",4.039875,4.21105754045673
"Gaussian GNAR baseline",2024-12-17,"LEAR",4.43291666666667,4.0185974519843
"Gaussian GNAR baseline",2024-12-17,"PLYM",9.34941666666667,4.57021705725829
"Gaussian GNAR baseline",2024-12-17,"SHDG",5.891375,4.23700878516774
"Gaussian GNAR baseline",2024-12-17,"SHE",7.01341666666667,4.47175548665932
"Gaussian GNAR baseline",2024-12-17,"BEL2",6.4535,5.44988996903098
"Gaussian GNAR baseline",2024-12-17,"GLKP",3.603625,4.78787771533251
"Gaussian GNAR baseline",2024-12-17,"LECU",5.59354166666667,4.13003692785148
"Gaussian GNAR baseline",2024-12-17,"SUN2",6.55270833333333,3.9308400516776
"Gaussian GNAR baseline",2024-12-17,"TRAN",3.93379166666667,4.2287141945224
"Gaussian GNAR baseline",2024-12-17,"STOK",5.74683333333333,4.24577227836678
"Gaussian GNAR baseline",2024-12-17,"BEX",5.44420833333333,3.99477513432488
"Gaussian GNAR baseline",2024-12-17,"SEND",5.2015,3.92091893326578
"Gaussian GNAR baseline",2024-12-17,"HUL2",6.29233333333333,4.47238382523248
"Gaussian GNAR baseline",2024-12-17,"PEMB",4.67083333333333,4.66857385925794
"Gaussian GNAR baseline",2024-12-17,"WFEN",5.623,3.79815198376489
"Gaussian GNAR baseline",2024-12-17,"OSY",5.0265,4.13070980780285
"Gaussian GNAR baseline",2024-12-17,"ACTH",2.18858333333333,3.93373860028018
"Gaussian GNAR baseline",2024-12-17,"COPP",4.97645833333333,4.3958551455644
"Gaussian GNAR baseline",2024-12-18,"EB",6.77091666666667,5.41168990983445
"Gaussian GNAR baseline",2024-12-18,"IMGM",2.83904166666667,5.90148441222534
"Gaussian GNAR baseline",2024-12-18,"PRES",4.56766666666667,5.86896731260834
"Gaussian GNAR baseline",2024-12-18,"BIRR",3.39733333333333,6.53417812158515
"Gaussian GNAR baseline",2024-12-18,"BLC2",5.65154166666667,5.95801169904218
"Gaussian GNAR baseline",2024-12-18,"BOTR",3.05041666666667,6.19353172078688
"Gaussian GNAR baseline",2024-12-18,"GHSR",3.090625,5.47681670362772
"Gaussian GNAR baseline",2024-12-18,"LEAM",3.27833333333333,5.88896966606905
"Gaussian GNAR baseline",2024-12-18,"NPT3",6.11045833333333,6.96595502545678
"Gaussian GNAR baseline",2024-12-18,"REA1",4.24620833333333,5.96426837027803
"Gaussian GNAR baseline",2024-12-18,"SOUT",7.34966666666667,6.07737876830294
"Gaussian GNAR baseline",2024-12-18,"WREX",2.35258333333333,5.55339974725777
"Gaussian GNAR baseline",2024-12-18,"LEAR",2.91558333333333,5.70253022820739
"Gaussian GNAR baseline",2024-12-18,"PLYM",13.6055416666667,7.754673356869
"Gaussian GNAR baseline",2024-12-18,"SHDG",2.84495833333333,6.31422948171811
"Gaussian GNAR baseline",2024-12-18,"SHE",3.22429166666667,6.79064445381677
"Gaussian GNAR baseline",2024-12-18,"BEL2",3.789375,6.61825599909166
"Gaussian GNAR baseline",2024-12-18,"GLKP",2.55025,5.40804083889787
"Gaussian GNAR baseline",2024-12-18,"LECU",2.90295833333333,6.18648501033972
"Gaussian GNAR baseline",2024-12-18,"SUN2",2.16779166666667,6.57008713992081
"Gaussian GNAR baseline",2024-12-18,"TRAN",3.52983333333333,5.50812779672366
"Gaussian GNAR baseline",2024-12-18,"STOK",2.728875,6.25616953066772
"Gaussian GNAR baseline",2024-12-18,"BEX",4.76033333333333,6.11547061937762
"Gaussian GNAR baseline",2024-12-18,"SEND",4.93904166666667,6.01072207348262
"Gaussian GNAR baseline",2024-12-18,"HUL2",3.91895833333333,6.49336741455288
"Gaussian GNAR baseline",2024-12-18,"PEMB",6.49670833333333,5.83753118438776
"Gaussian GNAR baseline",2024-12-18,"WFEN",3.79720833333333,6.17853835270622
"Gaussian GNAR baseline",2024-12-18,"OSY",5.75383333333333,5.95032576922361
"Gaussian GNAR baseline",2024-12-18,"ACTH",1.32570833333333,4.77661949375929
"Gaussian GNAR baseline",2024-12-18,"COPP",2.39783333333333,5.94760429128016
"Gaussian GNAR baseline",2024-12-19,"EB",2.75554166666667,5.78040818817394
"Gaussian GNAR baseline",2024-12-19,"IMGM",2.03220833333333,4.19262545242698
"Gaussian GNAR baseline",2024-12-19,"PRES",3.79620833333333,4.8961495417061
"Gaussian GNAR baseline",2024-12-19,"BIRR",3.62620833333333,4.45852284217716
"Gaussian GNAR baseline",2024-12-19,"BLC2",4.06841666666667,5.3447330835693
"Gaussian GNAR baseline",2024-12-19,"BOTR",3.33629166666667,4.29622671326385
"Gaussian GNAR baseline",2024-12-19,"GHSR",3.73920833333333,4.26778774623678
"Gaussian GNAR baseline",2024-12-19,"LEAM",3.109375,4.37232955111209
"Gaussian GNAR baseline",2024-12-19,"NPT3",3.06308333333333,5.59960781886392
"Gaussian GNAR baseline",2024-12-19,"REA1",2.78004166666667,4.77533514568323
"Gaussian GNAR baseline",2024-12-19,"SOUT",2.88033333333333,6.05608539482709
"Gaussian GNAR baseline",2024-12-19,"WREX",3.59079166666667,3.97135230120255
"Gaussian GNAR baseline",2024-12-19,"LEAR",2.58158333333333,4.21245234516724
"Gaussian GNAR baseline",2024-12-19,"PLYM",6.51141666666667,8.72765661725522
"Gaussian GNAR baseline",2024-12-19,"SHDG",2.62670833333333,4.21932254534725
"Gaussian GNAR baseline",2024-12-19,"SHE",2.555,4.40287004929751
"Gaussian GNAR baseline",2024-12-19,"BEL2",5.34404166666667,4.62136864777607
"Gaussian GNAR baseline",2024-12-19,"GLKP",2.92045833333333,4.04186590734525
"Gaussian GNAR baseline",2024-12-19,"LECU",3.43854166666667,4.23583244343646
"Gaussian GNAR baseline",2024-12-19,"SUN2",2.81641666666667,3.95724777349289
"Gaussian GNAR baseline",2024-12-19,"TRAN",4.919375,4.45265767399104
"Gaussian GNAR baseline",2024-12-19,"STOK",4.78679166666667,4.1680476879505
"Gaussian GNAR baseline",2024-12-19,"BEX",3.231125,4.99564323549474
"Gaussian GNAR baseline",2024-12-19,"SEND",3.01883333333333,5.06312806787673
"Gaussian GNAR baseline",2024-12-19,"HUL2",2.67195833333333,4.67066752339303
"Gaussian GNAR baseline",2024-12-19,"PEMB",4.77879166666667,5.6903548734066
"Gaussian GNAR baseline",2024-12-19,"WFEN",2.52170833333333,4.60414518683301
"Gaussian GNAR baseline",2024-12-19,"OSY",2.48429166666667,5.39374601607289
"Gaussian GNAR baseline",2024-12-19,"ACTH",1.53883333333333,3.50367728982066
"Gaussian GNAR baseline",2024-12-19,"COPP",3.6655,4.01300735498395
"Gaussian GNAR baseline",2024-12-20,"EB",3.74625,4.03407950877912
"Gaussian GNAR baseline",2024-12-20,"IMGM",4.780875,3.63996219957257
"Gaussian GNAR baseline",2024-12-20,"PRES",5.088375,4.40761796835393
"Gaussian GNAR baseline",2024-12-20,"BIRR",5.75966666666667,4.30892963149956
"Gaussian GNAR baseline",2024-12-20,"BLC2",6.70891666666667,4.54619150308293
"Gaussian GNAR baseline",2024-12-20,"BOTR",4.39866666666667,4.18121776993706
"Gaussian GNAR baseline",2024-12-20,"GHSR",5.15429166666667,4.34782919222605
"Gaussian GNAR baseline",2024-12-20,"LEAM",4.78770833333333,4.09355246264922
"Gaussian GNAR baseline",2024-12-20,"NPT3",5.751875,4.14423892489882
"Gaussian GNAR baseline",2024-12-20,"REA1",4.02920833333333,3.98200273374513
"Gaussian GNAR baseline",2024-12-20,"SOUT",4.71804166666667,4.09962236378385
"Gaussian GNAR baseline",2024-12-20,"WREX",3.54958333333333,4.26865402989747
"Gaussian GNAR baseline",2024-12-20,"LEAR",4.28366666666667,3.86767069892738
"Gaussian GNAR baseline",2024-12-20,"PLYM",8.62820833333333,5.7461973544611
"Gaussian GNAR baseline",2024-12-20,"SHDG",4.51858333333333,3.8844811505032
"Gaussian GNAR baseline",2024-12-20,"SHE",5.23383333333333,3.8643425340385
"Gaussian GNAR baseline",2024-12-20,"BEL2",6.50454166666667,5.02470723183522
"Gaussian GNAR baseline",2024-12-20,"GLKP",4.37104166666667,3.99797462935438
"Gaussian GNAR baseline",2024-12-20,"LECU",4.19125,4.21961853251942
"Gaussian GNAR baseline",2024-12-20,"SUN2",3.26945833333333,3.94579307708984
"Gaussian GNAR baseline",2024-12-20,"TRAN",6.08391666666667,4.84375626131045
"Gaussian GNAR baseline",2024-12-20,"STOK",4.663875,4.76954075647009
"Gaussian GNAR baseline",2024-12-20,"BEX",4.768125,4.18007922417824
"Gaussian GNAR baseline",2024-12-20,"SEND",4.41625,4.09721432199994
"Gaussian GNAR baseline",2024-12-20,"HUL2",5.53654166666667,3.92951882290374
"Gaussian GNAR baseline",2024-12-20,"PEMB",5.07770833333333,4.85900046299139
"Gaussian GNAR baseline",2024-12-20,"WFEN",4.30141666666667,3.86476055722695
"Gaussian GNAR baseline",2024-12-20,"OSY",4.14708333333333,3.89754403260986
"Gaussian GNAR baseline",2024-12-20,"ACTH",2.35741666666667,3.39990513528381
"Gaussian GNAR baseline",2024-12-20,"COPP",3.976125,4.30047726745775
"Gaussian GNAR baseline",2024-12-21,"EB",6.814125,5.18426835840867
"Gaussian GNAR baseline",2024-12-21,"IMGM",4.97558333333333,5.59175265447887
"Gaussian GNAR baseline",2024-12-21,"PRES",7.286875,5.76157487943046
"Gaussian GNAR baseline",2024-12-21,"BIRR",4.88016666666667,6.03332924608836
"Gaussian GNAR baseline",2024-12-21,"BLC2",9.98333333333333,6.43441028092968
"Gaussian GNAR baseline",2024-12-21,"BOTR",5.04520833333333,5.46674432453896
"Gaussian GNAR baseline",2024-12-21,"GHSR",7.052,5.78726727839116
"Gaussian GNAR baseline",2024-12-21,"LEAM",5.53066666666667,5.62107684220493
"Gaussian GNAR baseline",2024-12-21,"NPT3",7.31733333333333,6.01626466613089
"Gaussian GNAR baseline",2024-12-21,"REA1",6.07995833333333,5.3011834111031
"Gaussian GNAR baseline",2024-12-21,"SOUT",6.64908333333333,5.58680184087138
"Gaussian GNAR baseline",2024-12-21,"WREX",4.682625,5.12398750588785
"Gaussian GNAR baseline",2024-12-21,"LEAR",5.08270833333333,5.40089504950072
"Gaussian GNAR baseline",2024-12-21,"PLYM",9.59020833333333,7.28348465450999
"Gaussian GNAR baseline",2024-12-21,"SHDG",5.38216666666667,5.49856994568964
"Gaussian GNAR baseline",2024-12-21,"SHE",5.32616666666667,5.79081321330962
"Gaussian GNAR baseline",2024-12-21,"BEL2",6.6795,6.38180103976505
"Gaussian GNAR baseline",2024-12-21,"GLKP",6.29708333333333,5.445152816175
"Gaussian GNAR baseline",2024-12-21,"LECU",4.85754166666667,5.38400124297337
"Gaussian GNAR baseline",2024-12-21,"SUN2",4.920375,4.98977835528482
"Gaussian GNAR baseline",2024-12-21,"TRAN",7.13054166666667,6.19844674318482
"Gaussian GNAR baseline",2024-12-21,"STOK",5.250625,5.61146522203126
"Gaussian GNAR baseline",2024-12-21,"BEX",6.25391666666667,5.6160239499335
"Gaussian GNAR baseline",2024-12-21,"SEND",6.37979166666667,5.46615758953621
"Gaussian GNAR baseline",2024-12-21,"HUL2",5.9955,5.9181225732479
"Gaussian GNAR baseline",2024-12-21,"PEMB",8.60666666666667,5.78137732932855
"Gaussian GNAR baseline",2024-12-21,"WFEN",4.594125,5.406717438986
"Gaussian GNAR baseline",2024-12-21,"OSY",6.18116666666667,5.34235662199443
"Gaussian GNAR baseline",2024-12-21,"ACTH",3.77845833333333,4.58342865304077
"Gaussian GNAR baseline",2024-12-21,"COPP",5.15533333333333,5.30115939112096
"Gaussian GNAR baseline",2024-12-22,"EB",4.54604166666667,6.77421818683691
"Gaussian GNAR baseline",2024-12-22,"IMGM",4.54208333333333,6.04394111186661
"Gaussian GNAR baseline",2024-12-22,"PRES",8.356,7.0015827763425
"Gaussian GNAR baseline",2024-12-22,"BIRR",6.95070833333333,6.02881315743089
"Gaussian GNAR baseline",2024-12-22,"BLC2",9.78195833333333,8.14987139073
"Gaussian GNAR baseline",2024-12-22,"BOTR",7.21104166666667,6.0631525894866
"Gaussian GNAR baseline",2024-12-22,"GHSR",7.56783333333333,6.90665838490935
"Gaussian GNAR baseline",2024-12-22,"LEAM",6.66079166666667,6.27228013574752
"Gaussian GNAR baseline",2024-12-22,"NPT3",6.364,7.03043545434212
"Gaussian GNAR baseline",2024-12-22,"REA1",5.47370833333333,6.47939917728691
"Gaussian GNAR baseline",2024-12-22,"SOUT",5.66725,6.73029808755215
"Gaussian GNAR baseline",2024-12-22,"WREX",7.202375,5.89320937071042
"Gaussian GNAR baseline",2024-12-22,"LEAR",6.12425,6.07573640715295
"Gaussian GNAR baseline",2024-12-22,"PLYM",8.39033333333333,8.03551952380158
"Gaussian GNAR baseline",2024-12-22,"SHDG",6.99770833333333,6.20461346881336
"Gaussian GNAR baseline",2024-12-22,"SHE",6.51933333333333,6.19920072185293
"Gaussian GNAR baseline",2024-12-22,"BEL2",7.50195833333333,6.78677716062715
"Gaussian GNAR baseline",2024-12-22,"GLKP",6.94183333333333,6.57706439416844
"Gaussian GNAR baseline",2024-12-22,"LECU",6.41608333333333,5.98090519409349
"Gaussian GNAR baseline",2024-12-22,"SUN2",4.64029166666667,5.98404264514226
"Gaussian GNAR baseline",2024-12-22,"TRAN",10.61425,6.96182692208321
"Gaussian GNAR baseline",2024-12-22,"STOK",8.45416666666667,6.15411883130267
"Gaussian GNAR baseline",2024-12-22,"BEX",6.08091666666667,6.56909495590755
"Gaussian GNAR baseline",2024-12-22,"SEND",6.073125,6.61217506100887
"Gaussian GNAR baseline",2024-12-22,"HUL2",5.39604166666667,6.48178618711681
"Gaussian GNAR baseline",2024-12-22,"PEMB",6.83375,7.54382963588107
"Gaussian GNAR baseline",2024-12-22,"WFEN",5.49041666666667,5.87533780289961
"Gaussian GNAR baseline",2024-12-22,"OSY",5.407875,6.52390314294814
"Gaussian GNAR baseline",2024-12-22,"ACTH",3.730375,5.49219933928512
"Gaussian GNAR baseline",2024-12-22,"COPP",8.03566666666667,6.09801903371463
"Gaussian GNAR baseline",2024-12-23,"EB",6.84941666666667,5.90331123494001
"Gaussian GNAR baseline",2024-12-23,"IMGM",7.05195833333333,5.85642699518943
"Gaussian GNAR baseline",2024-12-23,"PRES",7.25541666666667,7.4810578822778
"Gaussian GNAR baseline",2024-12-23,"BIRR",7.86266666666667,6.84416008617572
"Gaussian GNAR baseline",2024-12-23,"BLC2",6.76304166666667,8.13358327627886
"Gaussian GNAR baseline",2024-12-23,"BOTR",8.33333333333333,6.95523452018532
"Gaussian GNAR baseline",2024-12-23,"GHSR",4.93816666666667,7.15129492979442
"Gaussian GNAR baseline",2024-12-23,"LEAM",7.582625,6.74100041518479
"Gaussian GNAR baseline",2024-12-23,"NPT3",6.21466666666667,6.66298235846427
"Gaussian GNAR baseline",2024-12-23,"REA1",7.31629166666667,6.26656290262346
"Gaussian GNAR baseline",2024-12-23,"SOUT",6.41516666666667,6.36012899035364
"Gaussian GNAR baseline",2024-12-23,"WREX",5.00195833333333,6.94274675528527
"Gaussian GNAR baseline",2024-12-23,"LEAR",7.2495,6.50942443417316
"Gaussian GNAR baseline",2024-12-23,"PLYM",8.25266666666667,7.55186918440528
"Gaussian GNAR baseline",2024-12-23,"SHDG",6.42975,6.8758368811674
"Gaussian GNAR baseline",2024-12-23,"SHE",7.46566666666667,6.67781906855968
"Gaussian GNAR baseline",2024-12-23,"BEL2",5.27616666666667,7.11504718011765
"Gaussian GNAR baseline",2024-12-23,"GLKP",4.61379166666667,6.87539046732292
"Gaussian GNAR baseline",2024-12-23,"LECU",7.73291666666667,6.62384187648955
"Gaussian GNAR baseline",2024-12-23,"SUN2",5.87366666666667,5.89543720876209
"Gaussian GNAR baseline",2024-12-23,"TRAN",6.538,8.40547878551041
"Gaussian GNAR baseline",2024-12-23,"STOK",7.82045833333333,7.47128607998883
"Gaussian GNAR baseline",2024-12-23,"BEX",8.82079166666667,6.52044217816425
"Gaussian GNAR baseline",2024-12-23,"SEND",7.79679166666667,6.52033787155007
"Gaussian GNAR baseline",2024-12-23,"HUL2",8.57216666666667,6.23255847807096
"Gaussian GNAR baseline",2024-12-23,"PEMB",4.541125,6.88781426924498
"Gaussian GNAR baseline",2024-12-23,"WFEN",7.03816666666667,6.23685602933874
"Gaussian GNAR baseline",2024-12-23,"OSY",6.72375,6.24199298106844
"Gaussian GNAR baseline",2024-12-23,"ACTH",2.82733333333333,5.49330054336265
"Gaussian GNAR baseline",2024-12-23,"COPP",6.47108333333333,7.2969131022303
"Gaussian GNAR baseline",2024-12-24,"EB",4.47333333333333,6.71003957608256
"Gaussian GNAR baseline",2024-12-24,"IMGM",5.78604166666667,6.79319828159471
"Gaussian GNAR baseline",2024-12-24,"PRES",4.986375,6.9707137654187
"Gaussian GNAR baseline",2024-12-24,"BIRR",5.52483333333333,7.18573569564772
"Gaussian GNAR baseline",2024-12-24,"BLC2",5.05220833333333,6.80342071895839
"Gaussian GNAR baseline",2024-12-24,"BOTR",5.631875,7.38561476955782
"Gaussian GNAR baseline",2024-12-24,"GHSR",1.7305,5.9987909015449
"Gaussian GNAR baseline",2024-12-24,"LEAM",6.60479166666667,7.06348612018532
"Gaussian GNAR baseline",2024-12-24,"NPT3",3.37558333333333,6.49387169443819
"Gaussian GNAR baseline",2024-12-24,"REA1",5.593625,6.92478699078539
"Gaussian GNAR baseline",2024-12-24,"SOUT",3.91708333333333,6.55913755066559
"Gaussian GNAR baseline",2024-12-24,"WREX",1.66570833333333,6.01601686177692
"Gaussian GNAR baseline",2024-12-24,"LEAR",6.42891666666667,6.91334540894875
"Gaussian GNAR baseline",2024-12-24,"PLYM",2.99625,7.38148536807215
"Gaussian GNAR baseline",2024-12-24,"SHDG",5.24475,6.59788240139445
"Gaussian GNAR baseline",2024-12-24,"SHE",4.59808333333333,7.0119274866889
"Gaussian GNAR baseline",2024-12-24,"BEL2",2.97070833333333,6.13610655806687
"Gaussian GNAR baseline",2024-12-24,"GLKP",1.65195833333333,5.85004485112406
"Gaussian GNAR baseline",2024-12-24,"LECU",6.18225,7.11924085502802
"Gaussian GNAR baseline",2024-12-24,"SUN2",1.16258333333333,6.31127087529149
"Gaussian GNAR baseline",2024-12-24,"TRAN",9.03,6.73140330614395
"Gaussian GNAR baseline",2024-12-24,"STOK",3.013,7.20539447196465
"Gaussian GNAR baseline",2024-12-24,"BEX",8.34520833333333,7.55816895506743
"Gaussian GNAR baseline",2024-12-24,"SEND",8.63316666666667,7.13705492507913
"Gaussian GNAR baseline",2024-12-24,"HUL2",6.7315,7.43911120821153
"Gaussian GNAR baseline",2024-12-24,"PEMB",2.46175,5.81751416307347
"Gaussian GNAR baseline",2024-12-24,"WFEN",5.94741666666667,6.81087308827187
"Gaussian GNAR baseline",2024-12-24,"OSY",8.2105,6.67959813065444
"Gaussian GNAR baseline",2024-12-24,"ACTH",0.515041666666667,5.03665632910286
"Gaussian GNAR baseline",2024-12-24,"COPP",4.43104166666667,6.64042290727929
"Gaussian GNAR baseline",2024-12-25,"EB",5.11504166666667,4.87462513878447
"Gaussian GNAR baseline",2024-12-25,"IMGM",6.13208333333333,5.41920863522682
"Gaussian GNAR baseline",2024-12-25,"PRES",4.053625,5.09550844625788
"Gaussian GNAR baseline",2024-12-25,"BIRR",3.77854166666667,5.33179337510096
"Gaussian GNAR baseline",2024-12-25,"BLC2",2.93929166666667,5.11044949467873
"Gaussian GNAR baseline",2024-12-25,"BOTR",6.6755,5.38737941501284
"Gaussian GNAR baseline",2024-12-25,"GHSR",1.341375,3.70011774941295
"Gaussian GNAR baseline",2024-12-25,"LEAM",4.31408333333333,5.76882421988798
"Gaussian GNAR baseline",2024-12-25,"NPT3",1.95758333333333,4.40776259559661
"Gaussian GNAR baseline",2024-12-25,"REA1",2.818375,5.34662121456161
"Gaussian GNAR baseline",2024-12-25,"SOUT",1.82191666666667,4.63528535335073
"Gaussian GNAR baseline",2024-12-25,"WREX",3.35691666666667,3.67505497160947
"Gaussian GNAR baseline",2024-12-25,"LEAR",5.34091666666667,5.68832946120812
"Gaussian GNAR baseline",2024-12-25,"PLYM",2.00083333333333,4.30200198633841
"Gaussian GNAR baseline",2024-12-25,"SHDG",7.17570833333333,5.18139083419744
"Gaussian GNAR baseline",2024-12-25,"SHE",6.301125,4.94107395821999
"Gaussian GNAR baseline",2024-12-25,"BEL2",2.10291666666667,4.21823403569643
"Gaussian GNAR baseline",2024-12-25,"GLKP",1.27058333333333,3.65984791389514
"Gaussian GNAR baseline",2024-12-25,"LECU",5.21625,5.59883511292522
"Gaussian GNAR baseline",2024-12-25,"SUN2",3.47679166666667,3.48969976701891
"Gaussian GNAR baseline",2024-12-25,"TRAN",12.0372083333333,6.74000849914274
"Gaussian GNAR baseline",2024-12-25,"STOK",4.040875,4.29824804303754
"Gaussian GNAR baseline",2024-12-25,"BEX",7.51583333333333,6.51471288246118
"Gaussian GNAR baseline",2024-12-25,"SEND",10.860875,6.60787357275666
"Gaussian GNAR baseline",2024-12-25,"HUL2",8.76866666666667,5.84526689173118
"Gaussian GNAR baseline",2024-12-25,"PEMB",1.12033333333333,3.99092959271237
"Gaussian GNAR baseline",2024-12-25,"WFEN",4.950875,5.48520344452222
"Gaussian GNAR baseline",2024-12-25,"OSY",9.438875,6.4077197778462
"Gaussian GNAR baseline",2024-12-25,"ACTH",0.64075,3.14853544290732
"Gaussian GNAR baseline",2024-12-25,"COPP",5.22408333333333,4.84792788816831
"Gaussian GNAR baseline",2024-12-26,"EB",4.18141666666667,5.46045107080697
"Gaussian GNAR baseline",2024-12-26,"IMGM",7.70345833333333,5.91082637342788
"Gaussian GNAR baseline",2024-12-26,"PRES",10.9070833333333,5.03677738248507
"Gaussian GNAR baseline",2024-12-26,"BIRR",4.35725,4.93695706185681
"Gaussian GNAR baseline",2024-12-26,"BLC2",11.3935833333333,4.58034355239308
"Gaussian GNAR baseline",2024-12-26,"BOTR",5.05608333333333,6.13040659306223
"Gaussian GNAR baseline",2024-12-26,"GHSR",2.01458333333333,3.84174248731812
"Gaussian GNAR baseline",2024-12-26,"LEAM",3.619375,5.18367915980812
"Gaussian GNAR baseline",2024-12-26,"NPT3",4.25525,4.13553416598767
"Gaussian GNAR baseline",2024-12-26,"REA1",4.21475,4.54396732047984
"Gaussian GNAR baseline",2024-12-26,"SOUT",4.17645833333333,4.09309689659817
"Gaussian GNAR baseline",2024-12-26,"WREX",4.714125,4.66864983305459
"Gaussian GNAR baseline",2024-12-26,"LEAR",3.45225,5.60143675241408
"Gaussian GNAR baseline",2024-12-26,"PLYM",2.84008333333333,4.14397478910628
"Gaussian GNAR baseline",2024-12-26,"SHDG",12.8549166666667,6.32649127916444
"Gaussian GNAR baseline",2024-12-26,"SHE",10.8255,5.95106958878182
"Gaussian GNAR baseline",2024-12-26,"BEL2",5.96404166666667,4.18530811621914
"Gaussian GNAR baseline",2024-12-26,"GLKP",1.95270833333333,3.81070972210063
"Gaussian GNAR baseline",2024-12-26,"LECU",4.2295,5.54411977023774
"Gaussian GNAR baseline",2024-12-26,"SUN2",6.55266666666667,4.70554046002496
"Gaussian GNAR baseline",2024-12-26,"TRAN",17.4923333333333,8.41802112543423
"Gaussian GNAR baseline",2024-12-26,"STOK",6.41629166666667,4.98296023992623
"Gaussian GNAR baseline",2024-12-26,"BEX",5.9945,6.54262220051222
"Gaussian GNAR baseline",2024-12-26,"SEND",6.818,7.92471286807511
"Gaussian GNAR baseline",2024-12-26,"HUL2",12.88825,7.01788525417141
"Gaussian GNAR baseline",2024-12-26,"PEMB",0.688833333333333,3.76888208239963
"Gaussian GNAR baseline",2024-12-26,"WFEN",6.84954166666667,5.4292549481166
"Gaussian GNAR baseline",2024-12-26,"OSY",6.37295833333333,7.32978573265287
"Gaussian GNAR baseline",2024-12-26,"ACTH",0.563166666666667,3.52382631316627
"Gaussian GNAR baseline",2024-12-26,"COPP",4.62375,5.5042323542834
"Gaussian GNAR baseline",2024-12-27,"EB",6.70495833333333,5.74942011716043
"Gaussian GNAR baseline",2024-12-27,"IMGM",2.88733333333333,7.22221480613187
"Gaussian GNAR baseline",2024-12-27,"PRES",7.38891666666667,8.48792398649708
"Gaussian GNAR baseline",2024-12-27,"BIRR",4.856625,5.78879862455096
"Gaussian GNAR baseline",2024-12-27,"BLC2",6.12133333333333,8.66047296672261
"Gaussian GNAR baseline",2024-12-27,"BOTR",4.49495833333333,6.14736975813898
"Gaussian GNAR baseline",2024-12-27,"GHSR",3.83745833333333,4.76583664187248
"Gaussian GNAR baseline",2024-12-27,"LEAM",5.39320833333333,5.49867281522185
"Gaussian GNAR baseline",2024-12-27,"NPT3",7.10704166666667,5.70204651193268
"Gaussian GNAR baseline",2024-12-27,"REA1",4.488,5.70658776825656
"Gaussian GNAR baseline",2024-12-27,"SOUT",7.28575,5.66631911526844
"Gaussian GNAR baseline",2024-12-27,"WREX",10.2870416666667,5.92511591522985
"Gaussian GNAR baseline",2024-12-27,"LEAR",5.00104166666667,5.45525124109499
"Gaussian GNAR baseline",2024-12-27,"PLYM",6.68245833333333,5.1213971678924
"Gaussian GNAR baseline",2024-12-27,"SHDG",17.6828333333333,9.36544677500742
"Gaussian GNAR baseline",2024-12-27,"SHE",8.80108333333333,8.50971256564207
"Gaussian GNAR baseline",2024-12-27,"BEL2",6.15470833333333,6.40803455470586
"Gaussian GNAR baseline",2024-12-27,"GLKP",3.696,4.73865990602635
"Gaussian GNAR baseline",2024-12-27,"LECU",3.190875,5.77167642372867
"Gaussian GNAR baseline",2024-12-27,"SUN2",11.252,6.68381190975722
"Gaussian GNAR baseline",2024-12-27,"TRAN",35.8885,11.3913583629499
"Gaussian GNAR baseline",2024-12-27,"STOK",6.841625,6.64163938148203
"Gaussian GNAR baseline",2024-12-27,"BEX",7.673,6.55379783486484
"Gaussian GNAR baseline",2024-12-27,"SEND",4.52441666666667,6.9746439792541
"Gaussian GNAR baseline",2024-12-27,"HUL2",9.76725,9.41836058459826
"Gaussian GNAR baseline",2024-12-27,"PEMB",2.54820833333333,4.2154368868321
"Gaussian GNAR baseline",2024-12-27,"WFEN",11.022,6.84213013022118
"Gaussian GNAR baseline",2024-12-27,"OSY",2.35820833333333,6.75670290490965
"Gaussian GNAR baseline",2024-12-27,"ACTH",0.669208333333333,4.15197542205144
"Gaussian GNAR baseline",2024-12-27,"COPP",5.78820833333333,5.9339284172476
"Gaussian GNAR baseline",2024-12-28,"EB",11.0111666666667,7.03889620280206
"Gaussian GNAR baseline",2024-12-28,"IMGM",6.99095833333333,5.55633303764795
"Gaussian GNAR baseline",2024-12-28,"PRES",7.73108333333333,7.48559951263838
"Gaussian GNAR baseline",2024-12-28,"BIRR",4.90566666666667,6.28345436812367
"Gaussian GNAR baseline",2024-12-28,"BLC2",7.52558333333333,6.97652625632982
"Gaussian GNAR baseline",2024-12-28,"BOTR",6.48195833333333,6.15199112967502
"Gaussian GNAR baseline",2024-12-28,"GHSR",4.65508333333333,5.80685234053725
"Gaussian GNAR baseline",2024-12-28,"LEAM",6.40345833333333,6.48585726246571
"Gaussian GNAR baseline",2024-12-28,"NPT3",8.38058333333333,7.20599278334927
"Gaussian GNAR baseline",2024-12-28,"REA1",4.609,6.12842078160659
"Gaussian GNAR baseline",2024-12-28,"SOUT",9.08425,7.27751255255591
"Gaussian GNAR baseline",2024-12-28,"WREX",8.31270833333333,8.52444918774671
"Gaussian GNAR baseline",2024-12-28,"LEAR",5.95225,6.32054054858418
"Gaussian GNAR baseline",2024-12-28,"PLYM",10.8963333333333,6.99662945525236
"Gaussian GNAR baseline",2024-12-28,"SHDG",12.5572083333333,11.7649320884027
"Gaussian GNAR baseline",2024-12-28,"SHE",11.1517083333333,8.06407208112565
"Gaussian GNAR baseline",2024-12-28,"BEL2",7.175875,6.85659286882978
"Gaussian GNAR baseline",2024-12-28,"GLKP",4.43791666666667,5.74718181972577
"Gaussian GNAR baseline",2024-12-28,"LECU",6.658875,5.59559172549864
"Gaussian GNAR baseline",2024-12-28,"SUN2",4.497875,8.96635907688827
"Gaussian GNAR baseline",2024-12-28,"TRAN",13.7991666666667,19.3626500285629
"Gaussian GNAR baseline",2024-12-28,"STOK",7.046,7.1500871689767
"Gaussian GNAR baseline",2024-12-28,"BEX",8.8955,7.48144684051759
"Gaussian GNAR baseline",2024-12-28,"SEND",7.02545833333333,6.20747113529434
"Gaussian GNAR baseline",2024-12-28,"HUL2",10.0392916666667,8.51199772728972
"Gaussian GNAR baseline",2024-12-28,"PEMB",5.57395833333333,5.24426290237229
"Gaussian GNAR baseline",2024-12-28,"WFEN",5.427625,8.87912380751477
"Gaussian GNAR baseline",2024-12-28,"OSY",4.09591666666667,5.30608127571135
"Gaussian GNAR baseline",2024-12-28,"ACTH",1.15370833333333,4.46879366569204
"Gaussian GNAR baseline",2024-12-28,"COPP",6.676625,6.67294820039795
"Gaussian GNAR baseline",2024-12-29,"EB",5.13658333333333,8.60543794655947
"Gaussian GNAR baseline",2024-12-29,"IMGM",5.38129166666667,6.85892988128056
"Gaussian GNAR baseline",2024-12-29,"PRES",3.90825,7.27397333614329
"Gaussian GNAR baseline",2024-12-29,"BIRR",3.2135,6.05023207461812
"Gaussian GNAR baseline",2024-12-29,"BLC2",5.24283333333333,7.15829859576757
"Gaussian GNAR baseline",2024-12-29,"BOTR",3.91120833333333,6.68927488134628
"Gaussian GNAR baseline",2024-12-29,"GHSR",4.26595833333333,5.92214049082679
"Gaussian GNAR baseline",2024-12-29,"LEAM",3.53570833333333,6.6791180428588
"Gaussian GNAR baseline",2024-12-29,"NPT3",7.83120833333333,7.53401619803244
"Gaussian GNAR baseline",2024-12-29,"REA1",3.72358333333333,5.91921121161534
"Gaussian GNAR baseline",2024-12-29,"SOUT",3.7785,7.82766225885112
"Gaussian GNAR baseline",2024-12-29,"WREX",2.49316666666667,7.58439389783171
"Gaussian GNAR baseline",2024-12-29,"LEAR",3.49258333333333,6.48399226998321
"Gaussian GNAR baseline",2024-12-29,"PLYM",4.1205,8.55768106122775
"Gaussian GNAR baseline",2024-12-29,"SHDG",3.25770833333333,9.51117796121726
"Gaussian GNAR baseline",2024-12-29,"SHE",3.018,8.7148063184336
"Gaussian GNAR baseline",2024-12-29,"BEL2",5.18779166666667,7.01537013553178
"Gaussian GNAR baseline",2024-12-29,"GLKP",3.90441666666667,5.8293905337618
"Gaussian GNAR baseline",2024-12-29,"LECU",4.12345833333333,6.72989666192141
"Gaussian GNAR baseline",2024-12-29,"SUN2",2.155125,6.04003366223034
"Gaussian GNAR baseline",2024-12-29,"TRAN",3.070875,10.4698401727416
"Gaussian GNAR baseline",2024-12-29,"STOK",2.81745833333333,6.97889311536807
"Gaussian GNAR baseline",2024-12-29,"BEX",6.39158333333333,7.75960773648873
"Gaussian GNAR baseline",2024-12-29,"SEND",6.61370833333333,6.91340942856812
"Gaussian GNAR baseline",2024-12-29,"HUL2",5.204375,8.2813227558036
"Gaussian GNAR baseline",2024-12-29,"PEMB",3.0445,6.26811447359383
"Gaussian GNAR baseline",2024-12-29,"WFEN",4.78679166666667,6.41655215481274
"Gaussian GNAR baseline",2024-12-29,"OSY",5.407,5.65587829803003
"Gaussian GNAR baseline",2024-12-29,"ACTH",2.24754166666667,4.40488730316088
"Gaussian GNAR baseline",2024-12-29,"COPP",2.6465,6.80112831071493
"Gaussian GNAR baseline",2024-12-30,"EB",2.47741666666667,4.83880222396378
"Gaussian GNAR baseline",2024-12-30,"IMGM",1.71779166666667,4.84043069556982
"Gaussian GNAR baseline",2024-12-30,"PRES",3.57320833333333,4.25314555796097
"Gaussian GNAR baseline",2024-12-30,"BIRR",1.95758333333333,3.8980139606041
"Gaussian GNAR baseline",2024-12-30,"BLC2",6.14195833333333,4.7966766589293
"Gaussian GNAR baseline",2024-12-30,"BOTR",1.78358333333333,4.22361341332677
"Gaussian GNAR baseline",2024-12-30,"GHSR",3.31370833333333,4.32446588143476
"Gaussian GNAR baseline",2024-12-30,"LEAM",1.529125,4.06732922085337
"Gaussian GNAR baseline",2024-12-30,"NPT3",1.973375,5.88169247064559
"Gaussian GNAR baseline",2024-12-30,"REA1",1.75225,4.10038453582375
"Gaussian GNAR baseline",2024-12-30,"SOUT",2.15308333333333,4.23312018422346
"Gaussian GNAR baseline",2024-12-30,"WREX",1.37091666666667,3.68578298993856
"Gaussian GNAR baseline",2024-12-30,"LEAR",1.50045833333333,4.03849554778271
"Gaussian GNAR baseline",2024-12-30,"PLYM",2.91575,4.4183074799133
"Gaussian GNAR baseline",2024-12-30,"SHDG",1.727625,4.10453477618957
"Gaussian GNAR baseline",2024-12-30,"SHE",1.57329166666667,3.97140353897148
"Gaussian GNAR baseline",2024-12-30,"BEL2",3.7175,4.76544305999704
"Gaussian GNAR baseline",2024-12-30,"GLKP",3.04829166666667,4.17050596938705
"Gaussian GNAR baseline",2024-12-30,"LECU",1.61758333333333,4.31521517537465
"Gaussian GNAR baseline",2024-12-30,"SUN2",3.52591666666667,3.45292353826936
"Gaussian GNAR baseline",2024-12-30,"TRAN",2.836,4.0583074262655
"Gaussian GNAR baseline",2024-12-30,"STOK",1.73845833333333,3.78790429114668
"Gaussian GNAR baseline",2024-12-30,"BEX",2.62970833333333,5.30259980426012
"Gaussian GNAR baseline",2024-12-30,"SEND",2.48133333333333,5.34787327412624
"Gaussian GNAR baseline",2024-12-30,"HUL2",3.56133333333333,4.84274499159704
"Gaussian GNAR baseline",2024-12-30,"PEMB",1.65091666666667,3.84499587158326
"Gaussian GNAR baseline",2024-12-30,"WFEN",2.04195833333333,4.55757471651721
"Gaussian GNAR baseline",2024-12-30,"OSY",3.468,4.77973456989413
"Gaussian GNAR baseline",2024-12-30,"ACTH",1.871125,3.40859276831628
"Gaussian GNAR baseline",2024-12-30,"COPP",1.524125,3.70853823999038
"Gaussian GNAR baseline",2024-12-31,"EB",6.12125,3.46474991062198
"Gaussian GNAR baseline",2024-12-31,"IMGM",1.7365,3.15852452469128
"Gaussian GNAR baseline",2024-12-31,"PRES",2.070625,3.88494621549329
"Gaussian GNAR baseline",2024-12-31,"BIRR",2.62579166666667,3.20373065031748
"Gaussian GNAR baseline",2024-12-31,"BLC2",6.28729166666667,4.97370035465819
"Gaussian GNAR baseline",2024-12-31,"BOTR",2.15304166666667,3.149381391195
"Gaussian GNAR baseline",2024-12-31,"GHSR",4.2305,3.78708222856855
"Gaussian GNAR baseline",2024-12-31,"LEAM",2.14720833333333,3.03554131996576
"Gaussian GNAR baseline",2024-12-31,"NPT3",3.13495833333333,3.32389042197091
"Gaussian GNAR baseline",2024-12-31,"REA1",3.147625,3.13188307338176
"Gaussian GNAR baseline",2024-12-31,"SOUT",5.41179166666667,3.2980001843146
"Gaussian GNAR baseline",2024-12-31,"WREX",1.56154166666667,2.94484572039435
"Gaussian GNAR baseline",2024-12-31,"LEAR",2.17575,3.02269613420205
"Gaussian GNAR baseline",2024-12-31,"PLYM",6.21954166666667,3.61991815226011
"Gaussian GNAR baseline",2024-12-31,"SHDG",1.2825,3.11029292089487
"Gaussian GNAR baseline",2024-12-31,"SHE",1.360125,3.04095253646973
"Gaussian GNAR baseline",2024-12-31,"BEL2",4.30916666666667,3.97575521384025
"Gaussian GNAR baseline",2024-12-31,"GLKP",4.011375,3.66908125445065
"Gaussian GNAR baseline",2024-12-31,"LECU",2.097125,3.08637065082718
"Gaussian GNAR baseline",2024-12-31,"SUN2",1.253,3.82235210948631
"Gaussian GNAR baseline",2024-12-31,"TRAN",1.73058333333333,3.56129902761091
"Gaussian GNAR baseline",2024-12-31,"STOK",1.67945833333333,3.10390893922138
"Gaussian GNAR baseline",2024-12-31,"BEX",4.37108333333333,3.55824325160625
"Gaussian GNAR baseline",2024-12-31,"SEND",4.044875,3.50272046936379
"Gaussian GNAR baseline",2024-12-31,"HUL2",2.28291666666667,3.91197004478449
"Gaussian GNAR baseline",2024-12-31,"PEMB",5.578875,3.07351314399259
"Gaussian GNAR baseline",2024-12-31,"WFEN",2.3005,3.27714137713927
"Gaussian GNAR baseline",2024-12-31,"OSY",4.325875,3.87859250987204
"Gaussian GNAR baseline",2024-12-31,"ACTH",1.97425,3.14441353955617
"Gaussian GNAR baseline",2024-12-31,"COPP",1.752125,3.01159747773063
"Peak-weighted GNAR q=0.95 weight=4",2024-10-19,"EB",4.59525,5.16916597127733
"Peak-weighted GNAR q=0.95 weight=4",2024-10-19,"IMGM",5.39895833333333,5.68749145288793
"Peak-weighted GNAR q=0.95 weight=4",2024-10-19,"PRES",6.41229166666667,5.70675597162035
"Peak-weighted GNAR q=0.95 weight=4",2024-10-19,"BIRR",6.5575,6.15891968390165
"Peak-weighted GNAR q=0.95 weight=4",2024-10-19,"BLC2",6.879,5.70557351611239
"Peak-weighted GNAR q=0.95 weight=4",2024-10-19,"BOTR",7.903875,6.40009920075358
"Peak-weighted GNAR q=0.95 weight=4",2024-10-19,"GHSR",8.922,4.77108054974351
"Peak-weighted GNAR q=0.95 weight=4",2024-10-19,"LEAM",4.81916666666667,5.45815173288735
"Peak-weighted GNAR q=0.95 weight=4",2024-10-19,"NPT3",7.3635,6.14621086999378
"Peak-weighted GNAR q=0.95 weight=4",2024-10-19,"REA1",5.85308333333333,5.42434958154642
"Peak-weighted GNAR q=0.95 weight=4",2024-10-19,"SOUT",6.33054166666667,6.01892404910404
"Peak-weighted GNAR q=0.95 weight=4",2024-10-19,"WREX",5.33908333333333,5.4694184097078
"Peak-weighted GNAR q=0.95 weight=4",2024-10-19,"LEAR",4.47325,5.24336539371276
"Peak-weighted GNAR q=0.95 weight=4",2024-10-19,"PLYM",8.988875,7.8535216906089
"Peak-weighted GNAR q=0.95 weight=4",2024-10-19,"SHDG",7.30645833333333,5.920928225509
"Peak-weighted GNAR q=0.95 weight=4",2024-10-19,"SHE",6.90154166666667,6.70024691431313
"Peak-weighted GNAR q=0.95 weight=4",2024-10-19,"BEL2",9.75929166666667,6.386164243336
"Peak-weighted GNAR q=0.95 weight=4",2024-10-19,"GLKP",8.60645833333333,4.65171368808226
"Peak-weighted GNAR q=0.95 weight=4",2024-10-19,"LECU",5.63204166666667,5.47127870458833
"Peak-weighted GNAR q=0.95 weight=4",2024-10-19,"SUN2",7.334,6.03087691214354
"Peak-weighted GNAR q=0.95 weight=4",2024-10-19,"TRAN",6.15083333333333,5.44873909698661
"Peak-weighted GNAR q=0.95 weight=4",2024-10-19,"STOK",5.43045833333333,6.06104434212064
"Peak-weighted GNAR q=0.95 weight=4",2024-10-19,"BEX",5.739,7.02536735726945
"Peak-weighted GNAR q=0.95 weight=4",2024-10-19,"SEND",5.04825,6.61546736963735
"Peak-weighted GNAR q=0.95 weight=4",2024-10-19,"HUL2",6.60575,7.26259690455496
"Peak-weighted GNAR q=0.95 weight=4",2024-10-19,"PEMB",8.29804166666667,6.07814992473383
"Peak-weighted GNAR q=0.95 weight=4",2024-10-19,"WFEN",4.16383333333333,5.61664552155625
"Peak-weighted GNAR q=0.95 weight=4",2024-10-19,"OSY",4.5675,6.49057128536385
"Peak-weighted GNAR q=0.95 weight=4",2024-10-19,"ACTH",5.07070833333333,4.2799327037965
"Peak-weighted GNAR q=0.95 weight=4",2024-10-19,"COPP",5.82845833333333,5.59074661310125
"Peak-weighted GNAR q=0.95 weight=4",2024-10-20,"EB",6.81508333333333,6.7351593696014
"Peak-weighted GNAR q=0.95 weight=4",2024-10-20,"IMGM",6.42404166666667,7.12779317290634
"Peak-weighted GNAR q=0.95 weight=4",2024-10-20,"PRES",7.73504166666667,7.61187930386515
"Peak-weighted GNAR q=0.95 weight=4",2024-10-20,"BIRR",7.80470833333333,7.6885101106955
"Peak-weighted GNAR q=0.95 weight=4",2024-10-20,"BLC2",10.3086666666667,7.83455821976418
"Peak-weighted GNAR q=0.95 weight=4",2024-10-20,"BOTR",7.56970833333333,8.33557335499029
"Peak-weighted GNAR q=0.95 weight=4",2024-10-20,"GHSR",6.33654166666667,8.7940038211268
"Peak-weighted GNAR q=0.95 weight=4",2024-10-20,"LEAM",7.55708333333333,6.84687814343037
"Peak-weighted GNAR q=0.95 weight=4",2024-10-20,"NPT3",10.0374166666667,8.07315688377071
"Peak-weighted GNAR q=0.95 weight=4",2024-10-20,"REA1",7.57079166666667,7.33990317563388
"Peak-weighted GNAR q=0.95 weight=4",2024-10-20,"SOUT",8.70775,7.57783535490238
"Peak-weighted GNAR q=0.95 weight=4",2024-10-20,"WREX",7.40270833333333,7.09535894435445
"Peak-weighted GNAR q=0.95 weight=4",2024-10-20,"LEAR",7.341875,6.67817942270468
"Peak-weighted GNAR q=0.95 weight=4",2024-10-20,"PLYM",13.4699583333333,8.87802571572297
"Peak-weighted GNAR q=0.95 weight=4",2024-10-20,"SHDG",7.46070833333333,8.0423783219118
"Peak-weighted GNAR q=0.95 weight=4",2024-10-20,"SHE",8.190875,7.86226008041673
"Peak-weighted GNAR q=0.95 weight=4",2024-10-20,"BEL2",7.01154166666667,9.2210431048818
"Peak-weighted GNAR q=0.95 weight=4",2024-10-20,"GLKP",5.92479166666667,8.64135650773025
"Peak-weighted GNAR q=0.95 weight=4",2024-10-20,"LECU",6.88875,7.23521396473419
"Peak-weighted GNAR q=0.95 weight=4",2024-10-20,"SUN2",7.268125,8.05744755416391
"Peak-weighted GNAR q=0.95 weight=4",2024-10-20,"TRAN",8.08566666666667,7.48267825455672
"Peak-weighted GNAR q=0.95 weight=4",2024-10-20,"STOK",7.63866666666667,7.14911341900601
"Peak-weighted GNAR q=0.95 weight=4",2024-10-20,"BEX",7.169875,7.31269242787814
"Peak-weighted GNAR q=0.95 weight=4",2024-10-20,"SEND",6.67158333333333,6.97602831575351
"Peak-weighted GNAR q=0.95 weight=4",2024-10-20,"HUL2",7.497125,7.73055862060311
"Peak-weighted GNAR q=0.95 weight=4",2024-10-20,"PEMB",11.4229583333333,8.518105188755
"Peak-weighted GNAR q=0.95 weight=4",2024-10-20,"WFEN",6.950625,6.53687577923983
"Peak-weighted GNAR q=0.95 weight=4",2024-10-20,"OSY",7.07645833333333,6.74446166262145
"Peak-weighted GNAR q=0.95 weight=4",2024-10-20,"ACTH",4.666875,6.94731456301337
"Peak-weighted GNAR q=0.95 weight=4",2024-10-20,"COPP",7.80183333333333,7.33119497827085
"Peak-weighted GNAR q=0.95 weight=4",2024-10-21,"EB",5.89833333333333,8.30281296402772
"Peak-weighted GNAR q=0.95 weight=4",2024-10-21,"IMGM",9.52113043478261,8.12266776606497
"Peak-weighted GNAR q=0.95 weight=4",2024-10-21,"PRES",7.22095833333333,8.75681243709578
"Peak-weighted GNAR q=0.95 weight=4",2024-10-21,"BIRR",12.4931666666667,8.79125488565115
"Peak-weighted GNAR q=0.95 weight=4",2024-10-21,"BLC2",8.54166666666667,9.98930405593919
"Peak-weighted GNAR q=0.95 weight=4",2024-10-21,"BOTR",11.6794583333333,8.69002548463547
"Peak-weighted GNAR q=0.95 weight=4",2024-10-21,"GHSR",6.29525,8.10958184449781
"Peak-weighted GNAR q=0.95 weight=4",2024-10-21,"LEAM",11.4859166666667,8.65887940781206
"Peak-weighted GNAR q=0.95 weight=4",2024-10-21,"NPT3",11.1125,9.86375008045854
"Peak-weighted GNAR q=0.95 weight=4",2024-10-21,"REA1",10.3047083333333,8.67384314746053
"Peak-weighted GNAR q=0.95 weight=4",2024-10-21,"SOUT",9.086125,9.22053382759067
"Peak-weighted GNAR q=0.95 weight=4",2024-10-21,"WREX",7.048,8.58941189114246
"Peak-weighted GNAR q=0.95 weight=4",2024-10-21,"LEAR",10.975875,8.55331859334347
"Peak-weighted GNAR q=0.95 weight=4",2024-10-21,"PLYM",12.5807083333333,11.515737740118
"Peak-weighted GNAR q=0.95 weight=4",2024-10-21,"SHDG",7.51079166666667,8.63312233124821
"Peak-weighted GNAR q=0.95 weight=4",2024-10-21,"SHE",7.89216666666667,8.97841877356837
"Peak-weighted GNAR q=0.95 weight=4",2024-10-21,"BEL2",6.43966666666667,8.43865607318616
"Peak-weighted GNAR q=0.95 weight=4",2024-10-21,"GLKP",6.09079166666667,7.91043612396328
"Peak-weighted GNAR q=0.95 weight=4",2024-10-21,"LECU",11.253,8.34642521670564
"Peak-weighted GNAR q=0.95 weight=4",2024-10-21,"SUN2",4.90383333333333,8.54140412736153
"Peak-weighted GNAR q=0.95 weight=4",2024-10-21,"TRAN",5.97626086956522,8.9220775749844
"Peak-weighted GNAR q=0.95 weight=4",2024-10-21,"STOK",9.32395833333333,8.70280637390517
"Peak-weighted GNAR q=0.95 weight=4",2024-10-21,"BEX",8.946625,8.48150990929637
"Peak-weighted GNAR q=0.95 weight=4",2024-10-21,"SEND",8.33229166666667,8.23799245206127
"Peak-weighted GNAR q=0.95 weight=4",2024-10-21,"HUL2",11.3050833333333,8.64480240331213
"Peak-weighted GNAR q=0.95 weight=4",2024-10-21,"PEMB",9.35829166666667,10.5328405801789
"Peak-weighted GNAR q=0.95 weight=4",2024-10-21,"WFEN",10.3271739130435,8.36400978824436
"Peak-weighted GNAR q=0.95 weight=4",2024-10-21,"OSY",9.571625,8.42737175317057
"Peak-weighted GNAR q=0.95 weight=4",2024-10-21,"ACTH",3.405125,7.28109434850328
"Peak-weighted GNAR q=0.95 weight=4",2024-10-21,"COPP",7.615,8.78394574736089
"Peak-weighted GNAR q=0.95 weight=4",2024-10-22,"EB",4.2305,8.1742022046994
"Peak-weighted GNAR q=0.95 weight=4",2024-10-22,"IMGM",7.0215,9.90060133810009
"Peak-weighted GNAR q=0.95 weight=4",2024-10-22,"PRES",6.46329166666667,8.81313649340363
"Peak-weighted GNAR q=0.95 weight=4",2024-10-22,"BIRR",8.561375,11.3307434184933
"Peak-weighted GNAR q=0.95 weight=4",2024-10-22,"BLC2",7.02629166666667,9.46462149451103
"Peak-weighted GNAR q=0.95 weight=4",2024-10-22,"BOTR",6.869125,10.9403519767281
"Peak-weighted GNAR q=0.95 weight=4",2024-10-22,"GHSR",6.103625,8.3598000479826
"Peak-weighted GNAR q=0.95 weight=4",2024-10-22,"LEAM",5.06895833333333,10.8478491725972
"Peak-weighted GNAR q=0.95 weight=4",2024-10-22,"NPT3",6.402375,10.6897711516144
"Peak-weighted GNAR q=0.95 weight=4",2024-10-22,"REA1",5.190625,10.2840323653954
"Peak-weighted GNAR q=0.95 weight=4",2024-10-22,"SOUT",6.91220833333333,9.71151870673961
"Peak-weighted GNAR q=0.95 weight=4",2024-10-22,"WREX",4.05858333333333,8.72785713781692
"Peak-weighted GNAR q=0.95 weight=4",2024-10-22,"LEAR",4.95091666666667,10.6025943929605
"Peak-weighted GNAR q=0.95 weight=4",2024-10-22,"PLYM",8.9575,11.41866923124
"Peak-weighted GNAR q=0.95 weight=4",2024-10-22,"SHDG",6.273625,8.94927384140234
"Peak-weighted GNAR q=0.95 weight=4",2024-10-22,"SHE",7.82629166666667,9.13729431318321
"Peak-weighted GNAR q=0.95 weight=4",2024-10-22,"BEL2",6.68533333333333,8.43424346386126
"Peak-weighted GNAR q=0.95 weight=4",2024-10-22,"GLKP",5.74983333333333,8.25883538269827
"Peak-weighted GNAR q=0.95 weight=4",2024-10-22,"LECU",6.318875,10.7312086765403
"Peak-weighted GNAR q=0.95 weight=4",2024-10-22,"SUN2",5.36170833333333,7.70310052892438
"Peak-weighted GNAR q=0.95 weight=4",2024-10-22,"TRAN",6.81908333333333,8.22175242604103
"Peak-weighted GNAR q=0.95 weight=4",2024-10-22,"STOK",6.27945833333333,9.81635876623226
"Peak-weighted GNAR q=0.95 weight=4",2024-10-22,"BEX",5.94345833333333,9.63239622232078
"Peak-weighted GNAR q=0.95 weight=4",2024-10-22,"SEND",5.60345833333333,9.33504573308968
"Peak-weighted GNAR q=0.95 weight=4",2024-10-22,"HUL2",7.49259090909091,10.761028103414
"Peak-weighted GNAR q=0.95 weight=4",2024-10-22,"PEMB",6.88583333333333,9.86356544841846
"Peak-weighted GNAR q=0.95 weight=4",2024-10-22,"WFEN",4.63045833333333,10.2897078058542
"Peak-weighted GNAR q=0.95 weight=4",2024-10-22,"OSY",5.83520833333333,9.93002089078995
"Peak-weighted GNAR q=0.95 weight=4",2024-10-22,"ACTH",3.71275,6.96641042833993
"Peak-weighted GNAR q=0.95 weight=4",2024-10-22,"COPP",5.21629166666667,9.00180239793031
"Peak-weighted GNAR q=0.95 weight=4",2024-10-23,"EB",3.88958333333333,5.36608566047656
"Peak-weighted GNAR q=0.95 weight=4",2024-10-23,"IMGM",6.032875,6.72805564819794
"Peak-weighted GNAR q=0.95 weight=4",2024-10-23,"PRES",5.8315,6.44282750274209
"Peak-weighted GNAR q=0.95 weight=4",2024-10-23,"BIRR",8.12216666666667,7.48741869946416
"Peak-weighted GNAR q=0.95 weight=4",2024-10-23,"BLC2",6.11633333333333,6.72236752354933
"Peak-weighted GNAR q=0.95 weight=4",2024-10-23,"BOTR",7.55608333333333,6.6728845009333
"Peak-weighted GNAR q=0.95 weight=4",2024-10-23,"GHSR",4.16358333333333,6.26357865879962
"Peak-weighted GNAR q=0.95 weight=4",2024-10-23,"LEAM",5.28,5.81187909690237
"Peak-weighted GNAR q=0.95 weight=4",2024-10-23,"NPT3",6.57433333333333,6.44543359012127
"Peak-weighted GNAR q=0.95 weight=4",2024-10-23,"REA1",5.62216666666667,5.86034623387018
"Peak-weighted GNAR q=0.95 weight=4",2024-10-23,"SOUT",6.37383333333333,6.67233575837201
"Peak-weighted GNAR q=0.95 weight=4",2024-10-23,"WREX",5.57036363636364,5.29337149784805
"Peak-weighted GNAR q=0.95 weight=4",2024-10-23,"LEAR",4.68954166666667,5.75137079415694
"Peak-weighted GNAR q=0.95 weight=4",2024-10-23,"PLYM",6.25095833333333,7.67724818851232
"Peak-weighted GNAR q=0.95 weight=4",2024-10-23,"SHDG",6.625375,6.35463759747156
"Peak-weighted GNAR q=0.95 weight=4",2024-10-23,"SHE",9.602,7.09901192135112
"Peak-weighted GNAR q=0.95 weight=4",2024-10-23,"BEL2",5.62504166666667,6.54247183825369
"Peak-weighted GNAR q=0.95 weight=4",2024-10-23,"GLKP",3.88570833333333,6.09300775554356
"Peak-weighted GNAR q=0.95 weight=4",2024-10-23,"LECU",5.66445833333333,6.40671339384811
"Peak-weighted GNAR q=0.95 weight=4",2024-10-23,"SUN2",8.17029166666667,5.89804508029412
"Peak-weighted GNAR q=0.95 weight=4",2024-10-23,"TRAN",6.06533333333333,6.6025528045283
"Peak-weighted GNAR q=0.95 weight=4",2024-10-23,"STOK",7.24982608695652,6.37218709229355
"Peak-weighted GNAR q=0.95 weight=4",2024-10-23,"BEX",6.83966666666667,6.20870250932545
"Peak-weighted GNAR q=0.95 weight=4",2024-10-23,"SEND",6.14583333333333,6.04137837577983
"Peak-weighted GNAR q=0.95 weight=4",2024-10-23,"HUL2",8.50933333333333,6.96748893322754
"Peak-weighted GNAR q=0.95 weight=4",2024-10-23,"PEMB",4.9755,6.66196014173408
"Peak-weighted GNAR q=0.95 weight=4",2024-10-23,"WFEN",6.43579166666667,5.59309632048556
"Peak-weighted GNAR q=0.95 weight=4",2024-10-23,"OSY",5.72629166666667,6.16211152266438
"Peak-weighted GNAR q=0.95 weight=4",2024-10-23,"ACTH",2.63270833333333,5.09860110527579
"Peak-weighted GNAR q=0.95 weight=4",2024-10-23,"COPP",6.01004347826087,5.85069770711095
"Peak-weighted GNAR q=0.95 weight=4",2024-10-24,"EB",5.52766666666667,5.85058419375263
"Peak-weighted GNAR q=0.95 weight=4",2024-10-24,"IMGM",7.73104166666667,6.89655418882927
"Peak-weighted GNAR q=0.95 weight=4",2024-10-24,"PRES",6.64808333333333,6.79586895191593
"Peak-weighted GNAR q=0.95 weight=4",2024-10-24,"BIRR",7.638,7.90655581355497
"Peak-weighted GNAR q=0.95 weight=4",2024-10-24,"BLC2",6.669625,6.93643759867214
"Peak-weighted GNAR q=0.95 weight=4",2024-10-24,"BOTR",7.34966666666667,7.62251830504688
"Peak-weighted GNAR q=0.95 weight=4",2024-10-24,"GHSR",4.822125,5.99664913841261
"Peak-weighted GNAR q=0.95 weight=4",2024-10-24,"LEAM",6.58308333333333,6.52121969540122
"Peak-weighted GNAR q=0.95 weight=4",2024-10-24,"NPT3",7.1855,7.15001385307728
"Peak-weighted GNAR q=0.95 weight=4",2024-10-24,"REA1",6.61566666666667,6.68556646080636
"Peak-weighted GNAR q=0.95 weight=4",2024-10-24,"SOUT",6.27554166666667,7.0584433887087
"Peak-weighted GNAR q=0.95 weight=4",2024-10-24,"WREX",7.26145833333333,6.65161665240858
"Peak-weighted GNAR q=0.95 weight=4",2024-10-24,"LEAR",6.27166666666667,6.23836389181682
"Peak-weighted GNAR q=0.95 weight=4",2024-10-24,"PLYM",9.05445454545455,7.01643557949443
"Peak-weighted GNAR q=0.95 weight=4",2024-10-24,"SHDG",8.80804166666667,7.17333358302237
"Peak-weighted GNAR q=0.95 weight=4",2024-10-24,"SHE",9.08025,8.60706700848981
"Peak-weighted GNAR q=0.95 weight=4",2024-10-24,"BEL2",7.5265,6.69911040107903
"Peak-weighted GNAR q=0.95 weight=4",2024-10-24,"GLKP",4.6395,5.8611060928393
"Peak-weighted GNAR q=0.95 weight=4",2024-10-24,"LECU",7.289875,6.71494451114388
"Peak-weighted GNAR q=0.95 weight=4",2024-10-24,"SUN2",12.3594583333333,7.90347669105128
"Peak-weighted GNAR q=0.95 weight=4",2024-10-24,"TRAN",7.17979166666667,6.9104020618905
"Peak-weighted GNAR q=0.95 weight=4",2024-10-24,"STOK",8.11716666666667,7.47150438124694
"Peak-weighted GNAR q=0.95 weight=4",2024-10-24,"BEX",7.46458333333333,7.27295143819679
"Peak-weighted GNAR q=0.95 weight=4",2024-10-24,"SEND",6.53708333333333,6.93893529601986
"Peak-weighted GNAR q=0.95 weight=4",2024-10-24,"HUL2",8.95145833333333,8.08269251791293
"Peak-weighted GNAR q=0.95 weight=4",2024-10-24,"PEMB",6.67058333333333,6.39064111077992
"Peak-weighted GNAR q=0.95 weight=4",2024-10-24,"WFEN",8.458125,7.06944309821023
"Peak-weighted GNAR q=0.95 weight=4",2024-10-24,"OSY",8.22233333333333,6.74052628523412
"Peak-weighted GNAR q=0.95 weight=4",2024-10-24,"ACTH",4.04175,5.24631521575015
"Peak-weighted GNAR q=0.95 weight=4",2024-10-24,"COPP",8.18704166666667,6.87095428164479
"Peak-weighted GNAR q=0.95 weight=4",2024-10-25,"EB",6.56158333333333,7.47067600442155
"Peak-weighted GNAR q=0.95 weight=4",2024-10-25,"IMGM",15.9395,8.54005650794088
"Peak-weighted GNAR q=0.95 weight=4",2024-10-25,"PRES",10.9228333333333,8.02139446148393
"Peak-weighted GNAR q=0.95 weight=4",2024-10-25,"BIRR",13.0474583333333,8.51264991722329
"Peak-weighted GNAR q=0.95 weight=4",2024-10-25,"BLC2",11.141875,8.03399819991401
"Peak-weighted GNAR q=0.95 weight=4",2024-10-25,"BOTR",11.7561666666667,8.37038520496773
"Peak-weighted GNAR q=0.95 weight=4",2024-10-25,"GHSR",13.2115833333333,7.13606989448734
"Peak-weighted GNAR q=0.95 weight=4",2024-10-25,"LEAM",10.6747826086957,7.98587153539784
"Peak-weighted GNAR q=0.95 weight=4",2024-10-25,"NPT3",8.983,8.28401495522187
"Peak-weighted GNAR q=0.95 weight=4",2024-10-25,"REA1",10.0412083333333,8.00421361219095
"Peak-weighted GNAR q=0.95 weight=4",2024-10-25,"SOUT",8.52795833333333,7.84795310088763
"Peak-weighted GNAR q=0.95 weight=4",2024-10-25,"WREX",12.3044166666667,8.31210342555665
"Peak-weighted GNAR q=0.95 weight=4",2024-10-25,"LEAR",10.9654166666667,7.83238797232839
"Peak-weighted GNAR q=0.95 weight=4",2024-10-25,"PLYM",9.23941666666667,9.1736515947881
"Peak-weighted GNAR q=0.95 weight=4",2024-10-25,"SHDG",17.0165416666667,9.05905886711874
"Peak-weighted GNAR q=0.95 weight=4",2024-10-25,"SHE",14.893,9.21325420966791
"Peak-weighted GNAR q=0.95 weight=4",2024-10-25,"BEL2",14.4054583333333,8.43908395124791
"Peak-weighted GNAR q=0.95 weight=4",2024-10-25,"GLKP",12.9363333333333,7.04661896470028
"Peak-weighted GNAR q=0.95 weight=4",2024-10-25,"LECU",11.26575,8.32643622360783
"Peak-weighted GNAR q=0.95 weight=4",2024-10-25,"SUN2",15.3145833333333,10.7671442518907
"Peak-weighted GNAR q=0.95 weight=4",2024-10-25,"TRAN",11.6342083333333,8.27714492970311
"Peak-weighted GNAR q=0.95 weight=4",2024-10-25,"STOK",13.0276666666667,8.73430858018888
"Peak-weighted GNAR q=0.95 weight=4",2024-10-25,"BEX",10.3499166666667,8.41941456545035
"Peak-weighted GNAR q=0.95 weight=4",2024-10-25,"SEND",9.26591666666667,7.97096082938044
"Peak-weighted GNAR q=0.95 weight=4",2024-10-25,"HUL2",16.1705416666667,9.14286937989473
"Peak-weighted GNAR q=0.95 weight=4",2024-10-25,"PEMB",6.104625,8.02516595060514
"Peak-weighted GNAR q=0.95 weight=4",2024-10-25,"WFEN",9.81720833333333,8.8904590797844
"Peak-weighted GNAR q=0.95 weight=4",2024-10-25,"OSY",8.76866666666667,8.77211079208119
"Peak-weighted GNAR q=0.95 weight=4",2024-10-25,"ACTH",11.7747916666667,6.75104006504346
"Peak-weighted GNAR q=0.95 weight=4",2024-10-25,"COPP",12.1159166666667,8.75757254851321
"Peak-weighted GNAR q=0.95 weight=4",2024-10-26,"EB",7.56983333333333,10.5085120895127
"Peak-weighted GNAR q=0.95 weight=4",2024-10-26,"IMGM",7.97075,15.0036269408423
"Peak-weighted GNAR q=0.95 weight=4",2024-10-26,"PRES",6.92516666666667,12.5997686370094
"Peak-weighted GNAR q=0.95 weight=4",2024-10-26,"BIRR",9.30529166666667,13.622160685493
"Peak-weighted GNAR q=0.95 weight=4",2024-10-26,"BLC2",7.37416666666667,12.7045181719004
"Peak-weighted GNAR q=0.95 weight=4",2024-10-26,"BOTR",9.78583333333333,13.003328753877
"Peak-weighted GNAR q=0.95 weight=4",2024-10-26,"GHSR",7.80470833333333,13.6775870900582
"Peak-weighted GNAR q=0.95 weight=4",2024-10-26,"LEAM",6.546875,12.4808158171164
"Peak-weighted GNAR q=0.95 weight=4",2024-10-26,"NPT3",7.99329166666667,11.6780362247092
"Peak-weighted GNAR q=0.95 weight=4",2024-10-26,"REA1",8.05233333333333,12.1786022833825
"Peak-weighted GNAR q=0.95 weight=4",2024-10-26,"SOUT",7.91379166666667,11.4533820269796
"Peak-weighted GNAR q=0.95 weight=4",2024-10-26,"WREX",5.437375,13.2643541117265
"Peak-weighted GNAR q=0.95 weight=4",2024-10-26,"LEAR",6.796375,12.6170334757939
"Peak-weighted GNAR q=0.95 weight=4",2024-10-26,"PLYM",10.75475,11.8156726347449
"Peak-weighted GNAR q=0.95 weight=4",2024-10-26,"SHDG",7.014625,15.5265944621559
"Peak-weighted GNAR q=0.95 weight=4",2024-10-26,"SHE",6.60179166666667,14.5149970630898
"Peak-weighted GNAR q=0.95 weight=4",2024-10-26,"BEL2",8.07795833333333,14.2695844494486
"Peak-weighted GNAR q=0.95 weight=4",2024-10-26,"GLKP",6.95845833333333,13.5446910683065
"Peak-weighted GNAR q=0.95 weight=4",2024-10-26,"LECU",8.180125,12.7687088279886
"Peak-weighted GNAR q=0.95 weight=4",2024-10-26,"SUN2",7.18075,14.7429704336528
"Peak-weighted GNAR q=0.95 weight=4",2024-10-26,"TRAN",6.21366666666667,12.9437205370893
"Peak-weighted GNAR q=0.95 weight=4",2024-10-26,"STOK",8.299,13.6166136564275
"Peak-weighted GNAR q=0.95 weight=4",2024-10-26,"BEX",10.3381666666667,12.3328974621237
"Peak-weighted GNAR q=0.95 weight=4",2024-10-26,"SEND",9.91054166666667,11.8078252914266
"Peak-weighted GNAR q=0.95 weight=4",2024-10-26,"HUL2",10.75375,15.1238678797738
"Peak-weighted GNAR q=0.95 weight=4",2024-10-26,"PEMB",6.88295833333333,10.2996593463387
"Peak-weighted GNAR q=0.95 weight=4",2024-10-26,"WFEN",5.74095833333333,12.086664057197
"Peak-weighted GNAR q=0.95 weight=4",2024-10-26,"OSY",6.22158333333333,11.584152843831
"Peak-weighted GNAR q=0.95 weight=4",2024-10-26,"ACTH",4.14504166666667,12.9852843658037
"Peak-weighted GNAR q=0.95 weight=4",2024-10-26,"COPP",7.64045833333333,13.1818980867022
"Peak-weighted GNAR q=0.95 weight=4",2024-10-27,"EB",4.08041666666667,7.20705334244904
"Peak-weighted GNAR q=0.95 weight=4",2024-10-27,"IMGM",4.537125,7.47482171308777
"Peak-weighted GNAR q=0.95 weight=4",2024-10-27,"PRES",4.48216666666667,6.93479232735472
"Peak-weighted GNAR q=0.95 weight=4",2024-10-27,"BIRR",5.46875,8.08840420790496
"Peak-weighted GNAR q=0.95 weight=4",2024-10-27,"BLC2",4.93416666666667,7.15093601844352
"Peak-weighted GNAR q=0.95 weight=4",2024-10-27,"BOTR",4.87229166666667,8.3073078118215
"Peak-weighted GNAR q=0.95 weight=4",2024-10-27,"GHSR",3.99958333333333,7.37333732155478
"Peak-weighted GNAR q=0.95 weight=4",2024-10-27,"LEAM",5.09441666666667,6.75216974646743
"Peak-weighted GNAR q=0.95 weight=4",2024-10-27,"NPT3",4.54995833333333,7.42893689583694
"Peak-weighted GNAR q=0.95 weight=4",2024-10-27,"REA1",5.403875,7.46574132645387
"Peak-weighted GNAR q=0.95 weight=4",2024-10-27,"SOUT",7.15029166666667,7.38727688692784
"Peak-weighted GNAR q=0.95 weight=4",2024-10-27,"WREX",4.62858333333333,6.23574612338862
"Peak-weighted GNAR q=0.95 weight=4",2024-10-27,"LEAR",4.54795833333333,6.8736518061804
"Peak-weighted GNAR q=0.95 weight=4",2024-10-27,"PLYM",7.89320833333333,8.7493908617738
"Peak-weighted GNAR q=0.95 weight=4",2024-10-27,"SHDG",3.87583333333333,7.02712211260584
"Peak-weighted GNAR q=0.95 weight=4",2024-10-27,"SHE",3.78933333333333,6.81273669798849
"Peak-weighted GNAR q=0.95 weight=4",2024-10-27,"BEL2",6.006375,7.51351309027235
"Peak-weighted GNAR q=0.95 weight=4",2024-10-27,"GLKP",3.84529166666667,6.96708219421984
"Peak-weighted GNAR q=0.95 weight=4",2024-10-27,"LECU",4.583375,7.53672259404487
"Peak-weighted GNAR q=0.95 weight=4",2024-10-27,"SUN2",4.19129166666667,7.0925739421856
"Peak-weighted GNAR q=0.95 weight=4",2024-10-27,"TRAN",4.40845833333333,6.6009031425816
"Peak-weighted GNAR q=0.95 weight=4",2024-10-27,"STOK",5.104125,7.60782272660491
"Peak-weighted GNAR q=0.95 weight=4",2024-10-27,"BEX",7.86954166666667,8.55954984471119
"Peak-weighted GNAR q=0.95 weight=4",2024-10-27,"SEND",6.69716666666667,8.34656760164503
"Peak-weighted GNAR q=0.95 weight=4",2024-10-27,"HUL2",4.70920833333333,8.80535339978172
"Peak-weighted GNAR q=0.95 weight=4",2024-10-27,"PEMB",4.81341666666667,6.87540683552564
"Peak-weighted GNAR q=0.95 weight=4",2024-10-27,"WFEN",5.18875,6.36042857080291
"Peak-weighted GNAR q=0.95 weight=4",2024-10-27,"OSY",5.51204166666667,6.58134866580895
"Peak-weighted GNAR q=0.95 weight=4",2024-10-27,"ACTH",2.53041666666667,5.614452051635
"Peak-weighted GNAR q=0.95 weight=4",2024-10-27,"COPP",4.45758333333333,7.2859996669041
"Peak-weighted GNAR q=0.95 weight=4",2024-10-28,"EB",3.14066666666667,4.81734388013095
"Peak-weighted GNAR q=0.95 weight=4",2024-10-28,"IMGM",3.63891666666667,5.0386486602727
"Peak-weighted GNAR q=0.95 weight=4",2024-10-28,"PRES",3.04529166666667,5.00389648567713
"Peak-weighted GNAR q=0.95 weight=4",2024-10-28,"BIRR",4.26104166666667,5.49428900951668
"Peak-weighted GNAR q=0.95 weight=4",2024-10-28,"BLC2",4.33375,5.22334497067882
"Peak-weighted GNAR q=0.95 weight=4",2024-10-28,"BOTR",3.39225,5.21344295362898
"Peak-weighted GNAR q=0.95 weight=4",2024-10-28,"GHSR",2.06966666666667,4.78066528766971
"Peak-weighted GNAR q=0.95 weight=4",2024-10-28,"LEAM",2.87641666666667,5.29311436379127
"Peak-weighted GNAR q=0.95 weight=4",2024-10-28,"NPT3",3.16729166666667,5.04495906243824
"Peak-weighted GNAR q=0.95 weight=4",2024-10-28,"REA1",3.56229166666667,5.45311380515964
"Peak-weighted GNAR q=0.95 weight=4",2024-10-28,"SOUT",4.043875,6.28575392324643
"Peak-weighted GNAR q=0.95 weight=4",2024-10-28,"WREX",1.83370833333333,5.06168318341078
"Peak-weighted GNAR q=0.95 weight=4",2024-10-28,"LEAR",2.32120833333333,5.03425777077439
"Peak-weighted GNAR q=0.95 weight=4",2024-10-28,"PLYM",4.74733333333333,6.66356849506386
"Peak-weighted GNAR q=0.95 weight=4",2024-10-28,"SHDG",1.53695833333333,4.71515136062957
"Peak-weighted GNAR q=0.95 weight=4",2024-10-28,"SHE",1.69908695652174,4.67049313697675
"Peak-weighted GNAR q=0.95 weight=4",2024-10-28,"BEL2",3.03066666666667,5.74096595367048
"Peak-weighted GNAR q=0.95 weight=4",2024-10-28,"GLKP",1.74345833333333,4.70011289923869
"Peak-weighted GNAR q=0.95 weight=4",2024-10-28,"LECU",3.17908333333333,5.06243411144082
"Peak-weighted GNAR q=0.95 weight=4",2024-10-28,"SUN2",2.13241666666667,4.86710914802986
"Peak-weighted GNAR q=0.95 weight=4",2024-10-28,"TRAN",1.89958333333333,4.96291318147118
"Peak-weighted GNAR q=0.95 weight=4",2024-10-28,"STOK",2.77604166666667,5.31201678726832
"Peak-weighted GNAR q=0.95 weight=4",2024-10-28,"BEX",3.644,6.64887740989872
"Peak-weighted GNAR q=0.95 weight=4",2024-10-28,"SEND",3.21745833333333,6.08568401758532
"Peak-weighted GNAR q=0.95 weight=4",2024-10-28,"HUL2",5.46970833333333,5.14346598562051
"Peak-weighted GNAR q=0.95 weight=4",2024-10-28,"PEMB",2.18158333333333,5.16169702401647
"Peak-weighted GNAR q=0.95 weight=4",2024-10-28,"WFEN",3.44545833333333,5.33158810386036
"Peak-weighted GNAR q=0.95 weight=4",2024-10-28,"OSY",3.575125,5.48984661900411
"Peak-weighted GNAR q=0.95 weight=4",2024-10-28,"ACTH",0.650666666666667,4.04946021138628
"Peak-weighted GNAR q=0.95 weight=4",2024-10-28,"COPP",1.40629166666667,4.99798459472341
"Peak-weighted GNAR q=0.95 weight=4",2024-10-29,"EB",2.50395833333333,3.71865683973192
"Peak-weighted GNAR q=0.95 weight=4",2024-10-29,"IMGM",3.92295833333333,3.96024860994641
"Peak-weighted GNAR q=0.95 weight=4",2024-10-29,"PRES",3.41095833333333,3.6763946730129
"Peak-weighted GNAR q=0.95 weight=4",2024-10-29,"BIRR",6.79154166666667,4.26484759103169
"Peak-weighted GNAR q=0.95 weight=4",2024-10-29,"BLC2",2.80266666666667,4.29520665737193
"Peak-weighted GNAR q=0.95 weight=4",2024-10-29,"BOTR",4.03,3.84521510809944
"Peak-weighted GNAR q=0.95 weight=4",2024-10-29,"GHSR",1.86120833333333,3.20668546716424
"Peak-weighted GNAR q=0.95 weight=4",2024-10-29,"LEAM",6.33529166666667,3.60075648376212
"Peak-weighted GNAR q=0.95 weight=4",2024-10-29,"NPT3",6.25591666666667,3.73519152046554
"Peak-weighted GNAR q=0.95 weight=4",2024-10-29,"REA1",4.19029166666667,3.93072448579045
"Peak-weighted GNAR q=0.95 weight=4",2024-10-29,"SOUT",3.48491304347826,4.17486137156469
"Peak-weighted GNAR q=0.95 weight=4",2024-10-29,"WREX",2.549125,3.09915697762497
"Peak-weighted GNAR q=0.95 weight=4",2024-10-29,"LEAR",5.70070833333333,3.33124102957068
"Peak-weighted GNAR q=0.95 weight=4",2024-10-29,"PLYM",3.40308333333333,4.51675358725658
"Peak-weighted GNAR q=0.95 weight=4",2024-10-29,"SHDG",3.37260869565217,2.95135398783837
"Peak-weighted GNAR q=0.95 weight=4",2024-10-29,"SHE",3.97416666666667,3.02805251235611
"Peak-weighted GNAR q=0.95 weight=4",2024-10-29,"BEL2",5.15920833333333,3.68182404093338
"Peak-weighted GNAR q=0.95 weight=4",2024-10-29,"GLKP",1.15766666666667,3.04969181010903
"Peak-weighted GNAR q=0.95 weight=4",2024-10-29,"LECU",5.14941666666667,3.74109316851852
"Peak-weighted GNAR q=0.95 weight=4",2024-10-29,"SUN2",1.83670833333333,3.23820443261037
"Peak-weighted GNAR q=0.95 weight=4",2024-10-29,"TRAN",3.09954166666667,3.12881432268989
"Peak-weighted GNAR q=0.95 weight=4",2024-10-29,"STOK",5.60154166666667,3.55291484999243
"Peak-weighted GNAR q=0.95 weight=4",2024-10-29,"BEX",4.89004166666667,3.98981125206281
"Peak-weighted GNAR q=0.95 weight=4",2024-10-29,"SEND",4.42808333333333,3.77662657516126
"Peak-weighted GNAR q=0.95 weight=4",2024-10-29,"HUL2",4.48991666666667,4.83570016190599
"Peak-weighted GNAR q=0.95 weight=4",2024-10-29,"PEMB",3.18295833333333,3.26674336034187
"Peak-weighted GNAR q=0.95 weight=4",2024-10-29,"WFEN",4.432,3.87319455946772
"Peak-weighted GNAR q=0.95 weight=4",2024-10-29,"OSY",3.875875,3.93773212990602
"Peak-weighted GNAR q=0.95 weight=4",2024-10-29,"ACTH",0.49925,2.51726796839213
"Peak-weighted GNAR q=0.95 weight=4",2024-10-29,"COPP",4.096,2.89370872948789
"Peak-weighted GNAR q=0.95 weight=4",2024-10-30,"EB",8.56929166666667,4.59644202016184
"Peak-weighted GNAR q=0.95 weight=4",2024-10-30,"IMGM",6.367,5.27795337201437
"Peak-weighted GNAR q=0.95 weight=4",2024-10-30,"PRES",7.078375,5.02868221539051
"Peak-weighted GNAR q=0.95 weight=4",2024-10-30,"BIRR",10.6447916666667,6.65252854086911
"Peak-weighted GNAR q=0.95 weight=4",2024-10-30,"BLC2",5.94441666666667,4.74876557259879
"Peak-weighted GNAR q=0.95 weight=4",2024-10-30,"BOTR",7.51470833333333,5.3270482379358
"Peak-weighted GNAR q=0.95 weight=4",2024-10-30,"GHSR",2.19529166666667,4.28086139559335
"Peak-weighted GNAR q=0.95 weight=4",2024-10-30,"LEAM",9.78970833333333,6.4234322675574
"Peak-weighted GNAR q=0.95 weight=4",2024-10-30,"NPT3",7.17570833333333,6.38790591401159
"Peak-weighted GNAR q=0.95 weight=4",2024-10-30,"REA1",7.95608333333333,5.40495878049353
"Peak-weighted GNAR q=0.95 weight=4",2024-10-30,"SOUT",7.52858333333333,5.07212085542228
"Peak-weighted GNAR q=0.95 weight=4",2024-10-30,"WREX",4.64529166666667,4.60736281065358
"Peak-weighted GNAR q=0.95 weight=4",2024-10-30,"LEAR",8.88966666666667,6.11595062193076
"Peak-weighted GNAR q=0.95 weight=4",2024-10-30,"PLYM",5.3685,5.03878223697154
"Peak-weighted GNAR q=0.95 weight=4",2024-10-30,"SHDG",4.42525,4.9980911472004
"Peak-weighted GNAR q=0.95 weight=4",2024-10-30,"SHE",4.09691666666667,5.28660510059962
"Peak-weighted GNAR q=0.95 weight=4",2024-10-30,"BEL2",8.666625,5.86320664710059
"Peak-weighted GNAR q=0.95 weight=4",2024-10-30,"GLKP",1.77666666666667,3.94232263934394
"Peak-weighted GNAR q=0.95 weight=4",2024-10-30,"LECU",7.83804166666667,5.85974049587606
"Peak-weighted GNAR q=0.95 weight=4",2024-10-30,"SUN2",2.41858333333333,4.26967566104281
"Peak-weighted GNAR q=0.95 weight=4",2024-10-30,"TRAN",6.15191666666667,4.87067726729616
"Peak-weighted GNAR q=0.95 weight=4",2024-10-30,"STOK",8.0455,6.0723105067881
"Peak-weighted GNAR q=0.95 weight=4",2024-10-30,"BEX",11.0260416666667,5.73969637566375
"Peak-weighted GNAR q=0.95 weight=4",2024-10-30,"SEND",9.98329166666667,5.51567649486769
"Peak-weighted GNAR q=0.95 weight=4",2024-10-30,"HUL2",7.02433333333333,5.56353676089137
"Peak-weighted GNAR q=0.95 weight=4",2024-10-30,"PEMB",3.45325,4.91279808438943
"Peak-weighted GNAR q=0.95 weight=4",2024-10-30,"WFEN",7.62483333333333,5.51940297398573
"Peak-weighted GNAR q=0.95 weight=4",2024-10-30,"OSY",11.537,5.25495555466291
"Peak-weighted GNAR q=0.95 weight=4",2024-10-30,"ACTH",0.8765,3.61908503955024
"Peak-weighted GNAR q=0.95 weight=4",2024-10-30,"COPP",7.82625,5.34238612924868
"Peak-weighted GNAR q=0.95 weight=4",2024-10-31,"EB",11.9134166666667,9.13795745773411
"Peak-weighted GNAR q=0.95 weight=4",2024-10-31,"IMGM",8.644875,8.0981017956564
"Peak-weighted GNAR q=0.95 weight=4",2024-10-31,"PRES",4.85266666666667,8.43355480833653
"Peak-weighted GNAR q=0.95 weight=4",2024-10-31,"BIRR",16.3227916666667,10.1637492233735
"Peak-weighted GNAR q=0.95 weight=4",2024-10-31,"BLC2",3.73420833333333,7.88723100579551
"Peak-weighted GNAR q=0.95 weight=4",2024-10-31,"BOTR",11.2874166666667,8.64690841151349
"Peak-weighted GNAR q=0.95 weight=4",2024-10-31,"GHSR",4.21308333333333,6.08967033030962
"Peak-weighted GNAR q=0.95 weight=4",2024-10-31,"LEAM",14.3336666666667,9.75180303844188
"Peak-weighted GNAR q=0.95 weight=4",2024-10-31,"NPT3",12.283875,8.50318976985223
"Peak-weighted GNAR q=0.95 weight=4",2024-10-31,"REA1",17.8292916666667,8.8589334016517
"Peak-weighted GNAR q=0.95 weight=4",2024-10-31,"SOUT",18.82875,8.64909393880564
"Peak-weighted GNAR q=0.95 weight=4",2024-10-31,"WREX",7.63858333333333,7.26494261858555
"Peak-weighted GNAR q=0.95 weight=4",2024-10-31,"LEAR",13.4404583333333,9.31694083682736
"Peak-weighted GNAR q=0.95 weight=4",2024-10-31,"PLYM",10.3144583333333,7.61716802072891
"Peak-weighted GNAR q=0.95 weight=4",2024-10-31,"SHDG",7.11383333333333,7.16659668471583
"Peak-weighted GNAR q=0.95 weight=4",2024-10-31,"SHE",6.19904166666667,7.01474337963771
"Peak-weighted GNAR q=0.95 weight=4",2024-10-31,"BEL2",5.038375,9.20604762966416
"Peak-weighted GNAR q=0.95 weight=4",2024-10-31,"GLKP",3.89754166666667,5.8840828978284
"Peak-weighted GNAR q=0.95 weight=4",2024-10-31,"LECU",14.2391739130435,8.81038848146503
"Peak-weighted GNAR q=0.95 weight=4",2024-10-31,"SUN2",3.03458333333333,6.19607396964546
"Peak-weighted GNAR q=0.95 weight=4",2024-10-31,"TRAN",7.09116666666667,7.98871238928253
"Peak-weighted GNAR q=0.95 weight=4",2024-10-31,"STOK",10.0667916666667,8.91311416894807
"Peak-weighted GNAR q=0.95 weight=4",2024-10-31,"BEX",15.2791666666667,10.330280430947
"Peak-weighted GNAR q=0.95 weight=4",2024-10-31,"SEND",13.3455909090909,9.82869258646786
"Peak-weighted GNAR q=0.95 weight=4",2024-10-31,"HUL2",9.99220833333333,8.41654034822201
"Peak-weighted GNAR q=0.95 weight=4",2024-10-31,"PEMB",9.62858333333333,6.70100345882895
"Peak-weighted GNAR q=0.95 weight=4",2024-10-31,"WFEN",12.8057391304348,8.70275738616237
"Peak-weighted GNAR q=0.95 weight=4",2024-10-31,"OSY",12.6091666666667,10.5659620766334
"Peak-weighted GNAR q=0.95 weight=4",2024-10-31,"ACTH",0.689833333333333,5.44896694498398
"Peak-weighted GNAR q=0.95 weight=4",2024-10-31,"COPP",7.88333333333333,8.79618100229922
"Peak-weighted GNAR q=0.95 weight=4",2024-11-01,"EB",10.6820833333333,12.048841928978
"Peak-weighted GNAR q=0.95 weight=4",2024-11-01,"IMGM",8.59183333333333,10.4704527711116
"Peak-weighted GNAR q=0.95 weight=4",2024-11-01,"PRES",7.93825,8.66578237332263
"Peak-weighted GNAR q=0.95 weight=4",2024-11-01,"BIRR",11.6185833333333,14.1708513655554
"Peak-weighted GNAR q=0.95 weight=4",2024-11-01,"BLC2",5.04908333333333,8.12257803887418
"Peak-weighted GNAR q=0.95 weight=4",2024-11-01,"BOTR",10.6865833333333,11.7413917124487
"Peak-weighted GNAR q=0.95 weight=4",2024-11-01,"GHSR",4.97158333333333,8.32067188127778
"Peak-weighted GNAR q=0.95 weight=4",2024-11-01,"LEAM",12.1642916666667,13.2142472066447
"Peak-weighted GNAR q=0.95 weight=4",2024-11-01,"NPT3",8.96720833333333,12.2143569670732
"Peak-weighted GNAR q=0.95 weight=4",2024-11-01,"REA1",12.20125,14.8681853560403
"Peak-weighted GNAR q=0.95 weight=4",2024-11-01,"SOUT",16.363875,15.3418622073883
"Peak-weighted GNAR q=0.95 weight=4",2024-11-01,"WREX",7.11779166666667,9.97601263059441
"Peak-weighted GNAR q=0.95 weight=4",2024-11-01,"LEAR",11.1920416666667,12.7804857319178
"Peak-weighted GNAR q=0.95 weight=4",2024-11-01,"PLYM",10.9552916666667,11.2594087661998
"Peak-weighted GNAR q=0.95 weight=4",2024-11-01,"SHDG",10.8717083333333,9.72369649117582
"Peak-weighted GNAR q=0.95 weight=4",2024-11-01,"SHE",8.35391666666667,9.2842861801954
"Peak-weighted GNAR q=0.95 weight=4",2024-11-01,"BEL2",6.849625,8.7673756840554
"Peak-weighted GNAR q=0.95 weight=4",2024-11-01,"GLKP",2.69170833333333,8.16661820881412
"Peak-weighted GNAR q=0.95 weight=4",2024-11-01,"LECU",13.1034166666667,13.1532424337008
"Peak-weighted GNAR q=0.95 weight=4",2024-11-01,"SUN2",3.11820833333333,7.75985470844073
"Peak-weighted GNAR q=0.95 weight=4",2024-11-01,"TRAN",5.71058333333333,9.7269352466346
"Peak-weighted GNAR q=0.95 weight=4",2024-11-01,"STOK",11.6205833333333,11.1629673302913
"Peak-weighted GNAR q=0.95 weight=4",2024-11-01,"BEX",17.32325,13.6757120031535
"Peak-weighted GNAR q=0.95 weight=4",2024-11-01,"SEND",14.8546666666667,12.7440998088077
"Peak-weighted GNAR q=0.95 weight=4",2024-11-01,"HUL2",8.009,11.1190446796879
"Peak-weighted GNAR q=0.95 weight=4",2024-11-01,"PEMB",9.597125,10.9163648481071
"Peak-weighted GNAR q=0.95 weight=4",2024-11-01,"WFEN",15.2457083333333,12.4671607636312
"Peak-weighted GNAR q=0.95 weight=4",2024-11-01,"OSY",13.62425,12.405170474125
"Peak-weighted GNAR q=0.95 weight=4",2024-11-01,"ACTH",1.24808333333333,6.62787505943223
"Peak-weighted GNAR q=0.95 weight=4",2024-11-01,"COPP",7.81554166666667,10.1187627903067
"Peak-weighted GNAR q=0.95 weight=4",2024-11-02,"EB",8.28820833333333,10.5165073810993
"Peak-weighted GNAR q=0.95 weight=4",2024-11-02,"IMGM",7.421375,9.4919717484489
"Peak-weighted GNAR q=0.95 weight=4",2024-11-02,"PRES",12.4007916666667,9.14906038862126
"Peak-weighted GNAR q=0.95 weight=4",2024-11-02,"BIRR",11.9409583333333,10.9995134168854
"Peak-weighted GNAR q=0.95 weight=4",2024-11-02,"BLC2",12.4842083333333,7.76061676704148
"Peak-weighted GNAR q=0.95 weight=4",2024-11-02,"BOTR",19.7445416666667,10.5135582554038
"Peak-weighted GNAR q=0.95 weight=4",2024-11-02,"GHSR",4.26783333333333,7.7275164482446
"Peak-weighted GNAR q=0.95 weight=4",2024-11-02,"LEAM",7.34283333333333,11.2438462303655
"Peak-weighted GNAR q=0.95 weight=4",2024-11-02,"NPT3",13.0071666666667,9.70081426824844
"Peak-weighted GNAR q=0.95 weight=4",2024-11-02,"REA1",11.539,11.2899555265628
"Peak-weighted GNAR q=0.95 weight=4",2024-11-02,"SOUT",11.814125,13.285400247087
"Peak-weighted GNAR q=0.95 weight=4",2024-11-02,"WREX",12.4508333333333,8.78004562385451
"Peak-weighted GNAR q=0.95 weight=4",2024-11-02,"LEAR",7.06866666666667,10.7724045977029
"Peak-weighted GNAR q=0.95 weight=4",2024-11-02,"PLYM",12.7673333333333,10.6339212947215
"Peak-weighted GNAR q=0.95 weight=4",2024-11-02,"SHDG",14.208125,10.5679546274822
"Peak-weighted GNAR q=0.95 weight=4",2024-11-02,"SHE",9.68166666666667,9.35847003737032
"Peak-weighted GNAR q=0.95 weight=4",2024-11-02,"BEL2",10.0088333333333,8.63084499020832
"Peak-weighted GNAR q=0.95 weight=4",2024-11-02,"GLKP",3.6095,6.63649689342461
"Peak-weighted GNAR q=0.95 weight=4",2024-11-02,"LECU",6.47204166666667,11.6914306170893
"Peak-weighted GNAR q=0.95 weight=4",2024-11-02,"SUN2",5.20245833333333,6.83308801627782
"Peak-weighted GNAR q=0.95 weight=4",2024-11-02,"TRAN",17.4391666666667,8.10376344631045
"Peak-weighted GNAR q=0.95 weight=4",2024-11-02,"STOK",11.333625,10.9495258192048
"Peak-weighted GNAR q=0.95 weight=4",2024-11-02,"BEX",9.06841666666667,13.7145176146617
"Peak-weighted GNAR q=0.95 weight=4",2024-11-02,"SEND",6.34141666666667,12.5202299683831
"Peak-weighted GNAR q=0.95 weight=4",2024-11-02,"HUL2",5.70175,9.22468875335341
"Peak-weighted GNAR q=0.95 weight=4",2024-11-02,"PEMB",10.4687916666667,9.9799249592944
"Peak-weighted GNAR q=0.95 weight=4",2024-11-02,"WFEN",6.3465,12.7025237427979
"Peak-weighted GNAR q=0.95 weight=4",2024-11-02,"OSY",5.17304166666667,11.9268119790286
"Peak-weighted GNAR q=0.95 weight=4",2024-11-02,"ACTH",4.62370833333333,5.92116611600269
"Peak-weighted GNAR q=0.95 weight=4",2024-11-02,"COPP",15.368625,9.11515602955417
"Peak-weighted GNAR q=0.95 weight=4",2024-11-03,"EB",9.02725,9.53051158258506
"Peak-weighted GNAR q=0.95 weight=4",2024-11-03,"IMGM",8.26641666666667,9.09965013720405
"Peak-weighted GNAR q=0.95 weight=4",2024-11-03,"PRES",13.467,11.4715840641041
"Peak-weighted GNAR q=0.95 weight=4",2024-11-03,"BIRR",11.2097916666667,11.2820208603395
"Peak-weighted GNAR q=0.95 weight=4",2024-11-03,"BLC2",15.4000416666667,11.4878821608405
"Peak-weighted GNAR q=0.95 weight=4",2024-11-03,"BOTR",16.8004166666667,14.9999916180499
"Peak-weighted GNAR q=0.95 weight=4",2024-11-03,"GHSR",3.15941666666667,7.56461749061113
"Peak-weighted GNAR q=0.95 weight=4",2024-11-03,"LEAM",9.56370833333333,9.09124347094831
"Peak-weighted GNAR q=0.95 weight=4",2024-11-03,"NPT3",13.811,11.7694563167511
"Peak-weighted GNAR q=0.95 weight=4",2024-11-03,"REA1",14.9125416666667,11.0948639287633
"Peak-weighted GNAR q=0.95 weight=4",2024-11-03,"SOUT",12.553125,11.2601093007268
"Peak-weighted GNAR q=0.95 weight=4",2024-11-03,"WREX",16.7139166666667,11.4887938161081
"Peak-weighted GNAR q=0.95 weight=4",2024-11-03,"LEAR",9.5245,8.95243475647113
"Peak-weighted GNAR q=0.95 weight=4",2024-11-03,"PLYM",11.2490416666667,11.6711448150868
"Peak-weighted GNAR q=0.95 weight=4",2024-11-03,"SHDG",12.5777083333333,12.3583220173905
"Peak-weighted GNAR q=0.95 weight=4",2024-11-03,"SHE",9.97945833333333,10.1768134886142
"Peak-weighted GNAR q=0.95 weight=4",2024-11-03,"BEL2",9.89191666666667,10.3207588727736
"Peak-weighted GNAR q=0.95 weight=4",2024-11-03,"GLKP",3.01604166666667,7.23175328956758
"Peak-weighted GNAR q=0.95 weight=4",2024-11-03,"LECU",9.47629166666667,8.68316036646575
"Peak-weighted GNAR q=0.95 weight=4",2024-11-03,"SUN2",11.9074583333333,7.99573097443981
"Peak-weighted GNAR q=0.95 weight=4",2024-11-03,"TRAN",14.7022916666667,13.8588479604134
"Peak-weighted GNAR q=0.95 weight=4",2024-11-03,"STOK",12.6013333333333,10.9920861479881
"Peak-weighted GNAR q=0.95 weight=4",2024-11-03,"BEX",14.5873333333333,9.95707480291455
"Peak-weighted GNAR q=0.95 weight=4",2024-11-03,"SEND",13.5151666666667,8.63505820585133
"Peak-weighted GNAR q=0.95 weight=4",2024-11-03,"HUL2",8.69108333333333,8.27392666859061
"Peak-weighted GNAR q=0.95 weight=4",2024-11-03,"PEMB",9.40354166666667,10.562723418402
"Peak-weighted GNAR q=0.95 weight=4",2024-11-03,"WFEN",12.2680833333333,8.64066931464468
"Peak-weighted GNAR q=0.95 weight=4",2024-11-03,"OSY",9.21591666666667,8.06723737002146
"Peak-weighted GNAR q=0.95 weight=4",2024-11-03,"ACTH",0.996458333333333,7.70419775826074
"Peak-weighted GNAR q=0.95 weight=4",2024-11-03,"COPP",13.8797916666667,12.8874776710288
"Peak-weighted GNAR q=0.95 weight=4",2024-11-04,"EB",15.368625,10.6797423887077
"Peak-weighted GNAR q=0.95 weight=4",2024-11-04,"IMGM",16.4201666666667,10.309449347268
"Peak-weighted GNAR q=0.95 weight=4",2024-11-04,"PRES",22.6365833333333,12.8328412655628
"Peak-weighted GNAR q=0.95 weight=4",2024-11-04,"BIRR",21.716875,11.751468190095
"Peak-weighted GNAR q=0.95 weight=4",2024-11-04,"BLC2",22.3831666666667,13.7563866518931
"Peak-weighted GNAR q=0.95 weight=4",2024-11-04,"BOTR",23.4897083333333,14.484069573161
"Peak-weighted GNAR q=0.95 weight=4",2024-11-04,"GHSR",7.81945833333333,7.84560371162027
"Peak-weighted GNAR q=0.95 weight=4",2024-11-04,"LEAM",21.0319166666667,10.9281583255834
"Peak-weighted GNAR q=0.95 weight=4",2024-11-04,"NPT3",15.4334583333333,13.002010260915
"Peak-weighted GNAR q=0.95 weight=4",2024-11-04,"REA1",18.7372916666667,13.5159492681665
"Peak-weighted GNAR q=0.95 weight=4",2024-11-04,"SOUT",14.4605833333333,12.3917649854233
"Peak-weighted GNAR q=0.95 weight=4",2024-11-04,"WREX",23.8837916666667,14.3833805792548
"Peak-weighted GNAR q=0.95 weight=4",2024-11-04,"LEAR",20.2782083333333,10.9072070860724
"Peak-weighted GNAR q=0.95 weight=4",2024-11-04,"PLYM",15.907125,11.7769359387825
"Peak-weighted GNAR q=0.95 weight=4",2024-11-04,"SHDG",24.2915416666667,12.4229957503611
"Peak-weighted GNAR q=0.95 weight=4",2024-11-04,"SHE",20.8353333333333,11.145689319148
"Peak-weighted GNAR q=0.95 weight=4",2024-11-04,"BEL2",12.3467916666667,11.1065595856082
"Peak-weighted GNAR q=0.95 weight=4",2024-11-04,"GLKP",7.876375,7.77179332086583
"Peak-weighted GNAR q=0.95 weight=4",2024-11-04,"LECU",17.3330416666667,10.879333328334
"Peak-weighted GNAR q=0.95 weight=4",2024-11-04,"SUN2",14.9824166666667,12.0296744041012
"Peak-weighted GNAR q=0.95 weight=4",2024-11-04,"TRAN",22.6367083333333,13.4636173238921
"Peak-weighted GNAR q=0.95 weight=4",2024-11-04,"STOK",23.3069166666667,12.4108677447917
"Peak-weighted GNAR q=0.95 weight=4",2024-11-04,"BEX",18.620375,13.3405715302411
"Peak-weighted GNAR q=0.95 weight=4",2024-11-04,"SEND",17.3546666666667,12.8064955114471
"Peak-weighted GNAR q=0.95 weight=4",2024-11-04,"HUL2",19.0989166666667,10.4981893939999
"Peak-weighted GNAR q=0.95 weight=4",2024-11-04,"PEMB",11.951625,10.877146694752
"Peak-weighted GNAR q=0.95 weight=4",2024-11-04,"WFEN",19.000625,12.2111586544088
"Peak-weighted GNAR q=0.95 weight=4",2024-11-04,"OSY",14.5214583333333,10.744448268088
"Peak-weighted GNAR q=0.95 weight=4",2024-11-04,"ACTH",8.0975,6.81586943795652
"Peak-weighted GNAR q=0.95 weight=4",2024-11-04,"COPP",22.8349166666667,13.0540818309537
"Peak-weighted GNAR q=0.95 weight=4",2024-11-05,"EB",26.1292916666667,17.8556360474541
"Peak-weighted GNAR q=0.95 weight=4",2024-11-05,"IMGM",27.3389583333333,18.3514640213875
"Peak-weighted GNAR q=0.95 weight=4",2024-11-05,"PRES",25.3795,21.3616325616991
"Peak-weighted GNAR q=0.95 weight=4",2024-11-05,"BIRR",21.177375,20.9041681780733
"Peak-weighted GNAR q=0.95 weight=4",2024-11-05,"BLC2",31.7719166666667,21.2563879488605
"Peak-weighted GNAR q=0.95 weight=4",2024-11-05,"BOTR",30.0670416666667,21.7960724925262
"Peak-weighted GNAR q=0.95 weight=4",2024-11-05,"GHSR",24.6916666666667,14.2037571724443
"Peak-weighted GNAR q=0.95 weight=4",2024-11-05,"LEAM",20.58775,20.5637537083823
"Peak-weighted GNAR q=0.95 weight=4",2024-11-05,"NPT3",26.6136666666667,17.9255424960009
"Peak-weighted GNAR q=0.95 weight=4",2024-11-05,"REA1",28.5968333333333,19.5118171043252
"Peak-weighted GNAR q=0.95 weight=4",2024-11-05,"SOUT",24.38,17.4508330076415
"Peak-weighted GNAR q=0.95 weight=4",2024-11-05,"WREX",25.5524166666667,21.9835100397098
"Peak-weighted GNAR q=0.95 weight=4",2024-11-05,"LEAR",19.5647916666667,20.2036015869568
"Peak-weighted GNAR q=0.95 weight=4",2024-11-05,"PLYM",19.502875,18.1308168583019
"Peak-weighted GNAR q=0.95 weight=4",2024-11-05,"SHDG",27.338875,22.1444956197817
"Peak-weighted GNAR q=0.95 weight=4",2024-11-05,"SHE",27.1010833333333,20.47328700767
"Peak-weighted GNAR q=0.95 weight=4",2024-11-05,"BEL2",19.4645416666667,16.4200036913161
"Peak-weighted GNAR q=0.95 weight=4",2024-11-05,"GLKP",26.883875,14.2297626337913
"Peak-weighted GNAR q=0.95 weight=4",2024-11-05,"LECU",26.27075,18.7971376527632
"Peak-weighted GNAR q=0.95 weight=4",2024-11-05,"SUN2",31.4890416666667,17.6947072436165
"Peak-weighted GNAR q=0.95 weight=4",2024-11-05,"TRAN",25.372625,21.3717511838279
"Peak-weighted GNAR q=0.95 weight=4",2024-11-05,"STOK",25.5396666666667,21.6746117049037
"Peak-weighted GNAR q=0.95 weight=4",2024-11-05,"BEX",33.337375,19.4533509878224
"Peak-weighted GNAR q=0.95 weight=4",2024-11-05,"SEND",27.4057916666667,18.8403502308821
"Peak-weighted GNAR q=0.95 weight=4",2024-11-05,"HUL2",36.3661666666667,19.6338017133018
"Peak-weighted GNAR q=0.95 weight=4",2024-11-05,"PEMB",14.9715833333333,16.2273677520017
"Peak-weighted GNAR q=0.95 weight=4",2024-11-05,"WFEN",22.9314583333333,19.6160030524045
"Peak-weighted GNAR q=0.95 weight=4",2024-11-05,"OSY",21.8455833333333,17.4527209485393
"Peak-weighted GNAR q=0.95 weight=4",2024-11-05,"ACTH",13.7589166666667,14.3188859634726
"Peak-weighted GNAR q=0.95 weight=4",2024-11-05,"COPP",22.1433333333333,21.4596815327398
"Peak-weighted GNAR q=0.95 weight=4",2024-11-06,"EB",15.4620416666667,26.0689708016004
"Peak-weighted GNAR q=0.95 weight=4",2024-11-06,"IMGM",19.7505,26.6550483893391
"Peak-weighted GNAR q=0.95 weight=4",2024-11-06,"PRES",18.7245416666667,25.7701906129723
"Peak-weighted GNAR q=0.95 weight=4",2024-11-06,"BIRR",16.4328333333333,23.7565373398303
"Peak-weighted GNAR q=0.95 weight=4",2024-11-06,"BLC2",22.3664583333333,28.819972702485
"Peak-weighted GNAR q=0.95 weight=4",2024-11-06,"BOTR",16.83175,28.0150476610948
"Peak-weighted GNAR q=0.95 weight=4",2024-11-06,"GHSR",12.4734583333333,25.3211521513578
"Peak-weighted GNAR q=0.95 weight=4",2024-11-06,"LEAM",11.697125,23.4694629970284
"Peak-weighted GNAR q=0.95 weight=4",2024-11-06,"NPT3",18.6204166666667,26.3007473898462
"Peak-weighted GNAR q=0.95 weight=4",2024-11-06,"REA1",11.026,27.2744470435793
"Peak-weighted GNAR q=0.95 weight=4",2024-11-06,"SOUT",10.8737083333333,25.2264358124247
"Peak-weighted GNAR q=0.95 weight=4",2024-11-06,"WREX",15.89825,25.8628998774169
"Peak-weighted GNAR q=0.95 weight=4",2024-11-06,"LEAR",11.0064166666667,22.9749483102237
"Peak-weighted GNAR q=0.95 weight=4",2024-11-06,"PLYM",12.1639583333333,22.9097946596593
"Peak-weighted GNAR q=0.95 weight=4",2024-11-06,"SHDG",18.468,26.7191049883265
"Peak-weighted GNAR q=0.95 weight=4",2024-11-06,"SHE",21.575375,26.577435499309
"Peak-weighted GNAR q=0.95 weight=4",2024-11-06,"BEL2",9.07629166666667,22.8625019975493
"Peak-weighted GNAR q=0.95 weight=4",2024-11-06,"GLKP",12.780125,26.3682122106149
"Peak-weighted GNAR q=0.95 weight=4",2024-11-06,"LECU",11.9153333333333,26.1525015435185
"Peak-weighted GNAR q=0.95 weight=4",2024-11-06,"SUN2",23.6547916666667,28.6246593919166
"Peak-weighted GNAR q=0.95 weight=4",2024-11-06,"TRAN",16.5941666666667,25.7669093919086
"Peak-weighted GNAR q=0.95 weight=4",2024-11-06,"STOK",24.0715,25.8521153393315
"Peak-weighted GNAR q=0.95 weight=4",2024-11-06,"BEX",28.7540416666667,29.5367081482189
"Peak-weighted GNAR q=0.95 weight=4",2024-11-06,"SEND",16.2912916666667,26.6945653372944
"Peak-weighted GNAR q=0.95 weight=4",2024-11-06,"HUL2",30.1299166666667,30.9866002354241
"Peak-weighted GNAR q=0.95 weight=4",2024-11-06,"PEMB",14.1108333333333,20.7142713992084
"Peak-weighted GNAR q=0.95 weight=4",2024-11-06,"WFEN",15.4825833333333,24.571847445683
"Peak-weighted GNAR q=0.95 weight=4",2024-11-06,"OSY",20.96025,24.0169589978319
"Peak-weighted GNAR q=0.95 weight=4",2024-11-06,"ACTH",5.44516666666667,20.1039402050405
"Peak-weighted GNAR q=0.95 weight=4",2024-11-06,"COPP",19.3779583333333,24.2268060380243
"Peak-weighted GNAR q=0.95 weight=4",2024-11-07,"EB",13.7314583333333,13.4819840981109
"Peak-weighted GNAR q=0.95 weight=4",2024-11-07,"IMGM",14.9430833333333,15.5392154578318
"Peak-weighted GNAR q=0.95 weight=4",2024-11-07,"PRES",9.63445833333333,15.0334501332077
"Peak-weighted GNAR q=0.95 weight=4",2024-11-07,"BIRR",14.774,13.9051328109355
"Peak-weighted GNAR q=0.95 weight=4",2024-11-07,"BLC2",10.5219583333333,16.8242147729956
"Peak-weighted GNAR q=0.95 weight=4",2024-11-07,"BOTR",15.2162916666667,14.167970542507
"Peak-weighted GNAR q=0.95 weight=4",2024-11-07,"GHSR",5.93854166666667,12.0434783471656
"Peak-weighted GNAR q=0.95 weight=4",2024-11-07,"LEAM",14.6267083333333,11.6394258709472
"Peak-weighted GNAR q=0.95 weight=4",2024-11-07,"NPT3",12.7240833333333,14.9937889168223
"Peak-weighted GNAR q=0.95 weight=4",2024-11-07,"REA1",16.0997083333333,11.3842374125658
"Peak-weighted GNAR q=0.95 weight=4",2024-11-07,"SOUT",17.1738333333333,11.2771932926537
"Peak-weighted GNAR q=0.95 weight=4",2024-11-07,"WREX",8.74808333333333,13.6855397086689
"Peak-weighted GNAR q=0.95 weight=4",2024-11-07,"LEAR",14.4320833333333,11.3013403451926
"Peak-weighted GNAR q=0.95 weight=4",2024-11-07,"PLYM",17.6425416666667,11.8534657344215
"Peak-weighted GNAR q=0.95 weight=4",2024-11-07,"SHDG",13.1594583333333,14.926928025168
"Peak-weighted GNAR q=0.95 weight=4",2024-11-07,"SHE",12.26125,16.4085040159735
"Peak-weighted GNAR q=0.95 weight=4",2024-11-07,"BEL2",9.940125,10.3790503505085
"Peak-weighted GNAR q=0.95 weight=4",2024-11-07,"GLKP",5.52966666666667,12.2077371864034
"Peak-weighted GNAR q=0.95 weight=4",2024-11-07,"LECU",13.502375,11.7898786535661
"Peak-weighted GNAR q=0.95 weight=4",2024-11-07,"SUN2",15.98575,17.4369830139703
"Peak-weighted GNAR q=0.95 weight=4",2024-11-07,"TRAN",10.407,14.0163178198842
"Peak-weighted GNAR q=0.95 weight=4",2024-11-07,"STOK",12.9500833333333,17.5874808860201
"Peak-weighted GNAR q=0.95 weight=4",2024-11-07,"BEX",20.3864285714286,19.8865003966882
"Peak-weighted GNAR q=0.95 weight=4",2024-11-07,"SEND",23.6685833333333,13.8882762941091
"Peak-weighted GNAR q=0.95 weight=4",2024-11-07,"HUL2",15.3213333333333,20.5680292879815
"Peak-weighted GNAR q=0.95 weight=4",2024-11-07,"PEMB",15.5425,12.7460379440701
"Peak-weighted GNAR q=0.95 weight=4",2024-11-07,"WFEN",21.7415,13.4657511639336
"Peak-weighted GNAR q=0.95 weight=4",2024-11-07,"OSY",21.2687916666667,16.0720377592253
"Peak-weighted GNAR q=0.95 weight=4",2024-11-07,"ACTH",4.61579166666667,8.59903035632205
"Peak-weighted GNAR q=0.95 weight=4",2024-11-07,"COPP",12.4872083333333,15.3190500650305
"Peak-weighted GNAR q=0.95 weight=4",2024-11-08,"EB",15.2437083333333,12.9234053710912
"Peak-weighted GNAR q=0.95 weight=4",2024-11-08,"IMGM",19.3504583333333,13.5367760203623
"Peak-weighted GNAR q=0.95 weight=4",2024-11-08,"PRES",23.6959583333333,10.9939961191362
"Peak-weighted GNAR q=0.95 weight=4",2024-11-08,"BIRR",24.8979166666667,13.4290371692071
"Peak-weighted GNAR q=0.95 weight=4",2024-11-08,"BLC2",23.3638333333333,11.4473593514021
"Peak-weighted GNAR q=0.95 weight=4",2024-11-08,"BOTR",25.4373333333333,13.6434429078203
"Peak-weighted GNAR q=0.95 weight=4",2024-11-08,"GHSR",11.571375,9.17860185777016
"Peak-weighted GNAR q=0.95 weight=4",2024-11-08,"LEAM",23.25775,13.3201549477269
"Peak-weighted GNAR q=0.95 weight=4",2024-11-08,"NPT3",17.9432916666667,12.468186409663
"Peak-weighted GNAR q=0.95 weight=4",2024-11-08,"REA1",24.7927083333333,14.0179246069807
"Peak-weighted GNAR q=0.95 weight=4",2024-11-08,"SOUT",18.7402916666667,14.5294895760644
"Peak-weighted GNAR q=0.95 weight=4",2024-11-08,"WREX",23.6213333333333,10.5478115917901
"Peak-weighted GNAR q=0.95 weight=4",2024-11-08,"LEAR",22.996375,13.2216133289296
"Peak-weighted GNAR q=0.95 weight=4",2024-11-08,"PLYM",12.1050416666667,14.7637651712215
"Peak-weighted GNAR q=0.95 weight=4",2024-11-08,"SHDG",25.3577916666667,12.6748005252647
"Peak-weighted GNAR q=0.95 weight=4",2024-11-08,"SHE",22.5935,12.2712842480994
"Peak-weighted GNAR q=0.95 weight=4",2024-11-08,"BEL2",16.99,11.061361024924
"Peak-weighted GNAR q=0.95 weight=4",2024-11-08,"GLKP",11.3552083333333,8.98589533471816
"Peak-weighted GNAR q=0.95 weight=4",2024-11-08,"LECU",22.2957083333333,12.7851564457879
"Peak-weighted GNAR q=0.95 weight=4",2024-11-08,"SUN2",28.7922916666667,14.0663549029708
"Peak-weighted GNAR q=0.95 weight=4",2024-11-08,"TRAN",23.3855,11.3454727303691
"Peak-weighted GNAR q=0.95 weight=4",2024-11-08,"STOK",25.7744583333333,12.6204705722263
"Peak-weighted GNAR q=0.95 weight=4",2024-11-08,"BEX",23.0268333333333,16.2088348310428
"Peak-weighted GNAR q=0.95 weight=4",2024-11-08,"SEND",18.114375,17.6743060872107
"Peak-weighted GNAR q=0.95 weight=4",2024-11-08,"HUL2",22.4342083333333,13.8018781348304
"Peak-weighted GNAR q=0.95 weight=4",2024-11-08,"PEMB",10.9611666666667,13.7770238248453
"Peak-weighted GNAR q=0.95 weight=4",2024-11-08,"WFEN",21.5685,16.7476992784567
"Peak-weighted GNAR q=0.95 weight=4",2024-11-08,"OSY",19.5227142857143,16.5666249707542
"Peak-weighted GNAR q=0.95 weight=4",2024-11-08,"ACTH",12.7997916666667,8.48986790665367
"Peak-weighted GNAR q=0.95 weight=4",2024-11-08,"COPP",25.5023333333333,12.3612669994169
"Peak-weighted GNAR q=0.95 weight=4",2024-11-09,"EB",15.24075,18.9235163067476
"Peak-weighted GNAR q=0.95 weight=4",2024-11-09,"IMGM",18.7058333333333,20.8940130434477
"Peak-weighted GNAR q=0.95 weight=4",2024-11-09,"PRES",27.0332916666667,22.9253987757131
"Peak-weighted GNAR q=0.95 weight=4",2024-11-09,"BIRR",29.5559583333333,23.5410847455978
"Peak-weighted GNAR q=0.95 weight=4",2024-11-09,"BLC2",30.9297916666667,22.7740636839752
"Peak-weighted GNAR q=0.95 weight=4",2024-11-09,"BOTR",29.036125,23.8022127702004
"Peak-weighted GNAR q=0.95 weight=4",2024-11-09,"GHSR",17.3723333333333,17.1068260143795
"Peak-weighted GNAR q=0.95 weight=4",2024-11-09,"LEAM",25.139625,22.7568426055885
"Peak-weighted GNAR q=0.95 weight=4",2024-11-09,"NPT3",34.0322083333333,20.204139102518
"Peak-weighted GNAR q=0.95 weight=4",2024-11-09,"REA1",23.754,23.5016517491248
"Peak-weighted GNAR q=0.95 weight=4",2024-11-09,"SOUT",22.082375,20.6208742989381
"Peak-weighted GNAR q=0.95 weight=4",2024-11-09,"WREX",32.616125,22.8825538374767
"Peak-weighted GNAR q=0.95 weight=4",2024-11-09,"LEAR",23.7864166666667,22.6304730231185
"Peak-weighted GNAR q=0.95 weight=4",2024-11-09,"PLYM",19.6796666666667,17.4569126657092
"Peak-weighted GNAR q=0.95 weight=4",2024-11-09,"SHDG",21.81325,23.7474895247564
"Peak-weighted GNAR q=0.95 weight=4",2024-11-09,"SHE",22.0332916666667,22.4204567871655
"Peak-weighted GNAR q=0.95 weight=4",2024-11-09,"BEL2",31.5784583333333,19.726352168671
"Peak-weighted GNAR q=0.95 weight=4",2024-11-09,"GLKP",16.7836666666667,17.0002950077704
"Peak-weighted GNAR q=0.95 weight=4",2024-11-09,"LECU",23.5977916666667,22.2883925561063
"Peak-weighted GNAR q=0.95 weight=4",2024-11-09,"SUN2",8.870875,25.4101911556093
"Peak-weighted GNAR q=0.95 weight=4",2024-11-09,"TRAN",34.047,22.7834716072576
"Peak-weighted GNAR q=0.95 weight=4",2024-11-09,"STOK",32.3615416666667,23.9447081618879
"Peak-weighted GNAR q=0.95 weight=4",2024-11-09,"BEX",25.4089166666667,22.6935004008613
"Peak-weighted GNAR q=0.95 weight=4",2024-11-09,"SEND",23.419875,20.3749378746536
"Peak-weighted GNAR q=0.95 weight=4",2024-11-09,"HUL2",12.553125,22.3693264775755
"Peak-weighted GNAR q=0.95 weight=4",2024-11-09,"PEMB",22.29375,16.8937072041562
"Peak-weighted GNAR q=0.95 weight=4",2024-11-09,"WFEN",24.3780416666667,22.0083022077337
"Peak-weighted GNAR q=0.95 weight=4",2024-11-09,"OSY",20.3322916666667,21.0277609536157
"Peak-weighted GNAR q=0.95 weight=4",2024-11-09,"ACTH",10.5179166666667,17.6825213730506
"Peak-weighted GNAR q=0.95 weight=4",2024-11-09,"COPP",35.794125,23.8110219991117
"Peak-weighted GNAR q=0.95 weight=4",2024-11-10,"EB",15.398,19.2531423325854
"Peak-weighted GNAR q=0.95 weight=4",2024-11-10,"IMGM",23.997875,20.9408716895551
"Peak-weighted GNAR q=0.95 weight=4",2024-11-10,"PRES",19.8682916666667,24.9519235871606
"Peak-weighted GNAR q=0.95 weight=4",2024-11-10,"BIRR",18.2155416666667,26.1660739730967
"Peak-weighted GNAR q=0.95 weight=4",2024-11-10,"BLC2",20.6525833333333,26.8094727769871
"Peak-weighted GNAR q=0.95 weight=4",2024-11-10,"BOTR",20.9709583333333,25.9222893795256
"Peak-weighted GNAR q=0.95 weight=4",2024-11-10,"GHSR",12.4430833333333,20.2408918350068
"Peak-weighted GNAR q=0.95 weight=4",2024-11-10,"LEAM",18.8100833333333,24.0442874198742
"Peak-weighted GNAR q=0.95 weight=4",2024-11-10,"NPT3",25.4452916666667,28.2464785908172
"Peak-weighted GNAR q=0.95 weight=4",2024-11-10,"REA1",19.7151666666667,23.3952662040013
"Peak-weighted GNAR q=0.95 weight=4",2024-11-10,"SOUT",14.247375,22.5479200686817
"Peak-weighted GNAR q=0.95 weight=4",2024-11-10,"WREX",12.4254166666667,27.6166530720919
"Peak-weighted GNAR q=0.95 weight=4",2024-11-10,"LEAR",18.1318333333333,23.3961149664296
"Peak-weighted GNAR q=0.95 weight=4",2024-11-10,"PLYM",12.3496666666667,21.3467966389078
"Peak-weighted GNAR q=0.95 weight=4",2024-11-10,"SHDG",18.3650416666667,22.4733214487262
"Peak-weighted GNAR q=0.95 weight=4",2024-11-10,"SHE",20.1101666666667,22.5558634382531
"Peak-weighted GNAR q=0.95 weight=4",2024-11-10,"BEL2",11.7797916666667,27.0672550492855
"Peak-weighted GNAR q=0.95 weight=4",2024-11-10,"GLKP",11.8790416666667,19.9580923736853
"Peak-weighted GNAR q=0.95 weight=4",2024-11-10,"LECU",20.751875,23.3003567566404
"Peak-weighted GNAR q=0.95 weight=4",2024-11-10,"SUN2",8.608625,16.322384173946
"Peak-weighted GNAR q=0.95 weight=4",2024-11-10,"TRAN",19.1057916666667,28.297856125948
"Peak-weighted GNAR q=0.95 weight=4",2024-11-10,"STOK",22.4058333333333,27.5126436056026
"Peak-weighted GNAR q=0.95 weight=4",2024-11-10,"BEX",21.33275,24.1709713764689
"Peak-weighted GNAR q=0.95 weight=4",2024-11-10,"SEND",22.712375,23.1813679125555
"Peak-weighted GNAR q=0.95 weight=4",2024-11-10,"HUL2",27.8952083333333,18.0285776550906
"Peak-weighted GNAR q=0.95 weight=4",2024-11-10,"PEMB",8.47491666666667,22.5854888021052
"Peak-weighted GNAR q=0.95 weight=4",2024-11-10,"WFEN",21.2245416666667,23.66693940038
"Peak-weighted GNAR q=0.95 weight=4",2024-11-10,"OSY",21.2598333333333,21.7187725275229
"Peak-weighted GNAR q=0.95 weight=4",2024-11-10,"ACTH",6.67266666666667,16.9784826864399
"Peak-weighted GNAR q=0.95 weight=4",2024-11-10,"COPP",18.8041666666667,29.1491998688579
"Peak-weighted GNAR q=0.95 weight=4",2024-11-11,"EB",8.797125,14.427952302745
"Peak-weighted GNAR q=0.95 weight=4",2024-11-11,"IMGM",6.53408333333333,18.5618912236282
"Peak-weighted GNAR q=0.95 weight=4",2024-11-11,"PRES",10.6270416666667,16.6581699606212
"Peak-weighted GNAR q=0.95 weight=4",2024-11-11,"BIRR",10.5995416666667,15.8896617238358
"Peak-weighted GNAR q=0.95 weight=4",2024-11-11,"BLC2",9.193125,17.0643328890189
"Peak-weighted GNAR q=0.95 weight=4",2024-11-11,"BOTR",9.02133333333333,17.2009103162152
"Peak-weighted GNAR q=0.95 weight=4",2024-11-11,"GHSR",9.50679166666667,13.034583538779
"Peak-weighted GNAR q=0.95 weight=4",2024-11-11,"LEAM",9.02625,16.137543691216
"Peak-weighted GNAR q=0.95 weight=4",2024-11-11,"NPT3",9.37116666666667,19.3777141650106
"Peak-weighted GNAR q=0.95 weight=4",2024-11-11,"REA1",8.68525,16.5583623688052
"Peak-weighted GNAR q=0.95 weight=4",2024-11-11,"SOUT",7.34379166666667,13.9343360177603
"Peak-weighted GNAR q=0.95 weight=4",2024-11-11,"WREX",8.388375,13.1502789431595
"Peak-weighted GNAR q=0.95 weight=4",2024-11-11,"LEAR",8.49654166666667,15.8027167638619
"Peak-weighted GNAR q=0.95 weight=4",2024-11-11,"PLYM",10.5209583333333,13.0087734239633
"Peak-weighted GNAR q=0.95 weight=4",2024-11-11,"SHDG",9.24245833333333,15.8979868467283
"Peak-weighted GNAR q=0.95 weight=4",2024-11-11,"SHE",7.50304166666667,16.7329302356704
"Peak-weighted GNAR q=0.95 weight=4",2024-11-11,"BEL2",12.9354166666667,12.8335971783347
"Peak-weighted GNAR q=0.95 weight=4",2024-11-11,"GLKP",9.1825,12.7605072036019
"Peak-weighted GNAR q=0.95 weight=4",2024-11-11,"LECU",9.45366666666667,17.052032107833
"Peak-weighted GNAR q=0.95 weight=4",2024-11-11,"SUN2",7.27308333333333,11.1347224498879
"Peak-weighted GNAR q=0.95 weight=4",2024-11-11,"TRAN",9.88504166666667,16.3512522525029
"Peak-weighted GNAR q=0.95 weight=4",2024-11-11,"STOK",11.419,17.9130221942535
"Peak-weighted GNAR q=0.95 weight=4",2024-11-11,"BEX",9.16675,17.3440993988993
"Peak-weighted GNAR q=0.95 weight=4",2024-11-11,"SEND",8.25870833333333,17.9865585276146
"Peak-weighted GNAR q=0.95 weight=4",2024-11-11,"HUL2",7.70541666666667,20.3724414153583
"Peak-weighted GNAR q=0.95 weight=4",2024-11-11,"PEMB",6.39445833333333,11.1801899666677
"Peak-weighted GNAR q=0.95 weight=4",2024-11-11,"WFEN",7.96983333333333,17.2840445613661
"Peak-weighted GNAR q=0.95 weight=4",2024-11-11,"OSY",8.16529166666667,17.2679489602285
"Peak-weighted GNAR q=0.95 weight=4",2024-11-11,"ACTH",5.86770833333333,10.2238756717552
"Peak-weighted GNAR q=0.95 weight=4",2024-11-11,"COPP",10.425625,16.2214782682526
"Peak-weighted GNAR q=0.95 weight=4",2024-11-12,"EB",4.79175,6.98646765685448
"Peak-weighted GNAR q=0.95 weight=4",2024-11-12,"IMGM",10.6800833333333,5.97608259976161
"Peak-weighted GNAR q=0.95 weight=4",2024-11-12,"PRES",13.447375,7.89650165804306
"Peak-weighted GNAR q=0.95 weight=4",2024-11-12,"BIRR",10.4540833333333,7.86991440585962
"Peak-weighted GNAR q=0.95 weight=4",2024-11-12,"BLC2",10.1709166666667,7.21831254278823
"Peak-weighted GNAR q=0.95 weight=4",2024-11-12,"BOTR",8.86408333333333,7.13888887273242
"Peak-weighted GNAR q=0.95 weight=4",2024-11-12,"GHSR",10.3361666666667,7.3012124816587
"Peak-weighted GNAR q=0.95 weight=4",2024-11-12,"LEAM",8.22533333333333,7.12364022695259
"Peak-weighted GNAR q=0.95 weight=4",2024-11-12,"NPT3",7.97070833333333,7.34233947325503
"Peak-weighted GNAR q=0.95 weight=4",2024-11-12,"REA1",6.686375,6.96821124372023
"Peak-weighted GNAR q=0.95 weight=4",2024-11-12,"SOUT",6.80033333333333,6.28325273153417
"Peak-weighted GNAR q=0.95 weight=4",2024-11-12,"WREX",9.22570833333333,6.76711797099486
"Peak-weighted GNAR q=0.95 weight=4",2024-11-12,"LEAR",7.464625,6.86522571954773
"Peak-weighted GNAR q=0.95 weight=4",2024-11-12,"PLYM",6.68345833333333,7.78463176621407
"Peak-weighted GNAR q=0.95 weight=4",2024-11-12,"SHDG",10.7017083333333,7.22323770668577
"Peak-weighted GNAR q=0.95 weight=4",2024-11-12,"SHE",10.6752083333333,6.40702186718935
"Peak-weighted GNAR q=0.95 weight=4",2024-11-12,"BEL2",19.4615833333333,8.93269371189315
"Peak-weighted GNAR q=0.95 weight=4",2024-11-12,"GLKP",10.282125,7.14179729038831
"Peak-weighted GNAR q=0.95 weight=4",2024-11-12,"LECU",8.718625,7.34350798148118
"Peak-weighted GNAR q=0.95 weight=4",2024-11-12,"SUN2",10.5346666666667,6.20357921983883
"Peak-weighted GNAR q=0.95 weight=4",2024-11-12,"TRAN",13.420875,7.53604954542846
"Peak-weighted GNAR q=0.95 weight=4",2024-11-12,"STOK",12.6139583333333,8.29525882094081
"Peak-weighted GNAR q=0.95 weight=4",2024-11-12,"BEX",6.423,7.21125925859543
"Peak-weighted GNAR q=0.95 weight=4",2024-11-12,"SEND",5.52579166666667,6.78897936581625
"Peak-weighted GNAR q=0.95 weight=4",2024-11-12,"HUL2",10.789125,6.56703241983902
"Peak-weighted GNAR q=0.95 weight=4",2024-11-12,"PEMB",5.95129166666667,5.78302030075604
"Peak-weighted GNAR q=0.95 weight=4",2024-11-12,"WFEN",5.95420833333333,6.63895026877197
"Peak-weighted GNAR q=0.95 weight=4",2024-11-12,"OSY",4.9354347826087,6.7325526953581
"Peak-weighted GNAR q=0.95 weight=4",2024-11-12,"ACTH",3.02879166666667,5.51686545054369
"Peak-weighted GNAR q=0.95 weight=4",2024-11-12,"COPP",13.1034166666667,7.7916768636838
"Peak-weighted GNAR q=0.95 weight=4",2024-11-13,"EB",9.50079166666667,7.60522149357662
"Peak-weighted GNAR q=0.95 weight=4",2024-11-13,"IMGM",12.341875,10.3979815264323
"Peak-weighted GNAR q=0.95 weight=4",2024-11-13,"PRES",16.556625,11.7524612725127
"Peak-weighted GNAR q=0.95 weight=4",2024-11-13,"BIRR",15.9975,10.3231902931449
"Peak-weighted GNAR q=0.95 weight=4",2024-11-13,"BLC2",11.4219583333333,10.1765494226456
"Peak-weighted GNAR q=0.95 weight=4",2024-11-13,"BOTR",11.8720833333333,9.55124663729162
"Peak-weighted GNAR q=0.95 weight=4",2024-11-13,"GHSR",3.69591666666667,10.2579966900155
"Peak-weighted GNAR q=0.95 weight=4",2024-11-13,"LEAM",15.121,9.24633683795856
"Peak-weighted GNAR q=0.95 weight=4",2024-11-13,"NPT3",12.012625,9.12758328986356
"Peak-weighted GNAR q=0.95 weight=4",2024-11-13,"REA1",9.79720833333333,8.50883587207365
"Peak-weighted GNAR q=0.95 weight=4",2024-11-13,"SOUT",8.10241666666667,8.55231801175106
"Peak-weighted GNAR q=0.95 weight=4",2024-11-13,"WREX",8.184,9.71873824349762
"Peak-weighted GNAR q=0.95 weight=4",2024-11-13,"LEAR",13.8237083333333,8.87884867291777
"Peak-weighted GNAR q=0.95 weight=4",2024-11-13,"PLYM",11.0202083333333,8.52239152804055
"Peak-weighted GNAR q=0.95 weight=4",2024-11-13,"SHDG",8.03466666666667,10.4303598807319
"Peak-weighted GNAR q=0.95 weight=4",2024-11-13,"SHE",10.9189166666667,10.4035443209087
"Peak-weighted GNAR q=0.95 weight=4",2024-11-13,"BEL2",8.79729166666667,14.642541032868
"Peak-weighted GNAR q=0.95 weight=4",2024-11-13,"GLKP",2.935375,10.2295556048921
"Peak-weighted GNAR q=0.95 weight=4",2024-11-13,"LECU",15.326375,9.48532289645621
"Peak-weighted GNAR q=0.95 weight=4",2024-11-13,"SUN2",5.6575,10.3345748559358
"Peak-weighted GNAR q=0.95 weight=4",2024-11-13,"TRAN",8.30775,11.7337676483585
"Peak-weighted GNAR q=0.95 weight=4",2024-11-13,"STOK",14.9323333333333,11.3610232384242
"Peak-weighted GNAR q=0.95 weight=4",2024-11-13,"BEX",9.88995833333333,8.38701712318549
"Peak-weighted GNAR q=0.95 weight=4",2024-11-13,"SEND",9.49295833333333,7.9512808383956
"Peak-weighted GNAR q=0.95 weight=4",2024-11-13,"HUL2",15.5100833333333,10.4595779593397
"Peak-weighted GNAR q=0.95 weight=4",2024-11-13,"PEMB",6.918375,8.1392410549921
"Peak-weighted GNAR q=0.95 weight=4",2024-11-13,"WFEN",9.9175,8.15346175400407
"Peak-weighted GNAR q=0.95 weight=4",2024-11-13,"OSY",8.10145833333333,7.66867398905412
"Peak-weighted GNAR q=0.95 weight=4",2024-11-13,"ACTH",1.68433333333333,6.73970181186688
"Peak-weighted GNAR q=0.95 weight=4",2024-11-13,"COPP",15.4412916666667,11.5866097337573
"Peak-weighted GNAR q=0.95 weight=4",2024-11-14,"EB",14.483125,10.5883975781308
"Peak-weighted GNAR q=0.95 weight=4",2024-11-14,"IMGM",9.44191666666667,11.9927263765603
"Peak-weighted GNAR q=0.95 weight=4",2024-11-14,"PRES",7.91966666666667,14.027451852687
"Peak-weighted GNAR q=0.95 weight=4",2024-11-14,"BIRR",12.705375,13.7361420223832
"Peak-weighted GNAR q=0.95 weight=4",2024-11-14,"BLC2",11.0495,11.5493967849344
"Peak-weighted GNAR q=0.95 weight=4",2024-11-14,"BOTR",9.90179166666667,11.7536524127561
"Peak-weighted GNAR q=0.95 weight=4",2024-11-14,"GHSR",5.29983333333333,7.862202080406
"Peak-weighted GNAR q=0.95 weight=4",2024-11-14,"LEAM",9.218875,13.2995377485583
"Peak-weighted GNAR q=0.95 weight=4",2024-11-14,"NPT3",10.188875,11.8134746062093
"Peak-weighted GNAR q=0.95 weight=4",2024-11-14,"REA1",10.959125,10.7453396848462
"Peak-weighted GNAR q=0.95 weight=4",2024-11-14,"SOUT",12.9256666666667,9.93714601592164
"Peak-weighted GNAR q=0.95 weight=4",2024-11-14,"WREX",10.0560416666667,9.99584501122187
"Peak-weighted GNAR q=0.95 weight=4",2024-11-14,"LEAR",8.18491666666667,12.673994781261
"Peak-weighted GNAR q=0.95 weight=4",2024-11-14,"PLYM",8.12504166666667,11.3291964025381
"Peak-weighted GNAR q=0.95 weight=4",2024-11-14,"SHDG",10.56025,9.93656982927771
"Peak-weighted GNAR q=0.95 weight=4",2024-11-14,"SHE",10.5503333333333,11.3133427894277
"Peak-weighted GNAR q=0.95 weight=4",2024-11-14,"BEL2",4.354375,10.371991056831
"Peak-weighted GNAR q=0.95 weight=4",2024-11-14,"GLKP",4.22558333333333,7.49866682498937
"Peak-weighted GNAR q=0.95 weight=4",2024-11-14,"LECU",9.4675,13.401604037183
"Peak-weighted GNAR q=0.95 weight=4",2024-11-14,"SUN2",9.16279166666667,8.80031085173054
"Peak-weighted GNAR q=0.95 weight=4",2024-11-14,"TRAN",13.1152083333333,10.0890864354108
"Peak-weighted GNAR q=0.95 weight=4",2024-11-14,"STOK",11.697125,13.2452016043209
"Peak-weighted GNAR q=0.95 weight=4",2024-11-14,"BEX",14.11175,10.7874754167688
"Peak-weighted GNAR q=0.95 weight=4",2024-11-14,"SEND",12.6514583333333,10.5906350954835
"Peak-weighted GNAR q=0.95 weight=4",2024-11-14,"HUL2",10.9660416666667,13.5061694628633
"Peak-weighted GNAR q=0.95 weight=4",2024-11-14,"PEMB",5.51495833333333,9.36495117961526
"Peak-weighted GNAR q=0.95 weight=4",2024-11-14,"WFEN",11.693375,10.7968069076014
"Peak-weighted GNAR q=0.95 weight=4",2024-11-14,"OSY",10.342,9.92150267562323
"Peak-weighted GNAR q=0.95 weight=4",2024-11-14,"ACTH",2.19920833333333,6.84233511266596
"Peak-weighted GNAR q=0.95 weight=4",2024-11-14,"COPP",13.0121666666667,13.4921723926539
"Peak-weighted GNAR q=0.95 weight=4",2024-11-15,"EB",10.0484583333333,12.28229614163
"Peak-weighted GNAR q=0.95 weight=4",2024-11-15,"IMGM",11.9762916666667,9.89867459957648
"Peak-weighted GNAR q=0.95 weight=4",2024-11-15,"PRES",9.77791666666667,9.20624781214954
"Peak-weighted GNAR q=0.95 weight=4",2024-11-15,"BIRR",15.15725,11.4864713420405
"Peak-weighted GNAR q=0.95 weight=4",2024-11-15,"BLC2",7.55604166666667,10.6586706690347
"Peak-weighted GNAR q=0.95 weight=4",2024-11-15,"BOTR",13.1565,10.1144010455649
"Peak-weighted GNAR q=0.95 weight=4",2024-11-15,"GHSR",1.963375,7.85077157819801
"Peak-weighted GNAR q=0.95 weight=4",2024-11-15,"LEAM",13.6115,9.81482114774567
"Peak-weighted GNAR q=0.95 weight=4",2024-11-15,"NPT3",13.9505833333333,10.252603813365
"Peak-weighted GNAR q=0.95 weight=4",2024-11-15,"REA1",14.9606666666667,10.6022938530696
"Peak-weighted GNAR q=0.95 weight=4",2024-11-15,"SOUT",11.91725,11.5273527944767
"Peak-weighted GNAR q=0.95 weight=4",2024-11-15,"WREX",11.7187083333333,10.1580105937212
"Peak-weighted GNAR q=0.95 weight=4",2024-11-15,"LEAR",12.71725,9.31062849495608
"Peak-weighted GNAR q=0.95 weight=4",2024-11-15,"PLYM",12.54825,9.25921435658181
"Peak-weighted GNAR q=0.95 weight=4",2024-11-15,"SHDG",11.2579583333333,10.3975119908847
"Peak-weighted GNAR q=0.95 weight=4",2024-11-15,"SHE",10.7647083333333,10.416263975941
"Peak-weighted GNAR q=0.95 weight=4",2024-11-15,"BEL2",5.32229166666667,7.44093445351602
"Peak-weighted GNAR q=0.95 weight=4",2024-11-15,"GLKP",1.537125,7.3317137560616
"Peak-weighted GNAR q=0.95 weight=4",2024-11-15,"LECU",12.5806666666667,9.93519120586334
"Peak-weighted GNAR q=0.95 weight=4",2024-11-15,"SUN2",2.71825,9.71098502249126
"Peak-weighted GNAR q=0.95 weight=4",2024-11-15,"TRAN",6.68920833333333,11.6195151508188
"Peak-weighted GNAR q=0.95 weight=4",2024-11-15,"STOK",14.0546666666667,10.9964424609336
"Peak-weighted GNAR q=0.95 weight=4",2024-11-15,"BEX",14.1392083333333,12.108164535206
"Peak-weighted GNAR q=0.95 weight=4",2024-11-15,"SEND",10.9217916666667,11.4077643332679
"Peak-weighted GNAR q=0.95 weight=4",2024-11-15,"HUL2",16.1902083333333,10.652115763694
"Peak-weighted GNAR q=0.95 weight=4",2024-11-15,"PEMB",8.63995833333333,7.97971620527806
"Peak-weighted GNAR q=0.95 weight=4",2024-11-15,"WFEN",10.89325,10.9538165029777
"Peak-weighted GNAR q=0.95 weight=4",2024-11-15,"OSY",9.25125,10.2938597066119
"Peak-weighted GNAR q=0.95 weight=4",2024-11-15,"ACTH",0.8225,6.3541015523351
"Peak-weighted GNAR q=0.95 weight=4",2024-11-15,"COPP",11.229375,11.6284095792705
"Peak-weighted GNAR q=0.95 weight=4",2024-11-16,"EB",8.97608333333333,10.6732992676227
"Peak-weighted GNAR q=0.95 weight=4",2024-11-16,"IMGM",5.97679166666667,11.5526284330635
"Peak-weighted GNAR q=0.95 weight=4",2024-11-16,"PRES",5.14441666666667,10.4906921371094
"Peak-weighted GNAR q=0.95 weight=4",2024-11-16,"BIRR",7.55108333333333,13.0978449062455
"Peak-weighted GNAR q=0.95 weight=4",2024-11-16,"BLC2",5.72029166666667,9.45541833453704
"Peak-weighted GNAR q=0.95 weight=4",2024-11-16,"BOTR",5.551375,12.1198241993639
"Peak-weighted GNAR q=0.95 weight=4",2024-11-16,"GHSR",6.30116666666667,6.73856721121725
"Peak-weighted GNAR q=0.95 weight=4",2024-11-16,"LEAM",9.59025,12.3314877687228
"Peak-weighted GNAR q=0.95 weight=4",2024-11-16,"NPT3",10.960125,12.5012704540043
"Peak-weighted GNAR q=0.95 weight=4",2024-11-16,"REA1",11.569375,12.9897731007628
"Peak-weighted GNAR q=0.95 weight=4",2024-11-16,"SOUT",10.3665833333333,11.5528090405232
"Peak-weighted GNAR q=0.95 weight=4",2024-11-16,"WREX",3.429625,11.4346546834426
"Peak-weighted GNAR q=0.95 weight=4",2024-11-16,"LEAR",9.032125,11.8961385054423
"Peak-weighted GNAR q=0.95 weight=4",2024-11-16,"PLYM",10.3244166666667,11.81496754428
"Peak-weighted GNAR q=0.95 weight=4",2024-11-16,"SHDG",4.33470833333333,11.2187907518953
"Peak-weighted GNAR q=0.95 weight=4",2024-11-16,"SHE",3.83558333333333,10.983224276431
"Peak-weighted GNAR q=0.95 weight=4",2024-11-16,"BEL2",7.3105,8.33447085270957
"Peak-weighted GNAR q=0.95 weight=4",2024-11-16,"GLKP",5.22108333333333,6.526320809912
"Peak-weighted GNAR q=0.95 weight=4",2024-11-16,"LECU",6.997875,11.8413753983571
"Peak-weighted GNAR q=0.95 weight=4",2024-11-16,"SUN2",4.04083333333333,7.13041300660229
"Peak-weighted GNAR q=0.95 weight=4",2024-11-16,"TRAN",4.41825,9.05839874016448
"Peak-weighted GNAR q=0.95 weight=4",2024-11-16,"STOK",5.19566666666667,12.5632431992819
"Peak-weighted GNAR q=0.95 weight=4",2024-11-16,"BEX",12.9914166666667,12.6232670149965
"Peak-weighted GNAR q=0.95 weight=4",2024-11-16,"SEND",12.8046666666667,11.0753278643792
"Peak-weighted GNAR q=0.95 weight=4",2024-11-16,"HUL2",6.53795833333333,13.5768329910872
"Peak-weighted GNAR q=0.95 weight=4",2024-11-16,"PEMB",3.867,9.92783049823802
"Peak-weighted GNAR q=0.95 weight=4",2024-11-16,"WFEN",9.10283333333333,11.0538999542594
"Peak-weighted GNAR q=0.95 weight=4",2024-11-16,"OSY",12.1158333333333,10.2589777340513
"Peak-weighted GNAR q=0.95 weight=4",2024-11-16,"ACTH",3.79325,6.16864627763533
"Peak-weighted GNAR q=0.95 weight=4",2024-11-16,"COPP",4.99504166666667,11.2251104828446
"Peak-weighted GNAR q=0.95 weight=4",2024-11-17,"EB",3.2725,7.99760969767431
"Peak-weighted GNAR q=0.95 weight=4",2024-11-17,"IMGM",3.530875,6.5813964428291
"Peak-weighted GNAR q=0.95 weight=4",2024-11-17,"PRES",4.04295833333333,6.16610551802535
"Peak-weighted GNAR q=0.95 weight=4",2024-11-17,"BIRR",4.03491666666667,7.35889182788348
"Peak-weighted GNAR q=0.95 weight=4",2024-11-17,"BLC2",3.220375,6.42294512144735
"Peak-weighted GNAR q=0.95 weight=4",2024-11-17,"BOTR",3.779625,6.38790587902788
"Peak-weighted GNAR q=0.95 weight=4",2024-11-17,"GHSR",5.0305,6.65472354665297
"Peak-weighted GNAR q=0.95 weight=4",2024-11-17,"LEAM",4.00458333333333,8.31983678993065
"Peak-weighted GNAR q=0.95 weight=4",2024-11-17,"NPT3",4.329875,8.97659896300586
"Peak-weighted GNAR q=0.95 weight=4",2024-11-17,"REA1",4.07241666666667,9.27569008970801
"Peak-weighted GNAR q=0.95 weight=4",2024-11-17,"SOUT",3.75008333333333,8.67667495919077
"Peak-weighted GNAR q=0.95 weight=4",2024-11-17,"WREX",3.68420833333333,5.36323936974913
"Peak-weighted GNAR q=0.95 weight=4",2024-11-17,"LEAR",4.61979166666667,8.04609681304449
"Peak-weighted GNAR q=0.95 weight=4",2024-11-17,"PLYM",5.012875,8.66168210885153
"Peak-weighted GNAR q=0.95 weight=4",2024-11-17,"SHDG",2.47933333333333,5.79158927827009
"Peak-weighted GNAR q=0.95 weight=4",2024-11-17,"SHE",2.949125,5.54928221079798
"Peak-weighted GNAR q=0.95 weight=4",2024-11-17,"BEL2",3.89041666666667,7.16394757033581
"Peak-weighted GNAR q=0.95 weight=4",2024-11-17,"GLKP",4.54804166666667,6.13560292208526
"Peak-weighted GNAR q=0.95 weight=4",2024-11-17,"LECU",3.85129166666667,7.0737999564565
"Peak-weighted GNAR q=0.95 weight=4",2024-11-17,"SUN2",3.6665,5.58174987995331
"Peak-weighted GNAR q=0.95 weight=4",2024-11-17,"TRAN",4.96166666666667,5.79427025256182
"Peak-weighted GNAR q=0.95 weight=4",2024-11-17,"STOK",5.24575,6.22539857148925
"Peak-weighted GNAR q=0.95 weight=4",2024-11-17,"BEX",4.316125,9.9479072360517
"Peak-weighted GNAR q=0.95 weight=4",2024-11-17,"SEND",4.15,9.83255035836194
"Peak-weighted GNAR q=0.95 weight=4",2024-11-17,"HUL2",3.69783333333333,6.88362051344079
"Peak-weighted GNAR q=0.95 weight=4",2024-11-17,"PEMB",3.36283333333333,5.54697926903825
"Peak-weighted GNAR q=0.95 weight=4",2024-11-17,"WFEN",3.67345833333333,8.06500136284055
"Peak-weighted GNAR q=0.95 weight=4",2024-11-17,"OSY",3.64875,9.49008673593718
"Peak-weighted GNAR q=0.95 weight=4",2024-11-17,"ACTH",2.272,5.44811245501291
"Peak-weighted GNAR q=0.95 weight=4",2024-11-17,"COPP",5.05991666666667,6.10661060162737
"Peak-weighted GNAR q=0.95 weight=4",2024-11-18,"EB",2.56595833333333,3.86494257806627
"Peak-weighted GNAR q=0.95 weight=4",2024-11-18,"IMGM",6.671625,3.96387193785661
"Peak-weighted GNAR q=0.95 weight=4",2024-11-18,"PRES",8.60947826086957,4.20157100158024
"Peak-weighted GNAR q=0.95 weight=4",2024-11-18,"BIRR",7.87145833333333,4.21732919515203
"Peak-weighted GNAR q=0.95 weight=4",2024-11-18,"BLC2",5.84908695652174,3.81354541989556
"Peak-weighted GNAR q=0.95 weight=4",2024-11-18,"BOTR",6.32179166666667,4.07916515436867
"Peak-weighted GNAR q=0.95 weight=4",2024-11-18,"GHSR",7.52266666666667,4.6824591416569
"Peak-weighted GNAR q=0.95 weight=4",2024-11-18,"LEAM",7.59833333333333,4.21945243553896
"Peak-weighted GNAR q=0.95 weight=4",2024-11-18,"NPT3",3.32254166666667,4.38590692139325
"Peak-weighted GNAR q=0.95 weight=4",2024-11-18,"REA1",3.90133333333333,4.26795315185705
"Peak-weighted GNAR q=0.95 weight=4",2024-11-18,"SOUT",2.68079166666667,4.10427157821414
"Peak-weighted GNAR q=0.95 weight=4",2024-11-18,"WREX",5.201625,4.01633430625989
"Peak-weighted GNAR q=0.95 weight=4",2024-11-18,"LEAR",7.31133333333333,4.50861829327276
"Peak-weighted GNAR q=0.95 weight=4",2024-11-18,"PLYM",3.98783333333333,4.70680588537715
"Peak-weighted GNAR q=0.95 weight=4",2024-11-18,"SHDG",5.76941666666667,3.44847708155903
"Peak-weighted GNAR q=0.95 weight=4",2024-11-18,"SHE",5.49133333333333,3.66869904805434
"Peak-weighted GNAR q=0.95 weight=4",2024-11-18,"BEL2",4.60108333333333,4.14638343717267
"Peak-weighted GNAR q=0.95 weight=4",2024-11-18,"GLKP",7.50208333333333,4.4433304498441
"Peak-weighted GNAR q=0.95 weight=4",2024-11-18,"LECU",6.17433333333333,4.12515881725691
"Peak-weighted GNAR q=0.95 weight=4",2024-11-18,"SUN2",7.446,4.01285710660571
"Peak-weighted GNAR q=0.95 weight=4",2024-11-18,"TRAN",6.15279166666667,4.63426443050008
"Peak-weighted GNAR q=0.95 weight=4",2024-11-18,"STOK",8.19970833333333,4.77622100367123
"Peak-weighted GNAR q=0.95 weight=4",2024-11-18,"BEX",5.574,4.39588319403692
"Peak-weighted GNAR q=0.95 weight=4",2024-11-18,"SEND",4.613875,4.31505166598847
"Peak-weighted GNAR q=0.95 weight=4",2024-11-18,"HUL2",7.93054166666667,4.04815017736161
"Peak-weighted GNAR q=0.95 weight=4",2024-11-18,"PEMB",1.64604166666667,3.86646608754809
"Peak-weighted GNAR q=0.95 weight=4",2024-11-18,"WFEN",7.48625,4.05739885289555
"Peak-weighted GNAR q=0.95 weight=4",2024-11-18,"OSY",5.40391666666667,4.07013745875578
"Peak-weighted GNAR q=0.95 weight=4",2024-11-18,"ACTH",2.50691666666667,3.34508363234419
"Peak-weighted GNAR q=0.95 weight=4",2024-11-18,"COPP",8.35308333333333,4.68586740694333
"Peak-weighted GNAR q=0.95 weight=4",2024-11-19,"EB",3.117125,5.6369021905336
"Peak-weighted GNAR q=0.95 weight=4",2024-11-19,"IMGM",3.587875,7.59911943819378
"Peak-weighted GNAR q=0.95 weight=4",2024-11-19,"PRES",6.31095833333333,8.52845257986265
"Peak-weighted GNAR q=0.95 weight=4",2024-11-19,"BIRR",6.997875,8.17604415264306
"Peak-weighted GNAR q=0.95 weight=4",2024-11-19,"BLC2",2.9815,7.20389775211428
"Peak-weighted GNAR q=0.95 weight=4",2024-11-19,"BOTR",5.91008333333333,7.43412877149321
"Peak-weighted GNAR q=0.95 weight=4",2024-11-19,"GHSR",6.30116666666667,8.01763223755451
"Peak-weighted GNAR q=0.95 weight=4",2024-11-19,"LEAM",6.15866666666667,8.04540274783632
"Peak-weighted GNAR q=0.95 weight=4",2024-11-19,"NPT3",3.03466666666667,6.00671778693605
"Peak-weighted GNAR q=0.95 weight=4",2024-11-19,"REA1",5.17429166666667,6.28094604464373
"Peak-weighted GNAR q=0.95 weight=4",2024-11-19,"SOUT",4.372,5.69561447448688
"Peak-weighted GNAR q=0.95 weight=4",2024-11-19,"WREX",5.738125,6.89856566577965
"Peak-weighted GNAR q=0.95 weight=4",2024-11-19,"LEAR",5.46395833333333,7.91339381559719
"Peak-weighted GNAR q=0.95 weight=4",2024-11-19,"PLYM",4.87820833333333,6.32990070372882
"Peak-weighted GNAR q=0.95 weight=4",2024-11-19,"SHDG",6.49666666666667,7.159827554106
"Peak-weighted GNAR q=0.95 weight=4",2024-11-19,"SHE",6.46033333333333,7.0308914625056
"Peak-weighted GNAR q=0.95 weight=4",2024-11-19,"BEL2",6.116375,6.61353627032404
"Peak-weighted GNAR q=0.95 weight=4",2024-11-19,"GLKP",5.03841666666667,8.00387676856151
"Peak-weighted GNAR q=0.95 weight=4",2024-11-19,"LECU",5.918875,7.36431329906072
"Peak-weighted GNAR q=0.95 weight=4",2024-11-19,"SUN2",5.06091666666667,7.96992328696789
"Peak-weighted GNAR q=0.95 weight=4",2024-11-19,"TRAN",4.24241666666667,7.36307070257562
"Peak-weighted GNAR q=0.95 weight=4",2024-11-19,"STOK",6.97720833333333,8.34261592406983
"Peak-weighted GNAR q=0.95 weight=4",2024-11-19,"BEX",3.96220833333333,7.08148934144157
"Peak-weighted GNAR q=0.95 weight=4",2024-11-19,"SEND",2.908875,6.62175700371086
"Peak-weighted GNAR q=0.95 weight=4",2024-11-19,"HUL2",4.42116666666667,8.20150665509122
"Peak-weighted GNAR q=0.95 weight=4",2024-11-19,"PEMB",1.85013043478261,5.19845431042942
"Peak-weighted GNAR q=0.95 weight=4",2024-11-19,"WFEN",3.26566666666667,7.98919596551762
"Peak-weighted GNAR q=0.95 weight=4",2024-11-19,"OSY",2.236625,6.99485432369743
"Peak-weighted GNAR q=0.95 weight=4",2024-11-19,"ACTH",2.20716666666667,5.60056767724066
"Peak-weighted GNAR q=0.95 weight=4",2024-11-19,"COPP",5.573875,8.41432645528888
"Peak-weighted GNAR q=0.95 weight=4",2024-11-20,"EB",3.682125,4.68372850504531
"Peak-weighted GNAR q=0.95 weight=4",2024-11-20,"IMGM",3.93370833333333,4.94190468388631
"Peak-weighted GNAR q=0.95 weight=4",2024-11-20,"PRES",7.54625,6.25772967942497
"Peak-weighted GNAR q=0.95 weight=4",2024-11-20,"BIRR",4.84570833333333,6.57966540456999
"Peak-weighted GNAR q=0.95 weight=4",2024-11-20,"BLC2",1.92216666666667,4.64571330581363
"Peak-weighted GNAR q=0.95 weight=4",2024-11-20,"BOTR",4.913625,6.04771674382283
"Peak-weighted GNAR q=0.95 weight=4",2024-11-20,"GHSR",3.74216666666667,6.24420509945478
"Peak-weighted GNAR q=0.95 weight=4",2024-11-20,"LEAM",4.73566666666667,6.17678938941374
"Peak-weighted GNAR q=0.95 weight=4",2024-11-20,"NPT3",5.158875,4.65052236683711
"Peak-weighted GNAR q=0.95 weight=4",2024-11-20,"REA1",3.8895,5.67672788467476
"Peak-weighted GNAR q=0.95 weight=4",2024-11-20,"SOUT",4.83295833333333,5.28376171089725
"Peak-weighted GNAR q=0.95 weight=4",2024-11-20,"WREX",2.83916666666667,5.95649950028721
"Peak-weighted GNAR q=0.95 weight=4",2024-11-20,"LEAR",4.74,5.84278708523497
"Peak-weighted GNAR q=0.95 weight=4",2024-11-20,"PLYM",6.81008333333333,5.53607716158489
"Peak-weighted GNAR q=0.95 weight=4",2024-11-20,"SHDG",3.15254166666667,6.32326337425927
"Peak-weighted GNAR q=0.95 weight=4",2024-11-20,"SHE",3.5515,6.30365281408817
"Peak-weighted GNAR q=0.95 weight=4",2024-11-20,"BEL2",5.26829166666667,6.1321921250077
"Peak-weighted GNAR q=0.95 weight=4",2024-11-20,"GLKP",2.72204166666667,5.64117971317608
"Peak-weighted GNAR q=0.95 weight=4",2024-11-20,"LECU",5.00291666666667,6.05071328215617
"Peak-weighted GNAR q=0.95 weight=4",2024-11-20,"SUN2",2.8145,5.65146490105971
"Peak-weighted GNAR q=0.95 weight=4",2024-11-20,"TRAN",2.850875,5.25016887772945
"Peak-weighted GNAR q=0.95 weight=4",2024-11-20,"STOK",4.94204166666667,6.57247172586109
"Peak-weighted GNAR q=0.95 weight=4",2024-11-20,"BEX",4.8625,5.11167969152608
"Peak-weighted GNAR q=0.95 weight=4",2024-11-20,"SEND",4.44770833333333,4.6009826312644
"Peak-weighted GNAR q=0.95 weight=4",2024-11-20,"HUL2",5.215125,5.34998325794593
"Peak-weighted GNAR q=0.95 weight=4",2024-11-20,"PEMB",2.37225,4.07135344712573
"Peak-weighted GNAR q=0.95 weight=4",2024-11-20,"WFEN",3.76958333333333,4.79471055409685
"Peak-weighted GNAR q=0.95 weight=4",2024-11-20,"OSY",2.84879166666667,4.28647262739613
"Peak-weighted GNAR q=0.95 weight=4",2024-11-20,"ACTH",1.6795,4.2488185419132
"Peak-weighted GNAR q=0.95 weight=4",2024-11-20,"COPP",4.50475,5.90374606422973
"Peak-weighted GNAR q=0.95 weight=4",2024-11-21,"EB",4.71891666666667,4.81866266198315
"Peak-weighted GNAR q=0.95 weight=4",2024-11-21,"IMGM",5.34691666666667,4.94260601857017
"Peak-weighted GNAR q=0.95 weight=4",2024-11-21,"PRES",5.969125,6.68946726912926
"Peak-weighted GNAR q=0.95 weight=4",2024-11-21,"BIRR",12.3162916666667,5.40577746601089
"Peak-weighted GNAR q=0.95 weight=4",2024-11-21,"BLC2",5.45108333333333,3.97732499640993
"Peak-weighted GNAR q=0.95 weight=4",2024-11-21,"BOTR",6.41308333333333,5.42934415148407
"Peak-weighted GNAR q=0.95 weight=4",2024-11-21,"GHSR",2.71325,4.87325510980059
"Peak-weighted GNAR q=0.95 weight=4",2024-11-21,"LEAM",8.26654166666667,5.34640810100012
"Peak-weighted GNAR q=0.95 weight=4",2024-11-21,"NPT3",6.19404166666667,5.52301612937864
"Peak-weighted GNAR q=0.95 weight=4",2024-11-21,"REA1",5.91495833333333,4.93441837358749
"Peak-weighted GNAR q=0.95 weight=4",2024-11-21,"SOUT",5.86666666666667,5.37830797895475
"Peak-weighted GNAR q=0.95 weight=4",2024-11-21,"WREX",3.649875,4.43756311259164
"Peak-weighted GNAR q=0.95 weight=4",2024-11-21,"LEAR",7.37133333333333,5.34281991586344
"Peak-weighted GNAR q=0.95 weight=4",2024-11-21,"PLYM",4.57654166666667,6.32634225975223
"Peak-weighted GNAR q=0.95 weight=4",2024-11-21,"SHDG",4.29445833333333,4.59335031427177
"Peak-weighted GNAR q=0.95 weight=4",2024-11-21,"SHE",5.31445833333333,4.78352377299159
"Peak-weighted GNAR q=0.95 weight=4",2024-11-21,"BEL2",5.49245833333333,5.60034772302238
"Peak-weighted GNAR q=0.95 weight=4",2024-11-21,"GLKP",2.04591666666667,4.37594799140907
"Peak-weighted GNAR q=0.95 weight=4",2024-11-21,"LECU",7.708375,5.47204506321924
"Peak-weighted GNAR q=0.95 weight=4",2024-11-21,"SUN2",2.078375,4.42027234886022
"Peak-weighted GNAR q=0.95 weight=4",2024-11-21,"TRAN",4.71208333333333,4.43097335436123
"Peak-weighted GNAR q=0.95 weight=4",2024-11-21,"STOK",6.660875,5.45160030773588
"Peak-weighted GNAR q=0.95 weight=4",2024-11-21,"BEX",7.40170833333333,5.38907473826122
"Peak-weighted GNAR q=0.95 weight=4",2024-11-21,"SEND",7.66716666666667,5.1824690590055
"Peak-weighted GNAR q=0.95 weight=4",2024-11-21,"HUL2",6.64029166666667,5.56116104180853
"Peak-weighted GNAR q=0.95 weight=4",2024-11-21,"PEMB",2.55008333333333,4.18298952836891
"Peak-weighted GNAR q=0.95 weight=4",2024-11-21,"WFEN",6.02,4.86162629029444
"Peak-weighted GNAR q=0.95 weight=4",2024-11-21,"OSY",5.52970833333333,4.41364563176597
"Peak-weighted GNAR q=0.95 weight=4",2024-11-21,"ACTH",1.10158333333333,3.85516653377437
"Peak-weighted GNAR q=0.95 weight=4",2024-11-21,"COPP",4.99504166666667,5.23140271551378
"Peak-weighted GNAR q=0.95 weight=4",2024-11-22,"EB",3.676375,6.41226398982322
"Peak-weighted GNAR q=0.95 weight=4",2024-11-22,"IMGM",4.50570833333333,6.71413023323888
"Peak-weighted GNAR q=0.95 weight=4",2024-11-22,"PRES",5.89333333333333,7.04059962752959
"Peak-weighted GNAR q=0.95 weight=4",2024-11-22,"BIRR",4.59220833333333,10.0488517475713
"Peak-weighted GNAR q=0.95 weight=4",2024-11-22,"BLC2",4.46245833333333,6.74748119937229
"Peak-weighted GNAR q=0.95 weight=4",2024-11-22,"BOTR",4.2395,7.23111530249398
"Peak-weighted GNAR q=0.95 weight=4",2024-11-22,"GHSR",3.89254166666667,5.45521440206898
"Peak-weighted GNAR q=0.95 weight=4",2024-11-22,"LEAM",4.39270833333333,8.11453791738271
"Peak-weighted GNAR q=0.95 weight=4",2024-11-22,"NPT3",10.1985416666667,7.12853824458896
"Peak-weighted GNAR q=0.95 weight=4",2024-11-22,"REA1",5.406,6.98496275150403
"Peak-weighted GNAR q=0.95 weight=4",2024-11-22,"SOUT",7.35545833333333,6.96959006401819
"Peak-weighted GNAR q=0.95 weight=4",2024-11-22,"WREX",4.065625,5.89502159575208
"Peak-weighted GNAR q=0.95 weight=4",2024-11-22,"LEAR",4.68554166666667,7.68718590952344
"Peak-weighted GNAR q=0.95 weight=4",2024-11-22,"PLYM",7.18554166666667,6.36976268145219
"Peak-weighted GNAR q=0.95 weight=4",2024-11-22,"SHDG",4.303375,6.20530816511813
"Peak-weighted GNAR q=0.95 weight=4",2024-11-22,"SHE",4.23745833333333,6.69552177535966
"Peak-weighted GNAR q=0.95 weight=4",2024-11-22,"BEL2",7.104,6.7944817111649
"Peak-weighted GNAR q=0.95 weight=4",2024-11-22,"GLKP",3.05620833333333,5.12831156044689
"Peak-weighted GNAR q=0.95 weight=4",2024-11-22,"LECU",4.31804166666667,7.85023610974481
"Peak-weighted GNAR q=0.95 weight=4",2024-11-22,"SUN2",5.67525,5.14456059228204
"Peak-weighted GNAR q=0.95 weight=4",2024-11-22,"TRAN",4.880125,6.40223279803689
"Peak-weighted GNAR q=0.95 weight=4",2024-11-22,"STOK",4.29633333333333,7.34964654677126
"Peak-weighted GNAR q=0.95 weight=4",2024-11-22,"BEX",5.68791666666667,7.70268495194032
"Peak-weighted GNAR q=0.95 weight=4",2024-11-22,"SEND",4.852625,7.82604152275673
"Peak-weighted GNAR q=0.95 weight=4",2024-11-22,"HUL2",5.3685,7.34204343217242
"Peak-weighted GNAR q=0.95 weight=4",2024-11-22,"PEMB",3.95429166666667,5.36616073872201
"Peak-weighted GNAR q=0.95 weight=4",2024-11-22,"WFEN",3.42670833333333,7.03413490594103
"Peak-weighted GNAR q=0.95 weight=4",2024-11-22,"OSY",3.58381818181818,6.79256355850829
"Peak-weighted GNAR q=0.95 weight=4",2024-11-22,"ACTH",1.38570833333333,4.66898178999253
"Peak-weighted GNAR q=0.95 weight=4",2024-11-22,"COPP",4.31808333333333,6.55078925295048
"Peak-weighted GNAR q=0.95 weight=4",2024-11-23,"EB",7.41758333333333,5.10244083056787
"Peak-weighted GNAR q=0.95 weight=4",2024-11-23,"IMGM",3.779125,5.5034920941465
"Peak-weighted GNAR q=0.95 weight=4",2024-11-23,"PRES",3.53583333333333,6.17103389023821
"Peak-weighted GNAR q=0.95 weight=4",2024-11-23,"BIRR",3.84833333333333,5.60154005090477
"Peak-weighted GNAR q=0.95 weight=4",2024-11-23,"BLC2",4.57058333333333,5.48369205360747
"Peak-weighted GNAR q=0.95 weight=4",2024-11-23,"BOTR",3.33525,5.38508158907838
"Peak-weighted GNAR q=0.95 weight=4",2024-11-23,"GHSR",3.69208333333333,5.18931029276695
"Peak-weighted GNAR q=0.95 weight=4",2024-11-23,"LEAM",3.277375,5.47331844515608
"Peak-weighted GNAR q=0.95 weight=4",2024-11-23,"NPT3",6.45829166666667,8.2282431861855
"Peak-weighted GNAR q=0.95 weight=4",2024-11-23,"REA1",4.93125,5.93793180299696
"Peak-weighted GNAR q=0.95 weight=4",2024-11-23,"SOUT",7.70825,6.868242280829
"Peak-weighted GNAR q=0.95 weight=4",2024-11-23,"WREX",3.18195833333333,5.27957005535287
"Peak-weighted GNAR q=0.95 weight=4",2024-11-23,"LEAR",3.35595833333333,5.6058322753306
"Peak-weighted GNAR q=0.95 weight=4",2024-11-23,"PLYM",19.1442916666667,6.77661579690035
"Peak-weighted GNAR q=0.95 weight=4",2024-11-23,"SHDG",3.75104166666667,5.39832466926549
"Peak-weighted GNAR q=0.95 weight=4",2024-11-23,"SHE",4.110625,5.37516079131532
"Peak-weighted GNAR q=0.95 weight=4",2024-11-23,"BEL2",6.46525,6.74514473737106
"Peak-weighted GNAR q=0.95 weight=4",2024-11-23,"GLKP",3.58983333333333,4.78459682296225
"Peak-weighted GNAR q=0.95 weight=4",2024-11-23,"LECU",2.72308333333333,5.43312620572576
"Peak-weighted GNAR q=0.95 weight=4",2024-11-23,"SUN2",5.00491666666667,6.03523502568305
"Peak-weighted GNAR q=0.95 weight=4",2024-11-23,"TRAN",3.258625,5.67707538593569
"Peak-weighted GNAR q=0.95 weight=4",2024-11-23,"STOK",3.67533333333333,5.41423252479957
"Peak-weighted GNAR q=0.95 weight=4",2024-11-23,"BEX",5.61316666666667,6.08463005483909
"Peak-weighted GNAR q=0.95 weight=4",2024-11-23,"SEND",5.10125,5.68800959008826
"Peak-weighted GNAR q=0.95 weight=4",2024-11-23,"HUL2",5.04029166666667,5.9259350503239
"Peak-weighted GNAR q=0.95 weight=4",2024-11-23,"PEMB",8.36179166666667,5.21746210456602
"Peak-weighted GNAR q=0.95 weight=4",2024-11-23,"WFEN",3.98966666666667,4.99384051106492
"Peak-weighted GNAR q=0.95 weight=4",2024-11-23,"OSY",6.15283333333333,5.06485492526014
"Peak-weighted GNAR q=0.95 weight=4",2024-11-23,"ACTH",1.90458333333333,3.97938275920514
"Peak-weighted GNAR q=0.95 weight=4",2024-11-23,"COPP",2.99233333333333,5.41105150159326
"Peak-weighted GNAR q=0.95 weight=4",2024-11-24,"EB",9.05958333333333,7.17231779257863
"Peak-weighted GNAR q=0.95 weight=4",2024-11-24,"IMGM",3.15354166666667,5.44201072416145
"Peak-weighted GNAR q=0.95 weight=4",2024-11-24,"PRES",4.36525,5.33715864164819
"Peak-weighted GNAR q=0.95 weight=4",2024-11-24,"BIRR",4.06941666666667,5.47575629649214
"Peak-weighted GNAR q=0.95 weight=4",2024-11-24,"BLC2",6.98516666666667,5.81951386532133
"Peak-weighted GNAR q=0.95 weight=4",2024-11-24,"BOTR",3.08966666666667,5.22792971617525
"Peak-weighted GNAR q=0.95 weight=4",2024-11-24,"GHSR",5.49820833333333,5.39546259120551
"Peak-weighted GNAR q=0.95 weight=4",2024-11-24,"LEAM",4.8575,5.20154680316787
"Peak-weighted GNAR q=0.95 weight=4",2024-11-24,"NPT3",6.70104166666667,6.76744587161577
"Peak-weighted GNAR q=0.95 weight=4",2024-11-24,"REA1",10.8353333333333,5.99938534216446
"Peak-weighted GNAR q=0.95 weight=4",2024-11-24,"SOUT",12.8920416666667,7.34104554767392
"Peak-weighted GNAR q=0.95 weight=4",2024-11-24,"WREX",4.134375,5.15332987489944
"Peak-weighted GNAR q=0.95 weight=4",2024-11-24,"LEAR",4.67083333333333,5.24144832235447
"Peak-weighted GNAR q=0.95 weight=4",2024-11-24,"PLYM",18.1633333333333,12.7994177352137
"Peak-weighted GNAR q=0.95 weight=4",2024-11-24,"SHDG",1.872,5.42695568081723
"Peak-weighted GNAR q=0.95 weight=4",2024-11-24,"SHE",2.013625,5.5980899657539
"Peak-weighted GNAR q=0.95 weight=4",2024-11-24,"BEL2",5.54545833333333,6.74556913011337
"Peak-weighted GNAR q=0.95 weight=4",2024-11-24,"GLKP",5.2025,5.33983650803147
"Peak-weighted GNAR q=0.95 weight=4",2024-11-24,"LECU",4.08520833333333,4.93631076701462
"Peak-weighted GNAR q=0.95 weight=4",2024-11-24,"SUN2",3.82870833333333,6.03674752478808
"Peak-weighted GNAR q=0.95 weight=4",2024-11-24,"TRAN",4.34066666666667,5.19656426254832
"Peak-weighted GNAR q=0.95 weight=4",2024-11-24,"STOK",2.33983333333333,5.39075392772405
"Peak-weighted GNAR q=0.95 weight=4",2024-11-24,"BEX",10.0550833333333,6.32723929924878
"Peak-weighted GNAR q=0.95 weight=4",2024-11-24,"SEND",9.54895833333333,6.0760400425168
"Peak-weighted GNAR q=0.95 weight=4",2024-11-24,"HUL2",3.33929166666667,6.05113827947357
"Peak-weighted GNAR q=0.95 weight=4",2024-11-24,"PEMB",8.76279166666667,7.6253615662412
"Peak-weighted GNAR q=0.95 weight=4",2024-11-24,"WFEN",8.99175,5.53374053856363
"Peak-weighted GNAR q=0.95 weight=4",2024-11-24,"OSY",11.5222916666667,6.56775149510639
"Peak-weighted GNAR q=0.95 weight=4",2024-11-24,"ACTH",3.82179166666667,4.52166739523062
"Peak-weighted GNAR q=0.95 weight=4",2024-11-24,"COPP",2.79870833333333,5.06485551841959
"Peak-weighted GNAR q=0.95 weight=4",2024-11-25,"EB",5.30954166666667,8.75420400935469
"Peak-weighted GNAR q=0.95 weight=4",2024-11-25,"IMGM",4.09691666666667,5.90493397733128
"Peak-weighted GNAR q=0.95 weight=4",2024-11-25,"PRES",5.72633333333333,6.48144249940933
"Peak-weighted GNAR q=0.95 weight=4",2024-11-25,"BIRR",5.288875,6.34275144206207
"Peak-weighted GNAR q=0.95 weight=4",2024-11-25,"BLC2",7.41458333333333,7.74066007428698
"Peak-weighted GNAR q=0.95 weight=4",2024-11-25,"BOTR",4.315125,5.8708245322161
"Peak-weighted GNAR q=0.95 weight=4",2024-11-25,"GHSR",4.2285,7.02360792288846
"Peak-weighted GNAR q=0.95 weight=4",2024-11-25,"LEAM",4.8625,6.71434618827691
"Peak-weighted GNAR q=0.95 weight=4",2024-11-25,"NPT3",5.98275,7.62038564615529
"Peak-weighted GNAR q=0.95 weight=4",2024-11-25,"REA1",5.95329166666667,9.58173034584764
"Peak-weighted GNAR q=0.95 weight=4",2024-11-25,"SOUT",6.68141666666667,10.5862500210952
"Peak-weighted GNAR q=0.95 weight=4",2024-11-25,"WREX",4.63145833333333,6.36833735415711
"Peak-weighted GNAR q=0.95 weight=4",2024-11-25,"LEAR",4.60595833333333,6.6258683299563
"Peak-weighted GNAR q=0.95 weight=4",2024-11-25,"PLYM",8.88270833333333,13.1959753840475
"Peak-weighted GNAR q=0.95 weight=4",2024-11-25,"SHDG",4.15191666666667,5.29287606567559
"Peak-weighted GNAR q=0.95 weight=4",2024-11-25,"SHE",4.49591666666667,5.36341826463919
"Peak-weighted GNAR q=0.95 weight=4",2024-11-25,"BEL2",4.81920833333333,7.06874767356211
"Peak-weighted GNAR q=0.95 weight=4",2024-11-25,"GLKP",3.87391666666667,6.88159924510878
"Peak-weighted GNAR q=0.95 weight=4",2024-11-25,"LECU",4.47129166666667,6.34112776655223
"Peak-weighted GNAR q=0.95 weight=4",2024-11-25,"SUN2",4.83891666666667,6.23725131994574
"Peak-weighted GNAR q=0.95 weight=4",2024-11-25,"TRAN",3.93766666666667,6.46744870906397
"Peak-weighted GNAR q=0.95 weight=4",2024-11-25,"STOK",4.33183333333333,5.51561096130851
"Peak-weighted GNAR q=0.95 weight=4",2024-11-25,"BEX",5.93941666666667,9.21477889334904
"Peak-weighted GNAR q=0.95 weight=4",2024-11-25,"SEND",4.892875,8.96897790773225
"Peak-weighted GNAR q=0.95 weight=4",2024-11-25,"HUL2",5.40195833333333,6.00388375010114
"Peak-weighted GNAR q=0.95 weight=4",2024-11-25,"PEMB",5.14341666666667,8.6201994108601
"Peak-weighted GNAR q=0.95 weight=4",2024-11-25,"WFEN",4.43404166666667,8.69390582352581
"Peak-weighted GNAR q=0.95 weight=4",2024-11-25,"OSY",5.33116666666667,9.91964295720568
"Peak-weighted GNAR q=0.95 weight=4",2024-11-25,"ACTH",2.45966666666667,6.20870326212387
"Peak-weighted GNAR q=0.95 weight=4",2024-11-25,"COPP",4.59904166666667,5.72912384130444
"Peak-weighted GNAR q=0.95 weight=4",2024-11-26,"EB",6.14983333333333,5.8569119853552
"Peak-weighted GNAR q=0.95 weight=4",2024-11-26,"IMGM",5.304625,5.22989198423956
"Peak-weighted GNAR q=0.95 weight=4",2024-11-26,"PRES",10.5945833333333,6.01766941086728
"Peak-weighted GNAR q=0.95 weight=4",2024-11-26,"BIRR",11.2687083333333,5.80641059035122
"Peak-weighted GNAR q=0.95 weight=4",2024-11-26,"BLC2",6.58808333333333,6.84500184641375
"Peak-weighted GNAR q=0.95 weight=4",2024-11-26,"BOTR",8.75204166666667,5.33354812648925
"Peak-weighted GNAR q=0.95 weight=4",2024-11-26,"GHSR",6.51833333333333,5.3118046024864
"Peak-weighted GNAR q=0.95 weight=4",2024-11-26,"LEAM",5.46391666666667,5.60926943956507
"Peak-weighted GNAR q=0.95 weight=4",2024-11-26,"NPT3",6.40041666666667,6.15910726235978
"Peak-weighted GNAR q=0.95 weight=4",2024-11-26,"REA1",7.15520833333333,6.17870878578702
"Peak-weighted GNAR q=0.95 weight=4",2024-11-26,"SOUT",6.9655,6.54307544526515
"Peak-weighted GNAR q=0.95 weight=4",2024-11-26,"WREX",6.56445833333333,5.49307793259155
"Peak-weighted GNAR q=0.95 weight=4",2024-11-26,"LEAR",5.05116666666667,5.48527217501118
"Peak-weighted GNAR q=0.95 weight=4",2024-11-26,"PLYM",5.99058333333333,7.63693254633801
"Peak-weighted GNAR q=0.95 weight=4",2024-11-26,"SHDG",6.76983333333333,5.24571433822326
"Peak-weighted GNAR q=0.95 weight=4",2024-11-26,"SHE",7.84,5.41109888748754
"Peak-weighted GNAR q=0.95 weight=4",2024-11-26,"BEL2",11.8642083333333,5.5942033056771
"Peak-weighted GNAR q=0.95 weight=4",2024-11-26,"GLKP",5.504125,5.14011269827814
"Peak-weighted GNAR q=0.95 weight=4",2024-11-26,"LECU",6.16154166666667,5.41621134880711
"Peak-weighted GNAR q=0.95 weight=4",2024-11-26,"SUN2",5.562,5.58963294399416
"Peak-weighted GNAR q=0.95 weight=4",2024-11-26,"TRAN",6.88379166666667,5.16353012034208
"Peak-weighted GNAR q=0.95 weight=4",2024-11-26,"STOK",5.74395833333333,5.33541909012201
"Peak-weighted GNAR q=0.95 weight=4",2024-11-26,"BEX",7.90104166666667,6.16573107719246
"Peak-weighted GNAR q=0.95 weight=4",2024-11-26,"SEND",6.286375,5.66197338029393
"Peak-weighted GNAR q=0.95 weight=4",2024-11-26,"HUL2",6.87208333333333,5.8544530605477
"Peak-weighted GNAR q=0.95 weight=4",2024-11-26,"PEMB",2.90875,5.77518439113155
"Peak-weighted GNAR q=0.95 weight=4",2024-11-26,"WFEN",5.32820833333333,5.43838141132049
"Peak-weighted GNAR q=0.95 weight=4",2024-11-26,"OSY",4.83491666666667,5.88728988294558
"Peak-weighted GNAR q=0.95 weight=4",2024-11-26,"ACTH",1.41808333333333,4.45368324192799
"Peak-weighted GNAR q=0.95 weight=4",2024-11-26,"COPP",6.14495833333333,5.46672538286386
"Peak-weighted GNAR q=0.95 weight=4",2024-11-27,"EB",4.45566666666667,7.56529872709223
"Peak-weighted GNAR q=0.95 weight=4",2024-11-27,"IMGM",5.18275,7.15190789060903
"Peak-weighted GNAR q=0.95 weight=4",2024-11-27,"PRES",15.4864583333333,9.69068995993523
"Peak-weighted GNAR q=0.95 weight=4",2024-11-27,"BIRR",9.210875,10.0089661959746
"Peak-weighted GNAR q=0.95 weight=4",2024-11-27,"BLC2",7.79575,7.79166783461495
"Peak-weighted GNAR q=0.95 weight=4",2024-11-27,"BOTR",10.3450833333333,8.79953860346811
"Peak-weighted GNAR q=0.95 weight=4",2024-11-27,"GHSR",5.9375,7.7324238423401
"Peak-weighted GNAR q=0.95 weight=4",2024-11-27,"LEAM",9.30625,7.23419049551985
"Peak-weighted GNAR q=0.95 weight=4",2024-11-27,"NPT3",6.48691666666667,7.69041327958143
"Peak-weighted GNAR q=0.95 weight=4",2024-11-27,"REA1",5.57795833333333,8.05052345157163
"Peak-weighted GNAR q=0.95 weight=4",2024-11-27,"SOUT",5.40891666666667,7.96588265057284
"Peak-weighted GNAR q=0.95 weight=4",2024-11-27,"WREX",9.259125,7.75772596003758
"Peak-weighted GNAR q=0.95 weight=4",2024-11-27,"LEAR",8.81379166666667,7.03504779374201
"Peak-weighted GNAR q=0.95 weight=4",2024-11-27,"PLYM",5.11895833333333,7.51836633291191
"Peak-weighted GNAR q=0.95 weight=4",2024-11-27,"SHDG",9.66295833333333,7.85187049438033
"Peak-weighted GNAR q=0.95 weight=4",2024-11-27,"SHE",10.4314583333333,8.36558697851794
"Peak-weighted GNAR q=0.95 weight=4",2024-11-27,"BEL2",24.42025,10.2894432824641
"Peak-weighted GNAR q=0.95 weight=4",2024-11-27,"GLKP",5.54045833333333,7.24533661411523
"Peak-weighted GNAR q=0.95 weight=4",2024-11-27,"LECU",8.85229166666667,7.56406263345044
"Peak-weighted GNAR q=0.95 weight=4",2024-11-27,"SUN2",5.87858333333333,7.28082506591244
"Peak-weighted GNAR q=0.95 weight=4",2024-11-27,"TRAN",8.842375,7.90453145959268
"Peak-weighted GNAR q=0.95 weight=4",2024-11-27,"STOK",10.6938333333333,7.36356582450685
"Peak-weighted GNAR q=0.95 weight=4",2024-11-27,"BEX",6.45054166666667,8.40648366140955
"Peak-weighted GNAR q=0.95 weight=4",2024-11-27,"SEND",5.05016666666667,7.62709307671352
"Peak-weighted GNAR q=0.95 weight=4",2024-11-27,"HUL2",8.65279166666667,7.91086539279616
"Peak-weighted GNAR q=0.95 weight=4",2024-11-27,"PEMB",3.387375,6.01659908011007
"Peak-weighted GNAR q=0.95 weight=4",2024-11-27,"WFEN",5.29191666666667,7.16591216410179
"Peak-weighted GNAR q=0.95 weight=4",2024-11-27,"OSY",4.355375,6.93771181088378
"Peak-weighted GNAR q=0.95 weight=4",2024-11-27,"ACTH",1.82004166666667,5.28307640929834
"Peak-weighted GNAR q=0.95 weight=4",2024-11-27,"COPP",9.84670833333333,7.55718573992375
"Peak-weighted GNAR q=0.95 weight=4",2024-11-28,"EB",10.18275,7.25366582717346
"Peak-weighted GNAR q=0.95 weight=4",2024-11-28,"IMGM",7.44895833333333,7.59390495248983
"Peak-weighted GNAR q=0.95 weight=4",2024-11-28,"PRES",8.507375,12.5561420487303
"Peak-weighted GNAR q=0.95 weight=4",2024-11-28,"BIRR",17.06675,9.5655639448014
"Peak-weighted GNAR q=0.95 weight=4",2024-11-28,"BLC2",8.578,8.85184562098988
"Peak-weighted GNAR q=0.95 weight=4",2024-11-28,"BOTR",14.1294166666667,10.0865606542784
"Peak-weighted GNAR q=0.95 weight=4",2024-11-28,"GHSR",6.12433333333333,7.96411830308209
"Peak-weighted GNAR q=0.95 weight=4",2024-11-28,"LEAM",16.1920833333333,9.56382929624698
"Peak-weighted GNAR q=0.95 weight=4",2024-11-28,"NPT3",9.640375,8.22545873281573
"Peak-weighted GNAR q=0.95 weight=4",2024-11-28,"REA1",17.1177916666667,7.79765320804096
"Peak-weighted GNAR q=0.95 weight=4",2024-11-28,"SOUT",9.35729166666667,7.71540512536518
"Peak-weighted GNAR q=0.95 weight=4",2024-11-28,"WREX",7.51875,9.55029271989686
"Peak-weighted GNAR q=0.95 weight=4",2024-11-28,"LEAR",15.4992083333333,9.32536051514428
"Peak-weighted GNAR q=0.95 weight=4",2024-11-28,"PLYM",8.01891666666667,7.56903549292462
"Peak-weighted GNAR q=0.95 weight=4",2024-11-28,"SHDG",9.54016666666667,9.74476180852002
"Peak-weighted GNAR q=0.95 weight=4",2024-11-28,"SHE",9.16479166666667,10.1203707812561
"Peak-weighted GNAR q=0.95 weight=4",2024-11-28,"BEL2",11.244125,16.8316207650441
"Peak-weighted GNAR q=0.95 weight=4",2024-11-28,"GLKP",6.27066666666667,7.76630536175314
"Peak-weighted GNAR q=0.95 weight=4",2024-11-28,"LECU",14.1775,9.35278280535941
"Peak-weighted GNAR q=0.95 weight=4",2024-11-28,"SUN2",7.20333333333333,7.92820311477653
"Peak-weighted GNAR q=0.95 weight=4",2024-11-28,"TRAN",11.9262083333333,9.35392968564527
"Peak-weighted GNAR q=0.95 weight=4",2024-11-28,"STOK",12.2150833333333,10.2285649465052
"Peak-weighted GNAR q=0.95 weight=4",2024-11-28,"BEX",18.4553333333333,8.22031225187142
"Peak-weighted GNAR q=0.95 weight=4",2024-11-28,"SEND",11.0839583333333,7.53860183438064
"Peak-weighted GNAR q=0.95 weight=4",2024-11-28,"HUL2",9.16091666666667,9.26332411983733
"Peak-weighted GNAR q=0.95 weight=4",2024-11-28,"PEMB",5.06579166666667,6.71725363157332
"Peak-weighted GNAR q=0.95 weight=4",2024-11-28,"WFEN",11.073125,7.64621496672389
"Peak-weighted GNAR q=0.95 weight=4",2024-11-28,"OSY",10.4304583333333,7.19507759425752
"Peak-weighted GNAR q=0.95 weight=4",2024-11-28,"ACTH",1.95566666666667,5.95684426733978
"Peak-weighted GNAR q=0.95 weight=4",2024-11-28,"COPP",14.5460416666667,9.82739876426757
"Peak-weighted GNAR q=0.95 weight=4",2024-11-29,"EB",4.48308333333333,11.4104900544077
"Peak-weighted GNAR q=0.95 weight=4",2024-11-29,"IMGM",5.50725,10.1112532262866
"Peak-weighted GNAR q=0.95 weight=4",2024-11-29,"PRES",6.18025,10.7004616885906
"Peak-weighted GNAR q=0.95 weight=4",2024-11-29,"BIRR",7.75154166666667,14.7357472654885
"Peak-weighted GNAR q=0.95 weight=4",2024-11-29,"BLC2",7.02054166666667,10.6715540138636
"Peak-weighted GNAR q=0.95 weight=4",2024-11-29,"BOTR",9.082125,13.342651479875
"Peak-weighted GNAR q=0.95 weight=4",2024-11-29,"GHSR",5.52391666666667,9.48500120696695
"Peak-weighted GNAR q=0.95 weight=4",2024-11-29,"LEAM",5.28008333333333,14.3189435394336
"Peak-weighted GNAR q=0.95 weight=4",2024-11-29,"NPT3",6.36008333333333,11.1680916521842
"Peak-weighted GNAR q=0.95 weight=4",2024-11-29,"REA1",7.88633333333333,14.7305326655076
"Peak-weighted GNAR q=0.95 weight=4",2024-11-29,"SOUT",5.348875,11.0241648540148
"Peak-weighted GNAR q=0.95 weight=4",2024-11-29,"WREX",6.85541666666667,10.1777667307466
"Peak-weighted GNAR q=0.95 weight=4",2024-11-29,"LEAR",4.83104166666667,13.9841434575813
"Peak-weighted GNAR q=0.95 weight=4",2024-11-29,"PLYM",11.0249583333333,10.3828413264535
"Peak-weighted GNAR q=0.95 weight=4",2024-11-29,"SHDG",8.34916666666667,11.1461129505036
"Peak-weighted GNAR q=0.95 weight=4",2024-11-29,"SHE",10.0806666666667,10.9731605783803
"Peak-weighted GNAR q=0.95 weight=4",2024-11-29,"BEL2",8.47183333333333,12.0797791055933
"Peak-weighted GNAR q=0.95 weight=4",2024-11-29,"GLKP",5.60629166666667,9.55163006634538
"Peak-weighted GNAR q=0.95 weight=4",2024-11-29,"LECU",6.13416666666667,13.3534514997992
"Peak-weighted GNAR q=0.95 weight=4",2024-11-29,"SUN2",10.8815416666667,9.99965393182153
"Peak-weighted GNAR q=0.95 weight=4",2024-11-29,"TRAN",7.126625,12.278566797726
"Peak-weighted GNAR q=0.95 weight=4",2024-11-29,"STOK",8.04241666666667,12.4315568828471
"Peak-weighted GNAR q=0.95 weight=4",2024-11-29,"BEX",7.95995833333333,15.3762026447999
"Peak-weighted GNAR q=0.95 weight=4",2024-11-29,"SEND",5.45208333333333,11.8455828445751
"Peak-weighted GNAR q=0.95 weight=4",2024-11-29,"HUL2",6.486875,10.9568269568689
"Peak-weighted GNAR q=0.95 weight=4",2024-11-29,"PEMB",5.70270833333333,8.95887027708744
"Peak-weighted GNAR q=0.95 weight=4",2024-11-29,"WFEN",6.02408333333333,11.8423793951111
"Peak-weighted GNAR q=0.95 weight=4",2024-11-29,"OSY",5.369625,11.5279334456573
"Peak-weighted GNAR q=0.95 weight=4",2024-11-29,"ACTH",3.20258333333333,7.46128230895539
"Peak-weighted GNAR q=0.95 weight=4",2024-11-29,"COPP",8.28529166666667,13.537496905834
"Peak-weighted GNAR q=0.95 weight=4",2024-11-30,"EB",7.90779166666667,5.49421238457615
"Peak-weighted GNAR q=0.95 weight=4",2024-11-30,"IMGM",8.44545833333333,5.9609053360078
"Peak-weighted GNAR q=0.95 weight=4",2024-11-30,"PRES",5.81270833333333,6.29082534616396
"Peak-weighted GNAR q=0.95 weight=4",2024-11-30,"BIRR",8.45920833333333,7.11068477609703
"Peak-weighted GNAR q=0.95 weight=4",2024-11-30,"BLC2",5.71825,6.69256961084191
"Peak-weighted GNAR q=0.95 weight=4",2024-11-30,"BOTR",8.18995833333333,7.7220086882229
"Peak-weighted GNAR q=0.95 weight=4",2024-11-30,"GHSR",3.408,5.95807589502026
"Peak-weighted GNAR q=0.95 weight=4",2024-11-30,"LEAM",7.194375,5.92364722391092
"Peak-weighted GNAR q=0.95 weight=4",2024-11-30,"NPT3",9.12341666666667,6.38590674667699
"Peak-weighted GNAR q=0.95 weight=4",2024-11-30,"REA1",8.82075,7.17545218242913
"Peak-weighted GNAR q=0.95 weight=4",2024-11-30,"SOUT",9.809375,5.90083399064433
"Peak-weighted GNAR q=0.95 weight=4",2024-11-30,"WREX",4.43591666666667,6.60511075657571
"Peak-weighted GNAR q=0.95 weight=4",2024-11-30,"LEAR",6.63529166666667,5.70362522905092
"Peak-weighted GNAR q=0.95 weight=4",2024-11-30,"PLYM",16.791625,8.59979189049087
"Peak-weighted GNAR q=0.95 weight=4",2024-11-30,"SHDG",7.71429166666667,7.33471210024341
"Peak-weighted GNAR q=0.95 weight=4",2024-11-30,"SHE",9.87633333333333,8.15830222733278
"Peak-weighted GNAR q=0.95 weight=4",2024-11-30,"BEL2",7.15904166666667,7.40715048424016
"Peak-weighted GNAR q=0.95 weight=4",2024-11-30,"GLKP",3.511125,5.99859467335948
"Peak-weighted GNAR q=0.95 weight=4",2024-11-30,"LECU",7.56483333333333,6.31499606641269
"Peak-weighted GNAR q=0.95 weight=4",2024-11-30,"SUN2",7.95020833333333,8.52468112508272
"Peak-weighted GNAR q=0.95 weight=4",2024-11-30,"TRAN",5.25845833333333,6.77047991786355
"Peak-weighted GNAR q=0.95 weight=4",2024-11-30,"STOK",8.41595833333333,7.21004633732552
"Peak-weighted GNAR q=0.95 weight=4",2024-11-30,"BEX",11.1162916666667,7.2214935414824
"Peak-weighted GNAR q=0.95 weight=4",2024-11-30,"SEND",12.3005833333333,5.96416755715198
"Peak-weighted GNAR q=0.95 weight=4",2024-11-30,"HUL2",10.7617083333333,6.44253497395417
"Peak-weighted GNAR q=0.95 weight=4",2024-11-30,"PEMB",7.961,6.03481432487817
"Peak-weighted GNAR q=0.95 weight=4",2024-11-30,"WFEN",10.9219166666667,6.23716162102929
"Peak-weighted GNAR q=0.95 weight=4",2024-11-30,"OSY",10.6446666666667,5.91947915029508
"Peak-weighted GNAR q=0.95 weight=4",2024-11-30,"ACTH",1.31095833333333,4.81588755705192
"Peak-weighted GNAR q=0.95 weight=4",2024-11-30,"COPP",6.41804166666667,7.34497981503719
"Peak-weighted GNAR q=0.95 weight=4",2024-12-01,"EB",7.67304166666667,8.84767861277166
"Peak-weighted GNAR q=0.95 weight=4",2024-12-01,"IMGM",6.55470833333333,9.11270935001846
"Peak-weighted GNAR q=0.95 weight=4",2024-12-01,"PRES",4.07233333333333,7.86127108901377
"Peak-weighted GNAR q=0.95 weight=4",2024-12-01,"BIRR",4.69445833333333,9.13754903137037
"Peak-weighted GNAR q=0.95 weight=4",2024-12-01,"BLC2",4.30525,7.8230175865246
"Peak-weighted GNAR q=0.95 weight=4",2024-12-01,"BOTR",8.68133333333333,9.0198395216561
"Peak-weighted GNAR q=0.95 weight=4",2024-12-01,"GHSR",4.565625,6.70787897518428
"Peak-weighted GNAR q=0.95 weight=4",2024-12-01,"LEAM",4.31408333333333,8.51357162151817
"Peak-weighted GNAR q=0.95 weight=4",2024-12-01,"NPT3",5.51895833333333,9.44332249141829
"Peak-weighted GNAR q=0.95 weight=4",2024-12-01,"REA1",5.55825,9.31125261936875
"Peak-weighted GNAR q=0.95 weight=4",2024-12-01,"SOUT",6.63520833333333,9.7625761268966
"Peak-weighted GNAR q=0.95 weight=4",2024-12-01,"WREX",3.81591666666667,7.20946579367191
"Peak-weighted GNAR q=0.95 weight=4",2024-12-01,"LEAR",4.17645833333333,8.24299943926651
"Peak-weighted GNAR q=0.95 weight=4",2024-12-01,"PLYM",9.572625,13.1422381752594
"Peak-weighted GNAR q=0.95 weight=4",2024-12-01,"SHDG",3.95054166666667,8.78677991310823
"Peak-weighted GNAR q=0.95 weight=4",2024-12-01,"SHE",7.02941666666667,9.83307399042292
"Peak-weighted GNAR q=0.95 weight=4",2024-12-01,"BEL2",5.12575,8.52269323248449
"Peak-weighted GNAR q=0.95 weight=4",2024-12-01,"GLKP",4.05658333333333,6.75778333650349
"Peak-weighted GNAR q=0.95 weight=4",2024-12-01,"LECU",4.46154166666667,8.69738934562443
"Peak-weighted GNAR q=0.95 weight=4",2024-12-01,"SUN2",4.60591666666667,8.92003149738278
"Peak-weighted GNAR q=0.95 weight=4",2024-12-01,"TRAN",3.67625,7.6043692585927
"Peak-weighted GNAR q=0.95 weight=4",2024-12-01,"STOK",3.80808333333333,9.11926935150195
"Peak-weighted GNAR q=0.95 weight=4",2024-12-01,"BEX",7.69266666666667,10.407781779924
"Peak-weighted GNAR q=0.95 weight=4",2024-12-01,"SEND",8.87779166666667,10.9527606930272
"Peak-weighted GNAR q=0.95 weight=4",2024-12-01,"HUL2",7.821375,10.2265025444349
"Peak-weighted GNAR q=0.95 weight=4",2024-12-01,"PEMB",3.7195,8.88301252472824
"Peak-weighted GNAR q=0.95 weight=4",2024-12-01,"WFEN",7.86566666666667,10.2992201583673
"Peak-weighted GNAR q=0.95 weight=4",2024-12-01,"OSY",10.819625,10.1615271780001
"Peak-weighted GNAR q=0.95 weight=4",2024-12-01,"ACTH",1.359125,5.68781397894576
"Peak-weighted GNAR q=0.95 weight=4",2024-12-01,"COPP",3.431625,8.16740854883904
"Peak-weighted GNAR q=0.95 weight=4",2024-12-02,"EB",2.54329166666667,6.87813227951409
"Peak-weighted GNAR q=0.95 weight=4",2024-12-02,"IMGM",3.62320833333333,6.34859961717049
"Peak-weighted GNAR q=0.95 weight=4",2024-12-02,"PRES",4.20304166666667,5.14203424460944
"Peak-weighted GNAR q=0.95 weight=4",2024-12-02,"BIRR",3.74016666666667,5.46059740425315
"Peak-weighted GNAR q=0.95 weight=4",2024-12-02,"BLC2",4.03791666666667,5.25246334972742
"Peak-weighted GNAR q=0.95 weight=4",2024-12-02,"BOTR",3.50433333333333,7.36180510615325
"Peak-weighted GNAR q=0.95 weight=4",2024-12-02,"GHSR",2.96870833333333,5.35795838944001
"Peak-weighted GNAR q=0.95 weight=4",2024-12-02,"LEAM",2.58058333333333,5.26870057352017
"Peak-weighted GNAR q=0.95 weight=4",2024-12-02,"NPT3",2.23083333333333,5.85963599783147
"Peak-weighted GNAR q=0.95 weight=4",2024-12-02,"REA1",2.98345833333333,5.87592988455982
"Peak-weighted GNAR q=0.95 weight=4",2024-12-02,"SOUT",2.793875,6.39813798603694
"Peak-weighted GNAR q=0.95 weight=4",2024-12-02,"WREX",2.19429166666667,5.00840550295734
"Peak-weighted GNAR q=0.95 weight=4",2024-12-02,"LEAR",2.436125,5.19844351799611
"Peak-weighted GNAR q=0.95 weight=4",2024-12-02,"PLYM",5.8195,7.85736564670892
"Peak-weighted GNAR q=0.95 weight=4",2024-12-02,"SHDG",3.85908333333333,5.09937342379352
"Peak-weighted GNAR q=0.95 weight=4",2024-12-02,"SHE",3.17804166666667,6.5868848171543
"Peak-weighted GNAR q=0.95 weight=4",2024-12-02,"BEL2",4.54991666666667,5.65591597310611
"Peak-weighted GNAR q=0.95 weight=4",2024-12-02,"GLKP",2.623875,5.11577320569363
"Peak-weighted GNAR q=0.95 weight=4",2024-12-02,"LECU",3.126,5.34211625730635
"Peak-weighted GNAR q=0.95 weight=4",2024-12-02,"SUN2",3.81195833333333,5.41418137265523
"Peak-weighted GNAR q=0.95 weight=4",2024-12-02,"TRAN",3.816875,4.94842425517766
"Peak-weighted GNAR q=0.95 weight=4",2024-12-02,"STOK",3.40904166666667,5.03707510638087
"Peak-weighted GNAR q=0.95 weight=4",2024-12-02,"BEX",3.07791666666667,6.91362830437998
"Peak-weighted GNAR q=0.95 weight=4",2024-12-02,"SEND",2.84308333333333,7.48907027322858
"Peak-weighted GNAR q=0.95 weight=4",2024-12-02,"HUL2",4.34945833333333,6.97218843367601
"Peak-weighted GNAR q=0.95 weight=4",2024-12-02,"PEMB",3.6655,4.99107924218693
"Peak-weighted GNAR q=0.95 weight=4",2024-12-02,"WFEN",2.39775,6.99463858128231
"Peak-weighted GNAR q=0.95 weight=4",2024-12-02,"OSY",2.74183333333333,8.40264960485034
"Peak-weighted GNAR q=0.95 weight=4",2024-12-02,"ACTH",1.45254166666667,3.81004599918783
"Peak-weighted GNAR q=0.95 weight=4",2024-12-02,"COPP",2.56095833333333,4.8410786804012
"Peak-weighted GNAR q=0.95 weight=4",2024-12-03,"EB",10.7675833333333,3.49015989914037
"Peak-weighted GNAR q=0.95 weight=4",2024-12-03,"IMGM",6.90458333333333,3.99662345593978
"Peak-weighted GNAR q=0.95 weight=4",2024-12-03,"PRES",6.40041666666667,4.2532315891717
"Peak-weighted GNAR q=0.95 weight=4",2024-12-03,"BIRR",14.3180416666667,4.03731333948526
"Peak-weighted GNAR q=0.95 weight=4",2024-12-03,"BLC2",5.97,4.17629481147703
"Peak-weighted GNAR q=0.95 weight=4",2024-12-03,"BOTR",9.9755,3.95718760804497
"Peak-weighted GNAR q=0.95 weight=4",2024-12-03,"GHSR",3.74404166666667,3.66795726006326
"Peak-weighted GNAR q=0.95 weight=4",2024-12-03,"LEAM",9.31016666666667,3.48061165623878
"Peak-weighted GNAR q=0.95 weight=4",2024-12-03,"NPT3",8.1545,3.32344647304939
"Peak-weighted GNAR q=0.95 weight=4",2024-12-03,"REA1",7.39291666666667,3.68308207176903
"Peak-weighted GNAR q=0.95 weight=4",2024-12-03,"SOUT",8.60070833333333,3.6013414877959
"Peak-weighted GNAR q=0.95 weight=4",2024-12-03,"WREX",5.962,3.29213305573994
"Peak-weighted GNAR q=0.95 weight=4",2024-12-03,"LEAR",9.495875,3.41052417740907
"Peak-weighted GNAR q=0.95 weight=4",2024-12-03,"PLYM",11.97825,5.06974430534301
"Peak-weighted GNAR q=0.95 weight=4",2024-12-03,"SHDG",8.06695833333333,4.08802843453624
"Peak-weighted GNAR q=0.95 weight=4",2024-12-03,"SHE",9.04975,3.78795904831427
"Peak-weighted GNAR q=0.95 weight=4",2024-12-03,"BEL2",11.06825,4.42741340480062
"Peak-weighted GNAR q=0.95 weight=4",2024-12-03,"GLKP",3.37566666666667,3.49918300014418
"Peak-weighted GNAR q=0.95 weight=4",2024-12-03,"LECU",9.08020833333333,3.74220336079226
"Peak-weighted GNAR q=0.95 weight=4",2024-12-03,"SUN2",6.75229166666667,4.07086687862691
"Peak-weighted GNAR q=0.95 weight=4",2024-12-03,"TRAN",7.425375,4.06564392743666
"Peak-weighted GNAR q=0.95 weight=4",2024-12-03,"STOK",11.1528333333333,3.87201105043231
"Peak-weighted GNAR q=0.95 weight=4",2024-12-03,"BEX",10.7469583333333,3.74555853997055
"Peak-weighted GNAR q=0.95 weight=4",2024-12-03,"SEND",8.70970833333333,3.64309565420032
"Peak-weighted GNAR q=0.95 weight=4",2024-12-03,"HUL2",7.75941666666667,4.3536616724276
"Peak-weighted GNAR q=0.95 weight=4",2024-12-03,"PEMB",3.148625,3.99372717731712
"Peak-weighted GNAR q=0.95 weight=4",2024-12-03,"WFEN",6.41316666666667,3.42224443542099
"Peak-weighted GNAR q=0.95 weight=4",2024-12-03,"OSY",7.034125,3.61056952008555
"Peak-weighted GNAR q=0.95 weight=4",2024-12-03,"ACTH",2.32316666666667,2.91800372821041
"Peak-weighted GNAR q=0.95 weight=4",2024-12-03,"COPP",9.66795833333333,3.46405652278929
"Peak-weighted GNAR q=0.95 weight=4",2024-12-04,"EB",7.09808333333333,11.2152954788027
"Peak-weighted GNAR q=0.95 weight=4",2024-12-04,"IMGM",11.6440416666667,9.37982899051471
"Peak-weighted GNAR q=0.95 weight=4",2024-12-04,"PRES",6.958625,9.1438530350163
"Peak-weighted GNAR q=0.95 weight=4",2024-12-04,"BIRR",9.89491666666667,12.9200892459247
"Peak-weighted GNAR q=0.95 weight=4",2024-12-04,"BLC2",7.40770833333333,8.93702037712068
"Peak-weighted GNAR q=0.95 weight=4",2024-12-04,"BOTR",9.813375,10.8449675038342
"Peak-weighted GNAR q=0.95 weight=4",2024-12-04,"GHSR",4.34458333333333,7.86560444617283
"Peak-weighted GNAR q=0.95 weight=4",2024-12-04,"LEAM",8.37658333333333,10.5198042742525
"Peak-weighted GNAR q=0.95 weight=4",2024-12-04,"NPT3",8.84925,9.96522185108886
"Peak-weighted GNAR q=0.95 weight=4",2024-12-04,"REA1",8.01508333333333,9.60775795056393
"Peak-weighted GNAR q=0.95 weight=4",2024-12-04,"SOUT",10.6781666666667,10.1828339365041
"Peak-weighted GNAR q=0.95 weight=4",2024-12-04,"WREX",5.24870833333333,8.91818845837946
"Peak-weighted GNAR q=0.95 weight=4",2024-12-04,"LEAR",7.92858333333333,10.6072881900985
"Peak-weighted GNAR q=0.95 weight=4",2024-12-04,"PLYM",6.08891666666667,11.8199658807763
"Peak-weighted GNAR q=0.95 weight=4",2024-12-04,"SHDG",8.71170833333333,9.93668680228478
"Peak-weighted GNAR q=0.95 weight=4",2024-12-04,"SHE",9.56670833333333,10.4003421281486
"Peak-weighted GNAR q=0.95 weight=4",2024-12-04,"BEL2",5.98270833333333,11.3751786187788
"Peak-weighted GNAR q=0.95 weight=4",2024-12-04,"GLKP",4.40154166666667,7.68692814825336
"Peak-weighted GNAR q=0.95 weight=4",2024-12-04,"LECU",9.421375,10.4144596674313
"Peak-weighted GNAR q=0.95 weight=4",2024-12-04,"SUN2",8.18495833333333,9.30865941091648
"Peak-weighted GNAR q=0.95 weight=4",2024-12-04,"TRAN",5.21325,9.63004058512291
"Peak-weighted GNAR q=0.95 weight=4",2024-12-04,"STOK",8.84345833333333,11.4062699910451
"Peak-weighted GNAR q=0.95 weight=4",2024-12-04,"BEX",9.44975,11.2098021982313
"Peak-weighted GNAR q=0.95 weight=4",2024-12-04,"SEND",8.83070833333333,10.2352730449587
"Peak-weighted GNAR q=0.95 weight=4",2024-12-04,"HUL2",13.28225,9.79385442365663
"Peak-weighted GNAR q=0.95 weight=4",2024-12-04,"PEMB",2.239625,7.58701661684033
"Peak-weighted GNAR q=0.95 weight=4",2024-12-04,"WFEN",9.52445833333333,9.13523965739976
"Peak-weighted GNAR q=0.95 weight=4",2024-12-04,"OSY",7.99641666666667,9.43449731733187
"Peak-weighted GNAR q=0.95 weight=4",2024-12-04,"ACTH",2.54320833333333,7.17490907165858
"Peak-weighted GNAR q=0.95 weight=4",2024-12-04,"COPP",5.46683333333333,10.690460139561
"Peak-weighted GNAR q=0.95 weight=4",2024-12-05,"EB",3.66945833333333,8.02937222669918
"Peak-weighted GNAR q=0.95 weight=4",2024-12-05,"IMGM",2.96983333333333,10.1682317728042
"Peak-weighted GNAR q=0.95 weight=4",2024-12-05,"PRES",5.49529166666667,7.92723079272355
"Peak-weighted GNAR q=0.95 weight=4",2024-12-05,"BIRR",2.42441666666667,9.39353809188606
"Peak-weighted GNAR q=0.95 weight=4",2024-12-05,"BLC2",6.615625,8.13812574771153
"Peak-weighted GNAR q=0.95 weight=4",2024-12-05,"BOTR",2.00575,9.31924755507195
"Peak-weighted GNAR q=0.95 weight=4",2024-12-05,"GHSR",5.79025,6.6576131937593
"Peak-weighted GNAR q=0.95 weight=4",2024-12-05,"LEAM",1.58716666666667,8.62788161185101
"Peak-weighted GNAR q=0.95 weight=4",2024-12-05,"NPT3",2.84191666666667,8.84412995079402
"Peak-weighted GNAR q=0.95 weight=4",2024-12-05,"REA1",1.91816666666667,8.43968340848205
"Peak-weighted GNAR q=0.95 weight=4",2024-12-05,"SOUT",3.660625,9.72091853879197
"Peak-weighted GNAR q=0.95 weight=4",2024-12-05,"WREX",2.789875,7.10731822416035
"Peak-weighted GNAR q=0.95 weight=4",2024-12-05,"LEAR",1.45245833333333,8.41551120512177
"Peak-weighted GNAR q=0.95 weight=4",2024-12-05,"PLYM",7.294625,7.55743776011434
"Peak-weighted GNAR q=0.95 weight=4",2024-12-05,"SHDG",2.72595833333333,8.77775243042157
"Peak-weighted GNAR q=0.95 weight=4",2024-12-05,"SHE",3.56233333333333,9.19394644451843
"Peak-weighted GNAR q=0.95 weight=4",2024-12-05,"BEL2",7.1335,7.49932203742758
"Peak-weighted GNAR q=0.95 weight=4",2024-12-05,"GLKP",5.49529166666667,6.68180637883569
"Peak-weighted GNAR q=0.95 weight=4",2024-12-05,"LECU",1.93504166666667,9.12480992401097
"Peak-weighted GNAR q=0.95 weight=4",2024-12-05,"SUN2",4.38779166666667,8.51556795748382
"Peak-weighted GNAR q=0.95 weight=4",2024-12-05,"TRAN",4.69045833333333,7.10230604937901
"Peak-weighted GNAR q=0.95 weight=4",2024-12-05,"STOK",2.95991666666667,8.86578025656389
"Peak-weighted GNAR q=0.95 weight=4",2024-12-05,"BEX",2.12654166666667,9.15192891729876
"Peak-weighted GNAR q=0.95 weight=4",2024-12-05,"SEND",2.51866666666667,8.83979889758214
"Peak-weighted GNAR q=0.95 weight=4",2024-12-05,"HUL2",4.16083333333333,10.9573004637794
"Peak-weighted GNAR q=0.95 weight=4",2024-12-05,"PEMB",4.16779166666667,5.64782274019348
"Peak-weighted GNAR q=0.95 weight=4",2024-12-05,"WFEN",1.597875,9.15230597092189
"Peak-weighted GNAR q=0.95 weight=4",2024-12-05,"OSY",3.731375,8.42785000208379
"Peak-weighted GNAR q=0.95 weight=4",2024-12-05,"ACTH",2.961875,5.78603677079575
"Peak-weighted GNAR q=0.95 weight=4",2024-12-05,"COPP",2.71229166666667,7.24163222776447
"Peak-weighted GNAR q=0.95 weight=4",2024-12-06,"EB",4.84766666666667,3.67279659400687
"Peak-weighted GNAR q=0.95 weight=4",2024-12-06,"IMGM",5.74583333333333,3.37580163451585
"Peak-weighted GNAR q=0.95 weight=4",2024-12-06,"PRES",6.878,4.54334408049315
"Peak-weighted GNAR q=0.95 weight=4",2024-12-06,"BIRR",7.35254166666667,3.10116760365611
"Peak-weighted GNAR q=0.95 weight=4",2024-12-06,"BLC2",7.16595833333333,5.081866653286
"Peak-weighted GNAR q=0.95 weight=4",2024-12-06,"BOTR",6.71491666666667,2.9006252072022
"Peak-weighted GNAR q=0.95 weight=4",2024-12-06,"GHSR",4.39179166666667,4.66287600972931
"Peak-weighted GNAR q=0.95 weight=4",2024-12-06,"LEAM",6.02983333333333,2.68908683309436
"Peak-weighted GNAR q=0.95 weight=4",2024-12-06,"NPT3",6.73154166666667,3.29197418857397
"Peak-weighted GNAR q=0.95 weight=4",2024-12-06,"REA1",5.31829166666667,2.84416803429152
"Peak-weighted GNAR q=0.95 weight=4",2024-12-06,"SOUT",6.457375,3.69773193147681
"Peak-weighted GNAR q=0.95 weight=4",2024-12-06,"WREX",6.274625,3.2378095256312
"Peak-weighted GNAR q=0.95 weight=4",2024-12-06,"LEAR",5.51395833333333,2.62112679101045
"Peak-weighted GNAR q=0.95 weight=4",2024-12-06,"PLYM",9.36620833333333,5.39529362274246
"Peak-weighted GNAR q=0.95 weight=4",2024-12-06,"SHDG",6.75416666666667,3.23549376063819
"Peak-weighted GNAR q=0.95 weight=4",2024-12-06,"SHE",6.305125,3.64175528715188
"Peak-weighted GNAR q=0.95 weight=4",2024-12-06,"BEL2",6.19695833333333,5.3175050260666
"Peak-weighted GNAR q=0.95 weight=4",2024-12-06,"GLKP",4.15391666666667,4.52252182332835
"Peak-weighted GNAR q=0.95 weight=4",2024-12-06,"LECU",7.02054166666667,2.86367583216493
"Peak-weighted GNAR q=0.95 weight=4",2024-12-06,"SUN2",5.80891666666667,4.02459122418016
"Peak-weighted GNAR q=0.95 weight=4",2024-12-06,"TRAN",8.13083333333333,4.14489076995784
"Peak-weighted GNAR q=0.95 weight=4",2024-12-06,"STOK",7.45583333333333,3.34826218273768
"Peak-weighted GNAR q=0.95 weight=4",2024-12-06,"BEX",6.03,2.95533216259793
"Peak-weighted GNAR q=0.95 weight=4",2024-12-06,"SEND",6.125125,3.13749829728419
"Peak-weighted GNAR q=0.95 weight=4",2024-12-06,"HUL2",6.797375,3.95774465628861
"Peak-weighted GNAR q=0.95 weight=4",2024-12-06,"PEMB",6.35904166666667,3.87114689729861
"Peak-weighted GNAR q=0.95 weight=4",2024-12-06,"WFEN",6.32866666666667,2.70354628250662
"Peak-weighted GNAR q=0.95 weight=4",2024-12-06,"OSY",6.20879166666667,3.70967173967219
"Peak-weighted GNAR q=0.95 weight=4",2024-12-06,"ACTH",3.189875,3.29789436620311
"Peak-weighted GNAR q=0.95 weight=4",2024-12-06,"COPP",6.68733333333333,3.20254614225459
"Peak-weighted GNAR q=0.95 weight=4",2024-12-07,"EB",3.94558333333333,7.14024520628892
"Peak-weighted GNAR q=0.95 weight=4",2024-12-07,"IMGM",2.70833333333333,7.56334783115767
"Peak-weighted GNAR q=0.95 weight=4",2024-12-07,"PRES",1.90166666666667,8.1244276962109
"Peak-weighted GNAR q=0.95 weight=4",2024-12-07,"BIRR",2.43316666666667,8.32597570400894
"Peak-weighted GNAR q=0.95 weight=4",2024-12-07,"BLC2",4.311125,8.27102661930504
"Peak-weighted GNAR q=0.95 weight=4",2024-12-07,"BOTR",1.56054166666667,8.01815377123268
"Peak-weighted GNAR q=0.95 weight=4",2024-12-07,"GHSR",0.951333333333333,6.93987247283246
"Peak-weighted GNAR q=0.95 weight=4",2024-12-07,"LEAM",2.749625,7.68767512220632
"Peak-weighted GNAR q=0.95 weight=4",2024-12-07,"NPT3",3.671375,8.03289970323437
"Peak-weighted GNAR q=0.95 weight=4",2024-12-07,"REA1",2.332,7.35066866222352
"Peak-weighted GNAR q=0.95 weight=4",2024-12-07,"SOUT",3.905375,7.90867471174422
"Peak-weighted GNAR q=0.95 weight=4",2024-12-07,"WREX",4.43004166666667,7.81433634055129
"Peak-weighted GNAR q=0.95 weight=4",2024-12-07,"LEAR",2.17675,7.44029092178427
"Peak-weighted GNAR q=0.95 weight=4",2024-12-07,"PLYM",11.2126666666667,9.32699151046385
"Peak-weighted GNAR q=0.95 weight=4",2024-12-07,"SHDG",1.30404166666667,8.04275700776025
"Peak-weighted GNAR q=0.95 weight=4",2024-12-07,"SHE",1.2235,7.83518765234074
"Peak-weighted GNAR q=0.95 weight=4",2024-12-07,"BEL2",5.62004166666667,7.81262700212302
"Peak-weighted GNAR q=0.95 weight=4",2024-12-07,"GLKP",0.638708333333333,6.82390516832165
"Peak-weighted GNAR q=0.95 weight=4",2024-12-07,"LECU",1.71191666666667,8.16348843521182
"Peak-weighted GNAR q=0.95 weight=4",2024-12-07,"SUN2",3.753,7.60501125448293
"Peak-weighted GNAR q=0.95 weight=4",2024-12-07,"TRAN",6.97129166666667,8.71599735693987
"Peak-weighted GNAR q=0.95 weight=4",2024-12-07,"STOK",2.84395833333333,8.37964941879904
"Peak-weighted GNAR q=0.95 weight=4",2024-12-07,"BEX",2.04004166666667,7.69214680698454
"Peak-weighted GNAR q=0.95 weight=4",2024-12-07,"SEND",2.039125,7.74075412120232
"Peak-weighted GNAR q=0.95 weight=4",2024-12-07,"HUL2",3.01204166666667,8.07506952864695
"Peak-weighted GNAR q=0.95 weight=4",2024-12-07,"PEMB",7.50960869565217,7.86585859259642
"Peak-weighted GNAR q=0.95 weight=4",2024-12-07,"WFEN",1.35908333333333,7.83043030557557
"Peak-weighted GNAR q=0.95 weight=4",2024-12-07,"OSY",2.59925,7.79057302403866
"Peak-weighted GNAR q=0.95 weight=4",2024-12-07,"ACTH",0.452958333333333,6.34302616001759
"Peak-weighted GNAR q=0.95 weight=4",2024-12-07,"COPP",3.00520833333333,8.01073837955962
"Peak-weighted GNAR q=0.95 weight=4",2024-12-08,"EB",1.52020833333333,3.8944605877573
"Peak-weighted GNAR q=0.95 weight=4",2024-12-08,"IMGM",6.934875,3.31109067930471
"Peak-weighted GNAR q=0.95 weight=4",2024-12-08,"PRES",2.46366666666667,2.93519384535088
"Peak-weighted GNAR q=0.95 weight=4",2024-12-08,"BIRR",2.38795833333333,3.19280493292543
"Peak-weighted GNAR q=0.95 weight=4",2024-12-08,"BLC2",2.25625,4.08785402070685
"Peak-weighted GNAR q=0.95 weight=4",2024-12-08,"BOTR",2.550125,2.77100713413159
"Peak-weighted GNAR q=0.95 weight=4",2024-12-08,"GHSR",1.3975,2.46124383868128
"Peak-weighted GNAR q=0.95 weight=4",2024-12-08,"LEAM",2.51479166666667,3.33311660922965
"Peak-weighted GNAR q=0.95 weight=4",2024-12-08,"NPT3",2.200375,3.77888932591032
"Peak-weighted GNAR q=0.95 weight=4",2024-12-08,"REA1",2.08916666666667,3.12794144954738
"Peak-weighted GNAR q=0.95 weight=4",2024-12-08,"SOUT",1.71783333333333,3.88837227244619
"Peak-weighted GNAR q=0.95 weight=4",2024-12-08,"WREX",3.74120833333333,4.13736870601612
"Peak-weighted GNAR q=0.95 weight=4",2024-12-08,"LEAR",2.20804166666667,3.05541583480996
"Peak-weighted GNAR q=0.95 weight=4",2024-12-08,"PLYM",5.14358333333333,7.40068096081168
"Peak-weighted GNAR q=0.95 weight=4",2024-12-08,"SHDG",3.694,2.64886939495342
"Peak-weighted GNAR q=0.95 weight=4",2024-12-08,"SHE",3.79725,2.60676093494483
"Peak-weighted GNAR q=0.95 weight=4",2024-12-08,"BEL2",3.804125,4.70486198968637
"Peak-weighted GNAR q=0.95 weight=4",2024-12-08,"GLKP",1.09075,2.31005447335143
"Peak-weighted GNAR q=0.95 weight=4",2024-12-08,"LECU",3.04245833333333,2.84576476349573
"Peak-weighted GNAR q=0.95 weight=4",2024-12-08,"SUN2",9.4635,3.81034554438563
"Peak-weighted GNAR q=0.95 weight=4",2024-12-08,"TRAN",3.83258333333333,5.36571862247688
"Peak-weighted GNAR q=0.95 weight=4",2024-12-08,"STOK",2.60708333333333,3.38976478350584
"Peak-weighted GNAR q=0.95 weight=4",2024-12-08,"BEX",3.06604166666667,2.99435112357056
"Peak-weighted GNAR q=0.95 weight=4",2024-12-08,"SEND",3.508375,2.99468809189353
"Peak-weighted GNAR q=0.95 weight=4",2024-12-08,"HUL2",5.61725,3.46464874482048
"Peak-weighted GNAR q=0.95 weight=4",2024-12-08,"PEMB",4.624625,5.60829244394806
"Peak-weighted GNAR q=0.95 weight=4",2024-12-08,"WFEN",4.59420833333333,2.67168236434222
"Peak-weighted GNAR q=0.95 weight=4",2024-12-08,"OSY",3.42275,3.26278234479746
"Peak-weighted GNAR q=0.95 weight=4",2024-12-08,"ACTH",1.46233333333333,2.21352418104177
"Peak-weighted GNAR q=0.95 weight=4",2024-12-08,"COPP",2.60720833333333,3.46049033206731
"Peak-weighted GNAR q=0.95 weight=4",2024-12-09,"EB",3.7805,3.69493985726355
"Peak-weighted GNAR q=0.95 weight=4",2024-12-09,"IMGM",5.947375,6.26991656615704
"Peak-weighted GNAR q=0.95 weight=4",2024-12-09,"PRES",3.79620833333333,4.12871894541958
"Peak-weighted GNAR q=0.95 weight=4",2024-12-09,"BIRR",5.59658333333333,4.09690252186616
"Peak-weighted GNAR q=0.95 weight=4",2024-12-09,"BLC2",3.01895833333333,4.04931494233484
"Peak-weighted GNAR q=0.95 weight=4",2024-12-09,"BOTR",5.10520833333333,4.16721781535955
"Peak-weighted GNAR q=0.95 weight=4",2024-12-09,"GHSR",4.01241666666667,3.61197477240998
"Peak-weighted GNAR q=0.95 weight=4",2024-12-09,"LEAM",4.94595833333333,4.16003176837624
"Peak-weighted GNAR q=0.95 weight=4",2024-12-09,"NPT3",3.93870833333333,4.01742982522107
"Peak-weighted GNAR q=0.95 weight=4",2024-12-09,"REA1",4.20495833333333,3.95343063120762
"Peak-weighted GNAR q=0.95 weight=4",2024-12-09,"SOUT",3.72533333333333,3.7889618920614
"Peak-weighted GNAR q=0.95 weight=4",2024-12-09,"WREX",4.81520833333333,4.75922699501723
"Peak-weighted GNAR q=0.95 weight=4",2024-12-09,"LEAR",4.51354166666667,4.0089193298966
"Peak-weighted GNAR q=0.95 weight=4",2024-12-09,"PLYM",3.70779166666667,5.48397478400062
"Peak-weighted GNAR q=0.95 weight=4",2024-12-09,"SHDG",5.52191666666667,4.71123402485994
"Peak-weighted GNAR q=0.95 weight=4",2024-12-09,"SHE",4.663875,4.75987143744796
"Peak-weighted GNAR q=0.95 weight=4",2024-12-09,"BEL2",5.623125,4.79895459066138
"Peak-weighted GNAR q=0.95 weight=4",2024-12-09,"GLKP",3.918125,3.46298154230987
"Peak-weighted GNAR q=0.95 weight=4",2024-12-09,"LECU",5.11104166666667,4.40349855016804
"Peak-weighted GNAR q=0.95 weight=4",2024-12-09,"SUN2",5.832375,7.48563073758325
"Peak-weighted GNAR q=0.95 weight=4",2024-12-09,"TRAN",4.44191666666667,4.82354426109873
"Peak-weighted GNAR q=0.95 weight=4",2024-12-09,"STOK",4.19425,4.20486149319761
"Peak-weighted GNAR q=0.95 weight=4",2024-12-09,"BEX",5.550375,4.4174295369157
"Peak-weighted GNAR q=0.95 weight=4",2024-12-09,"SEND",5.28108333333333,4.62859933637632
"Peak-weighted GNAR q=0.95 weight=4",2024-12-09,"HUL2",7.09220833333333,5.64333364332623
"Peak-weighted GNAR q=0.95 weight=4",2024-12-09,"PEMB",2.667125,5.20606157910577
"Peak-weighted GNAR q=0.95 weight=4",2024-12-09,"WFEN",5.09441666666667,5.14145660452458
"Peak-weighted GNAR q=0.95 weight=4",2024-12-09,"OSY",5.24770833333333,4.59228162437775
"Peak-weighted GNAR q=0.95 weight=4",2024-12-09,"ACTH",3.63804166666667,3.63886902667559
"Peak-weighted GNAR q=0.95 weight=4",2024-12-09,"COPP",4.173625,4.20623422445244
"Peak-weighted GNAR q=0.95 weight=4",2024-12-10,"EB",3.87866666666667,5.59335218427493
"Peak-weighted GNAR q=0.95 weight=4",2024-12-10,"IMGM",4.50570833333333,6.67194569687942
"Peak-weighted GNAR q=0.95 weight=4",2024-12-10,"PRES",3.93766666666667,5.60853415742168
"Peak-weighted GNAR q=0.95 weight=4",2024-12-10,"BIRR",5.54833333333333,6.46744652811388
"Peak-weighted GNAR q=0.95 weight=4",2024-12-10,"BLC2",4.02420833333333,5.2357731384935
"Peak-weighted GNAR q=0.95 weight=4",2024-12-10,"BOTR",4.68754166666667,6.23417647843252
"Peak-weighted GNAR q=0.95 weight=4",2024-12-10,"GHSR",12.0469583333333,5.70307383387059
"Peak-weighted GNAR q=0.95 weight=4",2024-12-10,"LEAM",4.56475,6.15786017094765
"Peak-weighted GNAR q=0.95 weight=4",2024-12-10,"NPT3",4.20304166666667,5.6744220424014
"Peak-weighted GNAR q=0.95 weight=4",2024-12-10,"REA1",3.55929166666667,5.8006286384899
"Peak-weighted GNAR q=0.95 weight=4",2024-12-10,"SOUT",3.51029166666667,5.56862395814317
"Peak-weighted GNAR q=0.95 weight=4",2024-12-10,"WREX",5.33616666666667,6.10542463029202
"Peak-weighted GNAR q=0.95 weight=4",2024-12-10,"LEAR",4.13520833333333,5.9489194315432
"Peak-weighted GNAR q=0.95 weight=4",2024-12-10,"PLYM",4.436875,5.58814506099944
"Peak-weighted GNAR q=0.95 weight=4",2024-12-10,"SHDG",7.43320833333333,6.4424344843461
"Peak-weighted GNAR q=0.95 weight=4",2024-12-10,"SHE",5.16020833333333,6.03363193470905
"Peak-weighted GNAR q=0.95 weight=4",2024-12-10,"BEL2",7.99441666666667,6.49164976469901
"Peak-weighted GNAR q=0.95 weight=4",2024-12-10,"GLKP",13.110375,5.65555957300358
"Peak-weighted GNAR q=0.95 weight=4",2024-12-10,"LECU",4.677625,6.24097046482818
"Peak-weighted GNAR q=0.95 weight=4",2024-12-10,"SUN2",3.78058333333333,6.63763331281765
"Peak-weighted GNAR q=0.95 weight=4",2024-12-10,"TRAN",4.595125,5.92795306632959
"Peak-weighted GNAR q=0.95 weight=4",2024-12-10,"STOK",4.60295833333333,5.79973368344282
"Peak-weighted GNAR q=0.95 weight=4",2024-12-10,"BEX",4.01345833333333,6.45090751737779
"Peak-weighted GNAR q=0.95 weight=4",2024-12-10,"SEND",4.36029166666667,6.32594512071225
"Peak-weighted GNAR q=0.95 weight=4",2024-12-10,"HUL2",6.01520833333333,7.20777871977187
"Peak-weighted GNAR q=0.95 weight=4",2024-12-10,"PEMB",3.42970833333333,5.08708768499378
"Peak-weighted GNAR q=0.95 weight=4",2024-12-10,"WFEN",4.27275,6.24566927061556
"Peak-weighted GNAR q=0.95 weight=4",2024-12-10,"OSY",3.87579166666667,6.30931410065889
"Peak-weighted GNAR q=0.95 weight=4",2024-12-10,"ACTH",4.87720833333333,5.52486894058142
"Peak-weighted GNAR q=0.95 weight=4",2024-12-10,"COPP",4.75933333333333,5.78988798450886
"Peak-weighted GNAR q=0.95 weight=4",2024-12-11,"EB",9.84466666666667,5.65591908859983
"Peak-weighted GNAR q=0.95 weight=4",2024-12-11,"IMGM",4.40641666666667,5.97292397359943
"Peak-weighted GNAR q=0.95 weight=4",2024-12-11,"PRES",5.97095833333333,5.68421457888396
"Peak-weighted GNAR q=0.95 weight=4",2024-12-11,"BIRR",5.05120833333333,6.46783394077465
"Peak-weighted GNAR q=0.95 weight=4",2024-12-11,"BLC2",6.78754166666667,5.71920188001469
"Peak-weighted GNAR q=0.95 weight=4",2024-12-11,"BOTR",5.06883333333333,6.05287648102878
"Peak-weighted GNAR q=0.95 weight=4",2024-12-11,"GHSR",10.01675,9.55748538918382
"Peak-weighted GNAR q=0.95 weight=4",2024-12-11,"LEAM",3.921,5.9929569361715
"Peak-weighted GNAR q=0.95 weight=4",2024-12-11,"NPT3",5.39408695652174,5.81206937524474
"Peak-weighted GNAR q=0.95 weight=4",2024-12-11,"REA1",4.45266666666667,5.50690052298193
"Peak-weighted GNAR q=0.95 weight=4",2024-12-11,"SOUT",5.01483333333333,5.47960153814345
"Peak-weighted GNAR q=0.95 weight=4",2024-12-11,"WREX",9.71108333333333,6.36017934350458
"Peak-weighted GNAR q=0.95 weight=4",2024-12-11,"LEAR",3.755,5.78436546930496
"Peak-weighted GNAR q=0.95 weight=4",2024-12-11,"PLYM",6.77779166666667,5.92182493587701
"Peak-weighted GNAR q=0.95 weight=4",2024-12-11,"SHDG",6.40720833333333,7.3670964940955
"Peak-weighted GNAR q=0.95 weight=4",2024-12-11,"SHE",6.1695,6.27494161607466
"Peak-weighted GNAR q=0.95 weight=4",2024-12-11,"BEL2",8.20466666666667,7.63585078958105
"Peak-weighted GNAR q=0.95 weight=4",2024-12-11,"GLKP",10.07975,10.0644103148289
"Peak-weighted GNAR q=0.95 weight=4",2024-12-11,"LECU",3.98775,6.04818960068743
"Peak-weighted GNAR q=0.95 weight=4",2024-12-11,"SUN2",6.89866666666667,5.62580083980614
"Peak-weighted GNAR q=0.95 weight=4",2024-12-11,"TRAN",6.93204166666667,6.00335406754085
"Peak-weighted GNAR q=0.95 weight=4",2024-12-11,"STOK",7.46666666666667,6.00507708803864
"Peak-weighted GNAR q=0.95 weight=4",2024-12-11,"BEX",4.84670833333333,5.73468290608659
"Peak-weighted GNAR q=0.95 weight=4",2024-12-11,"SEND",4.75920833333333,5.8980740528601
"Peak-weighted GNAR q=0.95 weight=4",2024-12-11,"HUL2",5.82941666666667,6.70290663502435
"Peak-weighted GNAR q=0.95 weight=4",2024-12-11,"PEMB",6.20183333333333,5.43251275886307
"Peak-weighted GNAR q=0.95 weight=4",2024-12-11,"WFEN",4.08408333333333,5.85476018903916
"Peak-weighted GNAR q=0.95 weight=4",2024-12-11,"OSY",3.77458333333333,5.6664939518601
"Peak-weighted GNAR q=0.95 weight=4",2024-12-11,"ACTH",3.013,6.13147939430894
"Peak-weighted GNAR q=0.95 weight=4",2024-12-11,"COPP",15.81375,6.07956515575435
"Peak-weighted GNAR q=0.95 weight=4",2024-12-12,"EB",14.631625,9.14247250051917
"Peak-weighted GNAR q=0.95 weight=4",2024-12-12,"IMGM",2.31129166666667,6.55126780828351
"Peak-weighted GNAR q=0.95 weight=4",2024-12-12,"PRES",8.59079166666667,7.29358038093166
"Peak-weighted GNAR q=0.95 weight=4",2024-12-12,"BIRR",7.562,6.86759210153255
"Peak-weighted GNAR q=0.95 weight=4",2024-12-12,"BLC2",9.83295833333333,7.68413550333857
"Peak-weighted GNAR q=0.95 weight=4",2024-12-12,"BOTR",7.02933333333333,6.86899716645743
"Peak-weighted GNAR q=0.95 weight=4",2024-12-12,"GHSR",11.373,9.2911421033931
"Peak-weighted GNAR q=0.95 weight=4",2024-12-12,"LEAM",5.913875,6.32000262172485
"Peak-weighted GNAR q=0.95 weight=4",2024-12-12,"NPT3",6.06329166666667,7.02033336661703
"Peak-weighted GNAR q=0.95 weight=4",2024-12-12,"REA1",5.42545833333333,6.56564168064286
"Peak-weighted GNAR q=0.95 weight=4",2024-12-12,"SOUT",6.170375,6.83363035813929
"Peak-weighted GNAR q=0.95 weight=4",2024-12-12,"WREX",14.0989583333333,9.09056598461399
"Peak-weighted GNAR q=0.95 weight=4",2024-12-12,"LEAR",5.39891666666667,6.23725372508233
"Peak-weighted GNAR q=0.95 weight=4",2024-12-12,"PLYM",12.286875,7.68284102473746
"Peak-weighted GNAR q=0.95 weight=4",2024-12-12,"SHDG",10.2849583333333,7.5303174574296
"Peak-weighted GNAR q=0.95 weight=4",2024-12-12,"SHE",9.67570833333333,7.3983225850755
"Peak-weighted GNAR q=0.95 weight=4",2024-12-12,"BEL2",17.8666666666667,8.39302375749773
"Peak-weighted GNAR q=0.95 weight=4",2024-12-12,"GLKP",12.2887916666667,9.32987871925321
"Peak-weighted GNAR q=0.95 weight=4",2024-12-12,"LECU",5.21529166666667,6.3527893158598
"Peak-weighted GNAR q=0.95 weight=4",2024-12-12,"SUN2",12.4853333333333,7.73520458846942
"Peak-weighted GNAR q=0.95 weight=4",2024-12-12,"TRAN",16.4534166666667,7.75777115629598
"Peak-weighted GNAR q=0.95 weight=4",2024-12-12,"STOK",8.02683333333333,8.01307377791843
"Peak-weighted GNAR q=0.95 weight=4",2024-12-12,"BEX",7.637625,6.75746196882378
"Peak-weighted GNAR q=0.95 weight=4",2024-12-12,"SEND",7.82825,6.7185122727509
"Peak-weighted GNAR q=0.95 weight=4",2024-12-12,"HUL2",3.98091666666667,7.24292340653622
"Peak-weighted GNAR q=0.95 weight=4",2024-12-12,"PEMB",7.63366666666667,7.39966764175832
"Peak-weighted GNAR q=0.95 weight=4",2024-12-12,"WFEN",4.41633333333333,6.39548356000752
"Peak-weighted GNAR q=0.95 weight=4",2024-12-12,"OSY",3.59179166666667,6.2444907103884
"Peak-weighted GNAR q=0.95 weight=4",2024-12-12,"ACTH",5.93945833333333,5.88905271335916
"Peak-weighted GNAR q=0.95 weight=4",2024-12-12,"COPP",11.0357916666667,11.9993830495211
"Peak-weighted GNAR q=0.95 weight=4",2024-12-13,"EB",20.7390416666667,12.7197895866693
"Peak-weighted GNAR q=0.95 weight=4",2024-12-13,"IMGM",7.12954166666667,6.79357476030233
"Peak-weighted GNAR q=0.95 weight=4",2024-12-13,"PRES",7.22879166666667,9.80425214507233
"Peak-weighted GNAR q=0.95 weight=4",2024-12-13,"BIRR",9.04679166666667,9.30560045567279
"Peak-weighted GNAR q=0.95 weight=4",2024-12-13,"BLC2",7.1945,10.4039325123595
"Peak-weighted GNAR q=0.95 weight=4",2024-12-13,"BOTR",10.8825,9.05144008132526
"Peak-weighted GNAR q=0.95 weight=4",2024-12-13,"GHSR",9.891875,11.1654692781932
"Peak-weighted GNAR q=0.95 weight=4",2024-12-13,"LEAM",8.63508333333333,8.50955501286191
"Peak-weighted GNAR q=0.95 weight=4",2024-12-13,"NPT3",7.46758333333333,8.59288431108702
"Peak-weighted GNAR q=0.95 weight=4",2024-12-13,"REA1",12.9325,8.280706148576
"Peak-weighted GNAR q=0.95 weight=4",2024-12-13,"SOUT",12.562,8.64091941753363
"Peak-weighted GNAR q=0.95 weight=4",2024-12-13,"WREX",10.6771666666667,12.4643979271457
"Peak-weighted GNAR q=0.95 weight=4",2024-12-13,"LEAR",8.804125,8.26235363714241
"Peak-weighted GNAR q=0.95 weight=4",2024-12-13,"PLYM",10.6780833333333,11.5753936023023
"Peak-weighted GNAR q=0.95 weight=4",2024-12-13,"SHDG",8.68120833333333,10.6166277595152
"Peak-weighted GNAR q=0.95 weight=4",2024-12-13,"SHE",9.95875,10.3238260605638
"Peak-weighted GNAR q=0.95 weight=4",2024-12-13,"BEL2",17.2564166666667,14.2508976171358
"Peak-weighted GNAR q=0.95 weight=4",2024-12-13,"GLKP",8.67333333333333,11.6031964039271
"Peak-weighted GNAR q=0.95 weight=4",2024-12-13,"LECU",6.82979166666667,8.17658329569669
"Peak-weighted GNAR q=0.95 weight=4",2024-12-13,"SUN2",6.28545833333333,11.6711251812652
"Peak-weighted GNAR q=0.95 weight=4",2024-12-13,"TRAN",12.3182916666667,13.5658256968803
"Peak-weighted GNAR q=0.95 weight=4",2024-12-13,"STOK",9.83304166666667,9.5471886012035
"Peak-weighted GNAR q=0.95 weight=4",2024-12-13,"BEX",24.31225,9.34003984625095
"Peak-weighted GNAR q=0.95 weight=4",2024-12-13,"SEND",26.7572083333333,9.43033487033978
"Peak-weighted GNAR q=0.95 weight=4",2024-12-13,"HUL2",9.52929166666667,7.60226885366907
"Peak-weighted GNAR q=0.95 weight=4",2024-12-13,"PEMB",4.833,9.34918481681543
"Peak-weighted GNAR q=0.95 weight=4",2024-12-13,"WFEN",10.742,7.7959317863239
"Peak-weighted GNAR q=0.95 weight=4",2024-12-13,"OSY",19.93225,7.39976168030112
"Peak-weighted GNAR q=0.95 weight=4",2024-12-13,"ACTH",2.91270833333333,8.51437510188732
"Peak-weighted GNAR q=0.95 weight=4",2024-12-13,"COPP",8.275375,11.0516852383384
"Peak-weighted GNAR q=0.95 weight=4",2024-12-14,"EB",5.95716666666667,16.5884125448065
"Peak-weighted GNAR q=0.95 weight=4",2024-12-14,"IMGM",5.98179166666667,9.9906875775299
"Peak-weighted GNAR q=0.95 weight=4",2024-12-14,"PRES",4.21979166666667,10.0892049629988
"Peak-weighted GNAR q=0.95 weight=4",2024-12-14,"BIRR",5.31545833333333,10.948770870188
"Peak-weighted GNAR q=0.95 weight=4",2024-12-14,"BLC2",4.35233333333333,10.0829484810251
"Peak-weighted GNAR q=0.95 weight=4",2024-12-14,"BOTR",5.53470833333333,11.8208309610042
"Peak-weighted GNAR q=0.95 weight=4",2024-12-14,"GHSR",3.59683333333333,11.3832605236367
"Peak-weighted GNAR q=0.95 weight=4",2024-12-14,"LEAM",6.08691666666667,10.7387938536671
"Peak-weighted GNAR q=0.95 weight=4",2024-12-14,"NPT3",3.873875,10.1826267010935
"Peak-weighted GNAR q=0.95 weight=4",2024-12-14,"REA1",7.32508333333333,12.78647462569
"Peak-weighted GNAR q=0.95 weight=4",2024-12-14,"SOUT",6.139,12.6156576209417
"Peak-weighted GNAR q=0.95 weight=4",2024-12-14,"WREX",2.61595833333333,11.7803691809659
"Peak-weighted GNAR q=0.95 weight=4",2024-12-14,"LEAR",5.622125,10.8153038556329
"Peak-weighted GNAR q=0.95 weight=4",2024-12-14,"PLYM",6.688375,11.7660510695601
"Peak-weighted GNAR q=0.95 weight=4",2024-12-14,"SHDG",3.700875,10.7964083008593
"Peak-weighted GNAR q=0.95 weight=4",2024-12-14,"SHE",3.47983333333333,11.4013667589419
"Peak-weighted GNAR q=0.95 weight=4",2024-12-14,"BEL2",6.49275,14.9520925070794
"Peak-weighted GNAR q=0.95 weight=4",2024-12-14,"GLKP",2.809625,10.808965803435
"Peak-weighted GNAR q=0.95 weight=4",2024-12-14,"LECU",7.39395833333333,9.87122914971422
"Peak-weighted GNAR q=0.95 weight=4",2024-12-14,"SUN2",2.70345833333333,9.67055513887827
"Peak-weighted GNAR q=0.95 weight=4",2024-12-14,"TRAN",3.52883333333333,12.5830417408484
"Peak-weighted GNAR q=0.95 weight=4",2024-12-14,"STOK",4.796625,11.3279247748941
"Peak-weighted GNAR q=0.95 weight=4",2024-12-14,"BEX",10.4129166666667,18.2373694757969
"Peak-weighted GNAR q=0.95 weight=4",2024-12-14,"SEND",10.3715416666667,19.4061853568957
"Peak-weighted GNAR q=0.95 weight=4",2024-12-14,"HUL2",6.57633333333333,11.1499637061991
"Peak-weighted GNAR q=0.95 weight=4",2024-12-14,"PEMB",2.99433333333333,8.93762047558344
"Peak-weighted GNAR q=0.95 weight=4",2024-12-14,"WFEN",7.6455,11.7324763475864
"Peak-weighted GNAR q=0.95 weight=4",2024-12-14,"OSY",9.778125,16.1133397825013
"Peak-weighted GNAR q=0.95 weight=4",2024-12-14,"ACTH",1.39745833333333,8.00704551962819
"Peak-weighted GNAR q=0.95 weight=4",2024-12-14,"COPP",4.5225,10.6087707564692
"Peak-weighted GNAR q=0.95 weight=4",2024-12-15,"EB",3.20179166666667,5.18719686224018
"Peak-weighted GNAR q=0.95 weight=4",2024-12-15,"IMGM",2.40470833333333,5.08813147226648
"Peak-weighted GNAR q=0.95 weight=4",2024-12-15,"PRES",5.107125,4.24773166166447
"Peak-weighted GNAR q=0.95 weight=4",2024-12-15,"BIRR",1.33654166666667,4.78562500865309
"Peak-weighted GNAR q=0.95 weight=4",2024-12-15,"BLC2",6.52525,4.31073001379207
"Peak-weighted GNAR q=0.95 weight=4",2024-12-15,"BOTR",1.337375,4.90524671311803
"Peak-weighted GNAR q=0.95 weight=4",2024-12-15,"GHSR",1.82975,3.97200644158902
"Peak-weighted GNAR q=0.95 weight=4",2024-12-15,"LEAM",1.696125,5.15057947259197
"Peak-weighted GNAR q=0.95 weight=4",2024-12-15,"NPT3",1.97904166666667,4.08452978611277
"Peak-weighted GNAR q=0.95 weight=4",2024-12-15,"REA1",1.91333333333333,5.77669450084306
"Peak-weighted GNAR q=0.95 weight=4",2024-12-15,"SOUT",2.24554166666667,5.20742169027373
"Peak-weighted GNAR q=0.95 weight=4",2024-12-15,"WREX",1.088,3.51011506895316
"Peak-weighted GNAR q=0.95 weight=4",2024-12-15,"LEAR",1.70308333333333,4.93005672972345
"Peak-weighted GNAR q=0.95 weight=4",2024-12-15,"PLYM",2.95891666666667,5.45436173966465
"Peak-weighted GNAR q=0.95 weight=4",2024-12-15,"SHDG",2.30645833333333,4.0118192330945
"Peak-weighted GNAR q=0.95 weight=4",2024-12-15,"SHE",1.536875,3.9166932638511
"Peak-weighted GNAR q=0.95 weight=4",2024-12-15,"BEL2",2.083375,5.41453430472192
"Peak-weighted GNAR q=0.95 weight=4",2024-12-15,"GLKP",1.47991666666667,3.586257587055
"Peak-weighted GNAR q=0.95 weight=4",2024-12-15,"LECU",1.56845833333333,5.75988238614101
"Peak-weighted GNAR q=0.95 weight=4",2024-12-15,"SUN2",0.7145,3.51612746245496
"Peak-weighted GNAR q=0.95 weight=4",2024-12-15,"TRAN",2.93525,3.9593003568656
"Peak-weighted GNAR q=0.95 weight=4",2024-12-15,"STOK",1.74333333333333,4.54432778849716
"Peak-weighted GNAR q=0.95 weight=4",2024-12-15,"BEX",2.60629166666667,7.343542288904
"Peak-weighted GNAR q=0.95 weight=4",2024-12-15,"SEND",2.985375,7.34369840468686
"Peak-weighted GNAR q=0.95 weight=4",2024-12-15,"HUL2",2.153125,5.3915166131934
"Peak-weighted GNAR q=0.95 weight=4",2024-12-15,"PEMB",2.869625,3.64316868087364
"Peak-weighted GNAR q=0.95 weight=4",2024-12-15,"WFEN",1.69129166666667,5.91182954811449
"Peak-weighted GNAR q=0.95 weight=4",2024-12-15,"OSY",3.680375,7.00481601127077
"Peak-weighted GNAR q=0.95 weight=4",2024-12-15,"ACTH",0.536541666666667,2.86515721118987
"Peak-weighted GNAR q=0.95 weight=4",2024-12-15,"COPP",2.343625,4.40077193503994
"Peak-weighted GNAR q=0.95 weight=4",2024-12-16,"EB",1.86320833333333,3.21522887830557
"Peak-weighted GNAR q=0.95 weight=4",2024-12-16,"IMGM",2.46658333333333,2.8348886060785
"Peak-weighted GNAR q=0.95 weight=4",2024-12-16,"PRES",5.92079166666667,4.11071919213393
"Peak-weighted GNAR q=0.95 weight=4",2024-12-16,"BIRR",3.47095833333333,2.31950220388105
"Peak-weighted GNAR q=0.95 weight=4",2024-12-16,"BLC2",7.46958333333333,4.78883485188443
"Peak-weighted GNAR q=0.95 weight=4",2024-12-16,"BOTR",2.99225,2.32168539756537
"Peak-weighted GNAR q=0.95 weight=4",2024-12-16,"GHSR",4.38091666666667,2.54097332115019
"Peak-weighted GNAR q=0.95 weight=4",2024-12-16,"LEAM",2.54820833333333,2.49745520972762
"Peak-weighted GNAR q=0.95 weight=4",2024-12-16,"NPT3",3.48470833333333,2.61450357938137
"Peak-weighted GNAR q=0.95 weight=4",2024-12-16,"REA1",2.11083333333333,2.61123642382178
"Peak-weighted GNAR q=0.95 weight=4",2024-12-16,"SOUT",3.27841666666667,2.76017994464673
"Peak-weighted GNAR q=0.95 weight=4",2024-12-16,"WREX",2.78295833333333,2.17886234123824
"Peak-weighted GNAR q=0.95 weight=4",2024-12-16,"LEAR",2.27791666666667,2.49699244799871
"Peak-weighted GNAR q=0.95 weight=4",2024-12-16,"PLYM",3.54466666666667,3.10523053703768
"Peak-weighted GNAR q=0.95 weight=4",2024-12-16,"SHDG",2.773125,2.76940898802235
"Peak-weighted GNAR q=0.95 weight=4",2024-12-16,"SHE",3.39029166666667,2.40019721482666
"Peak-weighted GNAR q=0.95 weight=4",2024-12-16,"BEL2",5.737125,2.68563946672328
"Peak-weighted GNAR q=0.95 weight=4",2024-12-16,"GLKP",4.16275,2.36754687508041
"Peak-weighted GNAR q=0.95 weight=4",2024-12-16,"LECU",2.55708333333333,2.44714823059515
"Peak-weighted GNAR q=0.95 weight=4",2024-12-16,"SUN2",2.123625,2.00125976147463
"Peak-weighted GNAR q=0.95 weight=4",2024-12-16,"TRAN",2.71529166666667,3.06820361984686
"Peak-weighted GNAR q=0.95 weight=4",2024-12-16,"STOK",2.82816666666667,2.50948644191597
"Peak-weighted GNAR q=0.95 weight=4",2024-12-16,"BEX",2.165875,2.96721035551049
"Peak-weighted GNAR q=0.95 weight=4",2024-12-16,"SEND",1.9635,3.14785410570529
"Peak-weighted GNAR q=0.95 weight=4",2024-12-16,"HUL2",3.35491666666667,2.71961988936327
"Peak-weighted GNAR q=0.95 weight=4",2024-12-16,"PEMB",3.78929166666667,3.03252073892159
"Peak-weighted GNAR q=0.95 weight=4",2024-12-16,"WFEN",1.74233333333333,2.50783919623751
"Peak-weighted GNAR q=0.95 weight=4",2024-12-16,"OSY",2.43225,3.47482644840173
"Peak-weighted GNAR q=0.95 weight=4",2024-12-16,"ACTH",2.14133333333333,1.90566478293431
"Peak-weighted GNAR q=0.95 weight=4",2024-12-16,"COPP",3.15733333333333,2.79384343973526
"Peak-weighted GNAR q=0.95 weight=4",2024-12-17,"EB",3.75020833333333,4.00450617864039
"Peak-weighted GNAR q=0.95 weight=4",2024-12-17,"IMGM",4.905625,4.28607677599345
"Peak-weighted GNAR q=0.95 weight=4",2024-12-17,"PRES",4.61966666666667,5.95717878117699
"Peak-weighted GNAR q=0.95 weight=4",2024-12-17,"BIRR",6.38466666666667,4.75688399496657
"Peak-weighted GNAR q=0.95 weight=4",2024-12-17,"BLC2",4.74354166666667,6.70814534172701
"Peak-weighted GNAR q=0.95 weight=4",2024-12-17,"BOTR",5.584625,4.5283474891045
"Peak-weighted GNAR q=0.95 weight=4",2024-12-17,"GHSR",3.757875,5.19532936496942
"Peak-weighted GNAR q=0.95 weight=4",2024-12-17,"LEAM",4.87029166666667,4.3192759296986
"Peak-weighted GNAR q=0.95 weight=4",2024-12-17,"NPT3",7.43425,4.76868033214077
"Peak-weighted GNAR q=0.95 weight=4",2024-12-17,"REA1",5.07966666666667,4.11223457765884
"Peak-weighted GNAR q=0.95 weight=4",2024-12-17,"SOUT",5.28491666666667,4.67236337368184
"Peak-weighted GNAR q=0.95 weight=4",2024-12-17,"WREX",4.039875,4.42639752541338
"Peak-weighted GNAR q=0.95 weight=4",2024-12-17,"LEAR",4.43291666666667,4.19029087016583
"Peak-weighted GNAR q=0.95 weight=4",2024-12-17,"PLYM",9.34941666666667,4.80528452850085
"Peak-weighted GNAR q=0.95 weight=4",2024-12-17,"SHDG",5.891375,4.43162480081894
"Peak-weighted GNAR q=0.95 weight=4",2024-12-17,"SHE",7.01341666666667,4.72000370012065
"Peak-weighted GNAR q=0.95 weight=4",2024-12-17,"BEL2",6.4535,5.84487096010062
"Peak-weighted GNAR q=0.95 weight=4",2024-12-17,"GLKP",3.603625,5.08832429983512
"Peak-weighted GNAR q=0.95 weight=4",2024-12-17,"LECU",5.59354166666667,4.32247341572746
"Peak-weighted GNAR q=0.95 weight=4",2024-12-17,"SUN2",6.55270833333333,4.10857946543246
"Peak-weighted GNAR q=0.95 weight=4",2024-12-17,"TRAN",3.93379166666667,4.4091344417832
"Peak-weighted GNAR q=0.95 weight=4",2024-12-17,"STOK",5.74683333333333,4.45331709373039
"Peak-weighted GNAR q=0.95 weight=4",2024-12-17,"BEX",5.44420833333333,4.14415512158039
"Peak-weighted GNAR q=0.95 weight=4",2024-12-17,"SEND",5.2015,4.05062480759152
"Peak-weighted GNAR q=0.95 weight=4",2024-12-17,"HUL2",6.29233333333333,4.70813319516989
"Peak-weighted GNAR q=0.95 weight=4",2024-12-17,"PEMB",4.67083333333333,4.9213454580075
"Peak-weighted GNAR q=0.95 weight=4",2024-12-17,"WFEN",5.623,3.93449849173194
"Peak-weighted GNAR q=0.95 weight=4",2024-12-17,"OSY",5.0265,4.28007319121375
"Peak-weighted GNAR q=0.95 weight=4",2024-12-17,"ACTH",2.18858333333333,4.11558460756668
"Peak-weighted GNAR q=0.95 weight=4",2024-12-17,"COPP",4.97645833333333,4.61535487351451
"Peak-weighted GNAR q=0.95 weight=4",2024-12-18,"EB",6.77091666666667,6.04431155240885
"Peak-weighted GNAR q=0.95 weight=4",2024-12-18,"IMGM",2.83904166666667,6.60083988262153
"Peak-weighted GNAR q=0.95 weight=4",2024-12-18,"PRES",4.56766666666667,6.49244615590934
"Peak-weighted GNAR q=0.95 weight=4",2024-12-18,"BIRR",3.39733333333333,7.31513748271547
"Peak-weighted GNAR q=0.95 weight=4",2024-12-18,"BLC2",5.65154166666667,6.56419790049217
"Peak-weighted GNAR q=0.95 weight=4",2024-12-18,"BOTR",3.05041666666667,6.92928622404988
"Peak-weighted GNAR q=0.95 weight=4",2024-12-18,"GHSR",3.090625,6.0684733737854
"Peak-weighted GNAR q=0.95 weight=4",2024-12-18,"LEAM",3.27833333333333,6.58463583379394
"Peak-weighted GNAR q=0.95 weight=4",2024-12-18,"NPT3",6.11045833333333,7.81633792600776
"Peak-weighted GNAR q=0.95 weight=4",2024-12-18,"REA1",4.24620833333333,6.6810333963987
"Peak-weighted GNAR q=0.95 weight=4",2024-12-18,"SOUT",7.34966666666667,6.78853074589707
"Peak-weighted GNAR q=0.95 weight=4",2024-12-18,"WREX",2.35258333333333,6.19009271774483
"Peak-weighted GNAR q=0.95 weight=4",2024-12-18,"LEAR",2.91558333333333,6.37362478306055
"Peak-weighted GNAR q=0.95 weight=4",2024-12-18,"PLYM",13.6055416666667,8.73115847056274
"Peak-weighted GNAR q=0.95 weight=4",2024-12-18,"SHDG",2.84495833333333,7.07394942895955
"Peak-weighted GNAR q=0.95 weight=4",2024-12-18,"SHE",3.22429166666667,7.61465628621998
"Peak-weighted GNAR q=0.95 weight=4",2024-12-18,"BEL2",3.789375,7.36645298776837
"Peak-weighted GNAR q=0.95 weight=4",2024-12-18,"GLKP",2.55025,5.9930553425071
"Peak-weighted GNAR q=0.95 weight=4",2024-12-18,"LECU",2.90295833333333,6.92999963864455
"Peak-weighted GNAR q=0.95 weight=4",2024-12-18,"SUN2",2.16779166666667,7.38439206205738
"Peak-weighted GNAR q=0.95 weight=4",2024-12-18,"TRAN",3.52983333333333,6.13889576860743
"Peak-weighted GNAR q=0.95 weight=4",2024-12-18,"STOK",2.728875,7.00539104462568
"Peak-weighted GNAR q=0.95 weight=4",2024-12-18,"BEX",4.76033333333333,6.85551983212281
"Peak-weighted GNAR q=0.95 weight=4",2024-12-18,"SEND",4.93904166666667,6.73799891764011
"Peak-weighted GNAR q=0.95 weight=4",2024-12-18,"HUL2",3.91895833333333,7.27011109519337
"Peak-weighted GNAR q=0.95 weight=4",2024-12-18,"PEMB",6.49670833333333,6.49951722639536
"Peak-weighted GNAR q=0.95 weight=4",2024-12-18,"WFEN",3.79720833333333,6.93742904899704
"Peak-weighted GNAR q=0.95 weight=4",2024-12-18,"OSY",5.75383333333333,6.6582680354475
"Peak-weighted GNAR q=0.95 weight=4",2024-12-18,"ACTH",1.32570833333333,5.30103066155748
"Peak-weighted GNAR q=0.95 weight=4",2024-12-18,"COPP",2.39783333333333,6.64028164751953
"Peak-weighted GNAR q=0.95 weight=4",2024-12-19,"EB",2.75554166666667,6.21700815955604
"Peak-weighted GNAR q=0.95 weight=4",2024-12-19,"IMGM",2.03220833333333,4.34927439920684
"Peak-weighted GNAR q=0.95 weight=4",2024-12-19,"PRES",3.79620833333333,5.17222007103491
"Peak-weighted GNAR q=0.95 weight=4",2024-12-19,"BIRR",3.62620833333333,4.62785588750165
"Peak-weighted GNAR q=0.95 weight=4",2024-12-19,"BLC2",4.06841666666667,5.69068866904473
"Peak-weighted GNAR q=0.95 weight=4",2024-12-19,"BOTR",3.33629166666667,4.45571740496478
"Peak-weighted GNAR q=0.95 weight=4",2024-12-19,"GHSR",3.73920833333333,4.46003835613101
"Peak-weighted GNAR q=0.95 weight=4",2024-12-19,"LEAM",3.109375,4.55871180265116
"Peak-weighted GNAR q=0.95 weight=4",2024-12-19,"NPT3",3.06308333333333,5.9316934528102
"Peak-weighted GNAR q=0.95 weight=4",2024-12-19,"REA1",2.78004166666667,5.02249630234298
"Peak-weighted GNAR q=0.95 weight=4",2024-12-19,"SOUT",2.88033333333333,6.5058100873177
"Peak-weighted GNAR q=0.95 weight=4",2024-12-19,"WREX",3.59079166666667,4.10998135136774
"Peak-weighted GNAR q=0.95 weight=4",2024-12-19,"LEAR",2.58158333333333,4.38196740878054
"Peak-weighted GNAR q=0.95 weight=4",2024-12-19,"PLYM",6.51141666666667,9.52556559547275
"Peak-weighted GNAR q=0.95 weight=4",2024-12-19,"SHDG",2.62670833333333,4.36012604825959
"Peak-weighted GNAR q=0.95 weight=4",2024-12-19,"SHE",2.555,4.55036282156531
"Peak-weighted GNAR q=0.95 weight=4",2024-12-19,"BEL2",5.34404166666667,4.81558358411741
"Peak-weighted GNAR q=0.95 weight=4",2024-12-19,"GLKP",2.92045833333333,4.20079832244731
"Peak-weighted GNAR q=0.95 weight=4",2024-12-19,"LECU",3.43854166666667,4.38539096105941
"Peak-weighted GNAR q=0.95 weight=4",2024-12-19,"SUN2",2.81641666666667,4.04222067793055
"Peak-weighted GNAR q=0.95 weight=4",2024-12-19,"TRAN",4.919375,4.67115617762821
"Peak-weighted GNAR q=0.95 weight=4",2024-12-19,"STOK",4.78679166666667,4.30352894245051
"Peak-weighted GNAR q=0.95 weight=4",2024-12-19,"BEX",3.231125,5.27091655008764
"Peak-weighted GNAR q=0.95 weight=4",2024-12-19,"SEND",3.01883333333333,5.3542585029595
"Peak-weighted GNAR q=0.95 weight=4",2024-12-19,"HUL2",2.67195833333333,4.87613643935324
"Peak-weighted GNAR q=0.95 weight=4",2024-12-19,"PEMB",4.77879166666667,6.09359318023903
"Peak-weighted GNAR q=0.95 weight=4",2024-12-19,"WFEN",2.52170833333333,4.81256060928814
"Peak-weighted GNAR q=0.95 weight=4",2024-12-19,"OSY",2.48429166666667,5.74182852762294
"Peak-weighted GNAR q=0.95 weight=4",2024-12-19,"ACTH",1.53883333333333,3.60465919298891
"Peak-weighted GNAR q=0.95 weight=4",2024-12-19,"COPP",3.6655,4.13921102282672
"Peak-weighted GNAR q=0.95 weight=4",2024-12-20,"EB",3.74625,4.05739761240079
"Peak-weighted GNAR q=0.95 weight=4",2024-12-20,"IMGM",4.780875,3.68004914493814
"Peak-weighted GNAR q=0.95 weight=4",2024-12-20,"PRES",5.088375,4.53628812304311
"Peak-weighted GNAR q=0.95 weight=4",2024-12-20,"BIRR",5.75966666666667,4.44559731454917
"Peak-weighted GNAR q=0.95 weight=4",2024-12-20,"BLC2",6.70891666666667,4.6750708559464
"Peak-weighted GNAR q=0.95 weight=4",2024-12-20,"BOTR",4.39866666666667,4.30436136068036
"Peak-weighted GNAR q=0.95 weight=4",2024-12-20,"GHSR",5.15429166666667,4.49704786995648
"Peak-weighted GNAR q=0.95 weight=4",2024-12-20,"LEAM",4.78770833333333,4.19788350242538
"Peak-weighted GNAR q=0.95 weight=4",2024-12-20,"NPT3",5.751875,4.1988450072625
"Peak-weighted GNAR q=0.95 weight=4",2024-12-20,"REA1",4.02920833333333,4.04853568996753
"Peak-weighted GNAR q=0.95 weight=4",2024-12-20,"SOUT",4.71804166666667,4.12168796702228
"Peak-weighted GNAR q=0.95 weight=4",2024-12-20,"WREX",3.54958333333333,4.420181441282
"Peak-weighted GNAR q=0.95 weight=4",2024-12-20,"LEAR",4.28366666666667,3.94295315101572
"Peak-weighted GNAR q=0.95 weight=4",2024-12-20,"PLYM",8.62820833333333,5.906168739018
"Peak-weighted GNAR q=0.95 weight=4",2024-12-20,"SHDG",4.51858333333333,3.96392147646972
"Peak-weighted GNAR q=0.95 weight=4",2024-12-20,"SHE",5.23383333333333,3.93277563034866
"Peak-weighted GNAR q=0.95 weight=4",2024-12-20,"BEL2",6.50454166666667,5.26891180066545
"Peak-weighted GNAR q=0.95 weight=4",2024-12-20,"GLKP",4.37104166666667,4.10176279299564
"Peak-weighted GNAR q=0.95 weight=4",2024-12-20,"LECU",4.19125,4.35197645617446
"Peak-weighted GNAR q=0.95 weight=4",2024-12-20,"SUN2",3.26945833333333,4.04897722973367
"Peak-weighted GNAR q=0.95 weight=4",2024-12-20,"TRAN",6.08391666666667,5.06405545581833
"Peak-weighted GNAR q=0.95 weight=4",2024-12-20,"STOK",4.663875,4.99423579423845
"Peak-weighted GNAR q=0.95 weight=4",2024-12-20,"BEX",4.768125,4.26807685414181
"Peak-weighted GNAR q=0.95 weight=4",2024-12-20,"SEND",4.41625,4.16818051119323
"Peak-weighted GNAR q=0.95 weight=4",2024-12-20,"HUL2",5.53654166666667,3.99427012795362
"Peak-weighted GNAR q=0.95 weight=4",2024-12-20,"PEMB",5.07770833333333,5.02109782178482
"Peak-weighted GNAR q=0.95 weight=4",2024-12-20,"WFEN",4.30141666666667,3.92154688115092
"Peak-weighted GNAR q=0.95 weight=4",2024-12-20,"OSY",4.14708333333333,3.91961628636278
"Peak-weighted GNAR q=0.95 weight=4",2024-12-20,"ACTH",2.35741666666667,3.43218071306344
"Peak-weighted GNAR q=0.95 weight=4",2024-12-20,"COPP",3.976125,4.45621690717903
"Peak-weighted GNAR q=0.95 weight=4",2024-12-21,"EB",6.814125,5.69580845670319
"Peak-weighted GNAR q=0.95 weight=4",2024-12-21,"IMGM",4.97558333333333,6.18386549505833
"Peak-weighted GNAR q=0.95 weight=4",2024-12-21,"PRES",7.286875,6.3450352931087
"Peak-weighted GNAR q=0.95 weight=4",2024-12-21,"BIRR",4.88016666666667,6.66413675449339
"Peak-weighted GNAR q=0.95 weight=4",2024-12-21,"BLC2",9.98333333333333,7.12092532576386
"Peak-weighted GNAR q=0.95 weight=4",2024-12-21,"BOTR",5.04520833333333,6.01201201627232
"Peak-weighted GNAR q=0.95 weight=4",2024-12-21,"GHSR",7.052,6.37604085278598
"Peak-weighted GNAR q=0.95 weight=4",2024-12-21,"LEAM",5.53066666666667,6.19589917929678
"Peak-weighted GNAR q=0.95 weight=4",2024-12-21,"NPT3",7.31733333333333,6.65583137277335
"Peak-weighted GNAR q=0.95 weight=4",2024-12-21,"REA1",6.07995833333333,5.83109695713691
"Peak-weighted GNAR q=0.95 weight=4",2024-12-21,"SOUT",6.64908333333333,6.16077407828231
"Peak-weighted GNAR q=0.95 weight=4",2024-12-21,"WREX",4.682625,5.60871794789603
"Peak-weighted GNAR q=0.95 weight=4",2024-12-21,"LEAR",5.08270833333333,5.9509635418637
"Peak-weighted GNAR q=0.95 weight=4",2024-12-21,"PLYM",9.59020833333333,8.05712025448203
"Peak-weighted GNAR q=0.95 weight=4",2024-12-21,"SHDG",5.38216666666667,6.06348410325667
"Peak-weighted GNAR q=0.95 weight=4",2024-12-21,"SHE",5.32616666666667,6.40437238772706
"Peak-weighted GNAR q=0.95 weight=4",2024-12-21,"BEL2",6.6795,7.03374069203115
"Peak-weighted GNAR q=0.95 weight=4",2024-12-21,"GLKP",6.29708333333333,5.99543726440358
"Peak-weighted GNAR q=0.95 weight=4",2024-12-21,"LECU",4.85754166666667,5.91382048107114
"Peak-weighted GNAR q=0.95 weight=4",2024-12-21,"SUN2",4.920375,5.46867591686276
"Peak-weighted GNAR q=0.95 weight=4",2024-12-21,"TRAN",7.13054166666667,6.82946929763221
"Peak-weighted GNAR q=0.95 weight=4",2024-12-21,"STOK",5.250625,6.15043825016082
"Peak-weighted GNAR q=0.95 weight=4",2024-12-21,"BEX",6.25391666666667,6.18754117822287
"Peak-weighted GNAR q=0.95 weight=4",2024-12-21,"SEND",6.37979166666667,6.01782153678574
"Peak-weighted GNAR q=0.95 weight=4",2024-12-21,"HUL2",5.9955,6.54984275105522
"Peak-weighted GNAR q=0.95 weight=4",2024-12-21,"PEMB",8.60666666666667,6.34794399792576
"Peak-weighted GNAR q=0.95 weight=4",2024-12-21,"WFEN",4.594125,5.95895012559423
"Peak-weighted GNAR q=0.95 weight=4",2024-12-21,"OSY",6.18116666666667,5.88496415173258
"Peak-weighted GNAR q=0.95 weight=4",2024-12-21,"ACTH",3.77845833333333,5.02284878558987
"Peak-weighted GNAR q=0.95 weight=4",2024-12-21,"COPP",5.15533333333333,5.81296435621766
"Peak-weighted GNAR q=0.95 weight=4",2024-12-22,"EB",4.54604166666667,7.63741983068162
"Peak-weighted GNAR q=0.95 weight=4",2024-12-22,"IMGM",4.54208333333333,6.7680944920695
"Peak-weighted GNAR q=0.95 weight=4",2024-12-22,"PRES",8.356,7.87404740114131
"Peak-weighted GNAR q=0.95 weight=4",2024-12-22,"BIRR",6.95070833333333,6.73051126694271
"Peak-weighted GNAR q=0.95 weight=4",2024-12-22,"BLC2",9.78195833333333,9.17457732111515
"Peak-weighted GNAR q=0.95 weight=4",2024-12-22,"BOTR",7.21104166666667,6.79822230928786
"Peak-weighted GNAR q=0.95 weight=4",2024-12-22,"GHSR",7.56783333333333,7.7624509412524
"Peak-weighted GNAR q=0.95 weight=4",2024-12-22,"LEAM",6.66079166666667,7.03315611809698
"Peak-weighted GNAR q=0.95 weight=4",2024-12-22,"NPT3",6.364,7.89399157595103
"Peak-weighted GNAR q=0.95 weight=4",2024-12-22,"REA1",5.47370833333333,7.28922061881754
"Peak-weighted GNAR q=0.95 weight=4",2024-12-22,"SOUT",5.66725,7.56653947590082
"Peak-weighted GNAR q=0.95 weight=4",2024-12-22,"WREX",7.202375,6.61820495554753
"Peak-weighted GNAR q=0.95 weight=4",2024-12-22,"LEAR",6.12425,6.81518898900916
"Peak-weighted GNAR q=0.95 weight=4",2024-12-22,"PLYM",8.39033333333333,9.00252166878244
"Peak-weighted GNAR q=0.95 weight=4",2024-12-22,"SHDG",6.99770833333333,6.96006827984473
"Peak-weighted GNAR q=0.95 weight=4",2024-12-22,"SHE",6.51933333333333,6.93915721228479
"Peak-weighted GNAR q=0.95 weight=4",2024-12-22,"BEL2",7.50195833333333,7.59560831554914
"Peak-weighted GNAR q=0.95 weight=4",2024-12-22,"GLKP",6.94183333333333,7.39566323124884
"Peak-weighted GNAR q=0.95 weight=4",2024-12-22,"LECU",6.41608333333333,6.7069381444946
"Peak-weighted GNAR q=0.95 weight=4",2024-12-22,"SUN2",4.64029166666667,6.72942969569025
"Peak-weighted GNAR q=0.95 weight=4",2024-12-22,"TRAN",10.61425,7.80751794458907
"Peak-weighted GNAR q=0.95 weight=4",2024-12-22,"STOK",8.45416666666667,6.8984512141459
"Peak-weighted GNAR q=0.95 weight=4",2024-12-22,"BEX",6.08091666666667,7.37828818754522
"Peak-weighted GNAR q=0.95 weight=4",2024-12-22,"SEND",6.073125,7.43551769043446
"Peak-weighted GNAR q=0.95 weight=4",2024-12-22,"HUL2",5.39604166666667,7.26117298345276
"Peak-weighted GNAR q=0.95 weight=4",2024-12-22,"PEMB",6.83375,8.50405095653812
"Peak-weighted GNAR q=0.95 weight=4",2024-12-22,"WFEN",5.49041666666667,6.58207574643236
"Peak-weighted GNAR q=0.95 weight=4",2024-12-22,"OSY",5.407875,7.33849900720096
"Peak-weighted GNAR q=0.95 weight=4",2024-12-22,"ACTH",3.730375,6.17683302527976
"Peak-weighted GNAR q=0.95 weight=4",2024-12-22,"COPP",8.03566666666667,6.84735706449671
"Peak-weighted GNAR q=0.95 weight=4",2024-12-23,"EB",6.84941666666667,6.58544639614016
"Peak-weighted GNAR q=0.95 weight=4",2024-12-23,"IMGM",7.05195833333333,6.56858542948503
"Peak-weighted GNAR q=0.95 weight=4",2024-12-23,"PRES",7.25541666666667,8.4082332344286
"Peak-weighted GNAR q=0.95 weight=4",2024-12-23,"BIRR",7.86266666666667,7.71772594592982
"Peak-weighted GNAR q=0.95 weight=4",2024-12-23,"BLC2",6.76304166666667,9.11096655813405
"Peak-weighted GNAR q=0.95 weight=4",2024-12-23,"BOTR",8.33333333333333,7.84335732322477
"Peak-weighted GNAR q=0.95 weight=4",2024-12-23,"GHSR",4.93816666666667,8.03003682548786
"Peak-weighted GNAR q=0.95 weight=4",2024-12-23,"LEAM",7.582625,7.58461192773008
"Peak-weighted GNAR q=0.95 weight=4",2024-12-23,"NPT3",6.21466666666667,7.45746744358476
"Peak-weighted GNAR q=0.95 weight=4",2024-12-23,"REA1",7.31629166666667,7.02235153808084
"Peak-weighted GNAR q=0.95 weight=4",2024-12-23,"SOUT",6.41516666666667,7.11938590595133
"Peak-weighted GNAR q=0.95 weight=4",2024-12-23,"WREX",5.00195833333333,7.83626720711607
"Peak-weighted GNAR q=0.95 weight=4",2024-12-23,"LEAR",7.2495,7.32481033226689
"Peak-weighted GNAR q=0.95 weight=4",2024-12-23,"PLYM",8.25266666666667,8.44338051484832
"Peak-weighted GNAR q=0.95 weight=4",2024-12-23,"SHDG",6.42975,7.74425229661486
"Peak-weighted GNAR q=0.95 weight=4",2024-12-23,"SHE",7.46566666666667,7.51541213738647
"Peak-weighted GNAR q=0.95 weight=4",2024-12-23,"BEL2",5.27616666666667,7.99555375183152
"Peak-weighted GNAR q=0.95 weight=4",2024-12-23,"GLKP",4.61379166666667,7.72502678613842
"Peak-weighted GNAR q=0.95 weight=4",2024-12-23,"LECU",7.73291666666667,7.4623028761846
"Peak-weighted GNAR q=0.95 weight=4",2024-12-23,"SUN2",5.87366666666667,6.61502215546982
"Peak-weighted GNAR q=0.95 weight=4",2024-12-23,"TRAN",6.538,9.48508619110963
"Peak-weighted GNAR q=0.95 weight=4",2024-12-23,"STOK",7.82045833333333,8.43851850186913
"Peak-weighted GNAR q=0.95 weight=4",2024-12-23,"BEX",8.82079166666667,7.31365939708574
"Peak-weighted GNAR q=0.95 weight=4",2024-12-23,"SEND",7.79679166666667,7.3109645228527
"Peak-weighted GNAR q=0.95 weight=4",2024-12-23,"HUL2",8.57216666666667,6.98458444247591
"Peak-weighted GNAR q=0.95 weight=4",2024-12-23,"PEMB",4.541125,7.69223288328074
"Peak-weighted GNAR q=0.95 weight=4",2024-12-23,"WFEN",7.03816666666667,7.01822927455768
"Peak-weighted GNAR q=0.95 weight=4",2024-12-23,"OSY",6.72375,6.99174575032424
"Peak-weighted GNAR q=0.95 weight=4",2024-12-23,"ACTH",2.82733333333333,6.17131426423773
"Peak-weighted GNAR q=0.95 weight=4",2024-12-23,"COPP",6.47108333333333,8.23794370898336
"Peak-weighted GNAR q=0.95 weight=4",2024-12-24,"EB",4.47333333333333,7.55594404623068
"Peak-weighted GNAR q=0.95 weight=4",2024-12-24,"IMGM",5.78604166666667,7.65260856189945
"Peak-weighted GNAR q=0.95 weight=4",2024-12-24,"PRES",4.986375,7.78079955742614
"Peak-weighted GNAR q=0.95 weight=4",2024-12-24,"BIRR",5.52483333333333,8.05926752076378
"Peak-weighted GNAR q=0.95 weight=4",2024-12-24,"BLC2",5.05220833333333,7.55734311092253
"Peak-weighted GNAR q=0.95 weight=4",2024-12-24,"BOTR",5.631875,8.28609147445982
"Peak-weighted GNAR q=0.95 weight=4",2024-12-24,"GHSR",1.7305,6.66808798622339
"Peak-weighted GNAR q=0.95 weight=4",2024-12-24,"LEAM",6.60479166666667,7.92321020493298
"Peak-weighted GNAR q=0.95 weight=4",2024-12-24,"NPT3",3.37558333333333,7.26770746013211
"Peak-weighted GNAR q=0.95 weight=4",2024-12-24,"REA1",5.593625,7.78639187185705
"Peak-weighted GNAR q=0.95 weight=4",2024-12-24,"SOUT",3.91708333333333,7.35775586737765
"Peak-weighted GNAR q=0.95 weight=4",2024-12-24,"WREX",1.66570833333333,6.69556726821179
"Peak-weighted GNAR q=0.95 weight=4",2024-12-24,"LEAR",6.42891666666667,7.75980176566105
"Peak-weighted GNAR q=0.95 weight=4",2024-12-24,"PLYM",2.99625,8.25718280959739
"Peak-weighted GNAR q=0.95 weight=4",2024-12-24,"SHDG",5.24475,7.37555207692034
"Peak-weighted GNAR q=0.95 weight=4",2024-12-24,"SHE",4.59808333333333,7.86622046711907
"Peak-weighted GNAR q=0.95 weight=4",2024-12-24,"BEL2",2.97070833333333,6.82891836942992
"Peak-weighted GNAR q=0.95 weight=4",2024-12-24,"GLKP",1.65195833333333,6.50812848528502
"Peak-weighted GNAR q=0.95 weight=4",2024-12-24,"LECU",6.18225,7.9929692842629
"Peak-weighted GNAR q=0.95 weight=4",2024-12-24,"SUN2",1.16258333333333,7.09087230080745
"Peak-weighted GNAR q=0.95 weight=4",2024-12-24,"TRAN",9.03,7.45668181724941
"Peak-weighted GNAR q=0.95 weight=4",2024-12-24,"STOK",3.013,8.05135918156698
"Peak-weighted GNAR q=0.95 weight=4",2024-12-24,"BEX",8.34520833333333,8.509609585271
"Peak-weighted GNAR q=0.95 weight=4",2024-12-24,"SEND",8.63316666666667,8.02067156782845
"Peak-weighted GNAR q=0.95 weight=4",2024-12-24,"HUL2",6.7315,8.38533497223312
"Peak-weighted GNAR q=0.95 weight=4",2024-12-24,"PEMB",2.46175,6.47255609483609
"Peak-weighted GNAR q=0.95 weight=4",2024-12-24,"WFEN",5.94741666666667,7.6537464431478
"Peak-weighted GNAR q=0.95 weight=4",2024-12-24,"OSY",8.2105,7.50296658139328
"Peak-weighted GNAR q=0.95 weight=4",2024-12-24,"ACTH",0.515041666666667,5.62909285682021
"Peak-weighted GNAR q=0.95 weight=4",2024-12-24,"COPP",4.43104166666667,7.40373736055812
"Peak-weighted GNAR q=0.95 weight=4",2024-12-25,"EB",5.11504166666667,5.12009855237838
"Peak-weighted GNAR q=0.95 weight=4",2024-12-25,"IMGM",6.13208333333333,5.74845655647425
"Peak-weighted GNAR q=0.95 weight=4",2024-12-25,"PRES",4.053625,5.3683391928705
"Peak-weighted GNAR q=0.95 weight=4",2024-12-25,"BIRR",3.77854166666667,5.63035294429449
"Peak-weighted GNAR q=0.95 weight=4",2024-12-25,"BLC2",2.93929166666667,5.39575972153856
"Peak-weighted GNAR q=0.95 weight=4",2024-12-25,"BOTR",6.6755,5.68528903523383
"Peak-weighted GNAR q=0.95 weight=4",2024-12-25,"GHSR",1.341375,3.79506120913497
"Peak-weighted GNAR q=0.95 weight=4",2024-12-25,"LEAM",4.31408333333333,6.1436625787517
"Peak-weighted GNAR q=0.95 weight=4",2024-12-25,"NPT3",1.95758333333333,4.5908457587701
"Peak-weighted GNAR q=0.95 weight=4",2024-12-25,"REA1",2.818375,5.65874610985185
"Peak-weighted GNAR q=0.95 weight=4",2024-12-25,"SOUT",1.82191666666667,4.8509994985379
"Peak-weighted GNAR q=0.95 weight=4",2024-12-25,"WREX",3.35691666666667,3.76464804745094
"Peak-weighted GNAR q=0.95 weight=4",2024-12-25,"LEAR",5.34091666666667,6.05698431164296
"Peak-weighted GNAR q=0.95 weight=4",2024-12-25,"PLYM",2.00083333333333,4.42634111526128
"Peak-weighted GNAR q=0.95 weight=4",2024-12-25,"SHDG",7.17570833333333,5.48496831947713
"Peak-weighted GNAR q=0.95 weight=4",2024-12-25,"SHE",6.301125,5.18467437608066
"Peak-weighted GNAR q=0.95 weight=4",2024-12-25,"BEL2",2.10291666666667,4.38990954510503
"Peak-weighted GNAR q=0.95 weight=4",2024-12-25,"GLKP",1.27058333333333,3.75492273940717
"Peak-weighted GNAR q=0.95 weight=4",2024-12-25,"LECU",5.21625,5.94315800534743
"Peak-weighted GNAR q=0.95 weight=4",2024-12-25,"SUN2",3.47679166666667,3.53154613074098
"Peak-weighted GNAR q=0.95 weight=4",2024-12-25,"TRAN",12.0372083333333,7.29299087677916
"Peak-weighted GNAR q=0.95 weight=4",2024-12-25,"STOK",4.040875,4.43081838263085
"Peak-weighted GNAR q=0.95 weight=4",2024-12-25,"BEX",7.51583333333333,6.98464869437309
"Peak-weighted GNAR q=0.95 weight=4",2024-12-25,"SEND",10.860875,7.11378637186305
"Peak-weighted GNAR q=0.95 weight=4",2024-12-25,"HUL2",8.76866666666667,6.21221304671133
"Peak-weighted GNAR q=0.95 weight=4",2024-12-25,"PEMB",1.12033333333333,4.14093897864386
"Peak-weighted GNAR q=0.95 weight=4",2024-12-25,"WFEN",4.950875,5.8253873506917
"Peak-weighted GNAR q=0.95 weight=4",2024-12-25,"OSY",9.438875,6.90326055269963
"Peak-weighted GNAR q=0.95 weight=4",2024-12-25,"ACTH",0.64075,3.19759280170608
"Peak-weighted GNAR q=0.95 weight=4",2024-12-25,"COPP",5.22408333333333,5.09682705221932
"Peak-weighted GNAR q=0.95 weight=4",2024-12-26,"EB",4.18141666666667,5.91683569527482
"Peak-weighted GNAR q=0.95 weight=4",2024-12-26,"IMGM",7.70345833333333,6.4130775885283
"Peak-weighted GNAR q=0.95 weight=4",2024-12-26,"PRES",10.9070833333333,5.41427547216517
"Peak-weighted GNAR q=0.95 weight=4",2024-12-26,"BIRR",4.35725,5.28733078100391
"Peak-weighted GNAR q=0.95 weight=4",2024-12-26,"BLC2",11.3935833333333,4.88281035064046
"Peak-weighted GNAR q=0.95 weight=4",2024-12-26,"BOTR",5.05608333333333,6.67125833610426
"Peak-weighted GNAR q=0.95 weight=4",2024-12-26,"GHSR",2.01458333333333,4.09288987579964
"Peak-weighted GNAR q=0.95 weight=4",2024-12-26,"LEAM",3.619375,5.55180131799598
"Peak-weighted GNAR q=0.95 weight=4",2024-12-26,"NPT3",4.25525,4.40047381316762
"Peak-weighted GNAR q=0.95 weight=4",2024-12-26,"REA1",4.21475,4.82949147067966
"Peak-weighted GNAR q=0.95 weight=4",2024-12-26,"SOUT",4.17645833333333,4.34011371734513
"Peak-weighted GNAR q=0.95 weight=4",2024-12-26,"WREX",4.714125,5.05461527309071
"Peak-weighted GNAR q=0.95 weight=4",2024-12-26,"LEAR",3.45225,6.04059642326187
"Peak-weighted GNAR q=0.95 weight=4",2024-12-26,"PLYM",2.84008333333333,4.41803317933292
"Peak-weighted GNAR q=0.95 weight=4",2024-12-26,"SHDG",12.8549166666667,6.906913736171
"Peak-weighted GNAR q=0.95 weight=4",2024-12-26,"SHE",10.8255,6.48410737055398
"Peak-weighted GNAR q=0.95 weight=4",2024-12-26,"BEL2",5.96404166666667,4.46656146936218
"Peak-weighted GNAR q=0.95 weight=4",2024-12-26,"GLKP",1.95270833333333,4.05845319837896
"Peak-weighted GNAR q=0.95 weight=4",2024-12-26,"LECU",4.2295,5.97906989089041
"Peak-weighted GNAR q=0.95 weight=4",2024-12-26,"SUN2",6.55266666666667,5.10774865207916
"Peak-weighted GNAR q=0.95 weight=4",2024-12-26,"TRAN",17.4923333333333,9.25869758636622
"Peak-weighted GNAR q=0.95 weight=4",2024-12-26,"STOK",6.41629166666667,5.39211927412974
"Peak-weighted GNAR q=0.95 weight=4",2024-12-26,"BEX",5.9945,7.09454199225423
"Peak-weighted GNAR q=0.95 weight=4",2024-12-26,"SEND",6.818,8.6938651557901
"Peak-weighted GNAR q=0.95 weight=4",2024-12-26,"HUL2",12.88825,7.67952500676616
"Peak-weighted GNAR q=0.95 weight=4",2024-12-26,"PEMB",0.688833333333333,3.99331546898597
"Peak-weighted GNAR q=0.95 weight=4",2024-12-26,"WFEN",6.84954166666667,5.85046322681124
"Peak-weighted GNAR q=0.95 weight=4",2024-12-26,"OSY",6.37295833333333,8.01153702716317
"Peak-weighted GNAR q=0.95 weight=4",2024-12-26,"ACTH",0.563166666666667,3.74850244698725
"Peak-weighted GNAR q=0.95 weight=4",2024-12-26,"COPP",4.62375,5.96854961417796
"Peak-weighted GNAR q=0.95 weight=4",2024-12-27,"EB",6.70495833333333,6.42384760830546
"Peak-weighted GNAR q=0.95 weight=4",2024-12-27,"IMGM",2.88733333333333,8.11361041008849
"Peak-weighted GNAR q=0.95 weight=4",2024-12-27,"PRES",7.38891666666667,9.62614924944837
"Peak-weighted GNAR q=0.95 weight=4",2024-12-27,"BIRR",4.856625,6.49691027396706
"Peak-weighted GNAR q=0.95 weight=4",2024-12-27,"BLC2",6.12133333333333,9.84933842713877
"Peak-weighted GNAR q=0.95 weight=4",2024-12-27,"BOTR",4.49495833333333,6.85413473829924
"Peak-weighted GNAR q=0.95 weight=4",2024-12-27,"GHSR",3.83745833333333,5.35863660458379
"Peak-weighted GNAR q=0.95 weight=4",2024-12-27,"LEAM",5.39320833333333,6.1489974212437
"Peak-weighted GNAR q=0.95 weight=4",2024-12-27,"NPT3",7.10704166666667,6.43338577144644
"Peak-weighted GNAR q=0.95 weight=4",2024-12-27,"REA1",4.488,6.42105980242827
"Peak-weighted GNAR q=0.95 weight=4",2024-12-27,"SOUT",7.28575,6.39466459418951
"Peak-weighted GNAR q=0.95 weight=4",2024-12-27,"WREX",10.2870416666667,6.66385503280245
"Peak-weighted GNAR q=0.95 weight=4",2024-12-27,"LEAR",5.00104166666667,6.0775706513366
"Peak-weighted GNAR q=0.95 weight=4",2024-12-27,"PLYM",6.68245833333333,5.75811393561902
"Peak-weighted GNAR q=0.95 weight=4",2024-12-27,"SHDG",17.6828333333333,10.5815001991879
"Peak-weighted GNAR q=0.95 weight=4",2024-12-27,"SHE",8.80108333333333,9.6055013429338
"Peak-weighted GNAR q=0.95 weight=4",2024-12-27,"BEL2",6.15470833333333,7.25037467708271
"Peak-weighted GNAR q=0.95 weight=4",2024-12-27,"GLKP",3.696,5.32851999963072
"Peak-weighted GNAR q=0.95 weight=4",2024-12-27,"LECU",3.190875,6.44762752508631
"Peak-weighted GNAR q=0.95 weight=4",2024-12-27,"SUN2",11.252,7.54258143221825
"Peak-weighted GNAR q=0.95 weight=4",2024-12-27,"TRAN",35.8885,12.8350668257244
"Peak-weighted GNAR q=0.95 weight=4",2024-12-27,"STOK",6.841625,7.48206706176741
"Peak-weighted GNAR q=0.95 weight=4",2024-12-27,"BEX",7.673,7.30899321730202
"Peak-weighted GNAR q=0.95 weight=4",2024-12-27,"SEND",4.52441666666667,7.72938434421807
"Peak-weighted GNAR q=0.95 weight=4",2024-12-27,"HUL2",9.76725,10.6103854995286
"Peak-weighted GNAR q=0.95 weight=4",2024-12-27,"PEMB",2.54820833333333,4.72390164771368
"Peak-weighted GNAR q=0.95 weight=4",2024-12-27,"WFEN",11.022,7.69631789598103
"Peak-weighted GNAR q=0.95 weight=4",2024-12-27,"OSY",2.35820833333333,7.50533477142198
"Peak-weighted GNAR q=0.95 weight=4",2024-12-27,"ACTH",0.669208333333333,4.66000106494955
"Peak-weighted GNAR q=0.95 weight=4",2024-12-27,"COPP",5.78820833333333,6.63591279536031
"Peak-weighted GNAR q=0.95 weight=4",2024-12-28,"EB",11.0111666666667,8.04658428854534
"Peak-weighted GNAR q=0.95 weight=4",2024-12-28,"IMGM",6.99095833333333,6.25266673194144
"Peak-weighted GNAR q=0.95 weight=4",2024-12-28,"PRES",7.73108333333333,8.42788424488974
"Peak-weighted GNAR q=0.95 weight=4",2024-12-28,"BIRR",4.90566666666667,7.16559112977526
"Peak-weighted GNAR q=0.95 weight=4",2024-12-28,"BLC2",7.52558333333333,7.8266805104002
"Peak-weighted GNAR q=0.95 weight=4",2024-12-28,"BOTR",6.48195833333333,6.99861604947144
"Peak-weighted GNAR q=0.95 weight=4",2024-12-28,"GHSR",4.65508333333333,6.65994780476633
"Peak-weighted GNAR q=0.95 weight=4",2024-12-28,"LEAM",6.40345833333333,7.41575641034599
"Peak-weighted GNAR q=0.95 weight=4",2024-12-28,"NPT3",8.38058333333333,8.23914675810052
"Peak-weighted GNAR q=0.95 weight=4",2024-12-28,"REA1",4.609,6.9884430723158
"Peak-weighted GNAR q=0.95 weight=4",2024-12-28,"SOUT",9.08425,8.32382347974681
"Peak-weighted GNAR q=0.95 weight=4",2024-12-28,"WREX",8.31270833333333,9.76106806441199
"Peak-weighted GNAR q=0.95 weight=4",2024-12-28,"LEAR",5.95225,7.22716865040072
"Peak-weighted GNAR q=0.95 weight=4",2024-12-28,"PLYM",10.8963333333333,8.02491997632094
"Peak-weighted GNAR q=0.95 weight=4",2024-12-28,"SHDG",12.5572083333333,13.3582318079688
"Peak-weighted GNAR q=0.95 weight=4",2024-12-28,"SHE",11.1517083333333,9.10141168375229
"Peak-weighted GNAR q=0.95 weight=4",2024-12-28,"BEL2",7.175875,7.79840168448058
"Peak-weighted GNAR q=0.95 weight=4",2024-12-28,"GLKP",4.43791666666667,6.59190940575848
"Peak-weighted GNAR q=0.95 weight=4",2024-12-28,"LECU",6.658875,6.36929420969406
"Peak-weighted GNAR q=0.95 weight=4",2024-12-28,"SUN2",4.497875,10.2367263571284
"Peak-weighted GNAR q=0.95 weight=4",2024-12-28,"TRAN",13.7991666666667,22.0876811385218
"Peak-weighted GNAR q=0.95 weight=4",2024-12-28,"STOK",7.046,8.13002974393618
"Peak-weighted GNAR q=0.95 weight=4",2024-12-28,"BEX",8.8955,8.52350730920599
"Peak-weighted GNAR q=0.95 weight=4",2024-12-28,"SEND",7.02545833333333,7.02702718351745
"Peak-weighted GNAR q=0.95 weight=4",2024-12-28,"HUL2",10.0392916666667,9.57947257693564
"Peak-weighted GNAR q=0.95 weight=4",2024-12-28,"PEMB",5.57395833333333,6.03364294411609
"Peak-weighted GNAR q=0.95 weight=4",2024-12-28,"WFEN",5.427625,10.1293379901973
"Peak-weighted GNAR q=0.95 weight=4",2024-12-28,"OSY",4.09591666666667,5.98921946425935
"Peak-weighted GNAR q=0.95 weight=4",2024-12-28,"ACTH",1.15370833333333,5.13555390449826
"Peak-weighted GNAR q=0.95 weight=4",2024-12-28,"COPP",6.676625,7.61251455361814
"Peak-weighted GNAR q=0.95 weight=4",2024-12-29,"EB",5.13658333333333,9.76403572917996
"Peak-weighted GNAR q=0.95 weight=4",2024-12-29,"IMGM",5.38129166666667,7.81363483415209
"Peak-weighted GNAR q=0.95 weight=4",2024-12-29,"PRES",3.90825,8.20363904038312
"Peak-weighted GNAR q=0.95 weight=4",2024-12-29,"BIRR",3.2135,6.83411792050035
"Peak-weighted GNAR q=0.95 weight=4",2024-12-29,"BLC2",5.24283333333333,8.09520803957373
"Peak-weighted GNAR q=0.95 weight=4",2024-12-29,"BOTR",3.91120833333333,7.58372064365432
"Peak-weighted GNAR q=0.95 weight=4",2024-12-29,"GHSR",4.26595833333333,6.70618623910061
"Peak-weighted GNAR q=0.95 weight=4",2024-12-29,"LEAM",3.53570833333333,7.55355786703303
"Peak-weighted GNAR q=0.95 weight=4",2024-12-29,"NPT3",7.83120833333333,8.51142580400465
"Peak-weighted GNAR q=0.95 weight=4",2024-12-29,"REA1",3.72358333333333,6.6894826344244
"Peak-weighted GNAR q=0.95 weight=4",2024-12-29,"SOUT",3.7785,8.84882314900293
"Peak-weighted GNAR q=0.95 weight=4",2024-12-29,"WREX",2.49316666666667,8.50491580409406
"Peak-weighted GNAR q=0.95 weight=4",2024-12-29,"LEAR",3.49258333333333,7.33495012904158
"Peak-weighted GNAR q=0.95 weight=4",2024-12-29,"PLYM",4.1205,9.70902917592168
"Peak-weighted GNAR q=0.95 weight=4",2024-12-29,"SHDG",3.25770833333333,10.5915341676665
"Peak-weighted GNAR q=0.95 weight=4",2024-12-29,"SHE",3.018,9.84820133646826
"Peak-weighted GNAR q=0.95 weight=4",2024-12-29,"BEL2",5.18779166666667,7.92852325741929
"Peak-weighted GNAR q=0.95 weight=4",2024-12-29,"GLKP",3.90441666666667,6.60135538226236
"Peak-weighted GNAR q=0.95 weight=4",2024-12-29,"LECU",4.12345833333333,7.65756447860127
"Peak-weighted GNAR q=0.95 weight=4",2024-12-29,"SUN2",2.155125,6.6915087782566
"Peak-weighted GNAR q=0.95 weight=4",2024-12-29,"TRAN",3.070875,11.3327138862791
"Peak-weighted GNAR q=0.95 weight=4",2024-12-29,"STOK",2.81745833333333,7.87211232304355
"Peak-weighted GNAR q=0.95 weight=4",2024-12-29,"BEX",6.39158333333333,8.76186413674818
"Peak-weighted GNAR q=0.95 weight=4",2024-12-29,"SEND",6.61370833333333,7.84343642911924
"Peak-weighted GNAR q=0.95 weight=4",2024-12-29,"HUL2",5.204375,9.3249826522092
"Peak-weighted GNAR q=0.95 weight=4",2024-12-29,"PEMB",3.0445,7.13437406581278
"Peak-weighted GNAR q=0.95 weight=4",2024-12-29,"WFEN",4.78679166666667,7.13351395294469
"Peak-weighted GNAR q=0.95 weight=4",2024-12-29,"OSY",5.407,6.42718531485252
"Peak-weighted GNAR q=0.95 weight=4",2024-12-29,"ACTH",2.24754166666667,5.0087728179457
"Peak-weighted GNAR q=0.95 weight=4",2024-12-29,"COPP",2.6465,7.68718863453598
"Peak-weighted GNAR q=0.95 weight=4",2024-12-30,"EB",2.47741666666667,4.88932662961461
"Peak-weighted GNAR q=0.95 weight=4",2024-12-30,"IMGM",1.71779166666667,4.9734180007455
"Peak-weighted GNAR q=0.95 weight=4",2024-12-30,"PRES",3.57320833333333,4.27619031418031
"Peak-weighted GNAR q=0.95 weight=4",2024-12-30,"BIRR",1.95758333333333,3.92149786261758
"Peak-weighted GNAR q=0.95 weight=4",2024-12-30,"BLC2",6.14195833333333,4.91166913406147
"Peak-weighted GNAR q=0.95 weight=4",2024-12-30,"BOTR",1.78358333333333,4.26743108204145
"Peak-weighted GNAR q=0.95 weight=4",2024-12-30,"GHSR",3.31370833333333,4.42191841970827
"Peak-weighted GNAR q=0.95 weight=4",2024-12-30,"LEAM",1.529125,4.08752193583431
"Peak-weighted GNAR q=0.95 weight=4",2024-12-30,"NPT3",1.973375,6.15436449539248
"Peak-weighted GNAR q=0.95 weight=4",2024-12-30,"REA1",1.75225,4.1626043509831
"Peak-weighted GNAR q=0.95 weight=4",2024-12-30,"SOUT",2.15308333333333,4.22526431175741
"Peak-weighted GNAR q=0.95 weight=4",2024-12-30,"WREX",1.37091666666667,3.60534223544508
"Peak-weighted GNAR q=0.95 weight=4",2024-12-30,"LEAR",1.50045833333333,4.06325916947047
"Peak-weighted GNAR q=0.95 weight=4",2024-12-30,"PLYM",2.91575,4.40329652277661
"Peak-weighted GNAR q=0.95 weight=4",2024-12-30,"SHDG",1.727625,4.00490994068262
"Peak-weighted GNAR q=0.95 weight=4",2024-12-30,"SHE",1.57329166666667,3.87902426311548
"Peak-weighted GNAR q=0.95 weight=4",2024-12-30,"BEL2",3.7175,4.88254366516882
"Peak-weighted GNAR q=0.95 weight=4",2024-12-30,"GLKP",3.04829166666667,4.24754405441781
"Peak-weighted GNAR q=0.95 weight=4",2024-12-30,"LECU",1.61758333333333,4.37020337693627
"Peak-weighted GNAR q=0.95 weight=4",2024-12-30,"SUN2",3.52591666666667,3.41289146182762
"Peak-weighted GNAR q=0.95 weight=4",2024-12-30,"TRAN",2.836,3.92582584261062
"Peak-weighted GNAR q=0.95 weight=4",2024-12-30,"STOK",1.73845833333333,3.74984968131368
"Peak-weighted GNAR q=0.95 weight=4",2024-12-30,"BEX",2.62970833333333,5.47125661420754
"Peak-weighted GNAR q=0.95 weight=4",2024-12-30,"SEND",2.48133333333333,5.56207507401774
"Peak-weighted GNAR q=0.95 weight=4",2024-12-30,"HUL2",3.56133333333333,4.91377754415007
"Peak-weighted GNAR q=0.95 weight=4",2024-12-30,"PEMB",1.65091666666667,3.84625634199977
"Peak-weighted GNAR q=0.95 weight=4",2024-12-30,"WFEN",2.04195833333333,4.67686366940447
"Peak-weighted GNAR q=0.95 weight=4",2024-12-30,"OSY",3.468,4.96211734282532
"Peak-weighted GNAR q=0.95 weight=4",2024-12-30,"ACTH",1.871125,3.42978125560147
"Peak-weighted GNAR q=0.95 weight=4",2024-12-30,"COPP",1.524125,3.66522352962912
"Peak-weighted GNAR q=0.95 weight=4",2024-12-31,"EB",6.12125,3.31096213990497
"Peak-weighted GNAR q=0.95 weight=4",2024-12-31,"IMGM",1.7365,2.95029722913554
"Peak-weighted GNAR q=0.95 weight=4",2024-12-31,"PRES",2.070625,3.82410895790627
"Peak-weighted GNAR q=0.95 weight=4",2024-12-31,"BIRR",2.62579166666667,3.0471254785737
"Peak-weighted GNAR q=0.95 weight=4",2024-12-31,"BLC2",6.28729166666667,5.06134025250541
"Peak-weighted GNAR q=0.95 weight=4",2024-12-31,"BOTR",2.15304166666667,2.96973641417753
"Peak-weighted GNAR q=0.95 weight=4",2024-12-31,"GHSR",4.2305,3.7031321662003
"Peak-weighted GNAR q=0.95 weight=4",2024-12-31,"LEAM",2.14720833333333,2.84519610299735
"Peak-weighted GNAR q=0.95 weight=4",2024-12-31,"NPT3",3.13495833333333,3.09226655012727
"Peak-weighted GNAR q=0.95 weight=4",2024-12-31,"REA1",3.147625,2.95324953651484
"Peak-weighted GNAR q=0.95 weight=4",2024-12-31,"SOUT",5.41179166666667,3.1450611974736
"Peak-weighted GNAR q=0.95 weight=4",2024-12-31,"WREX",1.56154166666667,2.76117543550862
"Peak-weighted GNAR q=0.95 weight=4",2024-12-31,"LEAR",2.17575,2.831158995602
"Peak-weighted GNAR q=0.95 weight=4",2024-12-31,"PLYM",6.21954166666667,3.51195579965968
"Peak-weighted GNAR q=0.95 weight=4",2024-12-31,"SHDG",1.2825,2.93769954648881
"Peak-weighted GNAR q=0.95 weight=4",2024-12-31,"SHE",1.360125,2.86206631731455
"Peak-weighted GNAR q=0.95 weight=4",2024-12-31,"BEL2",4.30916666666667,3.90341546238397
"Peak-weighted GNAR q=0.95 weight=4",2024-12-31,"GLKP",4.011375,3.5734738273941
"Peak-weighted GNAR q=0.95 weight=4",2024-12-31,"LECU",2.097125,2.89221360890065
"Peak-weighted GNAR q=0.95 weight=4",2024-12-31,"SUN2",1.253,3.78725548527875
"Peak-weighted GNAR q=0.95 weight=4",2024-12-31,"TRAN",1.73058333333333,3.46533476136321
"Peak-weighted GNAR q=0.95 weight=4",2024-12-31,"STOK",1.67945833333333,2.93928661607452
"Peak-weighted GNAR q=0.95 weight=4",2024-12-31,"BEX",4.37108333333333,3.39388813486512
"Peak-weighted GNAR q=0.95 weight=4",2024-12-31,"SEND",4.044875,3.32486020852185
"Peak-weighted GNAR q=0.95 weight=4",2024-12-31,"HUL2",2.28291666666667,3.82899394527696
"Peak-weighted GNAR q=0.95 weight=4",2024-12-31,"PEMB",5.578875,2.89934156749538
"Peak-weighted GNAR q=0.95 weight=4",2024-12-31,"WFEN",2.3005,3.10021877135348
"Peak-weighted GNAR q=0.95 weight=4",2024-12-31,"OSY",4.325875,3.78608503482427
"Peak-weighted GNAR q=0.95 weight=4",2024-12-31,"ACTH",1.97425,2.99798306606798
"Peak-weighted GNAR q=0.95 weight=4",2024-12-31,"COPP",1.752125,2.83556822186015
