"date","site_id","observed","forecast","error"
2024-10-19,"EB",4.59525,5.00130665803142,-0.406056658031421
2024-10-19,"IMGM",5.39895833333333,5.25149090066344,0.147467432669887
2024-10-19,"PRES",6.41229166666667,5.34496955365446,1.06732211301221
2024-10-19,"BIRR",6.5575,6.28185904027431,0.275640959725689
2024-10-19,"BLC2",6.879,5.51084083502896,1.36815916497104
2024-10-19,"BOTR",7.903875,6.28308563027041,1.62078936972959
2024-10-19,"GHSR",8.922,3.53880145510507,5.38319854489493
2024-10-19,"LEAM",4.81916666666667,4.96163058895442,-0.142463922287749
2024-10-19,"NPT3",7.3635,5.91253308446252,1.45096691553748
2024-10-19,"REA1",5.85308333333333,4.91256721738165,0.94051611595168
2024-10-19,"SOUT",6.33054166666667,5.91224610504479,0.418295561621878
2024-10-19,"WREX",5.33908333333333,4.75874899568251,0.58033433765082
2024-10-19,"LEAR",4.47325,4.64093880324271,-0.167688803242713
2024-10-19,"PLYM",8.988875,8.47960051939876,0.509274480601242
2024-10-19,"SHDG",7.30645833333333,5.73069318367526,1.57576514965807
2024-10-19,"SHE",6.90154166666667,6.85330963845769,0.0482320282089805
2024-10-19,"BEL2",9.75929166666667,6.50669985407376,3.25259181259291
2024-10-19,"GLKP",8.60645833333333,3.21233685027428,5.39412148305906
2024-10-19,"LECU",5.63204166666667,4.91671820414624,0.715323462520426
2024-10-19,"SUN2",7.334,5.7078351519048,1.6261648480952
2024-10-19,"TRAN",6.15083333333333,4.86625479878277,1.28457853455056
2024-10-19,"STOK",5.43045833333333,5.92689246546185,-0.49643413212852
2024-10-19,"BEX",5.739,7.30265110503723,-1.56365110503723
2024-10-19,"SEND",5.04825,6.66141849222745,-1.61316849222745
2024-10-19,"HUL2",6.60575,7.78881828072544,-1.18306828072544
2024-10-19,"PEMB",8.29804166666667,5.3730828799019,2.92495878676477
2024-10-19,"WFEN",4.16383333333333,5.02168490725192,-0.857851573918592
2024-10-19,"OSY",4.5675,6.46921374134897,-1.90171374134897
2024-10-19,"ACTH",5.07070833333333,2.35361233184151,2.71709600149182
2024-10-19,"COPP",5.82845833333333,5.2741191001614,0.554339233171926
2024-10-20,"EB",6.81508333333333,5.57855705141432,1.23652628191901
2024-10-20,"IMGM",6.42404166666667,5.86840328247548,0.555638384191192
2024-10-20,"PRES",7.73504166666667,6.48102711756319,1.25401454910348
2024-10-20,"BIRR",7.80470833333333,6.96601454544376,0.838693787889565
2024-10-20,"BLC2",10.3086666666667,7.03546062618481,3.27320604048189
2024-10-20,"BOTR",7.56970833333333,7.56514980604848,0.00455852728484984
2024-10-20,"GHSR",6.33654166666667,7.89742462256061,-1.56088295589394
2024-10-20,"LEAM",7.55708333333333,5.45628600020048,2.10079733313285
2024-10-20,"NPT3",10.0374166666667,7.06740933066955,2.97000733599715
2024-10-20,"REA1",7.57079166666667,6.05747336422956,1.51331830243711
2024-10-20,"SOUT",8.70775,6.51564790599945,2.19210209400055
2024-10-20,"WREX",7.40270833333333,5.60487200235129,1.79783633098204
2024-10-20,"LEAR",7.341875,5.18400702426413,2.15786797573587
2024-10-20,"PLYM",13.4699583333333,8.4819077180575,4.9880506152758
2024-10-20,"SHDG",7.46070833333333,7.33983398897065,0.120874344362679
2024-10-20,"SHE",8.190875,7.0380789190613,1.1527960809387
2024-10-20,"BEL2",7.01154166666667,8.64625105752846,-1.63470939086179
2024-10-20,"GLKP",5.92479166666667,7.6203074746918,-1.69551580802512
2024-10-20,"LECU",6.88875,5.96730516803968,0.921444831960317
2024-10-20,"SUN2",7.268125,7.12001085459835,0.148114145401653
2024-10-20,"TRAN",8.08566666666667,6.29322688534984,1.79243978131683
2024-10-20,"STOK",7.63866666666667,6.01310324348094,1.62556342318573
2024-10-20,"BEX",7.169875,6.40892921737329,0.760945782626708
2024-10-20,"SEND",6.67158333333333,5.85116756391315,0.820415769420182
2024-10-20,"HUL2",7.497125,6.96277934317436,0.53434565682564
2024-10-20,"PEMB",11.4229583333333,7.25396204987006,4.16899628346324
2024-10-20,"WFEN",6.950625,4.8856547429298,2.0649702570702
2024-10-20,"OSY",7.07645833333333,5.53312320789821,1.54333512543512
2024-10-20,"ACTH",4.666875,4.60302332448895,0.0638516755110494
2024-10-20,"COPP",7.80183333333333,6.21457886730932,1.58725446602401
2024-10-21,"EB",5.89833333333333,6.67330260024912,-0.774969266915795
2024-10-21,"IMGM",9.52113043478261,6.58903755517573,2.93209287960688
2024-10-21,"PRES",7.22095833333333,7.29175620430808,-0.0707978709747525
2024-10-21,"BIRR",12.4931666666667,7.74064202723962,4.75252463942708
2024-10-21,"BLC2",8.54166666666667,9.27303759417308,-0.73137092750641
2024-10-21,"BOTR",11.6794583333333,7.34225945704802,4.33719887628528
2024-10-21,"GHSR",6.29525,6.1184304493571,0.176819550642901
2024-10-21,"LEAM",11.4859166666667,7.14321806751304,4.34269859915366
2024-10-21,"NPT3",11.1125,8.67068515432055,2.44181484567945
2024-10-21,"REA1",10.3047083333333,7.08794638791372,3.21676194541958
2024-10-21,"SOUT",9.086125,7.75260967344821,1.33351532655179
2024-10-21,"WREX",7.048,6.95807318264337,0.0899268173566332
2024-10-21,"LEAR",10.975875,6.92820453371838,4.04767046628162
2024-10-21,"PLYM",12.5807083333333,11.1499720939024,1.4307362394309
2024-10-21,"SHDG",7.51079166666667,7.44754063649368,0.0632510301729923
2024-10-21,"SHE",7.89216666666667,7.8916920302882,0.000474636378468674
2024-10-21,"BEL2",6.43966666666667,7.1068218600791,-0.667155193412428
2024-10-21,"GLKP",6.09079166666667,5.73348484995526,0.357306816711407
2024-10-21,"LECU",11.253,6.80066269948091,4.45233730051909
2024-10-21,"SUN2",4.90383333333333,7.07563211946232,-2.17179878612899
2024-10-21,"TRAN",5.97626086956522,7.58972800671454,-1.61346713714932
2024-10-21,"STOK",9.32395833333333,7.39636470357101,1.92759362976232
2024-10-21,"BEX",8.946625,7.23256937904217,1.71405562095783
2024-10-21,"SEND",8.33229166666667,6.79240962268603,1.53988204398064
2024-10-21,"HUL2",11.3050833333333,7.58407284213826,3.72101049119504
2024-10-21,"PEMB",9.35829166666667,9.20656889052274,0.151722776143931
2024-10-21,"WFEN",10.3271739130435,6.74127486945574,3.58589904358776
2024-10-21,"OSY",9.571625,6.97701611920867,2.59460888079133
2024-10-21,"ACTH",3.405125,4.34108616957385,-0.935961169573849
2024-10-21,"COPP",7.615,7.44404544100625,0.170954558993748
2024-10-22,"EB",4.2305,6.22119299056628,-1.99069299056628
2024-10-22,"IMGM",7.0215,8.7662930419485,-1.7447930419485
2024-10-22,"PRES",6.46329166666667,6.9766684618442,-0.513376795177525
2024-10-22,"BIRR",8.561375,10.6525923206989,-2.09121732069889
2024-10-22,"BLC2",7.02629166666667,8.12021462718835,-1.09392296052168
2024-10-22,"BOTR",6.869125,10.0834772479845,-3.21435224798455
2024-10-22,"GHSR",6.103625,6.0900186070718,0.0136063929281951
2024-10-22,"LEAM",5.06895833333333,9.56391809020423,-4.4949597568709
2024-10-22,"NPT3",6.402375,9.31530326760383,-2.91292826760383
2024-10-22,"REA1",5.190625,8.72805450134031,-3.53742950134031
2024-10-22,"SOUT",6.91220833333333,7.94949414595978,-1.03728581262645
2024-10-22,"WREX",4.05858333333333,6.72547678779154,-2.66689345445821
2024-10-22,"LEAR",4.95091666666667,9.13776965615745,-4.18685298949078
2024-10-22,"PLYM",8.9575,10.6205072146016,-1.66300721460161
2024-10-22,"SHDG",6.273625,7.48251183863379,-1.20888683863379
2024-10-22,"SHE",7.82629166666667,7.69392986656064,0.132361800106029
2024-10-22,"BEL2",6.68533333333333,6.78642842097752,-0.101095087644194
2024-10-22,"GLKP",5.74983333333333,5.85028257116332,-0.100449237829986
2024-10-22,"LECU",6.318875,9.6947157666278,-3.3758407666278
2024-10-22,"SUN2",5.36170833333333,5.48285377169272,-0.121145438359394
2024-10-22,"TRAN",6.81908333333333,6.17624864689618,0.642834686437151
2024-10-22,"STOK",6.27945833333333,8.45206174823887,-2.17260341490554
2024-10-22,"BEX",5.94345833333333,8.25530208262926,-2.31184374929593
2024-10-22,"SEND",5.60345833333333,7.75532247526589,-2.15186414193256
2024-10-22,"HUL2",7.49259090909091,10.2382416900703,-2.74565078097935
2024-10-22,"PEMB",6.88583333333333,7.91646016538312,-1.0306268320498
2024-10-22,"WFEN",4.63045833333333,8.98959224322527,-4.35913390989194
2024-10-22,"OSY",5.83520833333333,8.41297199566661,-2.57776366233328
2024-10-22,"ACTH",3.71275,3.52268120412408,0.190068795875924
2024-10-22,"COPP",5.21629166666667,7.32764316663584,-2.11135149996917
2024-10-23,"EB",3.88958333333333,5.39867488055878,-1.50909154722545
2024-10-23,"IMGM",6.032875,7.00905116529884,-0.976176165298836
2024-10-23,"PRES",5.8315,6.51228561949023,-0.680785619490228
2024-10-23,"BIRR",8.12216666666667,8.21059943442944,-0.0884327677627734
2024-10-23,"BLC2",6.11633333333333,7.13155639085872,-1.01522305752539
2024-10-23,"BOTR",7.55608333333333,6.87496789494158,0.681115438391751
2024-10-23,"GHSR",4.16358333333333,5.95816586976599,-1.79458253643266
2024-10-23,"LEAM",5.28,5.61019191624885,-0.330191916248855
2024-10-23,"NPT3",6.57433333333333,6.49112043759514,0.0832128957381917
2024-10-23,"REA1",5.62216666666667,5.66005697602934,-0.0378903093626661
2024-10-23,"SOUT",6.37383333333333,6.81831360760296,-0.444480274269625
2024-10-23,"WREX",5.57036363636364,4.76519710436159,0.805166532002049
2024-10-23,"LEAR",4.68954166666667,5.47444059796209,-0.784898931295424
2024-10-23,"PLYM",6.25095833333333,8.46322685149797,-2.21226851816465
2024-10-23,"SHDG",6.625375,6.61864750090994,0.00672749909006498
2024-10-23,"SHE",9.602,7.65031681301715,1.95168318698285
2024-10-23,"BEL2",5.62504166666667,6.92406337303165,-1.29902170636498
2024-10-23,"GLKP",3.88570833333333,5.61038403887277,-1.72467570553944
2024-10-23,"LECU",5.66445833333333,6.42276306228315,-0.75830472894982
2024-10-23,"SUN2",8.17029166666667,5.79131545443139,2.37897621223528
2024-10-23,"TRAN",6.06533333333333,6.74101060884986,-0.67567727551653
2024-10-23,"STOK",7.24982608695652,6.54493213022538,0.704893956731142
2024-10-23,"BEX",6.83966666666667,6.52661950808437,0.313047158582299
2024-10-23,"SEND",6.14583333333333,6.17308877626296,-0.0272554429296283
2024-10-23,"HUL2",8.50933333333333,7.58091255471094,0.928420778622393
2024-10-23,"PEMB",4.9755,6.37154247001137,-1.39604247001137
2024-10-23,"WFEN",6.43579166666667,5.19636284210244,1.23942882456423
2024-10-23,"OSY",5.72629166666667,6.26268298248296,-0.53639131581629
2024-10-23,"ACTH",2.63270833333333,3.72221504798894,-1.08950671465561
2024-10-23,"COPP",6.01004347826087,5.83318229838647,0.1768611798744
2024-10-24,"EB",5.52766666666667,5.23054649102941,0.297120175637258
2024-10-24,"IMGM",7.73104166666667,6.3140471254501,1.41699454121657
2024-10-24,"PRES",6.64808333333333,6.1250530502748,0.523030283058525
2024-10-24,"BIRR",7.638,7.93781193282218,-0.299811932822184
2024-10-24,"BLC2",6.669625,6.53788300904446,0.131741990955542
2024-10-24,"BOTR",7.34966666666667,7.33317153384065,0.0164951328260248
2024-10-24,"GHSR",4.822125,4.62326800029525,0.198856999704745
2024-10-24,"LEAM",6.58308333333333,5.7402225192155,0.84286081411783
2024-10-24,"NPT3",7.1855,6.59422635781528,0.591273642184719
2024-10-24,"REA1",6.61566666666667,5.91894379486007,0.696722871806602
2024-10-24,"SOUT",6.27554166666667,6.53817438622625,-0.262632719559575
2024-10-24,"WREX",7.26145833333333,5.75653171719237,1.50492661614096
2024-10-24,"LEAR",6.27166666666667,5.3155179001422,0.956148766524475
2024-10-24,"PLYM",9.05445454545455,6.85173541842043,2.20271912703413
2024-10-24,"SHDG",8.80804166666667,6.86426055287898,1.94378111378769
2024-10-24,"SHE",9.08025,8.8259382569532,0.2543117430468
2024-10-24,"BEL2",7.5265,6.3300340947207,1.1964659052793
2024-10-24,"GLKP",4.6395,4.29878432774648,0.340715672253516
2024-10-24,"LECU",7.289875,5.98880154281045,1.30107345718955
2024-10-24,"SUN2",12.3594583333333,7.68340465150869,4.67605368182461
2024-10-24,"TRAN",7.17979166666667,6.23593469177071,0.943856974895961
2024-10-24,"STOK",8.11716666666667,7.15278796313719,0.964378703529482
2024-10-24,"BEX",7.46458333333333,7.04249488263188,0.422088450701451
2024-10-24,"SEND",6.53708333333333,6.48756895796334,0.0495143753699931
2024-10-24,"HUL2",8.95145833333333,8.28958786903164,0.661870464301694
2024-10-24,"PEMB",6.67058333333333,5.1778690596505,1.49271427368283
2024-10-24,"WFEN",8.458125,6.39846664788442,2.05965835211558
2024-10-24,"OSY",8.22233333333333,6.20000198820969,2.02233134512364
2024-10-24,"ACTH",4.04175,3.02167099180296,1.02007900819704
2024-10-24,"COPP",8.18704166666667,6.32771137682643,1.85933028984024
2024-10-25,"EB",6.56158333333333,6.03839292294794,0.523190410385386
2024-10-25,"IMGM",15.9395,7.50785943413115,8.43164056586885
2024-10-25,"PRES",10.9228333333333,6.6255466129922,4.2972867203411
2024-10-25,"BIRR",13.0474583333333,7.63710130112914,5.41035703220416
2024-10-25,"BLC2",11.141875,6.89886056466109,4.24301443533891
2024-10-25,"BOTR",11.7561666666667,7.19549088683962,4.56067577982708
2024-10-25,"GHSR",13.2115833333333,5.07639531343254,8.13518801990076
2024-10-25,"LEAM",10.6747826086957,6.54310052063284,4.13168208806287
2024-10-25,"NPT3",8.983,6.96068083753156,2.02231916246844
2024-10-25,"REA1",10.0412083333333,6.5149558937497,3.5262524395836
2024-10-25,"SOUT",8.52795833333333,6.48702908607706,2.04092924725627
2024-10-25,"WREX",12.3044166666667,6.86544992661756,5.43896674004914
2024-10-25,"LEAR",10.9654166666667,6.277490442613,4.6879262240537
2024-10-25,"PLYM",9.23941666666667,8.52095417981594,0.718462486850726
2024-10-25,"SHDG",17.0165416666667,8.38832998125451,8.62821168541219
2024-10-25,"SHE",14.893,8.48050963173399,6.41249036826602
2024-10-25,"BEL2",14.4054583333333,7.39532768986827,7.01013064346503
2024-10-25,"GLKP",12.9363333333333,4.82915269480846,8.10718063852484
2024-10-25,"LECU",11.26575,7.0666596145429,4.1990903854571
2024-10-25,"SUN2",15.3145833333333,10.5055665936822,4.80901673965106
2024-10-25,"TRAN",11.6342083333333,6.98271554053335,4.65149279279995
2024-10-25,"STOK",13.0276666666667,7.696105719245,5.3315609474217
2024-10-25,"BEX",10.3499166666667,7.40220936807813,2.94770729858857
2024-10-25,"SEND",9.26591666666667,6.71442375600947,2.5514929106572
2024-10-25,"HUL2",16.1705416666667,8.59775153553497,7.57279013113173
2024-10-25,"PEMB",6.104625,6.23704332418333,-0.132418324183326
2024-10-25,"WFEN",9.81720833333333,7.74506262086804,2.07214571246529
2024-10-25,"OSY",8.76866666666667,7.63646142277005,1.13220524389662
2024-10-25,"ACTH",11.7747916666667,3.93561329140718,7.83917837525951
2024-10-25,"COPP",12.1159166666667,7.68404076360984,4.43187590305687
2024-10-26,"EB",7.56983333333333,6.54828510796159,1.02154822537174
2024-10-26,"IMGM",7.97075,13.2784111626396,-5.30766116263964
2024-10-26,"PRES",6.92516666666667,9.24559134069033,-2.32042467402366
2024-10-26,"BIRR",9.30529166666667,10.9968568244349,-1.6915651577682
2024-10-26,"BLC2",7.37416666666667,9.81663787880787,-2.4424712121412
2024-10-26,"BOTR",9.78583333333333,10.134641977724,-0.348808644390644
2024-10-26,"GHSR",7.80470833333333,10.8489878549227,-3.04427952158937
2024-10-26,"LEAM",6.546875,9.06414829445419,-2.51727329445419
2024-10-26,"NPT3",7.99329166666667,8.03845873874238,-0.0451670720757154
2024-10-26,"REA1",8.05233333333333,8.56997781482051,-0.517644481487181
2024-10-26,"SOUT",7.91379166666667,7.65905648559584,0.254735181070831
2024-10-26,"WREX",5.437375,10.1723187466941,-4.73494374669411
2024-10-26,"LEAR",6.796375,9.13141072149259,-2.33503572149259
2024-10-26,"PLYM",10.75475,8.63108175606873,2.12366824393126
2024-10-26,"SHDG",7.014625,14.1199994541412,-7.10537445414116
2024-10-26,"SHE",6.60179166666667,12.3288857529472,-5.72709408628051
2024-10-26,"BEL2",8.07795833333333,11.2492697538737,-3.17131142054035
2024-10-26,"GLKP",6.95845833333333,10.6668106862323,-3.70835235289894
2024-10-26,"LECU",8.180125,9.70317063896695,-1.52304563896695
2024-10-26,"SUN2",7.18075,12.4963781256573,-5.31562812565733
2024-10-26,"TRAN",6.21366666666667,9.96754948145447,-3.7538828147878
2024-10-26,"STOK",8.299,10.7721313356862,-2.47313133568622
2024-10-26,"BEX",10.3381666666667,9.06306472800496,1.27510193866174
2024-10-26,"SEND",9.91054166666667,8.2966574550124,1.61388421165427
2024-10-26,"HUL2",10.75375,13.6294941169162,-2.87574411691616
2024-10-26,"PEMB",6.88295833333333,5.88340377757428,0.999554555759052
2024-10-26,"WFEN",5.74095833333333,8.65002527635632,-2.90906694302299
2024-10-26,"OSY",6.22158333333333,7.9508735103413,-1.72929017700797
2024-10-26,"ACTH",4.14504166666667,8.95147197817557,-4.8064303115089
2024-10-26,"COPP",7.64045833333333,10.1318372973318,-2.49137896399847
2024-10-27,"EB",4.08041666666667,7.04551937462396,-2.96510270795729
2024-10-27,"IMGM",4.537125,7.67637455366795,-3.13924955366795
2024-10-27,"PRES",4.48216666666667,6.79537425826573,-2.31320759159906
2024-10-27,"BIRR",5.46875,8.67263795579327,-3.20388795579327
2024-10-27,"BLC2",4.93416666666667,7.35851637367695,-2.42434970701028
2024-10-27,"BOTR",4.87229166666667,8.82042267304394,-3.94813100637727
2024-10-27,"GHSR",3.99958333333333,7.12864202833244,-3.12905869499911
2024-10-27,"LEAM",5.09441666666667,6.52079122271023,-1.42637455604356
2024-10-27,"NPT3",4.54995833333333,7.44503132827737,-2.89507299494404
2024-10-27,"REA1",5.403875,7.37682878293416,-1.97295378293416
2024-10-27,"SOUT",7.15029166666667,7.33947966312911,-0.189187996462437
2024-10-27,"WREX",4.62858333333333,5.66932576664772,-1.04074243331439
2024-10-27,"LEAR",4.54795833333333,6.59652655510239,-2.04856822176906
2024-10-27,"PLYM",7.89320833333333,9.53332047457735,-1.64011214124402
2024-10-27,"SHDG",3.87583333333333,7.13605836518587,-3.26022503185254
2024-10-27,"SHE",3.78933333333333,6.83962711185582,-3.05029377852249
2024-10-27,"BEL2",6.006375,7.70428267467769,-1.69790767467769
2024-10-27,"GLKP",3.84529166666667,6.46077347137328,-2.61548180470661
2024-10-27,"LECU",4.583375,7.65700864198806,-3.07363364198806
2024-10-27,"SUN2",4.19129166666667,7.01676924306747,-2.8254775764008
2024-10-27,"TRAN",4.40845833333333,6.33533050519259,-1.92687217185926
2024-10-27,"STOK",5.104125,7.81000939326113,-2.70588439326113
2024-10-27,"BEX",7.86954166666667,9.05630119387402,-1.18675952720735
2024-10-27,"SEND",6.69716666666667,8.67042429000407,-1.9732576233374
2024-10-27,"HUL2",4.70920833333333,9.8539591874624,-5.14475085412907
2024-10-27,"PEMB",4.81341666666667,6.36974602381274,-1.55632935714607
2024-10-27,"WFEN",5.18875,5.93580317241312,-0.747053172413124
2024-10-27,"OSY",5.51204166666667,6.48503985313947,-0.972998186472801
2024-10-27,"ACTH",2.53041666666667,4.00261104285524,-1.47219437618857
2024-10-27,"COPP",4.45758333333333,7.34350440428979,-2.88592107095646
2024-10-28,"EB",3.14066666666667,5.32465893591386,-2.18399226924719
2024-10-28,"IMGM",3.63891666666667,5.2625338695606,-1.62361720289393
2024-10-28,"PRES",3.04529166666667,5.29803072478036,-2.25273905811369
2024-10-28,"BIRR",4.26104166666667,6.28980380481216,-2.02876213814549
2024-10-28,"BLC2",4.33375,5.76661595520344,-1.43286595520344
2024-10-28,"BOTR",3.39225,5.54307299650045,-2.15082299650045
2024-10-28,"GHSR",2.06966666666667,4.5104233875456,-2.44075672087893
2024-10-28,"LEAM",2.87641666666667,5.62587774021976,-2.74946107355309
2024-10-28,"NPT3",3.16729166666667,5.38041459772423,-2.21312293105756
2024-10-28,"REA1",3.56229166666667,5.78798810847847,-2.2256964418118
2024-10-28,"SOUT",4.043875,6.94219840838823,-2.89832340838823
2024-10-28,"WREX",1.83370833333333,5.13896882779316,-3.30526049445983
2024-10-28,"LEAR",2.32120833333333,5.22943160535628,-2.90822327202295
2024-10-28,"PLYM",4.74733333333333,7.82954109514993,-3.0822077618166
2024-10-28,"SHDG",1.53695833333333,4.9443648307296,-3.40740649739627
2024-10-28,"SHE",1.69908695652174,4.97761730721824,-3.2785303506965
2024-10-28,"BEL2",3.03066666666667,6.54367640835695,-3.51300974169029
2024-10-28,"GLKP",1.74345833333333,4.27034713156882,-2.52688879823549
2024-10-28,"LECU",3.17908333333333,5.27190573329571,-2.09282239996238
2024-10-28,"SUN2",2.13241666666667,5.00282799714419,-2.87041133047752
2024-10-28,"TRAN",1.89958333333333,5.12568903988279,-3.22610570654946
2024-10-28,"STOK",2.77604166666667,5.8086821676573,-3.03264050099063
2024-10-28,"BEX",3.644,7.63531145395973,-3.99131145395973
2024-10-28,"SEND",3.21745833333333,6.80724336560407,-3.58978503227074
2024-10-28,"HUL2",5.46970833333333,5.64087889946194,-0.171170566128607
2024-10-28,"PEMB",2.18158333333333,5.07659115077108,-2.89500781743775
2024-10-28,"WFEN",3.44545833333333,5.56810833909452,-2.12265000576119
2024-10-28,"OSY",3.575125,6.07670218998734,-2.50157718998734
2024-10-28,"ACTH",0.650666666666667,2.9553218672346,-2.30465520056794
2024-10-28,"COPP",1.40629166666667,5.36048626493178,-3.95419459826511
2024-10-29,"EB",2.50395833333333,4.86120651627987,-2.35724818294654
2024-10-29,"IMGM",3.92295833333333,4.6310928071836,-0.708134473850267
2024-10-29,"PRES",3.41095833333333,4.41735307857619,-1.00639474524286
2024-10-29,"BIRR",6.79154166666667,5.53970934184978,1.25183232481689
2024-10-29,"BLC2",2.80266666666667,5.37489319170953,-2.57222652504286
2024-10-29,"BOTR",4.03,4.5558799682155,-0.525879968215501
2024-10-29,"GHSR",1.86120833333333,3.18249229675834,-1.32128396342501
2024-10-29,"LEAM",6.33529166666667,4.25928562627694,2.07600604038973
2024-10-29,"NPT3",6.25591666666667,4.55137004803069,1.70454661863598
2024-10-29,"REA1",4.19029166666667,4.6832010447843,-0.492909378117631
2024-10-29,"SOUT",3.48491304347826,5.32579878680173,-1.84088574332347
2024-10-29,"WREX",2.549125,3.30625787073032,-0.757132870730322
2024-10-29,"LEAR",5.70070833333333,3.87551054415893,1.8251977891744
2024-10-29,"PLYM",3.40308333333333,5.9564679130635,-2.55338457973017
2024-10-29,"SHDG",3.37260869565217,3.31122132845784,0.0613873671943272
2024-10-29,"SHE",3.97416666666667,3.59375351745021,0.38041314921646
2024-10-29,"BEL2",5.15920833333333,4.87653336716809,0.28267496616524
2024-10-29,"GLKP",1.15766666666667,2.79149566354194,-1.63382899687527
2024-10-29,"LECU",5.14941666666667,4.34068167301376,0.80873499365291
2024-10-29,"SUN2",1.83670833333333,3.61580305136517,-1.77909471803184
2024-10-29,"TRAN",3.09954166666667,3.44453170460989,-0.344990037943218
2024-10-29,"STOK",5.60154166666667,4.35032884914734,1.25121281751933
2024-10-29,"BEX",4.89004166666667,5.20300547232477,-0.312963805658104
2024-10-29,"SEND",4.42808333333333,4.78963689603784,-0.361553562704507
2024-10-29,"HUL2",4.48991666666667,6.17095177110636,-1.68103510443969
2024-10-29,"PEMB",3.18295833333333,3.43208785090992,-0.24912951757659
2024-10-29,"WFEN",4.432,4.4073157539276,0.0246842460723986
2024-10-29,"OSY",3.875875,4.96201638287652,-1.08614138287652
2024-10-29,"ACTH",0.49925,1.73606549013596,-1.23681549013596
2024-10-29,"COPP",4.096,3.45944813950369,0.636551860496313
2024-10-30,"EB",8.56929166666667,4.54720383717962,4.02208782948705
2024-10-30,"IMGM",6.367,4.83077428986783,1.53622571013217
2024-10-30,"PRES",7.078375,4.64147449435371,2.43690050564629
2024-10-30,"BIRR",10.6447916666667,7.1113752699033,3.5334163967634
2024-10-30,"BLC2",5.94441666666667,4.37598655275414,1.56843011391253
2024-10-30,"BOTR",7.51470833333333,4.98126147467448,2.53344685865885
2024-10-30,"GHSR",2.19529166666667,3.03905693151786,-0.843765264851185
2024-10-30,"LEAM",9.78970833333333,6.39042687880804,3.39928145452529
2024-10-30,"NPT3",7.17570833333333,6.40330427341443,0.772404059918904
2024-10-30,"REA1",7.95608333333333,5.05994548172712,2.89613785160621
2024-10-30,"SOUT",7.52858333333333,5.03494730358055,2.49363602975278
2024-10-30,"WREX",4.64529166666667,3.775385099628,0.869906567038675
2024-10-30,"LEAR",8.88966666666667,5.93033314495222,2.95933352171445
2024-10-30,"PLYM",5.3685,5.15609325576794,0.212406744232058
2024-10-30,"SHDG",4.42525,4.59298305649539,-0.167733056495385
2024-10-30,"SHE",4.09691666666667,5.09998764593989,-1.00307097927322
2024-10-30,"BEL2",8.666625,6.0690505865855,2.5975744134145
2024-10-30,"GLKP",1.77666666666667,2.37933221914836,-0.602665552481694
2024-10-30,"LECU",7.83804166666667,5.64726338273138,2.19077828393529
2024-10-30,"SUN2",2.41858333333333,3.41658996897402,-0.998006635640689
2024-10-30,"TRAN",6.15191666666667,4.24860474695165,1.90331191971502
2024-10-30,"STOK",8.0455,6.120272923937,1.925227076063
2024-10-30,"BEX",11.0260416666667,5.92025188433106,5.10578978233564
2024-10-30,"SEND",9.98329166666667,5.49158217369816,4.49170949296851
2024-10-30,"HUL2",7.02433333333333,5.48803134722303,1.5363019861103
2024-10-30,"PEMB",3.45325,4.05779787252925,-0.604547872529246
2024-10-30,"WFEN",7.62483333333333,5.06421687582337,2.56061645750996
2024-10-30,"OSY",11.537,5.13509649636716,6.40190350363284
2024-10-30,"ACTH",0.8765,1.63785257010279,-0.761352570102792
2024-10-30,"COPP",7.82625,5.13520996319529,2.69104003680471
2024-10-31,"EB",11.9134166666667,7.53841789327965,4.37499877338705
2024-10-31,"IMGM",8.644875,6.54893722514863,2.09593777485137
2024-10-31,"PRES",4.85266666666667,6.8892774540057,-2.03661078733903
2024-10-31,"BIRR",16.3227916666667,9.50458678433614,6.81820488233055
2024-10-31,"BLC2",3.73420833333333,6.42572144608986,-2.69151311275653
2024-10-31,"BOTR",11.2874166666667,7.30557426244944,3.98184240421726
2024-10-31,"GHSR",4.21308333333333,3.26893195820149,0.944151375131843
2024-10-31,"LEAM",14.3336666666667,8.51882118671574,5.81484547995096
2024-10-31,"NPT3",12.283875,6.95480977107851,5.32906522892149
2024-10-31,"REA1",17.8292916666667,7.31908729876896,10.5102043678977
2024-10-31,"SOUT",18.82875,7.13903951905142,11.6897104809486
2024-10-31,"WREX",7.63858333333333,5.14992514804873,2.4886581852846
2024-10-31,"LEAR",13.4404583333333,7.86930152971962,5.57115680361368
2024-10-31,"PLYM",10.3144583333333,6.32631433891938,3.98814399441392
2024-10-31,"SHDG",7.11383333333333,5.32800066385727,1.78583266947606
2024-10-31,"SHE",6.19904166666667,5.18125523337766,1.01778643328901
2024-10-31,"BEL2",5.038375,8.03408365883995,-2.99570865883995
2024-10-31,"GLKP",3.89754166666667,2.81486107112298,1.08268059554369
2024-10-31,"LECU",14.2391739130435,7.43016386452271,6.80901004852079
2024-10-31,"SUN2",3.03458333333333,3.80858809432168,-0.774004760988351
2024-10-31,"TRAN",7.09116666666667,6.29395280982989,0.79721385683678
2024-10-31,"STOK",10.0667916666667,7.6512124288445,2.4155792378222
2024-10-31,"BEX",15.2791666666667,9.45225575049705,5.82691091616965
2024-10-31,"SEND",13.3455909090909,8.71260623647782,4.63298467261308
2024-10-31,"HUL2",9.99220833333333,7.25453433268454,2.73767400064879
2024-10-31,"PEMB",9.62858333333333,4.22668985065285,5.40189348268048
2024-10-31,"WFEN",12.8057391304348,7.19020493041766,5.61553420001714
2024-10-31,"OSY",12.6091666666667,9.54403543058487,3.06513123608183
2024-10-31,"ACTH",0.689833333333333,1.88254706046612,-1.19271372713278
2024-10-31,"COPP",7.88333333333333,7.45925769184949,0.424075641483842
2024-11-01,"EB",10.6820833333333,9.18762547275134,1.49445786058196
2024-11-01,"IMGM",8.59183333333333,8.15028488201594,0.44154845131739
2024-11-01,"PRES",7.93825,5.52511454760326,2.41313545239674
2024-11-01,"BIRR",11.6185833333333,13.031130605513,-1.41254727217966
2024-11-01,"BLC2",5.04908333333333,4.98374129414437,0.065342039188959
2024-11-01,"BOTR",10.6865833333333,9.82198406921336,0.864599264119944
2024-11-01,"GHSR",4.97158333333333,4.65732780719225,0.314255526141075
2024-11-01,"LEAM",12.1642916666667,11.3185225502947,0.845769116371995
2024-11-01,"NPT3",8.96720833333333,10.017657698219,-1.0504493648857
2024-11-01,"REA1",12.20125,13.2421387547575,-1.04088875475748
2024-11-01,"SOUT",16.363875,13.0189928813492,3.34488211865083
2024-11-01,"WREX",7.11779166666667,7.11274582345814,0.00504584320852697
2024-11-01,"LEAR",11.1920416666667,10.6362994785784,0.555742188088264
2024-11-01,"PLYM",10.9552916666667,9.2711681280507,1.684123538616
2024-11-01,"SHDG",10.8717083333333,7.20533160336856,3.66637672996474
2024-11-01,"SHE",8.35391666666667,6.57298335755387,1.7809333091128
2024-11-01,"BEL2",6.849625,6.00135361220338,0.848271387796618
2024-11-01,"GLKP",2.69170833333333,4.30711026972016,-1.61540193638683
2024-11-01,"LECU",13.1034166666667,11.6749290385709,1.42848762809582
2024-11-01,"SUN2",3.11820833333333,4.22357558341154,-1.10536725007821
2024-11-01,"TRAN",5.71058333333333,6.923329334031,-1.21274600069768
2024-11-01,"STOK",11.6205833333333,8.91738592339005,2.70319740994325
2024-11-01,"BEX",17.32325,11.9004392484252,5.4228107515748
2024-11-01,"SEND",14.8546666666667,10.6621365000199,4.19253016664683
2024-11-01,"HUL2",8.009,9.32316026816342,-1.31416026816342
2024-11-01,"PEMB",9.597125,8.08535214350673,1.51177285649328
2024-11-01,"WFEN",15.2457083333333,10.6399759289924,4.6057324043409
2024-11-01,"OSY",13.62425,10.1610619587563,3.46318804124371
2024-11-01,"ACTH",1.24808333333333,1.76147004292385,-0.513386709590519
2024-11-01,"COPP",7.81554166666667,7.49482216907684,0.320719497589828
2024-11-02,"EB",8.28820833333333,8.58037416899039,-0.292165835657064
2024-11-02,"IMGM",7.421375,8.11299655467883,-0.691621554678833
2024-11-02,"PRES",12.4007916666667,7.4163049901726,4.98448667649411
2024-11-02,"BIRR",11.9409583333333,10.1093981589745,1.8315601743588
2024-11-02,"BLC2",12.4842083333333,5.84158968051337,6.64261865281993
2024-11-02,"BOTR",19.7445416666667,9.42122611003792,10.3233155566288
2024-11-02,"GHSR",4.26783333333333,5.17923414115942,-0.911400807826092
2024-11-02,"LEAM",7.34283333333333,9.98189010341251,-2.63905677007918
2024-11-02,"NPT3",13.0071666666667,8.028990082633,4.9781765840337
2024-11-02,"REA1",11.539,9.86581170252969,1.67318829747031
2024-11-02,"SOUT",11.814125,11.736414449418,0.0777105505819513
2024-11-02,"WREX",12.4508333333333,6.77124196591639,5.67959136741691
2024-11-02,"LEAR",7.06866666666667,9.26920452883237,-2.2005378621657
2024-11-02,"PLYM",12.7673333333333,9.65272420731444,3.11460912601886
2024-11-02,"SHDG",14.208125,9.82930643682457,4.37881856317543
2024-11-02,"SHE",9.68166666666667,7.99963502745182,1.68203163921485
2024-11-02,"BEL2",10.0088333333333,7.01610791440706,2.99272541892624
2024-11-02,"GLKP",3.6095,3.4586850559247,0.150814944075303
2024-11-02,"LECU",6.47204166666667,10.9217774678746,-4.44973580120797
2024-11-02,"SUN2",5.20245833333333,4.27991215609845,0.92254617723488
2024-11-02,"TRAN",17.4391666666667,5.99822234472749,11.4409443219392
2024-11-02,"STOK",11.333625,9.89070900032302,1.44291599967698
2024-11-02,"BEX",9.06841666666667,13.077054345573,-4.00863767890629
2024-11-02,"SEND",6.34141666666667,11.5371296660804,-5.19571299941371
2024-11-02,"HUL2",5.70175,7.94085265959124,-2.23910265959124
2024-11-02,"PEMB",10.4687916666667,8.06569537713039,2.40309628953631
2024-11-02,"WFEN",6.3465,12.2646599752231,-5.91815997522307
2024-11-02,"OSY",5.17304166666667,10.7452373154837,-5.57219564881708
2024-11-02,"ACTH",4.62370833333333,2.12356599851119,2.50014233482214
2024-11-02,"COPP",15.368625,7.45258610743531,7.91603889256469
2024-11-03,"EB",9.02725,7.39979724847824,1.62745275152176
2024-11-03,"IMGM",8.26641666666667,7.29016355921414,0.976253107452533
2024-11-03,"PRES",13.467,10.1514494467802,3.31555055321979
2024-11-03,"BIRR",11.2097916666667,10.3096217525553,0.900169914111386
2024-11-03,"BLC2",15.4000416666667,10.692400581703,4.70764108496365
2024-11-03,"BOTR",16.8004166666667,15.4629163668408,1.33750029982594
2024-11-03,"GHSR",3.15941666666667,4.69500001785106,-1.53558335118439
2024-11-03,"LEAM",9.56370833333333,7.01121069131275,2.55249764202058
2024-11-03,"NPT3",13.811,10.4513421346381,3.35965786536188
2024-11-03,"REA1",14.9125416666667,9.46852029589692,5.44402137076978
2024-11-03,"SOUT",12.553125,9.36898761411053,3.18413738588947
2024-11-03,"WREX",16.7139166666667,10.2683299920258,6.44558667464088
2024-11-03,"LEAR",9.5245,6.76208686599878,2.76241313400122
2024-11-03,"PLYM",11.2490416666667,10.7316248790374,0.517416787629317
2024-11-03,"SHDG",12.5777083333333,12.1589936582613,0.418714675071966
2024-11-03,"SHE",9.97945833333333,8.87868219014432,1.10077614318901
2024-11-03,"BEL2",9.89191666666667,8.78605698151965,1.10585968514702
2024-11-03,"GLKP",3.01604166666667,4.10444394273439,-1.08840227606772
2024-11-03,"LECU",9.47629166666667,6.52433205155996,2.95195961510671
2024-11-03,"SUN2",11.9074583333333,5.68403175696782,6.22342657636548
2024-11-03,"TRAN",14.7022916666667,13.857359967444,0.844931699222679
2024-11-03,"STOK",12.6013333333333,9.71095313346943,2.89038019986387
2024-11-03,"BEX",14.5873333333333,8.32540779278791,6.26192554054539
2024-11-03,"SEND",13.5151666666667,6.60097219779599,6.91419446887071
2024-11-03,"HUL2",8.69108333333333,6.33268614663714,2.35839718669619
2024-11-03,"PEMB",9.40354166666667,8.61035703619404,0.793184630472627
2024-11-03,"WFEN",12.2680833333333,6.33901067355395,5.92907265977935
2024-11-03,"OSY",9.21591666666667,5.88160939373355,3.33430727293312
2024-11-03,"ACTH",0.996458333333333,4.3130871092672,-3.31662877593386
2024-11-03,"COPP",13.8797916666667,12.1583635124803,1.72142815418636
2024-11-04,"EB",15.368625,7.76426721243355,7.60435778756645
2024-11-04,"IMGM",16.4201666666667,7.88422841916998,8.53593824749672
2024-11-04,"PRES",22.6365833333333,10.8049411181944,11.8316422151389
2024-11-04,"BIRR",21.716875,9.85550211701753,11.8613728829825
2024-11-04,"BLC2",22.3831666666667,12.5947433290524,9.78842333761429
2024-11-04,"BOTR",23.4897083333333,13.4991745750673,9.99053375826602
2024-11-04,"GHSR",7.81945833333333,3.93232410617261,3.88713422716072
2024-11-04,"LEAM",21.0319166666667,8.37957419945196,12.6523424672147
2024-11-04,"NPT3",15.4334583333333,10.9333192155412,4.50013911779212
2024-11-04,"REA1",18.7372916666667,11.4923468177305,7.24494484893622
2024-11-04,"SOUT",14.4605833333333,9.75352048543143,4.70706284790187
2024-11-04,"WREX",23.8837916666667,13.0638036843634,10.8199879823032
2024-11-04,"LEAR",20.2782083333333,8.25529646419817,12.0229118691351
2024-11-04,"PLYM",15.907125,9.82762475080008,6.07950024919992
2024-11-04,"SHDG",24.2915416666667,11.0205384671279,13.2710031995388
2024-11-04,"SHE",20.8353333333333,9.07583746761131,11.759495865722
2024-11-04,"BEL2",12.3467916666667,8.7205543228589,3.6262373438078
2024-11-04,"GLKP",7.876375,3.68688622607618,4.18948877392382
2024-11-04,"LECU",17.3330416666667,8.51653206919783,8.81650959746887
2024-11-04,"SUN2",14.9824166666667,10.2010627867527,4.78135387991403
2024-11-04,"TRAN",22.6367083333333,12.0234234492934,10.6132848840399
2024-11-04,"STOK",23.3069166666667,10.5050684593037,12.801848207363
2024-11-04,"BEX",18.620375,11.5022061962616,7.11816880373843
2024-11-04,"SEND",17.3546666666667,10.7604600124502,6.59420665421647
2024-11-04,"HUL2",19.0989166666667,8.41626866380004,10.6826480028667
2024-11-04,"PEMB",11.951625,7.94473466642247,4.00689033357753
2024-11-04,"WFEN",19.000625,10.2819710841458,8.71865391585424
2024-11-04,"OSY",14.5214583333333,8.20826363755224,6.31319469578106
2024-11-04,"ACTH",8.0975,1.96035525990902,6.13714474009098
2024-11-04,"COPP",22.8349166666667,11.2307796436571,11.6041370230096
2024-11-05,"EB",26.1292916666667,10.891615536516,15.2376761301507
2024-11-05,"IMGM",27.3389583333333,13.6163201525539,13.7226381807794
2024-11-05,"PRES",25.3795,16.4250869671186,8.95441303288141
2024-11-05,"BIRR",21.177375,16.3813368841462,4.79603811585383
2024-11-05,"BLC2",31.7719166666667,17.1506612019019,14.6212554647648
2024-11-05,"BOTR",30.0670416666667,17.9609557844912,12.1060858821755
2024-11-05,"GHSR",24.6916666666667,7.13879116271084,17.5528755039559
2024-11-05,"LEAM",20.58775,15.4455629593197,5.14218704068028
2024-11-05,"NPT3",26.6136666666667,11.9061424351807,14.707524231486
2024-11-05,"REA1",28.5968333333333,13.7868584183627,14.8099749149706
2024-11-05,"SOUT",24.38,10.7460515136339,13.6339484863661
2024-11-05,"WREX",25.5524166666667,17.76537655373,7.78704011293667
2024-11-05,"LEAR",19.5647916666667,14.7938266981595,4.77096496850717
2024-11-05,"PLYM",19.502875,12.6010760073155,6.90179899268453
2024-11-05,"SHDG",27.338875,19.1998429596842,8.13903204031578
2024-11-05,"SHE",27.1010833333333,16.2630535228133,10.83802981052
2024-11-05,"BEL2",19.4645416666667,10.0959000606766,9.36864160599011
2024-11-05,"GLKP",26.883875,7.10662030827425,19.7772546917258
2024-11-05,"LECU",26.27075,13.7265570300288,12.5441929699712
2024-11-05,"SUN2",31.4890416666667,12.2726037572169,19.2164379094498
2024-11-05,"TRAN",25.372625,17.3401501815054,8.03247481849465
2024-11-05,"STOK",25.5396666666667,17.2112386196295,8.32842804703724
2024-11-05,"BEX",33.337375,13.8237053421343,19.5136696578657
2024-11-05,"SEND",27.4057916666667,12.9866810912953,14.4191105753714
2024-11-05,"HUL2",36.3661666666667,15.670588325334,20.6955783413327
2024-11-05,"PEMB",14.9715833333333,9.5369067074539,5.4346766258794
2024-11-05,"WFEN",22.9314583333333,14.7649182555374,8.16654007779586
2024-11-05,"OSY",21.8455833333333,11.2615762021274,10.5840071312059
2024-11-05,"ACTH",13.7589166666667,6.56628175871284,7.19263490795386
2024-11-05,"COPP",22.1433333333333,16.8100673364563,5.33326599687695
2024-11-06,"EB",15.4620416666667,16.1984067081483,-0.736365041481584
2024-11-06,"IMGM",19.7505,21.2922380370905,-1.54173803709054
2024-11-06,"PRES",18.7245416666667,18.1062529653677,0.61828870129898
2024-11-06,"BIRR",16.4328333333333,16.0462593231168,0.38657401021652
2024-11-06,"BLC2",22.3664583333333,23.2760526174524,-0.909594284119116
2024-11-06,"BOTR",16.83175,22.3480603894559,-5.51631038945587
2024-11-06,"GHSR",12.4734583333333,18.748168087141,-6.27470975380774
2024-11-06,"LEAM",11.697125,15.1718953921678,-3.47477039216779
2024-11-06,"NPT3",18.6204166666667,18.6097760777953,0.0106405888714001
2024-11-06,"REA1",11.026,19.701711083526,-8.67571108352597
2024-11-06,"SOUT",10.8737083333333,15.9075424103345,-5.03383407700117
2024-11-06,"WREX",15.89825,18.8595604870827,-2.96131048708268
2024-11-06,"LEAR",11.0064166666667,14.3600510832907,-3.35363441662402
2024-11-06,"PLYM",12.1639583333333,14.7420075111061,-2.57804917777277
2024-11-06,"SHDG",18.468,21.3276747730943,-2.85967477309426
2024-11-06,"SHE",21.575375,20.4113417997031,1.16403320029688
2024-11-06,"BEL2",9.07629166666667,14.0836253523316,-5.00733368566498
2024-11-06,"GLKP",12.780125,20.4803111869615,-7.70018618696153
2024-11-06,"LECU",11.9153333333333,19.6533949094691,-7.73806157613583
2024-11-06,"SUN2",23.6547916666667,23.3928032086744,0.261988457992306
2024-11-06,"TRAN",16.5941666666667,19.1734445356928,-2.57927786902613
2024-11-06,"STOK",24.0715,18.6098734216067,5.46162657839333
2024-11-06,"BEX",28.7540416666667,22.2951037936279,6.4589378730388
2024-11-06,"SEND",16.2912916666667,18.8145301188006,-2.52323845213394
2024-11-06,"HUL2",30.1299166666667,27.705960834081,2.4239558325857
2024-11-06,"PEMB",14.1108333333333,11.4239302441304,2.68690308920289
2024-11-06,"WFEN",15.4825833333333,17.3823128511216,-1.89972951778831
2024-11-06,"OSY",20.96025,15.4765733300397,5.48367666996029
2024-11-06,"ACTH",5.44516666666667,10.2384287858419,-4.79326211917526
2024-11-06,"COPP",19.3779583333333,16.3791920130843,2.998766320249
2024-11-07,"EB",13.7314583333333,10.9376854276581,2.79377290567518
2024-11-07,"IMGM",14.9430833333333,15.9575467255311,-1.01446339219777
2024-11-07,"PRES",9.63445833333333,14.0273504577823,-4.39289212444897
2024-11-07,"BIRR",14.774,13.0994762835079,1.67452371649213
2024-11-07,"BLC2",10.5219583333333,17.1397603810718,-6.61780204773853
2024-11-07,"BOTR",15.2162916666667,13.5200740192628,1.69621764740389
2024-11-07,"GHSR",5.93854166666667,10.3411010879359,-4.40255942126919
2024-11-07,"LEAM",14.6267083333333,9.69405138268949,4.93265695064381
2024-11-07,"NPT3",12.7240833333333,13.81703715771,-1.09295382437666
2024-11-07,"REA1",16.0997083333333,9.16076568419045,6.93894264914285
2024-11-07,"SOUT",17.1738333333333,8.87964915528594,8.29418417804736
2024-11-07,"WREX",8.74808333333333,12.5289385339324,-3.78085520059907
2024-11-07,"LEAR",14.4320833333333,9.156339772131,5.2757435612023
2024-11-07,"PLYM",17.6425416666667,10.3723717201416,7.27016994652514
2024-11-07,"SHDG",13.1594583333333,15.1334951501067,-1.97403681677343
2024-11-07,"SHE",12.26125,16.7530038352648,-4.49175383526484
2024-11-07,"BEL2",9.940125,8.26359974577961,1.67652525422039
2024-11-07,"GLKP",5.52966666666667,10.5569023888405,-5.02723572217381
2024-11-07,"LECU",13.502375,10.1339270434352,3.36844795656476
2024-11-07,"SUN2",15.98575,18.1150179223072,-2.12926792230719
2024-11-07,"TRAN",10.407,13.291138873007,-2.88413887300703
2024-11-07,"STOK",12.9500833333333,17.6901873864021,-4.74010405306884
2024-11-07,"BEX",20.3864285714286,19.6568457992895,0.729582772139125
2024-11-07,"SEND",23.6685833333333,12.3701143925801,11.2984689407532
2024-11-07,"HUL2",15.3213333333333,23.3592587357345,-8.03792540240119
2024-11-07,"PEMB",15.5425,10.8860898735311,4.65641012646885
2024-11-07,"WFEN",21.7415,12.4223861600428,9.31911383995717
2024-11-07,"OSY",21.2687916666667,14.9670684462147,6.30172322045201
2024-11-07,"ACTH",4.61579166666667,4.84590706481314,-0.230115398146475
2024-11-07,"COPP",12.4872083333333,14.6562877874621,-2.16907945412883
2024-11-08,"EB",15.2437083333333,10.08422117311,5.15948716022332
2024-11-08,"IMGM",19.3504583333333,12.5779295758843,6.77252875744897
2024-11-08,"PRES",23.6959583333333,8.45593109715608,15.2400272361772
2024-11-08,"BIRR",24.8979166666667,12.0691930073492,12.8287236593175
2024-11-08,"BLC2",23.3638333333333,9.41219296033024,13.9516403730031
2024-11-08,"BOTR",25.4373333333333,12.4425575951859,12.9947757381474
2024-11-08,"GHSR",11.571375,5.84457584036708,5.72679915963292
2024-11-08,"LEAM",23.25775,11.4990763964278,11.7586736035722
2024-11-08,"NPT3",17.9432916666667,10.2816058559912,7.6616858106755
2024-11-08,"REA1",24.7927083333333,12.2045417817282,12.5881665516051
2024-11-08,"SOUT",18.7402916666667,12.1578699346237,6.58242173204304
2024-11-08,"WREX",23.6213333333333,7.84028920441837,15.7810441289149
2024-11-08,"LEAR",22.996375,11.2392328892935,11.7571421107065
2024-11-08,"PLYM",12.1050416666667,13.6343536862058,-1.52931201953913
2024-11-08,"SHDG",25.3577916666667,11.4267513825024,13.9310402841643
2024-11-08,"SHE",22.5935,10.5865152988587,12.0069847011413
2024-11-08,"BEL2",16.99,8.74756308125894,8.24243691874106
2024-11-08,"GLKP",11.3552083333333,5.45547461144724,5.89973372188606
2024-11-08,"LECU",22.2957083333333,11.186337607245,11.1093707260883
2024-11-08,"SUN2",28.7922916666667,12.948530349295,15.8437613173717
2024-11-08,"TRAN",23.3855,9.14521664642231,14.2402833535777
2024-11-08,"STOK",25.7744583333333,10.7235317387526,15.0509265945807
2024-11-08,"BEX",23.0268333333333,14.8402809682983,8.18655236503502
2024-11-08,"SEND",18.114375,16.6476198524372,1.46675514756277
2024-11-08,"HUL2",22.4342083333333,13.037591027009,9.39661730632431
2024-11-08,"PEMB",10.9611666666667,11.7806680095458,-0.819501342879121
2024-11-08,"WFEN",21.5685,16.5899641946102,4.97853580538981
2024-11-08,"OSY",19.5227142857143,15.1446326247127,4.37808166100164
2024-11-08,"ACTH",12.7997916666667,4.30795214646965,8.49183952019705
2024-11-08,"COPP",25.5023333333333,10.3631621561441,15.1391711771892
2024-11-09,"EB",15.24075,10.8300109273973,4.41073907260271
2024-11-09,"IMGM",18.7058333333333,15.676317164837,3.0295161684963
2024-11-09,"PRES",27.0332916666667,17.0743904078824,9.95890125878427
2024-11-09,"BIRR",29.5559583333333,18.3570471403085,11.1989111930248
2024-11-09,"BLC2",30.9297916666667,17.790465987578,13.1393256790887
2024-11-09,"BOTR",29.036125,19.2600285504923,9.77609644950773
2024-11-09,"GHSR",17.3723333333333,9.72039837807051,7.65193495526279
2024-11-09,"LEAM",25.139625,16.8169814806382,8.32264351936182
2024-11-09,"NPT3",34.0322083333333,13.4110341750355,20.6211741582978
2024-11-09,"REA1",23.754,17.419572658072,6.334427341928
2024-11-09,"SOUT",22.082375,12.9729642793073,9.10941072069266
2024-11-09,"WREX",32.616125,17.5932721614862,15.0228528385138
2024-11-09,"LEAR",23.7864166666667,16.4465416854031,7.33987498126358
2024-11-09,"PLYM",19.6796666666667,10.3372923770936,9.34237428957314
2024-11-09,"SHDG",21.81325,19.9443629786238,1.86888702137622
2024-11-09,"SHE",22.0332916666667,17.4270613705812,4.6062302960855
2024-11-09,"BEL2",31.5784583333333,12.6972613483387,18.8811969849946
2024-11-09,"GLKP",16.7836666666667,9.55432998174381,7.22933668492289
2024-11-09,"LECU",23.5977916666667,17.0174364910803,6.5803551755864
2024-11-09,"SUN2",8.870875,21.5760540021759,-12.7051790021759
2024-11-09,"TRAN",34.047,17.8419035980797,16.2050964019203
2024-11-09,"STOK",32.3615416666667,18.7569511491687,13.604590517498
2024-11-09,"BEX",25.4089166666667,16.3601505620549,9.04876610461183
2024-11-09,"SEND",23.419875,13.4271756102277,9.99269938977232
2024-11-09,"HUL2",12.553125,17.9953057895308,-5.44218078953076
2024-11-09,"PEMB",22.29375,8.91801797429896,13.375732025701
2024-11-09,"WFEN",24.3780416666667,16.4747699783619,7.90327168830482
2024-11-09,"OSY",20.3322916666667,14.1397738674103,6.19251779925638
2024-11-09,"ACTH",10.5179166666667,9.61631452985856,0.901602136808139
2024-11-09,"COPP",35.794125,18.4719408423985,17.3221841576015
2024-11-10,"EB",15.398,10.8285519790159,4.56944802098409
2024-11-10,"IMGM",23.997875,15.2231453563277,8.77472964367229
2024-11-10,"PRES",19.8682916666667,19.1198813967289,0.7484102699378
2024-11-10,"BIRR",18.2155416666667,21.2501059741174,-3.03456430745071
2024-11-10,"BLC2",20.6525833333333,22.7266349371627,-2.07405160382935
2024-11-10,"BOTR",20.9709583333333,21.6604353252452,-0.689476991911913
2024-11-10,"GHSR",12.4430833333333,13.711903845765,-1.26882051243171
2024-11-10,"LEAM",18.8100833333333,17.9764745078817,0.833608825451595
2024-11-10,"NPT3",25.4452916666667,23.0579208719789,2.38737079468784
2024-11-10,"REA1",19.7151666666667,16.7964395590442,2.9187271076225
2024-11-10,"SOUT",14.247375,14.7119912080764,-0.464616208076444
2024-11-10,"WREX",12.4254166666667,23.4915156407107,-11.066098974044
2024-11-10,"LEAR",18.1318333333333,16.9269072638127,1.20492606952062
2024-11-10,"PLYM",12.3496666666667,14.847270348838,-2.49760368217125
2024-11-10,"SHDG",18.3650416666667,17.4693503373119,0.895691329354758
2024-11-10,"SHE",20.1101666666667,17.0561711081573,3.0539955585094
2024-11-10,"BEL2",11.7797916666667,20.8704571281974,-9.09066546153066
2024-11-10,"GLKP",11.8790416666667,13.3737972287692,-1.49475556210249
2024-11-10,"LECU",20.751875,17.8808834211403,2.87099157885969
2024-11-10,"SUN2",8.608625,8.15537432423304,0.453250675766959
2024-11-10,"TRAN",19.1057916666667,24.9860056079495,-5.88021394128278
2024-11-10,"STOK",22.4058333333333,22.8832187534792,-0.477385420145861
2024-11-10,"BEX",21.33275,17.7313251942034,3.60142480579665
2024-11-10,"SEND",22.712375,16.5034136448188,6.20896135518121
2024-11-10,"HUL2",27.8952083333333,11.1081339059571,16.7870744273762
2024-11-10,"PEMB",8.47491666666667,15.9991923220736,-7.5242756554069
2024-11-10,"WFEN",21.2245416666667,18.3455384772558,2.87900318941094
2024-11-10,"OSY",21.2598333333333,14.6056815813744,6.65415175195891
2024-11-10,"ACTH",6.67266666666667,8.13622906876429,-1.46356240209762
2024-11-10,"COPP",18.8041666666667,24.8840084107114,-6.07984174404468
2024-11-11,"EB",8.797125,10.9061022774862,-2.10897727748619
2024-11-11,"IMGM",6.53408333333333,18.943454206884,-12.4093708735507
2024-11-11,"PRES",10.6270416666667,14.7283683318813,-4.10132666521461
2024-11-11,"BIRR",10.5995416666667,14.2066969699956,-3.60715530332889
2024-11-11,"BLC2",9.193125,16.0215971311902,-6.82847213119016
2024-11-11,"BOTR",9.02133333333333,16.2809406227608,-7.25960728942752
2024-11-11,"GHSR",9.50679166666667,10.3202007518854,-0.813409085218758
2024-11-11,"LEAM",9.02625,14.0766089864483,-5.05035898644834
2024-11-11,"NPT3",9.37116666666667,17.9092204420083,-8.5380537753416
2024-11-11,"REA1",8.68525,14.373496899693,-5.68824689969304
2024-11-11,"SOUT",7.34379166666667,10.6351102245863,-3.29131855791961
2024-11-11,"WREX",8.388375,10.2516632704401,-1.86328827044011
2024-11-11,"LEAR",8.49654166666667,13.4887756965979,-4.99223402993118
2024-11-11,"PLYM",10.5209583333333,10.4829435956473,0.0380147376859572
2024-11-11,"SHDG",9.24245833333333,15.0616034358903,-5.81914510255694
2024-11-11,"SHE",7.50304166666667,15.7829513192264,-8.27990965255973
2024-11-11,"BEL2",12.9354166666667,9.77823784433457,3.15717882233213
2024-11-11,"GLKP",9.1825,9.92289949756406,-0.740399497564058
2024-11-11,"LECU",9.45366666666667,15.9936785501977,-6.54001188353104
2024-11-11,"SUN2",7.27308333333333,7.9787014849249,-0.705618151591572
2024-11-11,"TRAN",9.88504166666667,14.9741389396524,-5.08909727298569
2024-11-11,"STOK",11.419,16.6467837950939,-5.22778379509392
2024-11-11,"BEX",9.16675,15.3850024390202,-6.21825243902023
2024-11-11,"SEND",8.25870833333333,16.093190591483,-7.83448225814964
2024-11-11,"HUL2",7.70541666666667,21.8016541814442,-14.0962375147776
2024-11-11,"PEMB",6.39445833333333,7.36448254426419,-0.970024210930862
2024-11-11,"WFEN",7.96983333333333,16.2457410151804,-8.27590768184702
2024-11-11,"OSY",8.16529166666667,15.1394771489021,-6.97418548223541
2024-11-11,"ACTH",5.86770833333333,5.64209655963351,0.22561177369982
2024-11-11,"COPP",10.425625,14.2987998926462,-3.87317489264617
2024-11-12,"EB",4.79175,7.65077746721592,-2.85902746721592
2024-11-12,"IMGM",10.6800833333333,6.66639692084523,4.01368641248807
2024-11-12,"PRES",13.447375,9.0642971371119,4.3830778628881
2024-11-12,"BIRR",10.4540833333333,9.47648250326741,0.977600830065885
2024-11-12,"BLC2",10.1709166666667,8.54523790319302,1.62567876347368
2024-11-12,"BOTR",8.86408333333333,8.3104984681237,0.553584865209633
2024-11-12,"GHSR",10.3361666666667,8.2998062638059,2.0363604028608
2024-11-12,"LEAM",8.22533333333333,8.04842617424628,0.176907159087046
2024-11-12,"NPT3",7.97070833333333,8.27120280289816,-0.300494469564829
2024-11-12,"REA1",6.686375,7.75652278486896,-1.07014778486896
2024-11-12,"SOUT",6.80033333333333,7.04288462029702,-0.24255128696369
2024-11-12,"WREX",9.22570833333333,7.6044141102382,1.62129422309513
2024-11-12,"LEAR",7.464625,7.63027145576287,-0.165646455762866
2024-11-12,"PLYM",6.68345833333333,9.39411948883294,-2.71066115549961
2024-11-12,"SHDG",10.7017083333333,8.69166588267943,2.01004245065387
2024-11-12,"SHE",10.6752083333333,7.43630664894986,3.23890168438344
2024-11-12,"BEL2",19.4615833333333,10.4256777010546,9.03590563227872
2024-11-12,"GLKP",10.282125,8.02561081196623,2.25651418803377
2024-11-12,"LECU",8.718625,8.50152881534111,0.217096184658891
2024-11-12,"SUN2",10.5346666666667,7.07897245436503,3.45569421230167
2024-11-12,"TRAN",13.420875,8.795460647901,4.625414352099
2024-11-12,"STOK",12.6139583333333,9.76443357069653,2.84952476263677
2024-11-12,"BEX",6.423,8.38201041884826,-1.95901041884826
2024-11-12,"SEND",5.52579166666667,7.71265734498373,-2.18686567831706
2024-11-12,"HUL2",10.789125,7.72925333114497,3.05987166885503
2024-11-12,"PEMB",5.95129166666667,6.06450638275815,-0.11321471609148
2024-11-12,"WFEN",5.95420833333333,7.41992750039261,-1.46571916705928
2024-11-12,"OSY",4.9354347826087,7.6036342302834,-2.6681994476747
2024-11-12,"ACTH",3.02879166666667,5.11997894760246,-2.09118728093579
2024-11-12,"COPP",13.1034166666667,9.07873937931561,4.02467728735109
2024-11-13,"EB",9.50079166666667,5.67546410164904,3.82532756501763
2024-11-13,"IMGM",12.341875,9.58103770902362,2.76083729097638
2024-11-13,"PRES",16.556625,10.7929127240705,5.7637122759295
2024-11-13,"BIRR",15.9975,9.38613992020021,6.61136007979979
2024-11-13,"BLC2",11.4219583333333,9.1831669865318,2.2387913468015
2024-11-13,"BOTR",11.8720833333333,8.20561216174867,3.66647117158463
2024-11-13,"GHSR",3.69591666666667,8.87048004855743,-5.17456338189076
2024-11-13,"LEAM",15.121,7.55495169246448,7.56604830753552
2024-11-13,"NPT3",12.012625,7.4314904005431,4.5811345994569
2024-11-13,"REA1",9.79720833333333,6.55737463774465,3.23983369558868
2024-11-13,"SOUT",8.10241666666667,6.7601003261699,1.34231634049677
2024-11-13,"WREX",8.184,8.15348695775873,0.0305130422412656
2024-11-13,"LEAR",13.8237083333333,7.0028396792273,6.820868654106
2024-11-13,"PLYM",11.0202083333333,7.10924855904183,3.91095977429147
2024-11-13,"SHDG",8.03466666666667,9.71060218995964,-1.67593552329297
2024-11-13,"SHE",10.9189166666667,9.5364641393818,1.3824525272849
2024-11-13,"BEL2",8.79729166666667,14.0819679436485,-5.28467627698179
2024-11-13,"GLKP",2.935375,8.79930776487832,-5.86393276487832
2024-11-13,"LECU",15.326375,8.0141026619591,7.3122723380409
2024-11-13,"SUN2",5.6575,9.2762391393607,-3.6187391393607
2024-11-13,"TRAN",8.30775,11.1647664700866,-2.85701647008655
2024-11-13,"STOK",14.9323333333333,10.5129769866243,4.41935634670904
2024-11-13,"BEX",9.88995833333333,6.80265324678293,3.0873050865504
2024-11-13,"SEND",9.49295833333333,6.12805604531962,3.36490228801371
2024-11-13,"HUL2",15.5100833333333,9.87861576581141,5.63146756752189
2024-11-13,"PEMB",6.918375,5.78759331364722,1.13078168635278
2024-11-13,"WFEN",9.9175,6.07779835515851,3.83970164484149
2024-11-13,"OSY",8.10145833333333,5.74486782612288,2.35659050721045
2024-11-13,"ACTH",1.68433333333333,3.27858128840047,-1.59424795506714
2024-11-13,"COPP",15.4412916666667,10.7470767938926,4.69421487277408
2024-11-14,"EB",14.483125,7.99780169630073,6.48532330369927
2024-11-14,"IMGM",9.44191666666667,10.7492783682426,-1.30736170157589
2024-11-14,"PRES",7.91966666666667,12.6986087459655,-4.77894207929879
2024-11-14,"BIRR",12.705375,12.8290955021026,-0.123720502102644
2024-11-14,"BLC2",11.0495,9.99936934419342,1.05013065580658
2024-11-14,"BOTR",9.90179166666667,10.2119588045218,-0.310167137855172
2024-11-14,"GHSR",5.29983333333333,4.30147736678353,0.998355966549799
2024-11-14,"LEAM",9.218875,11.803627836308,-2.58475283630805
2024-11-14,"NPT3",10.188875,9.85501666583881,0.333858334161185
2024-11-14,"REA1",10.959125,8.42359940301472,2.53552559698528
2024-11-14,"SOUT",12.9256666666667,7.43762920690841,5.48803745975829
2024-11-14,"WREX",10.0560416666667,7.47039727519201,2.58564439147469
2024-11-14,"LEAR",8.18491666666667,10.8693252994851,-2.68440863281842
2024-11-14,"PLYM",8.12504166666667,9.69137598699535,-1.56633432032868
2024-11-14,"SHDG",10.56025,7.84831294055357,2.71193705944643
2024-11-14,"SHE",10.5503333333333,9.69781312747538,0.852520205857923
2024-11-14,"BEL2",4.354375,8.10728976630972,-3.75291476630972
2024-11-14,"GLKP",4.22558333333333,3.63012910050921,0.595454232824117
2024-11-14,"LECU",9.4675,12.3958816971747,-2.92838169717474
2024-11-14,"SUN2",9.16279166666667,5.99058467690493,3.17220698976174
2024-11-14,"TRAN",13.1152083333333,7.73854252512426,5.37666580820904
2024-11-14,"STOK",11.697125,11.96524883033,-0.268123830329975
2024-11-14,"BEX",14.11175,8.79830354619128,5.31344645380872
2024-11-14,"SEND",12.6514583333333,8.42830088361234,4.22315744972096
2024-11-14,"HUL2",10.9660416666667,13.1691508620161,-2.20310919534937
2024-11-14,"PEMB",5.51495833333333,6.39187615814372,-0.876917824810392
2024-11-14,"WFEN",11.693375,8.71680573842513,2.97656926157487
2024-11-14,"OSY",10.342,7.56689846776363,2.77510153223637
2024-11-14,"ACTH",2.19920833333333,2.40652947477627,-0.207321141442943
2024-11-14,"COPP",13.0121666666667,12.2036368323961,0.808529834270644
2024-11-15,"EB",10.0484583333333,10.4549173533972,-0.406459020063881
2024-11-15,"IMGM",11.9762916666667,8.71060570969186,3.26568595697484
2024-11-15,"PRES",9.77791666666667,7.40491504584297,2.3730016208237
2024-11-15,"BIRR",15.15725,10.7843926001492,4.37285739985081
2024-11-15,"BLC2",7.55604166666667,9.75637074718636,-2.20032908051969
2024-11-15,"BOTR",13.1565,8.89776729165595,4.25873270834405
2024-11-15,"GHSR",1.963375,5.40509538588549,-3.44172038588549
2024-11-15,"LEAM",13.6115,8.16710958540419,5.44439041459581
2024-11-15,"NPT3",13.9505833333333,8.76149930988152,5.18908402345178
2024-11-15,"REA1",14.9606666666667,9.12064660103671,5.84002006562999
2024-11-15,"SOUT",11.91725,9.9473696285573,1.9698803714427
2024-11-15,"WREX",11.7187083333333,8.69796962621961,3.02073870711369
2024-11-15,"LEAR",12.71725,7.44079547027028,5.27645452972972
2024-11-15,"PLYM",12.54825,7.96757607727108,4.58067392272892
2024-11-15,"SHDG",11.2579583333333,9.61182745512966,1.64613087820364
2024-11-15,"SHE",10.7647083333333,9.45378967924908,1.31091865408422
2024-11-15,"BEL2",5.32229166666667,5.61814204963206,-0.295850382965385
2024-11-15,"GLKP",1.537125,4.53792062591267,-3.00079562591267
2024-11-15,"LECU",12.5806666666667,8.51070207552606,4.06996459114064
2024-11-15,"SUN2",2.71825,8.35203303287506,-5.63378303287506
2024-11-15,"TRAN",6.68920833333333,10.9599440860239,-4.27073575269059
2024-11-15,"STOK",14.0546666666667,9.93865607850077,4.11601058816593
2024-11-15,"BEX",14.1392083333333,11.2284509531036,2.91075738022971
2024-11-15,"SEND",10.9217916666667,10.2596641542289,0.662127512437849
2024-11-15,"HUL2",16.1902083333333,10.0019276994627,6.18828063387064
2024-11-15,"PEMB",8.63995833333333,5.51495005868955,3.12500827464379
2024-11-15,"WFEN",10.89325,9.89929434408968,0.993955655910321
2024-11-15,"OSY",9.25125,8.85631893641591,0.394931063584087
2024-11-15,"ACTH",0.8225,2.74049123945703,-1.91799123945703
2024-11-15,"COPP",11.229375,10.6902255492737,0.53914945072629
2024-11-16,"EB",8.97608333333333,8.2678920839778,0.708191249355528
2024-11-16,"IMGM",5.97679166666667,10.492273039055,-4.51548137238837
2024-11-16,"PRES",5.14441666666667,8.54385840282176,-3.39944173615509
2024-11-16,"BIRR",7.55108333333333,12.3072253989424,-4.75614206560908
2024-11-16,"BLC2",5.72029166666667,7.47717493458263,-1.75688326791596
2024-11-16,"BOTR",5.551375,11.068669265655,-5.51729426565504
2024-11-16,"GHSR",6.30116666666667,3.10935545551739,3.19181121114928
2024-11-16,"LEAM",9.59025,10.8735688660661,-1.28331886606608
2024-11-16,"NPT3",10.960125,11.017013141574,-0.0568881415739941
2024-11-16,"REA1",11.569375,11.5212175598131,0.0481574401869214
2024-11-16,"SOUT",10.3665833333333,9.42264790146502,0.94393543186828
2024-11-16,"WREX",3.429625,9.7882464428726,-6.3586214428726
2024-11-16,"LEAR",9.032125,10.1965702794616,-1.16444527946161
2024-11-16,"PLYM",10.3244166666667,10.6011813247612,-0.276764658094461
2024-11-16,"SHDG",4.33470833333333,10.0990094683044,-5.7643011349711
2024-11-16,"SHE",3.83558333333333,9.59571830700446,-5.76013497367113
2024-11-16,"BEL2",7.3105,6.16041815821709,1.15008184178291
2024-11-16,"GLKP",5.22108333333333,2.64631937955041,2.57476395378292
2024-11-16,"LECU",6.997875,10.5751277019696,-3.57725270196961
2024-11-16,"SUN2",4.04083333333333,4.01046783062676,0.0303655027065712
2024-11-16,"TRAN",4.41825,6.6539834317611,-2.2357334317611
2024-11-16,"STOK",5.19566666666667,11.4154626274254,-6.2197959607587
2024-11-16,"BEX",12.9914166666667,11.244256516906,1.74716014976068
2024-11-16,"SEND",12.8046666666667,9.25676784150352,3.54789882516318
2024-11-16,"HUL2",6.53795833333333,13.6432018966343,-7.10524356330096
2024-11-16,"PEMB",3.867,7.46760897024655,-3.60060897024655
2024-11-16,"WFEN",9.10283333333333,9.36652109394125,-0.263687760607917
2024-11-16,"OSY",12.1158333333333,8.2285977933073,3.887235540026
2024-11-16,"ACTH",3.79325,1.84752120896282,1.94572879103718
2024-11-16,"COPP",4.99504166666667,9.57949760246575,-4.58445593579908
2024-11-17,"EB",3.2725,7.73903357000602,-4.46653357000602
2024-11-17,"IMGM",3.530875,6.27462050440081,-2.74374550440081
2024-11-17,"PRES",4.04295833333333,5.70393156597999,-1.66097323264666
2024-11-17,"BIRR",4.03491666666667,7.58311830821074,-3.54820164154407
2024-11-17,"BLC2",3.220375,6.27949821605282,-3.05912321605282
2024-11-17,"BOTR",3.779625,5.99602398253653,-2.21639898253653
2024-11-17,"GHSR",5.0305,6.09408972877162,-1.06358972877162
2024-11-17,"LEAM",4.00458333333333,8.39592750529396,-4.39134417196063
2024-11-17,"NPT3",4.329875,9.22393948028978,-4.89406448028978
2024-11-17,"REA1",4.07241666666667,9.48674260843218,-5.41432594176551
2024-11-17,"SOUT",3.75008333333333,8.61577062704695,-4.86568729371362
2024-11-17,"WREX",3.68420833333333,4.35276405134993,-0.668555718016596
2024-11-17,"LEAR",4.61979166666667,7.95591984692769,-3.33612818026102
2024-11-17,"PLYM",5.012875,9.27709738051784,-4.26422238051784
2024-11-17,"SHDG",2.47933333333333,5.26477901473043,-2.7854456813971
2024-11-17,"SHE",2.949125,5.00823747763777,-2.05911247763777
2024-11-17,"BEL2",3.89041666666667,7.27431351221416,-3.3838968455475
2024-11-17,"GLKP",4.54804166666667,5.23835515279591,-0.690313486129243
2024-11-17,"LECU",3.85129166666667,6.87302645979538,-3.02173479312871
2024-11-17,"SUN2",3.6665,4.90146707837366,-1.23496707837366
2024-11-17,"TRAN",4.96166666666667,5.13225028037553,-0.170583613708862
2024-11-17,"STOK",5.24575,5.86602551591886,-0.62027551591886
2024-11-17,"BEX",4.316125,10.583564762633,-6.26743976263296
2024-11-17,"SEND",4.15,10.3484974974041,-6.19849749740414
2024-11-17,"HUL2",3.69783333333333,6.9155281618153,-3.21769482848197
2024-11-17,"PEMB",3.36283333333333,4.485221890543,-1.12238855720967
2024-11-17,"WFEN",3.67345833333333,8.17434973744079,-4.50089140410746
2024-11-17,"OSY",3.64875,9.8771511048176,-6.2284011048176
2024-11-17,"ACTH",2.272,3.77442951180404,-1.50242951180404
2024-11-17,"COPP",5.05991666666667,5.69533749978993,-0.635420833123261
2024-11-18,"EB",2.56595833333333,4.92622218781139,-2.36026385447806
2024-11-18,"IMGM",6.671625,4.55513944285908,2.11648555714092
2024-11-18,"PRES",8.60947826086957,5.02883475352798,3.58064350734159
2024-11-18,"BIRR",7.87145833333333,5.39926557264167,2.47219276069166
2024-11-18,"BLC2",5.84908695652174,4.64850707350545,1.20057988301629
2024-11-18,"BOTR",6.32179166666667,4.81426046380867,1.507531202858
2024-11-18,"GHSR",7.52266666666667,5.21977333893077,2.3028933277359
2024-11-18,"LEAM",7.59833333333333,4.95439097789093,2.6439423554424
2024-11-18,"NPT3",3.32254166666667,5.24845301046889,-1.92591134380222
2024-11-18,"REA1",3.90133333333333,4.98923091085986,-1.08789757752653
2024-11-18,"SOUT",2.68079166666667,5.17292659038294,-2.49213492371627
2024-11-18,"WREX",5.201625,4.5197044921516,0.681920507848401
2024-11-18,"LEAR",7.31133333333333,5.27310811277562,2.03822522055771
2024-11-18,"PLYM",3.98783333333333,6.11457304265698,-2.12673970932365
2024-11-18,"SHDG",5.76941666666667,3.96924435574803,1.80017231091864
2024-11-18,"SHE",5.49133333333333,4.42135087793015,1.06998245540318
2024-11-18,"BEL2",4.60108333333333,5.35820901178899,-0.757125678455663
2024-11-18,"GLKP",7.50208333333333,4.76480254469509,2.73728078863824
2024-11-18,"LECU",6.17433333333333,4.7864413313388,1.38789200199453
2024-11-18,"SUN2",7.446,4.64928582823951,2.79671417176049
2024-11-18,"TRAN",6.15279166666667,5.49638516763625,0.656406499030424
2024-11-18,"STOK",8.19970833333333,5.89739861769874,2.30230971563459
2024-11-18,"BEX",5.574,5.58989401511272,-0.0158940151127158
2024-11-18,"SEND",4.613875,5.33034373683343,-0.716468736833425
2024-11-18,"HUL2",7.93054166666667,4.93594471069221,2.99459695597446
2024-11-18,"PEMB",1.64604166666667,4.17019291947847,-2.5241512528118
2024-11-18,"WFEN",7.48625,4.55913240886757,2.92711759113243
2024-11-18,"OSY",5.40391666666667,5.004387200352,0.399529466314672
2024-11-18,"ACTH",2.50691666666667,2.78770587107452,-0.280789204407854
2024-11-18,"COPP",8.35308333333333,5.73575639836146,2.61732693497187
2024-11-19,"EB",3.117125,4.57778010748269,-1.46065510748269
2024-11-19,"IMGM",3.587875,6.76308880500846,-3.17521380500846
2024-11-19,"PRES",6.31095833333333,7.82770871342502,-1.51675038009169
2024-11-19,"BIRR",6.997875,7.78209972362278,-0.784224723622779
2024-11-19,"BLC2",2.9815,6.36352660778138,-3.38202660778138
2024-11-19,"BOTR",5.91008333333333,6.50989462505754,-0.59981129172421
2024-11-19,"GHSR",6.30116666666667,6.93457567068447,-0.633409004017795
2024-11-19,"LEAM",6.15866666666667,7.16863372337424,-1.00996705670758
2024-11-19,"NPT3",3.03466666666667,4.64445768038839,-1.60979101372172
2024-11-19,"REA1",5.17429166666667,4.88659604766405,0.287695619002617
2024-11-19,"SOUT",4.372,4.61652903305839,-0.24452903305839
2024-11-19,"WREX",5.738125,5.51473509331615,0.223389906683848
2024-11-19,"LEAR",5.46395833333333,6.90963441774485,-1.44567608441152
2024-11-19,"PLYM",4.87820833333333,5.50425697594914,-0.626048642615814
2024-11-19,"SHDG",6.49666666666667,6.26657885107846,0.230087815588213
2024-11-19,"SHE",6.46033333333333,6.10443957865686,0.355893754676469
2024-11-19,"BEL2",6.116375,5.75636059629292,0.360014403707078
2024-11-19,"GLKP",5.03841666666667,6.8432684183114,-1.80485175164473
2024-11-19,"LECU",5.918875,6.32691354547105,-0.408038545471051
2024-11-19,"SUN2",5.06091666666667,7.19546312534196,-2.13454645867529
2024-11-19,"TRAN",4.24241666666667,6.29453913344839,-2.05212246678172
2024-11-19,"STOK",6.97720833333333,7.74781130545626,-0.770602972122926
2024-11-19,"BEX",3.96220833333333,6.31395192957711,-2.35174359624378
2024-11-19,"SEND",2.908875,5.59930800378205,-2.69043300378205
2024-11-19,"HUL2",4.42116666666667,7.88616675024944,-3.46500008358277
2024-11-19,"PEMB",1.85013043478261,3.09745418437336,-1.24732374959075
2024-11-19,"WFEN",3.26566666666667,7.09792748262338,-3.83226081595671
2024-11-19,"OSY",2.236625,6.01447679590197,-3.77785179590197
2024-11-19,"ACTH",2.20716666666667,2.94007913556187,-0.732912468895202
2024-11-19,"COPP",5.573875,7.78748926123831,-2.21361426123831
2024-11-20,"EB",3.682125,4.84959657493495,-1.16747157493495
2024-11-20,"IMGM",3.93370833333333,4.59521048119149,-0.661502147858158
2024-11-20,"PRES",7.54625,6.41891872157744,1.12733127842256
2024-11-20,"BIRR",4.84570833333333,7.23952665098282,-2.39381831764949
2024-11-20,"BLC2",1.92216666666667,4.4926606749551,-2.57049400828843
2024-11-20,"BOTR",4.913625,6.2352837100359,-1.3216587100359
2024-11-20,"GHSR",3.74216666666667,6.09408972877162,-2.35192306210495
2024-11-20,"LEAM",4.73566666666667,6.28160166143872,-1.54593499477205
2024-11-20,"NPT3",5.158875,4.47184832666875,0.687026673331253
2024-11-20,"REA1",3.8895,5.6502584211407,-1.7607584211407
2024-11-20,"SOUT",4.83295833333333,5.49653606474783,-0.663577731414499
2024-11-20,"WREX",2.83916666666667,5.8665395312478,-3.02737286458113
2024-11-20,"LEAR",4.74,5.786383078156,-1.046383078156
2024-11-20,"PLYM",6.81008333333333,6.0343916871186,0.775691646214734
2024-11-20,"SHDG",3.15254166666667,6.77438863656384,-3.62184696989717
2024-11-20,"SHE",3.5515,6.74597352755464,-3.19447352755464
2024-11-20,"BEL2",5.26829166666667,6.60530399882895,-1.33701233216228
2024-11-20,"GLKP",2.72204166666667,5.10983075275171,-2.38778908608504
2024-11-20,"LECU",5.00291666666667,6.15751216536873,-1.15459549870206
2024-11-20,"SUN2",2.8145,5.58867782701394,-2.77417782701394
2024-11-20,"TRAN",2.850875,5.01442715322938,-2.16355215322938
2024-11-20,"STOK",4.94204166666667,6.98201529362459,-2.03997362695792
2024-11-20,"BEX",4.8625,5.38617252962262,-0.523672529622615
2024-11-20,"SEND",4.44770833333333,4.61071393178548,-0.163005598452147
2024-11-20,"HUL2",5.215125,5.44011220202178,-0.224987202021778
2024-11-20,"PEMB",2.37225,3.22497922495265,-0.852729224952651
2024-11-20,"WFEN",3.76958333333333,4.28759922138631,-0.51801588805298
2024-11-20,"OSY",2.84879166666667,4.19171635990987,-1.3429246932432
2024-11-20,"ACTH",1.6795,2.74565322837458,-1.06615322837458
2024-11-20,"COPP",4.50475,6.0559664907698,-1.5512164907698
2024-11-21,"EB",4.71891666666667,5.1282351672129,-0.409318500546231
2024-11-21,"IMGM",5.34691666666667,4.83833154709719,0.508585119569484
2024-11-21,"PRES",5.969125,7.17604356359615,-1.20691856359615
2024-11-21,"BIRR",12.3162916666667,5.9028394265242,6.4134522401425
2024-11-21,"BLC2",5.45108333333333,3.80153232387466,1.64955100945867
2024-11-21,"BOTR",6.41308333333333,5.57064247607756,0.842440857255773
2024-11-21,"GHSR",2.71325,4.33330092373275,-1.62005092373275
2024-11-21,"LEAM",8.26654166666667,5.40483855136629,2.86170311530038
2024-11-21,"NPT3",6.19404166666667,5.74551998131939,0.448521685347279
2024-11-21,"REA1",5.91495833333333,4.87949709463249,1.03546123870084
2024-11-21,"SOUT",5.86666666666667,5.73639212899135,0.13027453767532
2024-11-21,"WREX",3.649875,3.96557698316653,-0.315701983166533
2024-11-21,"LEAR",7.37133333333333,5.34619785982016,2.02513547351317
2024-11-21,"PLYM",4.57654166666667,7.18464185714862,-2.60810019048195
2024-11-21,"SHDG",4.29445833333333,4.43931899216877,-0.144860658835436
2024-11-21,"SHE",5.31445833333333,4.82015790834017,0.494300424993164
2024-11-21,"BEL2",5.49245833333333,6.13016461380357,-0.637706280470235
2024-11-21,"GLKP",2.04591666666667,3.4800276114065,-1.43411094473983
2024-11-21,"LECU",7.708375,5.55011524173647,2.15825975826353
2024-11-21,"SUN2",2.078375,4.07530962579705,-1.99693462579705
2024-11-21,"TRAN",4.71208333333333,4.08197715860846,0.630106174724872
2024-11-21,"STOK",6.660875,5.70715024925154,0.953724750748465
2024-11-21,"BEX",7.40170833333333,5.90439835220144,1.49730998113189
2024-11-21,"SEND",7.66716666666667,5.5029611523861,2.16420551428057
2024-11-21,"HUL2",6.64029166666667,5.99350572433081,0.646785942335864
2024-11-21,"PEMB",2.55008333333333,3.55122607996705,-1.00114274663372
2024-11-21,"WFEN",6.02,4.62313844376277,1.39686155623723
2024-11-21,"OSY",5.52970833333333,4.54401519994929,0.985693133384045
2024-11-21,"ACTH",1.10158333333333,2.40339444485777,-1.30181111152444
2024-11-21,"COPP",4.99504166666667,5.3898723877211,-0.394830721054428
2024-11-22,"EB",3.676375,5.63954520347044,-1.96317020347044
2024-11-22,"IMGM",4.50570833333333,5.83181795581088,-1.32610962247755
2024-11-22,"PRES",5.89333333333333,6.20940503709262,-0.31607170375929
2024-11-22,"BIRR",4.59220833333333,10.5427371888971,-5.95052885556376
2024-11-22,"BLC2",4.46245833333333,6.10386179863892,-1.64140346530559
2024-11-22,"BOTR",4.2395,6.57078648972836,-2.33128648972836
2024-11-22,"GHSR",3.89254166666667,3.6253271261616,0.267214540505074
2024-11-22,"LEAM",4.39270833333333,7.58034167594603,-3.1876333426127
2024-11-22,"NPT3",10.1985416666667,6.36620413008345,3.83233753658324
2024-11-22,"REA1",5.406,6.09459288976433,-0.688592889764334
2024-11-22,"SOUT",7.35545833333333,6.27427417706308,1.08118415627025
2024-11-22,"WREX",4.065625,4.49719075676362,-0.431565756763617
2024-11-22,"LEAR",4.68554166666667,6.94611595526448,-2.26057428859781
2024-11-22,"PLYM",7.18554166666667,5.85477751196455,1.33076415470212
2024-11-22,"SHDG",4.303375,5.23667403863447,-0.933299038634474
2024-11-22,"SHE",4.23745833333333,5.9873381161065,-1.74987978277318
2024-11-22,"BEL2",7.104,6.25575417317452,0.848245826825475
2024-11-22,"GLKP",3.05620833333333,3.00430556772098,0.051902765612351
2024-11-22,"LECU",4.31804166666667,7.34417836543962,-3.02613669877295
2024-11-22,"SUN2",5.67525,3.57939620792973,2.09585379207027
2024-11-22,"TRAN",4.880125,5.32914333550224,-0.449018335502239
2024-11-22,"STOK",4.29633333333333,6.78385839785684,-2.48752506452351
2024-11-22,"BEX",5.68791666666667,7.36601726522852,-1.67810059856185
2024-11-22,"SEND",4.852625,7.36966931858746,-2.51704431858746
2024-11-22,"HUL2",5.3685,6.98685508339972,-1.61835508339972
2024-11-22,"PEMB",3.95429166666667,3.66234538976072,0.291946276905948
2024-11-22,"WFEN",3.42670833333333,6.12160656022982,-2.69489822689649
2024-11-22,"OSY",3.58381818181818,6.08686926786487,-2.50305108604669
2024-11-22,"ACTH",1.38570833333333,2.0285421606365,-0.642833827303173
2024-11-22,"COPP",4.31808333333333,5.69533749978993,-1.3772541664566
2024-11-23,"EB",7.41758333333333,5.12539946472512,2.29218386860821
2024-11-23,"IMGM",3.779125,5.24044793176628,-1.46132293176628
2024-11-23,"PRES",3.53583333333333,6.16295143006216,-2.62711809672883
2024-11-23,"BIRR",3.84833333333333,5.74539334363087,-1.89706001029754
2024-11-23,"BLC2",4.57058333333333,5.45886485142033,-0.888281518086998
2024-11-23,"BOTR",3.33525,5.12099871591816,-1.78574871591816
2024-11-23,"GHSR",3.69208333333333,4.43677048862439,-0.744687155291064
2024-11-23,"LEAM",3.277375,5.19352919440312,-1.91615419440312
2024-11-23,"NPT3",6.45829166666667,8.76729542655008,-2.30900375988341
2024-11-23,"REA1",4.93125,5.78926292046653,-0.858012920466532
2024-11-23,"SOUT",7.70825,7.04895527906843,0.659294720931566
2024-11-23,"WREX",3.18195833333333,4.76981460591568,-1.58785627258235
2024-11-23,"LEAR",3.35595833333333,5.31308579764089,-1.95712746430756
2024-11-23,"PLYM",19.1442916666667,7.40819204116978,11.7360996254969
2024-11-23,"SHDG",3.75104166666667,5.24290019275925,-1.49185852609258
2024-11-23,"SHE",4.110625,5.27430193141826,-1.16367693141826
2024-11-23,"BEL2",6.46525,7.15862171737355,-0.693371717373553
2024-11-23,"GLKP",3.58983333333333,3.7151475220713,-0.125314188737968
2024-11-23,"LECU",2.72308333333333,5.09595597167581,-2.37287263834248
2024-11-23,"SUN2",5.00491666666667,6.00254251445582,-0.99762584778915
2024-11-23,"TRAN",3.258625,5.44174539042652,-2.18312039042652
2024-11-23,"STOK",3.67533333333333,5.30266692289314,-1.62733358955981
2024-11-23,"BEX",5.61316666666667,6.37952463281821,-0.766357966151544
2024-11-23,"SEND",5.10125,5.73774016489008,-0.636490164890079
2024-11-23,"HUL2",5.04029166666667,6.10040898098888,-1.06011731432221
2024-11-23,"PEMB",8.36179166666667,4.53976616280583,3.82202550386084
2024-11-23,"WFEN",3.98966666666667,4.39483083164635,-0.405164164979683
2024-11-23,"OSY",6.15283333333333,4.96701926532269,1.18581406801064
2024-11-23,"ACTH",1.90458333333333,2.21283327282863,-0.3082499394953
2024-11-23,"COPP",2.99233333333333,5.2735739512404,-2.28124061790707
2024-11-24,"EB",9.05958333333333,6.97043490440393,2.0891484289294
2024-11-24,"IMGM",3.15354166666667,4.72965935980681,-1.57611769314014
2024-11-24,"PRES",4.36525,4.71801185568976,-0.352761855689765
2024-11-24,"BIRR",4.06941666666667,5.28338070097889,-1.21396403431222
2024-11-24,"BLC2",6.98516666666667,5.52940756975945,1.45575909690722
2024-11-24,"BOTR",3.08966666666667,4.51786076654061,-1.42819409987394
2024-11-24,"GHSR",5.49820833333333,4.29883973863999,1.19936859469334
2024-11-24,"LEAM",4.8575,4.50633093572374,0.351169064276265
2024-11-24,"NPT3",6.70104166666667,6.52464797453128,0.176393692135393
2024-11-24,"REA1",10.8353333333333,5.50445492454519,5.33087840878811
2024-11-24,"SOUT",12.8920416666667,7.23252766413125,5.65951400253545
2024-11-24,"WREX",4.134375,4.19035914461913,-0.0559841446191278
2024-11-24,"LEAR",4.67083333333333,4.50466505996625,0.166168273367076
2024-11-24,"PLYM",18.1633333333333,14.528504805115,3.63482852821832
2024-11-24,"SHDG",1.872,4.85722776716087,-2.98522776716087
2024-11-24,"SHE",2.013625,5.19033094154705,-3.17670594154705
2024-11-24,"BEL2",5.54545833333333,6.80076150451912,-1.25530317118579
2024-11-24,"GLKP",5.2025,4.09060646170773,1.11189353829227
2024-11-24,"LECU",4.08520833333333,4.03829565053132,0.0469126828020094
2024-11-24,"SUN2",3.82870833333333,5.55095169164213,-1.7222433583088
2024-11-24,"TRAN",4.34066666666667,4.35520396482938,-0.0145372981627139
2024-11-24,"STOK",2.33983333333333,4.91366134142282,-2.57382800808949
2024-11-24,"BEX",10.0550833333333,6.33649704334691,3.71858628998639
2024-11-24,"SEND",9.54895833333333,5.8818980541277,3.66706027920563
2024-11-24,"HUL2",3.33929166666667,5.87164588598871,-2.53235421932204
2024-11-24,"PEMB",8.76279166666667,7.29379629166583,1.46899537500084
2024-11-24,"WFEN",8.99175,4.76968368707288,4.22206631292712
2024-11-24,"OSY",11.5222916666667,6.44547457366322,5.07681709300348
2024-11-24,"ACTH",3.82179166666667,2.54938954502815,1.27240212163852
2024-11-24,"COPP",2.79870833333333,4.44759545750317,-1.64888712416984
2024-11-25,"EB",5.30954166666667,7.78021290178515,-2.47067123511848
2024-11-25,"IMGM",4.09691666666667,4.28987385576968,-0.192957189103013
2024-11-25,"PRES",5.72633333333333,5.22637111987246,0.499962213460869
2024-11-25,"BIRR",5.288875,5.42069314605319,-0.131818146053193
2024-11-25,"BLC2",7.41458333333333,7.1047256922072,0.309857641126135
2024-11-25,"BOTR",4.315125,4.35405581429514,-0.0389308142951386
2024-11-25,"GHSR",4.2285,5.54159264231362,-1.31309264231362
2024-11-25,"LEAM",4.8625,5.47990458948563,-0.617404589485635
2024-11-25,"NPT3",5.98275,6.67020045604389,-0.687450456043892
2024-11-25,"REA1",5.95329166666667,9.04638255365365,-3.09309088698698
2024-11-25,"SOUT",6.68141666666667,9.92987312274111,-3.24845645607444
2024-11-25,"WREX",4.63145833333333,4.81489672168046,-0.183438388347125
2024-11-25,"LEAR",4.60595833333333,5.30414275406836,-0.698184420735032
2024-11-25,"PLYM",8.88270833333333,13.9444362242238,-5.06172789089048
2024-11-25,"SHDG",4.15191666666667,3.54516761498747,0.606749051679205
2024-11-25,"SHE",4.49591666666667,3.80199586328219,0.693920803384477
2024-11-25,"BEL2",4.81920833333333,6.28544746676558,-1.46623913343225
2024-11-25,"GLKP",3.87391666666667,5.22527990589361,-1.35136323922694
2024-11-25,"LECU",4.47129166666667,4.94155784543021,-0.470266178763537
2024-11-25,"SUN2",4.83891666666667,4.75856249862823,0.0803541680384434
2024-11-25,"TRAN",3.93766666666667,5.08026291953522,-1.14259625286855
2024-11-25,"STOK",4.33183333333333,4.07708009495968,0.254753238373646
2024-11-25,"BEX",5.93941666666667,8.8933527864782,-2.95393611981153
2024-11-25,"SEND",4.892875,8.46077083553715,-3.56789583553715
2024-11-25,"HUL2",5.40195833333333,4.68603910799113,0.7159192253422
2024-11-25,"PEMB",5.14341666666667,7.54436148319682,-2.40094481653015
2024-11-25,"WFEN",4.43404166666667,8.10038350899234,-3.66634184232567
2024-11-25,"OSY",5.33116666666667,9.5355708586727,-4.20440419200603
2024-11-25,"ACTH",2.45966666666667,3.79294240399521,-1.33327573732854
2024-11-25,"COPP",4.59904166666667,4.32696178912688,0.272079877539793
2024-11-26,"EB",6.14983333333333,5.9308211655309,0.219012167802425
2024-11-26,"IMGM",5.304625,4.95306711518787,0.351557884812132
2024-11-26,"PRES",10.5945833333333,6.06059515904617,4.53398817428713
2024-11-26,"BIRR",11.2687083333333,6.17808540575718,5.09062292757612
2024-11-26,"BLC2",6.58808333333333,7.3848849427671,-0.796801609433765
2024-11-26,"BOTR",8.75204166666667,5.1714408584912,3.58060080817547
2024-11-26,"GHSR",6.51833333333333,4.66793565950866,1.85039767382467
2024-11-26,"LEAM",5.46391666666667,5.48298527504457,-0.0190686083778981
2024-11-26,"NPT3",6.40041666666667,6.2395140110051,0.160902655661568
2024-11-26,"REA1",7.15520833333333,6.11758949817645,1.03761883515688
2024-11-26,"SOUT",6.9655,6.69822296854982,0.267277031450178
2024-11-26,"WREX",6.56445833333333,5.14085407990696,1.42360425342637
2024-11-26,"LEAR",5.05116666666667,5.26469709162526,-0.21353042495859
2024-11-26,"PLYM",5.99058333333333,8.41869543652539,-2.42811210319206
2024-11-26,"SHDG",6.76983333333333,5.13714285517249,1.63269047816084
2024-11-26,"SHE",7.84,5.4454162711591,2.3945837288409
2024-11-26,"BEL2",11.8642083333333,5.87856530694478,5.98564302638852
2024-11-26,"GLKP",5.504125,4.29048770246991,1.21363729753009
2024-11-26,"LECU",6.16154166666667,5.19758022155615,0.963961445110519
2024-11-26,"SUN2",5.562,5.43912064750428,0.122879352495718
2024-11-26,"TRAN",6.88379166666667,4.81021901295757,2.0735726537091
2024-11-26,"STOK",5.74395833333333,5.32490476209152,0.419053571241809
2024-11-26,"BEX",7.90104166666667,6.52429304421664,1.37674862245003
2024-11-26,"SEND",6.286375,5.76107794283604,0.525297057163961
2024-11-26,"HUL2",6.87208333333333,6.12372963165349,0.748353701679844
2024-11-26,"PEMB",2.90875,5.2827919318315,-2.3740419318315
2024-11-26,"WFEN",5.32820833333333,5.06557634513844,0.262631988194886
2024-11-26,"OSY",4.83491666666667,5.97260953652892,-1.13769286986225
2024-11-26,"ACTH",1.41808333333333,2.90943151549649,-1.49134818216316
2024-11-26,"COPP",6.14495833333333,5.44861867382731,0.69633965950602
2024-11-27,"EB",4.45566666666667,6.34522415155372,-1.88955748488705
2024-11-27,"IMGM",5.18275,5.80208688570313,-0.619336885703131
2024-11-27,"PRES",15.4864583333333,9.04440304152268,6.44205529181062
2024-11-27,"BIRR",9.210875,9.8920946155729,-0.681219615572905
2024-11-27,"BLC2",7.79575,6.84566129691941,0.950088703080592
2024-11-27,"BOTR",10.3450833333333,8.13087997366111,2.21420335967218
2024-11-27,"GHSR",5.9375,6.24351709707731,-0.306017097077309
2024-11-27,"LEAM",9.30625,5.85354040302493,3.45270959697507
2024-11-27,"NPT3",6.48691666666667,6.48994622430453,-0.00302955763786006
2024-11-27,"REA1",5.57795833333333,6.8386331571502,-1.26067482381687
2024-11-27,"SOUT",5.40891666666667,6.84604350963382,-1.43712684296715
2024-11-27,"WREX",9.259125,6.40839924024597,2.85072575975403
2024-11-27,"LEAR",8.81379166666667,5.53539516690115,3.27839649976552
2024-11-27,"PLYM",5.11895833333333,6.69670655370528,-1.57774822037195
2024-11-27,"SHDG",9.66295833333333,6.965130068536,2.69782826479732
2024-11-27,"SHE",10.4314583333333,7.65939252118654,2.77206581214676
2024-11-27,"BEL2",24.42025,9.82553235126493,14.5947176487351
2024-11-27,"GLKP",5.54045833333333,5.43750347613083,0.102954857202496
2024-11-27,"LECU",8.85229166666667,6.31843104283015,2.53386062383652
2024-11-27,"SUN2",5.87858333333333,5.92624814247623,-0.047664809142903
2024-11-27,"TRAN",8.842375,6.78437063644654,2.05800436355346
2024-11-27,"STOK",10.6938333333333,6.20948528823286,4.48434804510044
2024-11-27,"BEX",6.45054166666667,7.65344348162991,-1.20290181496324
2024-11-27,"SEND",5.05016666666667,6.56905790725084,-1.51889124058417
2024-11-27,"HUL2",8.65279166666667,7.1484152074934,1.50437645917327
2024-11-27,"PEMB",3.387375,3.88645856190316,-0.49908356190316
2024-11-27,"WFEN",5.29191666666667,5.66096841659526,-0.369051749928592
2024-11-27,"OSY",4.355375,5.68702015558219,-1.33164515558219
2024-11-27,"ACTH",1.82004166666667,2.23383256805862,-0.413790901391947
2024-11-27,"COPP",9.84670833333333,6.41176701987793,3.4349413134554
2024-11-28,"EB",10.18275,5.50971934609492,4.67303065390508
2024-11-28,"IMGM",7.44895833333333,5.71640867874239,1.73254965459094
2024-11-28,"PRES",8.507375,12.042690965333,-3.53531596533305
2024-11-28,"BIRR",17.06675,8.61399679474194,8.45275320525806
2024-11-28,"BLC2",8.578,7.63356501496989,0.944434985030107
2024-11-28,"BOTR",14.1294166666667,9.19344440175766,4.93597226490904
2024-11-28,"GHSR",6.12433333333333,5.84385909358894,0.28047423974439
2024-11-28,"LEAM",16.1920833333333,8.22094456554655,7.97113876778675
2024-11-28,"NPT3",9.640375,6.54181147518338,3.09856352481662
2024-11-28,"REA1",17.1177916666667,5.89242270624566,11.225368960421
2024-11-28,"SOUT",9.35729166666667,6.0360875439817,3.32120412268497
2024-11-28,"WREX",7.51875,8.17539959826986,-0.656649598269856
2024-11-28,"LEAR",15.4992083333333,7.82316758539792,7.67604074793538
2024-11-28,"PLYM",8.01891666666667,6.17773570701364,1.84118095965303
2024-11-28,"SHDG",9.54016666666667,8.9852843286012,0.554882338065472
2024-11-28,"SHE",9.16479166666667,9.37508756554916,-0.210295898882489
2024-11-28,"BEL2",11.244125,16.8600650220164,-5.61594002201644
2024-11-28,"GLKP",6.27066666666667,5.46306763599364,0.807599030673032
2024-11-28,"LECU",14.1775,8.10274067001133,6.07475932998867
2024-11-28,"SUN2",7.20333333333333,6.1395243155082,1.06380901782513
2024-11-28,"TRAN",11.9262083333333,8.09678625602766,3.82942207730563
2024-11-28,"STOK",12.2150833333333,9.31017611364408,2.90490721968922
2024-11-28,"BEX",18.4553333333333,6.81850677891255,11.6368265544208
2024-11-28,"SEND",11.0839583333333,5.85227888667248,5.23167944666082
2024-11-28,"HUL2",9.16091666666667,8.38957915201826,0.771337514648414
2024-11-28,"PEMB",5.06579166666667,4.18552780079723,0.88026386586944
2024-11-28,"WFEN",11.073125,5.63680315591312,5.43632184408688
2024-11-28,"OSY",10.4304583333333,5.41104633649605,5.01941199683725
2024-11-28,"ACTH",1.95566666666667,2.49455354757431,-0.538886880907636
2024-11-28,"COPP",14.5460416666667,8.71805846939088,5.82798319727582
2024-11-29,"EB",4.48308333333333,8.33412012106571,-3.85103678773238
2024-11-29,"IMGM",5.50725,7.30955466109722,-1.80230466109722
2024-11-29,"PRES",6.18025,7.76512841976525,-1.58487841976525
2024-11-29,"BIRR",7.75154166666667,13.4931950055886,-5.74165333892194
2024-11-29,"BLC2",7.02054166666667,8.14391915527764,-1.12337748861097
2024-11-29,"BOTR",9.082125,11.7176081246527,-2.63548312465265
2024-11-29,"GHSR",5.52391666666667,5.97241479571533,-0.448498129048655
2024-11-29,"LEAM",5.28008333333333,12.4635620277909,-7.18347869445753
2024-11-29,"NPT3",6.36008333333333,8.43261965546476,-2.07253632213143
2024-11-29,"REA1",7.88633333333333,12.8153017055778,-4.92896837224451
2024-11-29,"SOUT",5.348875,8.09059360054686,-2.74171860054686
2024-11-29,"WREX",6.85541666666667,7.03416632955542,-0.178749662888754
2024-11-29,"LEAR",4.83104166666667,11.8880722347208,-7.05703056805415
2024-11-29,"PLYM",11.0249583333333,7.9043886043267,3.1205697290066
2024-11-29,"SHDG",8.34916666666667,8.89954378558382,-0.550377118917146
2024-11-29,"SHE",10.0806666666667,8.53648109640175,1.54418557026495
2024-11-29,"BEL2",8.47183333333333,9.47813015376334,-1.00629682043001
2024-11-29,"GLKP",5.60629166666667,5.97684275250247,-0.370551085835795
2024-11-29,"LECU",6.13416666666667,11.6340313866934,-5.49986472002669
2024-11-29,"SUN2",10.8815416666667,7.03198320539747,3.84955846126923
2024-11-29,"TRAN",7.126625,10.1632140489996,-3.03658904899956
2024-11-29,"STOK",8.04241666666667,10.2631145046452,-2.22069783797857
2024-11-29,"BEX",7.95995833333333,13.7287040701745,-5.7687457368412
2024-11-29,"SEND",5.45208333333333,9.3507954106191,-3.89871207728577
2024-11-29,"HUL2",6.486875,8.7437451979148,-2.2568701979148
2024-11-29,"PEMB",5.70270833333333,5.23428788446842,0.468420448864907
2024-11-29,"WFEN",6.02408333333333,9.48629311502601,-3.46220978169268
2024-11-29,"OSY",5.369625,8.90722626267533,-3.53760126267533
2024-11-29,"ACTH",3.20258333333333,2.58252356813236,0.62005976520097
2024-11-29,"COPP",8.28529166666667,11.6458716077924,-3.36057994112576
2024-11-30,"EB",7.90779166666667,5.52324030433377,2.3845513623329
2024-11-30,"IMGM",8.44545833333333,5.94453239696812,2.50092593636521
2024-11-30,"PRES",5.81270833333333,6.33880604139352,-0.52609770806019
2024-11-30,"BIRR",8.45920833333333,7.70762079091946,0.751587542413868
2024-11-30,"BLC2",5.71825,7.12780498618404,-1.40955498618404
2024-11-30,"BOTR",8.18995833333333,8.35104672488076,-0.161088391547434
2024-11-30,"GHSR",3.408,5.55928195279801,-2.15128195279801
2024-11-30,"LEAM",7.194375,5.74027386397481,1.45410113602519
2024-11-30,"NPT3",9.12341666666667,6.46576242717026,2.6576542394964
2024-11-30,"REA1",8.82075,7.27724346998431,1.54350653001569
2024-11-30,"SOUT",9.809375,6.00484533223308,3.80452966776692
2024-11-30,"WREX",4.43591666666667,6.59919221866137,-2.1632755519947
2024-11-30,"LEAR",6.63529166666667,5.401553526126,1.23373814054067
2024-11-30,"PLYM",16.791625,9.69420416599639,7.09742083400361
2024-11-30,"SHDG",7.71429166666667,8.06791579725368,-0.353624130587006
2024-11-30,"SHE",9.87633333333333,9.14284322792578,0.733490105407554
2024-11-30,"BEL2",7.15904166666667,7.92495146737913,-0.765909800712456
2024-11-30,"GLKP",3.511125,5.50938801739644,-1.99826301739644
2024-11-30,"LECU",7.56483333333333,6.30027793457257,1.26455539876076
2024-11-30,"SUN2",7.95020833333333,9.50992223234454,-1.55971389901121
2024-11-30,"TRAN",5.25845833333333,6.9470894006664,-1.68863106733307
2024-11-30,"STOK",8.41595833333333,7.64928097332727,0.766677360006058
2024-11-30,"BEX",11.1162916666667,7.68735708893895,3.42893457772775
2024-11-30,"SEND",12.3005833333333,6.0853184374662,6.2152648958671
2024-11-30,"HUL2",10.7617083333333,6.87992278483546,3.88178554849784
2024-11-30,"PEMB",7.961,5.63226580609589,2.32873419390411
2024-11-30,"WFEN",10.9219166666667,6.12432549885996,4.79759116780674
2024-11-30,"OSY",10.6446666666667,5.99474211407836,4.64992455258834
2024-11-30,"ACTH",1.31095833333333,3.39130723486672,-2.08034890153339
2024-11-30,"COPP",6.41804166666667,7.74525319959677,-1.3272115329301
2024-12-01,"EB",7.67304166666667,7.21218881577193,0.46085285089474
2024-12-01,"IMGM",6.55470833333333,8.01009483124188,-1.45538649790855
2024-12-01,"PRES",4.07233333333333,6.11353541598633,-2.041202082653
2024-12-01,"BIRR",4.69445833333333,8.14714483297407,-3.45268649964074
2024-12-01,"BLC2",4.30525,6.27816619555239,-1.97291619555239
2024-12-01,"BOTR",8.68133333333333,7.75596840158927,0.925364931744062
2024-12-01,"GHSR",4.565625,4.10336855730687,0.462256442693131
2024-12-01,"LEAM",4.31408333333333,6.91974000259209,-2.60565666925876
2024-12-01,"NPT3",5.51895833333333,8.12265233000526,-2.60369399667193
2024-12-01,"REA1",5.55825,7.83781079634309,-2.27956079634309
2024-12-01,"SOUT",6.63520833333333,8.32583162793926,-1.69062329460593
2024-12-01,"WREX",3.81591666666667,5.01262961367419,-1.19671294700752
2024-12-01,"LEAR",4.17645833333333,6.4985837606226,-2.32212542728927
2024-12-01,"PLYM",9.572625,13.1277127076152,-3.55508770761521
2024-12-01,"SHDG",3.95054166666667,7.62460780473386,-3.67406613806719
2024-12-01,"SHE",7.02941666666667,9.0075627632975,-1.97814609663082
2024-12-01,"BEL2",5.12575,7.18945885639382,-2.06370885639382
2024-12-01,"GLKP",4.05658333333333,4.03522722090401,0.0213561124293156
2024-12-01,"LECU",4.46154166666667,7.2489919758698,-2.78745030920313
2024-12-01,"SUN2",4.60591666666667,7.5351386938942,-2.92922202722753
2024-12-01,"TRAN",3.67625,5.69526055499693,-2.01901055499693
2024-12-01,"STOK",3.80808333333333,7.88327419916472,-4.07519086583139
2024-12-01,"BEX",7.69266666666667,9.50420544882193,-1.81153878215526
2024-12-01,"SEND",8.87779166666667,10.0562196116999,-1.17842794503327
2024-12-01,"HUL2",7.821375,9.85950619154325,-2.03813119154325
2024-12-01,"PEMB",3.7195,7.0433612773956,-3.3238612773956
2024-12-01,"WFEN",7.86566666666667,9.38560915289571,-1.51994248622904
2024-12-01,"OSY",10.819625,9.03050208194045,1.78912291805955
2024-12-01,"ACTH",1.359125,2.16434841357175,-0.805223413571748
2024-12-01,"COPP",3.431625,6.58190540217581,-3.15028040217581
2024-12-02,"EB",2.54329166666667,7.09641817942282,-4.55312651275615
2024-12-02,"IMGM",3.62320833333333,6.68089630971551,-3.05768797638218
2024-12-02,"PRES",4.20304166666667,5.04683903772615,-0.843797371059485
2024-12-02,"BIRR",3.74016666666667,5.80889970250993,-2.06873303584326
2024-12-02,"BLC2",4.03791666666667,5.35629927288719,-1.31838260622052
2024-12-02,"BOTR",3.50433333333333,8.08371726515066,-4.57938393181733
2024-12-02,"GHSR",2.96870833333333,4.89990358678445,-1.93119525345112
2024-12-02,"LEAM",2.58058333333333,5.1450854139889,-2.56450208065557
2024-12-02,"NPT3",2.23083333333333,5.96142532722259,-3.73059199388926
2024-12-02,"REA1",2.98345833333333,5.88059944996421,-2.89714111663088
2024-12-02,"SOUT",2.793875,6.67417882363017,-3.88030382363017
2024-12-02,"WREX",2.19429166666667,4.60607089695915,-2.41177923029248
2024-12-02,"LEAR",2.436125,5.00355008554723,-2.56742508554722
2024-12-02,"PLYM",5.8195,8.82947603213322,-3.00997603213322
2024-12-02,"SHDG",3.85908333333333,4.99653069215823,-1.1374473588249
2024-12-02,"SHE",3.17804166666667,7.12273955241042,-3.94469788574375
2024-12-02,"BEL2",4.54991666666667,6.05030552781693,-1.50038886115026
2024-12-02,"GLKP",2.623875,4.41901210251411,-1.79513710251411
2024-12-02,"LECU",3.126,5.19111473094386,-2.06511473094386
2024-12-02,"SUN2",3.81195833333333,5.28215297711802,-1.47019464378469
2024-12-02,"TRAN",3.816875,4.63504785188767,-0.818172851887666
2024-12-02,"STOK",3.40904166666667,4.99681833166466,-1.58777666499799
2024-12-02,"BEX",3.07791666666667,7.53349867954185,-4.45558201287518
2024-12-02,"SEND",2.84308333333333,8.07161459624779,-5.22853126291446
2024-12-02,"HUL2",4.34945833333333,7.81007695605108,-3.46061862271775
2024-12-02,"PEMB",3.6655,4.39305638991751,-0.727556389917509
2024-12-02,"WFEN",2.39775,7.35056682105235,-4.95281682105235
2024-12-02,"OSY",2.74183333333333,9.13118972346817,-6.38935639013484
2024-12-02,"ACTH",1.45254166666667,2.19559060827685,-0.743048941610184
2024-12-02,"COPP",2.56095833333333,4.72128617531924,-2.16032784198591
2024-12-03,"EB",10.7675833333333,4.56660168608157,6.20098164725173
2024-12-03,"IMGM",6.90458333333333,4.62004983828643,2.2845334950469
2024-12-03,"PRES",6.40041666666667,5.12695171791008,1.27346494875659
2024-12-03,"BIRR",14.3180416666667,5.21619956501718,9.10184210164952
2024-12-03,"BLC2",5.97,5.18188613960635,0.788113860393646
2024-12-03,"BOTR",9.9755,4.63063994811715,5.34486005188285
2024-12-03,"GHSR",3.74404166666667,3.80110210603155,-0.0570604393648808
2024-12-03,"LEAM",9.31016666666667,4.07701173070672,5.23315493595995
2024-12-03,"NPT3",8.1545,3.98987124576566,4.16462875423434
2024-12-03,"REA1",7.39291666666667,4.33595225776137,3.0569644089053
2024-12-03,"SOUT",8.60070833333333,4.67537106129277,3.92533727204056
2024-12-03,"WREX",5.962,3.54270673729296,2.41929326270704
2024-12-03,"LEAR",9.495875,3.94538282226945,5.55049217773055
2024-12-03,"PLYM",11.97825,6.59484249249223,5.38340750750777
2024-12-03,"SHDG",8.06695833333333,4.93266897111203,3.1342893622213
2024-12-03,"SHE",9.04975,4.57290692863726,4.47684307136274
2024-12-03,"BEL2",11.06825,5.72769442920974,5.34055557079026
2024-12-03,"GLKP",3.37566666666667,3.41095747306157,-0.0352908063948991
2024-12-03,"LECU",9.08020833333333,4.30548066856908,4.77472766476425
2024-12-03,"SUN2",6.75229166666667,4.74727834206612,2.00501332460055
2024-12-03,"TRAN",7.425375,4.72927843343228,2.69609656656772
2024-12-03,"STOK",11.1528333333333,4.74685144668471,6.40598188664859
2024-12-03,"BEX",10.7469583333333,4.87715662586039,5.86980170747291
2024-12-03,"SEND",8.70970833333333,4.5725665701119,4.13714176322143
2024-12-03,"HUL2",7.75941666666667,5.39013108148156,2.36928558518511
2024-12-03,"PEMB",3.148625,4.3593144439258,-1.2106894439258
2024-12-03,"WFEN",6.41316666666667,3.70968604112323,2.70348062554344
2024-12-03,"OSY",7.034125,4.48246121666714,2.55166378333286
2024-12-03,"ACTH",2.32316666666667,2.25618316928796,0.0669834973787058
2024-12-03,"COPP",9.66795833333333,4.17883703944856,5.48912129388477
2024-12-04,"EB",7.09808333333333,8.62253983206962,-1.52445649873629
2024-12-04,"IMGM",11.6440416666667,6.9268586700059,4.7171829966608
2024-12-04,"PRES",6.958625,6.47374878990861,0.48487621009139
2024-12-04,"BIRR",9.89491666666667,11.7860022635784,-1.89108559691176
2024-12-04,"BLC2",7.40770833333333,6.442412478483,0.965295854850329
2024-12-04,"BOTR",9.813375,8.94693101078087,0.866443989219135
2024-12-04,"GHSR",4.34458333333333,4.33459106793339,0.00999226539993625
2024-12-04,"LEAM",8.37658333333333,8.22335776923438,0.153225564098948
2024-12-04,"NPT3",8.84925,7.54169156702991,1.30755843297008
2024-12-04,"REA1",8.01508333333333,6.98123712561881,1.03384620771452
2024-12-04,"SOUT",10.6781666666667,7.69691137922046,2.98125528744624
2024-12-04,"WREX",5.24870833333333,6.01334329367454,-0.764634960341213
2024-12-04,"LEAR",7.92858333333333,8.23789173067318,-0.309308397339853
2024-12-04,"PLYM",6.08891666666667,10.2617998446358,-4.17288317796917
2024-12-04,"SHDG",8.71170833333333,7.87086092862227,0.840847404711065
2024-12-04,"SHE",9.56670833333333,8.46031687070057,1.10639146263276
2024-12-04,"BEL2",5.98270833333333,9.37959604036095,-3.39688770702762
2024-12-04,"GLKP",4.40154166666667,3.93991863866321,0.461623028003462
2024-12-04,"LECU",9.421375,8.25387842064903,1.16749657935097
2024-12-04,"SUN2",8.18495833333333,6.72812500941549,1.45683332391785
2024-12-04,"TRAN",5.21325,7.14727703612563,-1.93402703612563
2024-12-04,"STOK",8.84345833333333,9.5977019782091,-0.754243644875771
2024-12-04,"BEX",9.44975,9.29160982280538,0.158140177194618
2024-12-04,"SEND",8.83070833333333,7.9741564220925,0.85655191124083
2024-12-04,"HUL2",13.28225,7.76689164155759,5.51535835844241
2024-12-04,"PEMB",2.239625,4.03634465995428,-1.79671965995428
2024-12-04,"WFEN",9.52445833333333,6.38340150833172,3.14105682500161
2024-12-04,"OSY",7.99641666666667,6.9526534986342,1.04376316803247
2024-12-04,"ACTH",2.54320833333333,2.8208939464187,-0.277685613085371
2024-12-04,"COPP",5.46683333333333,8.60669233267164,-3.13985899933831
2024-12-05,"EB",3.66945833333333,6.81286847921312,-3.14341014587979
2024-12-05,"IMGM",2.96983333333333,10.2587010656174,-7.28886773228411
2024-12-05,"PRES",5.49529166666667,6.81588126565741,-1.32058959899074
2024-12-05,"BIRR",2.42441666666667,9.0388476071778,-6.61443094051113
2024-12-05,"BLC2",6.615625,7.38039956761258,-0.764774567612585
2024-12-05,"BOTR",2.00575,8.83879306215733,-6.83304306215733
2024-12-05,"GHSR",5.79025,4.74780992046408,1.04244007953592
2024-12-05,"LEAM",1.58716666666667,7.64814243062222,-6.06097576395555
2024-12-05,"NPT3",2.84191666666667,7.95826246931988,-5.11634580265321
2024-12-05,"REA1",1.91816666666667,7.35448207867282,-5.43631541200615
2024-12-05,"SOUT",3.660625,8.77790057809219,-5.11727557809219
2024-12-05,"WREX",2.789875,5.54560951199142,-2.75573451199142
2024-12-05,"LEAR",1.45245833333333,7.28493823497806,-5.83247990164473
2024-12-05,"PLYM",7.294625,6.75525482074445,0.539370179255551
2024-12-05,"SHDG",2.72595833333333,8.32106424136438,-5.59510590803105
2024-12-05,"SHE",3.56233333333333,8.80257313592136,-5.24023980258803
2024-12-05,"BEL2",7.1335,6.53041713889177,0.603082861108234
2024-12-05,"GLKP",5.49529166666667,4.66172503772533,0.833566628941338
2024-12-05,"LECU",1.93504166666667,8.48011533147562,-6.54507366480895
2024-12-05,"SUN2",4.38779166666667,7.69328530601083,-3.30549363934416
2024-12-05,"TRAN",4.69045833333333,5.6649671680411,-0.974508834707773
2024-12-05,"STOK",2.95991666666667,8.15106789655371,-5.19115122988704
2024-12-05,"BEX",2.12654166666667,8.54491085791687,-6.4183691912502
2024-12-05,"SEND",2.51866666666667,8.0443147110729,-5.52564804440623
2024-12-05,"HUL2",4.16083333333333,11.616338222246,-7.45550488891266
2024-12-05,"PEMB",4.16779166666667,3.46835523576057,0.699436430906096
2024-12-05,"WFEN",1.597875,8.45509402313844,-6.85721902313844
2024-12-05,"OSY",3.731375,7.50644751651538,-3.77507251651538
2024-12-05,"ACTH",2.961875,2.96361888607064,-0.0017438860706438
2024-12-05,"COPP",2.71229166666667,5.9892766061004,-3.27698493943373
2024-12-06,"EB",4.84766666666667,5.12198840231227,-0.274321735645604
2024-12-06,"IMGM",5.74583333333333,4.16072677389278,1.58510655944055
2024-12-06,"PRES",6.878,5.918986994679,0.959013005321003
2024-12-06,"BIRR",7.35254166666667,4.39900160222863,2.95354006443804
2024-12-06,"BLC2",7.16595833333333,6.8636299816293,0.302328351704033
2024-12-06,"BOTR",6.71491666666667,3.63107956256223,3.08383710410444
2024-12-06,"GHSR",4.39179166666667,5.7425397690317,-1.35074810236503
2024-12-06,"LEAM",6.02983333333333,3.46493085490599,2.56490247842734
2024-12-06,"NPT3",6.73154166666667,4.35627575895894,2.37526590770773
2024-12-06,"REA1",5.31829166666667,3.69687151072601,1.62142015594066
2024-12-06,"SOUT",6.457375,5.12637764616068,1.33099735383932
2024-12-06,"WREX",6.274625,3.93325447228791,2.34137052771209
2024-12-06,"LEAR",5.51395833333333,3.34728828215592,2.16667005117741
2024-12-06,"PLYM",9.36620833333333,7.47314092384288,1.89306740949045
2024-12-06,"SHDG",6.75416666666667,4.14145279623663,2.61271387043004
2024-12-06,"SHE",6.305125,4.8273302005105,1.4777947994895
2024-12-06,"BEL2",6.19695833333333,7.1751491166365,-0.978190783303167
2024-12-06,"GLKP",4.15391666666667,5.43128833634768,-1.27737166968101
2024-12-06,"LECU",7.02054166666667,3.51572375330816,3.50481791335851
2024-12-06,"SUN2",5.80891666666667,5.1352063114399,0.673710355226772
2024-12-06,"TRAN",8.13083333333333,5.3146527660736,2.81618056725973
2024-12-06,"STOK",7.45583333333333,4.46551145992488,2.99032187340845
2024-12-06,"BEX",6.03,4.32952621872649,1.70047378127351
2024-12-06,"SEND",6.125125,4.38446311349985,1.74066188650015
2024-12-06,"HUL2",6.797375,5.25865837219302,1.53871662780698
2024-12-06,"PEMB",6.35904166666667,4.6731718196434,1.68586984702327
2024-12-06,"WFEN",6.32866666666667,3.17707925660521,3.15158741006146
2024-12-06,"OSY",6.20879166666667,5.05193747259527,1.1568541940714
2024-12-06,"ACTH",3.189875,3.23517733970116,-0.0453023397011632
2024-12-06,"COPP",6.68733333333333,4.2731218433097,2.41421149002363
2024-12-07,"EB",3.94558333333333,5.70304028091431,-1.75745694758098
2024-12-07,"IMGM",2.70833333333333,6.11225664074836,-3.40392330741503
2024-12-07,"PRES",1.90166666666667,6.76646525158157,-4.8647985849149
2024-12-07,"BIRR",2.43316666666667,7.45980624624712,-5.02663957958045
2024-12-07,"BLC2",4.311125,7.22267746672489,-2.91155246672489
2024-12-07,"BOTR",1.56054166666667,6.77211039099511,-5.21156872432844
2024-12-07,"GHSR",0.951333333333333,4.78029288444919,-3.82895955111586
2024-12-07,"LEAM",2.749625,6.20222266353686,-3.45259766353686
2024-12-07,"NPT3",3.671375,6.6884882034636,-3.0171132034636
2024-12-07,"REA1",2.332,5.73664568056708,-3.40464568056708
2024-12-07,"SOUT",3.905375,6.58164463921443,-2.67626963921443
2024-12-07,"WREX",4.43004166666667,6.21834396917945,-1.78830230251278
2024-12-07,"LEAR",2.17675,5.81678435942236,-3.64003435942236
2024-12-07,"PLYM",11.2126666666667,8.70657428852643,2.50609237814027
2024-12-07,"SHDG",1.30404166666667,6.95419065755042,-5.65014899088375
2024-12-07,"SHE",1.2235,6.64321664934497,-5.41971664934497
2024-12-07,"BEL2",5.62004166666667,6.65045087760654,-1.03040921093987
2024-12-07,"GLKP",0.638708333333333,4.48749590691723,-3.8487875735839
2024-12-07,"LECU",1.71191666666667,6.88805734395386,-5.17614067728719
2024-12-07,"SUN2",3.753,6.09259120662305,-2.33959120662305
2024-12-07,"TRAN",6.97129166666667,7.61999347349805,-0.648701806831382
2024-12-07,"STOK",2.84395833333333,7.28183461154928,-4.43787627821595
2024-12-07,"BEX",2.04004166666667,6.5764346158502,-4.53639294918353
2024-12-07,"SEND",2.039125,6.47556184032447,-4.43643684032447
2024-12-07,"HUL2",3.01204166666667,7.09634306970804,-4.08430140304137
2024-12-07,"PEMB",7.50960869565217,6.04237624842717,1.467232447225
2024-12-07,"WFEN",1.35908333333333,6.3271361252509,-4.96805279191757
2024-12-07,"OSY",2.59925,6.47767831326117,-3.87842831326117
2024-12-07,"ACTH",0.452958333333333,3.38306426827065,-2.93010593493731
2024-12-07,"COPP",3.00520833333333,6.74968147248267,-3.74447313914934
2024-12-08,"EB",1.52020833333333,5.25816376743218,-3.73795543409885
2024-12-08,"IMGM",6.934875,3.97689209803445,2.95798290196555
2024-12-08,"PRES",2.46366666666667,3.71641181845249,-1.25274515178582
2024-12-08,"BIRR",2.38795833333333,4.40443613171706,-2.01647779838373
2024-12-08,"BLC2",2.25625,5.36013222983741,-3.10388222983741
2024-12-08,"BOTR",2.550125,3.33412402901237,-0.783999029012374
2024-12-08,"GHSR",1.3975,2.41299295575203,-1.01549295575203
2024-12-08,"LEAM",2.51479166666667,4.18116457497832,-1.66637290831165
2024-12-08,"NPT3",2.200375,4.85361754568596,-2.65324254568596
2024-12-08,"REA1",2.08916666666667,3.94513489632288,-1.85596822965621
2024-12-08,"SOUT",1.71783333333333,5.25373139481533,-3.535898061482
2024-12-08,"WREX",3.74120833333333,5.00877714196339,-1.26756880863006
2024-12-08,"LEAR",2.20804166666667,3.7876761757002,-1.57963450903353
2024-12-08,"PLYM",5.14358333333333,9.80596685371314,-4.66238352037981
2024-12-08,"SHDG",3.694,3.14858487258164,0.54541512741836
2024-12-08,"SHE",3.79725,3.27888749241237,0.518362507587633
2024-12-08,"BEL2",3.804125,6.32723284060834,-2.52310784060834
2024-12-08,"GLKP",1.09075,2.01419275688774,-0.923442756887741
2024-12-08,"LECU",3.04245833333333,3.36776348737308,-0.325305154039751
2024-12-08,"SUN2",9.4635,4.70755923376917,4.75594076623083
2024-12-08,"TRAN",3.83258333333333,6.84300299829653,-3.0104196649632
2024-12-08,"STOK",2.60708333333333,4.39287307202687,-1.78578973869354
2024-12-08,"BEX",3.06604166666667,4.27973509512424,-1.21369342845757
2024-12-08,"SEND",3.508375,4.1064149909532,-0.598039990953205
2024-12-08,"HUL2",5.61725,4.45794397683316,1.15930602316684
2024-12-08,"PEMB",4.624625,6.76130903642468,-2.13668403642468
2024-12-08,"WFEN",4.59420833333333,3.01807683528559,1.57613149804774
2024-12-08,"OSY",3.42275,4.40040522492913,-0.977655224929134
2024-12-08,"ACTH",1.46233333333333,1.60782655079711,-0.145493217463778
2024-12-08,"COPP",2.60720833333333,4.45561693448365,-1.84840860115032
2024-12-09,"EB",3.7805,4.06205212894346,-0.281552128943459
2024-12-09,"IMGM",5.947375,6.94815373204366,-1.00077873204366
2024-12-09,"PRES",3.79620833333333,4.0608682514524,-0.264659918119069
2024-12-09,"BIRR",5.59658333333333,4.37635772936017,1.22022560397316
2024-12-09,"BLC2",3.01895833333333,4.01949437229202,-1.00053603895869
2024-12-09,"BOTR",5.10520833333333,3.9941796136459,1.11102871968744
2024-12-09,"GHSR",4.01241666666667,2.71998993576305,1.29242673090363
2024-12-09,"LEAM",4.94595833333333,4.03647504322709,0.909483290106239
2024-12-09,"NPT3",3.93870833333333,3.97160848160745,-0.0329001482741207
2024-12-09,"REA1",4.20495833333333,3.79945638129483,0.405501952038495
2024-12-09,"SOUT",3.72533333333333,4.11546119425047,-0.390127860917136
2024-12-09,"WREX",4.81520833333333,4.55708166449476,0.258126668838574
2024-12-09,"LEAR",4.51354166666667,3.80670231089274,0.706839355773934
2024-12-09,"PLYM",3.70779166666667,6.19239758236116,-2.48460591569449
2024-12-09,"SHDG",5.52191666666667,4.81739783726918,0.704518829397492
2024-12-09,"SHE",4.663875,4.98285859765041,-0.318983597650413
2024-12-09,"BEL2",5.623125,5.30986403456645,0.313260965433548
2024-12-09,"GLKP",3.918125,2.33224960362122,1.58587539637878
2024-12-09,"LECU",5.11104166666667,4.25008191353643,0.860959753130241
2024-12-09,"SUN2",5.832375,8.55461452021011,-2.72223952021011
2024-12-09,"TRAN",4.44191666666667,4.73980433839297,-0.297887671726298
2024-12-09,"STOK",4.19425,4.24449030695315,-0.0502403069531496
2024-12-09,"BEX",5.550375,4.8703211392387,0.680053860761301
2024-12-09,"SEND",5.28108333333333,4.95831636355202,0.322766969781314
2024-12-09,"HUL2",7.09220833333333,6.27378916089887,0.81841917243446
2024-12-09,"PEMB",2.667125,4.95862451706088,-2.29149951706088
2024-12-09,"WFEN",5.09441666666667,5.17222532569203,-0.0778086590253588
2024-12-09,"OSY",5.24770833333333,4.8743253361828,0.373382997150525
2024-12-09,"ACTH",3.63804166666667,2.26253430748493,1.37550735918174
2024-12-09,"COPP",4.173625,4.20765205384445,-0.0340270538444472
2024-12-10,"EB",3.87866666666667,5.17675033803652,-1.29808367136985
2024-12-10,"IMGM",4.50570833333333,6.25394056795148,-1.74823223461815
2024-12-10,"PRES",3.93766666666667,4.87759876626334,-0.939932099596673
2024-12-10,"BIRR",5.54833333333333,6.36919969276691,-0.820866359433582
2024-12-10,"BLC2",4.02420833333333,4.51709917352422,-0.492890840190887
2024-12-10,"BOTR",4.68754166666667,5.6984292372626,-1.01088757059594
2024-12-10,"GHSR",12.0469583333333,4.51925370785223,7.52770462548107
2024-12-10,"LEAM",4.56475,5.53440705149909,-0.969657051499095
2024-12-10,"NPT3",4.20304166666667,5.01391015148495,-0.81086848481828
2024-12-10,"REA1",3.55929166666667,5.0687441840761,-1.50945251740943
2024-12-10,"SOUT",3.51029166666667,5.16004812141786,-1.64975645475119
2024-12-10,"WREX",5.33616666666667,5.26134628022372,0.0748203864429486
2024-12-10,"LEAR",4.13520833333333,5.20850539008461,-1.07329705675128
2024-12-10,"PLYM",4.436875,5.33751845782617,-0.900643457826171
2024-12-10,"SHDG",7.43320833333333,6.09375943284864,1.33944890048469
2024-12-10,"SHE",5.16020833333333,5.55661438553848,-0.396406052205154
2024-12-10,"BEL2",7.99441666666667,6.32896028064429,1.66545638602238
2024-12-10,"GLKP",13.110375,4.3215927180828,8.7887822819172
2024-12-10,"LECU",4.677625,5.62181587480865,-0.94419087480865
2024-12-10,"SUN2",3.78058333333333,6.10839463981823,-2.3278113064849
2024-12-10,"TRAN",4.595125,5.14810893824734,-0.55298393824734
2024-12-10,"STOK",4.60295833333333,5.23872008482267,-0.63576175148934
2024-12-10,"BEX",4.01345833333333,6.30035290882447,-2.28689457549114
2024-12-10,"SEND",4.36029166666667,5.98616911998149,-1.62587745331482
2024-12-10,"HUL2",6.01520833333333,7.30184359785596,-1.28663526452263
2024-12-10,"PEMB",3.42970833333333,3.73547897486157,-0.305770641528242
2024-12-10,"WFEN",4.27275,5.50529530788398,-1.23254530788398
2024-12-10,"OSY",3.87579166666667,5.92457968514048,-2.04878801847381
2024-12-10,"ACTH",4.87720833333333,3.67375721485204,1.20345111848129
2024-12-10,"COPP",4.75933333333333,5.18357246033001,-0.424239126996677
2024-12-11,"EB",9.84466666666667,5.22516276601638,4.6195039006503
2024-12-11,"IMGM",4.40641666666667,5.24044793176628,-0.834031265099605
2024-12-11,"PRES",5.97095833333333,4.96430024832405,1.00665808500928
2024-12-11,"BIRR",5.05120833333333,6.33923214444501,-1.28802381111168
2024-12-11,"BLC2",6.78754166666667,5.17294257338917,1.6145990932775
2024-12-11,"BOTR",5.06883333333333,5.41984409282613,-0.351010759492797
2024-12-11,"GHSR",10.01675,10.047636287096,-0.0308862870960489
2024-12-11,"LEAM",3.921,5.29953045001009,-1.37853045001009
2024-12-11,"NPT3",5.39408695652174,5.17240396245578,0.221682994065959
2024-12-11,"REA1",4.45266666666667,4.68140131021292,-0.228734643546248
2024-12-11,"SOUT",5.01483333333333,5.04815287170614,-0.0333195383728064
2024-12-11,"WREX",9.71108333333333,5.60295942774309,4.10812390559023
2024-12-11,"LEAR",3.755,4.97846902850248,-1.22346902850248
2024-12-11,"PLYM",6.77779166666667,5.77161912589875,1.00617254076792
2024-12-11,"SHDG",6.40720833333333,7.42833847891259,-1.02113014557926
2024-12-11,"SHE",6.1695,5.88521570989651,0.284284290103488
2024-12-11,"BEL2",8.20466666666667,7.65747838721695,0.547188279449716
2024-12-11,"GLKP",10.07975,10.7892665299788,-0.709516529978792
2024-12-11,"LECU",3.98775,5.33440547588117,-1.34665547588117
2024-12-11,"SUN2",6.89866666666667,4.72614160104308,2.17252506562359
2024-12-11,"TRAN",6.93204166666667,5.25077141182943,1.68127025483724
2024-12-11,"STOK",7.46666666666667,5.49474234385664,1.97192432281003
2024-12-11,"BEX",4.84670833333333,5.41567305083204,-0.568964717498705
2024-12-11,"SEND",4.75920833333333,5.45227517088442,-0.693066837551092
2024-12-11,"HUL2",5.82941666666667,6.55116840684867,-0.721751740182005
2024-12-11,"PEMB",6.20183333333333,4.21197982018579,1.98985351314754
2024-12-11,"WFEN",4.08408333333333,4.95817826924798,-0.874094935914647
2024-12-11,"OSY",3.77458333333333,5.13504853845265,-1.36046520511932
2024-12-11,"ACTH",3.013,4.4775140232688,-1.4645140232688
2024-12-11,"COPP",15.81375,5.54848476426062,10.2652652357394
2024-12-12,"EB",14.631625,8.16738903421149,6.46423596578851
2024-12-12,"IMGM",2.31129166666667,5.17064582332613,-2.85935415665946
2024-12-12,"PRES",8.59079166666667,6.21052870873052,2.38026295793615
2024-12-12,"BIRR",7.562,6.03047323336672,1.53152676663328
2024-12-12,"BLC2",9.83295833333333,6.9757915445839,2.85716678874943
2024-12-12,"BOTR",7.02933333333333,5.67416698356218,1.35516634977115
2024-12-12,"GHSR",11.373,8.65069681650992,2.72230318349007
2024-12-12,"LEAM",5.913875,4.90289218429742,1.01098281570258
2024-12-12,"NPT3",6.06329166666667,5.8865526649576,0.176739001709064
2024-12-12,"REA1",5.42545833333333,5.21734726778264,0.208111065550686
2024-12-12,"SOUT",6.170375,5.8310293630529,0.339345636947098
2024-12-12,"WREX",14.0989583333333,8.47176669505803,5.62719163827527
2024-12-12,"LEAR",5.39891666666667,4.74729261887287,0.651624047793804
2024-12-12,"PLYM",12.286875,7.16541520165907,5.12145979834093
2024-12-12,"SHDG",10.2849583333333,6.71192343606899,3.57303489726431
2024-12-12,"SHE",9.67570833333333,6.55342506852014,3.12228326481319
2024-12-12,"BEL2",17.8666666666667,7.77527112264184,10.0913955440249
2024-12-12,"GLKP",12.2887916666667,8.65691656711037,3.63187509955633
2024-12-12,"LECU",5.21529166666667,4.87693056960908,0.338361097057589
2024-12-12,"SUN2",12.4853333333333,6.82673506414848,5.65859826918481
2024-12-12,"TRAN",16.4534166666667,6.81670219598096,9.63671447068574
2024-12-12,"STOK",8.02683333333333,7.28862080660982,0.738212526723506
2024-12-12,"BEX",7.637625,5.89530835420276,1.74231664579723
2024-12-12,"SEND",7.82825,5.68357525996788,2.14467474003212
2024-12-12,"HUL2",3.98091666666667,6.42167054718056,-2.44075388051389
2024-12-12,"PEMB",7.63366666666667,5.94414448744978,1.68952217921689
2024-12-12,"WFEN",4.41633333333333,4.83255220682689,-0.41621887349356
2024-12-12,"OSY",3.59179166666667,5.07680365127216,-1.48501198460549
2024-12-12,"ACTH",5.93945833333333,3.26833838892535,2.67111994440798
2024-12-12,"COPP",11.0357916666667,12.4356885564364,-1.39989688976972
2024-12-13,"EB",20.7390416666667,10.5281524524295,10.2108892142372
2024-12-13,"IMGM",7.12954166666667,3.6977715393579,3.43177012730877
2024-12-13,"PRES",7.22879166666667,7.8162554792897,-0.587463812623035
2024-12-13,"BIRR",9.04679166666667,7.58989853071536,1.45689313595131
2024-12-13,"BLC2",7.1945,8.96267681757278,-1.76817681757278
2024-12-13,"BOTR",10.8825,6.98182742011698,3.90067257988302
2024-12-13,"GHSR",9.891875,9.58390112164238,0.307973878357616
2024-12-13,"LEAM",8.63508333333333,6.13077643094927,2.50430690238406
2024-12-13,"NPT3",7.46758333333333,6.28780665548912,1.17977667784421
2024-12-13,"REA1",12.9325,5.80093619886703,7.13156380113297
2024-12-13,"SOUT",12.562,6.43230643343757,6.12969356656243
2024-12-13,"WREX",10.6771666666667,11.3490712581323,-0.671904591465553
2024-12-13,"LEAR",8.804125,5.74683607810868,3.05728892189132
2024-12-13,"PLYM",10.6780833333333,10.4455570539405,0.232526279392763
2024-12-13,"SHDG",8.68120833333333,9.41960222007166,-0.738393886738331
2024-12-13,"SHE",9.95875,8.87473742945062,1.08401257054938
2024-12-13,"BEL2",17.2564166666667,13.1884145693731,4.06800209729362
2024-12-13,"GLKP",8.67333333333333,10.2111998967508,-1.53786656341747
2024-12-13,"LECU",6.82979166666667,5.69094688981697,1.1388447768497
2024-12-13,"SUN2",6.28545833333333,10.5903661881452,-4.30490785481187
2024-12-13,"TRAN",12.3182916666667,13.1968245309455,-0.878532864278784
2024-12-13,"STOK",9.83304166666667,7.63951929274018,2.19352237392649
2024-12-13,"BEX",24.31225,7.5018155994462,16.8104344005538
2024-12-13,"SEND",26.7572083333333,7.46306874875214,19.2941395845812
2024-12-13,"HUL2",9.52929166666667,5.13325542129665,4.39603624537001
2024-12-13,"PEMB",4.833,6.83882676527305,-2.00582676527304
2024-12-13,"WFEN",10.742,5.05378502965059,5.68821497034941
2024-12-13,"OSY",19.93225,4.97160796577986,14.9606420342201
2024-12-13,"ACTH",2.91270833333333,5.16651792622027,-2.25380959288694
2024-12-13,"COPP",8.275375,9.45888989356191,-1.18351489356191
2024-12-14,"EB",5.95716666666667,13.5401205629692,-7.58295389630248
2024-12-14,"IMGM",5.98179166666667,7.08500452962335,-1.10321286295668
2024-12-14,"PRES",4.21979166666667,6.98146960429704,-2.76167793763037
2024-12-14,"BIRR",5.31545833333333,8.51208642747798,-3.19662809414465
2024-12-14,"BLC2",4.35233333333333,7.24129856963907,-2.88896523630574
2024-12-14,"BOTR",5.53470833333333,9.55190321988834,-4.01719488655501
2024-12-14,"GHSR",3.59683333333333,8.56477321274704,-4.96793987941371
2024-12-14,"LEAM",6.08691666666667,7.80741387401907,-1.7204972073524
2024-12-14,"NPT3",3.873875,7.12981751790238,-3.25594251790238
2024-12-14,"REA1",7.32508333333333,10.3044970043043,-2.97941367097094
2024-12-14,"SOUT",6.139,9.75813852228254,-3.61913852228254
2024-12-14,"WREX",2.61595833333333,9.10526605028353,-6.4893077169502
2024-12-14,"LEAR",5.622125,7.81729000435309,-2.19516500435309
2024-12-14,"PLYM",6.688375,9.48767267315696,-2.79929767315696
2024-12-14,"SHDG",3.700875,8.29976730295626,-4.59889230295626
2024-12-14,"SHE",3.47983333333333,9.06212735527031,-5.58229402193698
2024-12-14,"BEL2",6.49275,12.8465215049591,-6.35377150495912
2024-12-14,"GLKP",2.809625,7.66736077352185,-4.85773577352185
2024-12-14,"LECU",7.39395833333333,6.7615658224878,0.632392510845531
2024-12-14,"SUN2",2.70345833333333,6.41362826781898,-3.71016993448565
2024-12-14,"TRAN",3.52883333333333,10.4259428704322,-6.89710953709883
2024-12-14,"STOK",4.796625,8.77096071458377,-3.97433571458377
2024-12-14,"BEX",10.4129166666667,17.1000620086489,-6.6871453419822
2024-12-14,"SEND",10.3715416666667,18.438468160719,-8.06692649405231
2024-12-14,"HUL2",6.57633333333333,9.00050469047497,-2.42417135714164
2024-12-14,"PEMB",2.99433333333333,5.0888278132835,-2.09449447995017
2024-12-14,"WFEN",7.6455,9.26580938753919,-1.62030938753919
2024-12-14,"OSY",9.778125,14.3754596127371,-4.59733461273713
2024-12-14,"ACTH",1.39745833333333,3.20328651811637,-1.80582818478304
2024-12-14,"COPP",4.5225,7.73907484515874,-3.21657484515874
2024-12-15,"EB",3.20179166666667,6.25020756964419,-3.04841590297752
2024-12-15,"IMGM",2.40470833333333,6.27813550776331,-3.87342717442998
2024-12-15,"PRES",5.107125,5.1372179906018,-0.030092990601803
2024-12-15,"BIRR",1.33654166666667,6.19459602391726,-4.85805435725059
2024-12-15,"BLC2",6.52525,5.38701729667262,1.13823270332738
2024-12-15,"BOTR",1.337375,5.9849072569006,-4.6475322569006
2024-12-15,"GHSR",1.82975,4.23330041324728,-2.40355041324728
2024-12-15,"LEAM",1.696125,6.23739382366802,-4.54126882366802
2024-12-15,"NPT3",1.97904166666667,4.97503619658732,-2.99599452992065
2024-12-15,"REA1",1.91333333333333,6.94054312725476,-5.02720979392143
2024-12-15,"SOUT",2.24554166666667,6.4159806975273,-4.17043903086063
2024-12-15,"WREX",1.088,3.81921038065023,-2.73121038065023
2024-12-15,"LEAR",1.70308333333333,5.88255246456192,-4.17946913122859
2024-12-15,"PLYM",2.95891666666667,7.1121759723938,-4.15325930572712
2024-12-15,"SHDG",2.30645833333333,4.82219837666445,-2.51574004333112
2024-12-15,"SHE",1.536875,4.77271043705945,-3.23583543705945
2024-12-15,"BEL2",2.083375,6.81616840213711,-4.73279340213711
2024-12-15,"GLKP",1.47991666666667,3.54165130869046,-2.06173464202379
2024-12-15,"LECU",1.56845833333333,7.13568010834418,-5.56722177501084
2024-12-15,"SUN2",0.7145,4.00050296600102,-3.28600296600102
2024-12-15,"TRAN",2.93525,4.53626628225659,-1.60101628225659
2024-12-15,"STOK",1.74333333333333,5.6160586309389,-3.87272529760557
2024-12-15,"BEX",2.60629166666667,9.09932878334532,-6.49303711667865
2024-12-15,"SEND",2.985375,8.93772157281372,-5.95234657281372
2024-12-15,"HUL2",2.153125,6.94227575740946,-4.78915075740946
2024-12-15,"PEMB",2.869625,3.93993538062767,-1.07031038062767
2024-12-15,"WFEN",1.69129166666667,7.20396608919877,-5.5126744225321
2024-12-15,"OSY",3.680375,8.53181170783891,-4.85143670783891
2024-12-15,"ACTH",0.536541666666667,2.220454638665,-1.68391297199833
2024-12-15,"COPP",2.343625,5.40093112297574,-3.05730612297574
2024-12-16,"EB",1.86320833333333,4.89135126663914,-3.02814293330581
2024-12-16,"IMGM",2.46658333333333,3.76344351884712,-1.29686018551379
2024-12-16,"PRES",5.92079166666667,5.68107506334543,0.239716603321241
2024-12-16,"BIRR",3.47095833333333,3.72333431454587,-0.252375981212539
2024-12-16,"BLC2",7.46958333333333,6.80466768641637,0.664915646916961
2024-12-16,"BOTR",2.99225,3.18527107274723,-0.193021072747229
2024-12-16,"GHSR",4.38091666666667,3.01741117881816,1.36350548784851
2024-12-16,"LEAM",2.54820833333333,3.53206412771107,-0.983855794377744
2024-12-16,"NPT3",3.48470833333333,3.83889739650704,-0.354189063173707
2024-12-16,"REA1",2.11083333333333,3.693971938361,-1.58313860502767
2024-12-16,"SOUT",3.27841666666667,4.39005009903617,-1.1116334323695
2024-12-16,"WREX",2.78295833333333,2.81726718840175,-0.0343088550684216
2024-12-16,"LEAR",2.27791666666667,3.49967470450355,-1.22175803783688
2024-12-16,"PLYM",3.54466666666667,4.89163371058257,-1.3469670439159
2024-12-16,"SHDG",2.773125,3.84853261059054,-1.07540761059054
2024-12-16,"SHE",3.39029166666667,3.48635983630901,-0.0960681696423356
2024-12-16,"BEL2",5.737125,4.34581243179655,1.39131256820345
2024-12-16,"GLKP",4.16275,2.60606755444532,1.55668244555468
2024-12-16,"LECU",2.55708333333333,3.27263235840679,-0.715549025073461
2024-12-16,"SUN2",2.123625,2.66057954935436,-0.53695454935436
2024-12-16,"TRAN",2.71529166666667,4.13851550753523,-1.42322384086856
2024-12-16,"STOK",2.82816666666667,3.70342175462628,-0.87525508795961
2024-12-16,"BEX",2.165875,4.60567987824297,-2.43980487824297
2024-12-16,"SEND",1.9635,4.65507020539705,-2.69157020539705
2024-12-16,"HUL2",3.35491666666667,3.85927412278549,-0.504357456118816
2024-12-16,"PEMB",3.78929166666667,3.86201127233047,-0.0727196056637962
2024-12-16,"WFEN",1.74233333333333,3.23928191383757,-1.49694858050424
2024-12-16,"OSY",2.43225,5.02258722891107,-2.59033722891107
2024-12-16,"ACTH",2.14133333333333,1.66204094749126,0.479292385842072
2024-12-16,"COPP",3.15733333333333,4.04343243126032,-0.886099097926994
2024-12-17,"EB",3.75020833333333,4.23120794691043,-0.480999613577096
2024-12-17,"IMGM",4.905625,3.80694168545796,1.09868331454204
2024-12-17,"PRES",4.61966666666667,6.17978096663889,-1.56011429997222
2024-12-17,"BIRR",6.38466666666667,5.04899720775653,1.33566945891014
2024-12-17,"BLC2",4.74354166666667,7.42076794400318,-2.67722627733651
2024-12-17,"BOTR",5.584625,4.28907855295311,1.29554644704689
2024-12-17,"GHSR",3.757875,4.77281004808546,-1.01493504808546
2024-12-17,"LEAM",4.87029166666667,4.05706429171262,0.813227374954046
2024-12-17,"NPT3",7.43425,4.74169253415549,2.69255746584451
2024-12-17,"REA1",5.07966666666667,3.81245446431037,1.2672122023563
2024-12-17,"SOUT",5.28491666666667,4.92749852862422,0.357418138042446
2024-12-17,"WREX",4.039875,3.92871893821703,0.111156061782974
2024-12-17,"LEAR",4.43291666666667,3.84918810146247,0.583728565204195
2024-12-17,"PLYM",9.34941666666667,5.24039283686925,4.10902382979742
2024-12-17,"SHDG",5.891375,4.17438740590602,1.71698759409398
2024-12-17,"SHE",7.01341666666667,4.71342868369769,2.29998798296898
2024-12-17,"BEL2",6.4535,6.39282887440618,0.060671125593819
2024-12-17,"GLKP",3.603625,4.49371104670039,-0.89008604670039
2024-12-17,"LECU",5.59354166666667,3.92821652831184,1.66532513835483
2024-12-17,"SUN2",6.55270833333333,3.60988027267212,2.94282806066121
2024-12-17,"TRAN",3.93379166666667,3.99112491791329,-0.0573332512466234
2024-12-17,"STOK",5.74683333333333,4.38298088768863,1.3638524456447
2024-12-17,"BEX",5.44420833333333,4.35216726915063,1.0920410641827
2024-12-17,"SEND",5.2015,4.06256606034045,1.13893393965955
2024-12-17,"HUL2",6.29233333333333,4.6969298228096,1.59540351052373
2024-12-17,"PEMB",4.67083333333333,4.43666577227562,0.234167561057713
2024-12-17,"WFEN",5.623,3.27326864671429,2.34973135328571
2024-12-17,"OSY",5.0265,4.30429756423774,0.722202435762261
2024-12-17,"ACTH",2.18858333333333,2.70295195879493,-0.514368625461604
2024-12-17,"COPP",4.97645833333333,4.55039496832093,0.426063365012402
2024-12-18,"EB",6.77091666666667,5.16181152855377,1.6091051381129
2024-12-18,"IMGM",2.83904166666667,5.52158961737627,-2.6825479507096
2024-12-18,"PRES",4.56766666666667,5.38230609762287,-0.814639430956198
2024-12-18,"BIRR",3.39733333333333,6.85866964869138,-3.46133631535805
2024-12-18,"BLC2",5.65154166666667,5.64224873501019,0.00929293165647671
2024-12-18,"BOTR",3.05041666666667,6.01820185018022,-2.96778518351355
2024-12-18,"GHSR",3.090625,4.34410946514703,-1.25348446514703
2024-12-18,"LEAM",3.27833333333333,5.48778601004057,-2.20945267670724
2024-12-18,"NPT3",6.11045833333333,7.10983090870052,-0.999372575367186
2024-12-18,"REA1",4.24620833333333,5.59349179320166,-1.34728345986833
2024-12-18,"SOUT",7.34966666666667,5.97156511361121,1.37810155305546
2024-12-18,"WREX",2.35258333333333,4.75292930437469,-2.40034597104136
2024-12-18,"LEAR",2.91558333333333,5.1594833240426,-2.24389999070927
2024-12-18,"PLYM",13.6055416666667,8.69657642767187,4.90896523899483
2024-12-18,"SHDG",2.84495833333333,6.35173751053278,-3.50677917719945
2024-12-18,"SHE",3.22429166666667,7.11214662858961,-3.88785496192294
2024-12-18,"BEL2",3.789375,6.79417855735506,-3.00480355735506
2024-12-18,"GLKP",2.55025,4.10031028844465,-1.55006028844465
2024-12-18,"LECU",2.90295833333333,5.94177476921167,-3.03881643587834
2024-12-18,"SUN2",2.16779166666667,6.59366951207103,-4.42587784540436
2024-12-18,"TRAN",3.52983333333333,4.80762243693279,-1.27778910359946
2024-12-18,"STOK",2.728875,6.21128623999893,-3.48241123999893
2024-12-18,"BEX",4.76033333333333,6.23924126001016,-1.47890792667683
2024-12-18,"SEND",4.93904166666667,5.94002506627882,-1.00098339961215
2024-12-18,"HUL2",3.91895833333333,6.744326124869,-2.82536779153567
2024-12-18,"PEMB",6.49670833333333,4.98749783349977,1.50921049983356
2024-12-18,"WFEN",3.79720833333333,5.85725913912821,-2.06005080579488
2024-12-18,"OSY",5.75383333333333,5.797275401056,-0.043442067722669
2024-12-18,"ACTH",1.32570833333333,2.73359957886032,-1.40789124552699
2024-12-18,"COPP",2.39783333333333,5.68375957508671,-3.28592624175338
2024-12-19,"EB",2.75554166666667,6.65152111737194,-3.89597945070527
2024-12-19,"IMGM",2.03220833333333,4.06878014426893,-2.0365718109356
2024-12-19,"PRES",3.79620833333333,5.35043468389334,-1.55422635056001
2024-12-19,"BIRR",3.62620833333333,5.00326952391818,-1.37706119058485
2024-12-19,"BLC2",4.06841666666667,6.23464446450771,-2.16622779784104
2024-12-19,"BOTR",3.33629166666667,4.32787592542252,-0.991584258755847
2024-12-19,"GHSR",3.73920833333333,3.88499014894454,-0.145781815611206
2024-12-19,"LEAM",3.109375,4.50692140045586,-1.39754640045586
2024-12-19,"NPT3",3.06308333333333,6.31608770750976,-3.25300437417643
2024-12-19,"REA1",2.78004166666667,5.09349053443261,-2.31344886776594
2024-12-19,"SOUT",2.88033333333333,7.04594163060691,-4.16560829727358
2024-12-19,"WREX",3.59079166666667,3.64650489352955,-0.0557132268628764
2024-12-19,"LEAR",2.58158333333333,4.23690577521278,-1.65532244187945
2024-12-19,"PLYM",6.51141666666667,11.2306992383708,-4.71928257170417
2024-12-19,"SHDG",2.62670833333333,4.22454576904208,-1.59783743570875
2024-12-19,"SHE",2.555,4.60352709905679,-2.04852709905679
2024-12-19,"BEL2",5.34404166666667,5.30160033493498,0.0424413317316903
2024-12-19,"GLKP",2.92045833333333,3.35915486930288,-0.438696535969546
2024-12-19,"LECU",3.43854166666667,4.15757566323752,-0.719033996570855
2024-12-19,"SUN2",2.81641666666667,3.63963451634334,-0.823217849676671
2024-12-19,"TRAN",4.919375,4.53693636639202,0.382438633607976
2024-12-19,"STOK",4.78679166666667,4.32078279988376,0.466008866782913
2024-12-19,"BEX",3.231125,5.84558918309128,-2.61446418309128
2024-12-19,"SEND",3.01883333333333,5.78784632582168,-2.76901299248835
2024-12-19,"HUL2",2.67195833333333,5.09007010680316,-2.41811177346983
2024-12-19,"PEMB",4.77879166666667,6.1283973823443,-1.34960571567762
2024-12-19,"WFEN",2.52170833333333,4.6415328959238,-2.11982456259047
2024-12-19,"OSY",2.48429166666667,6.21585207895744,-3.73156041229077
2024-12-19,"ACTH",1.53883333333333,2.17391566004719,-0.635082326713857
2024-12-19,"COPP",3.6655,4.0772057048901,-0.411705704890096
2024-12-20,"EB",3.74625,4.67127609530457,-0.92502609530457
2024-12-20,"IMGM",4.780875,3.50157576834146,1.27929923165854
2024-12-20,"PRES",5.088375,4.87759876626334,0.210776233736657
2024-12-20,"BIRR",5.75966666666667,5.14542128810836,0.61424537855831
2024-12-20,"BLC2",6.70891666666667,5.20178489483727,1.5071317718294
2024-12-20,"BOTR",4.39866666666667,4.51855556189286,-0.119888895226189
2024-12-20,"GHSR",5.15429166666667,4.33126536288284,0.823026303783831
2024-12-20,"LEAM",4.78770833333333,4.40281990094357,0.384888432389755
2024-12-20,"NPT3",5.751875,4.48888691101334,1.26298808898666
2024-12-20,"REA1",4.02920833333333,4.21392025529622,-0.184711921962886
2024-12-20,"SOUT",4.71804166666667,4.7203589789738,-0.00231731230713095
2024-12-20,"WREX",3.54958333333333,4.45844745970032,-0.908864126366987
2024-12-20,"LEAR",4.28366666666667,4.0338252163535,0.249841450313171
2024-12-20,"PLYM",8.62820833333333,7.00681390031103,1.6213944330223
2024-12-20,"SHDG",4.51858333333333,4.07215046387579,0.446432869457542
2024-12-20,"SHE",5.23383333333333,4.16041737162537,1.07341596170796
2024-12-20,"BEL2",6.50454166666667,6.17260361360587,0.331938053060798
2024-12-20,"GLKP",4.37104166666667,3.61963372295086,0.751407943715814
2024-12-20,"LECU",4.19125,4.51273556208523,-0.321485562085233
2024-12-20,"SUN2",3.26945833333333,4.07660084769222,-0.807142514358887
2024-12-20,"TRAN",6.08391666666667,5.46804619274208,0.615870473924585
2024-12-20,"STOK",4.663875,5.60989885388396,-0.946023853883956
2024-12-20,"BEX",4.768125,4.96534639536205,-0.197221395362051
2024-12-20,"SEND",4.41625,4.67447003530451,-0.258220035304511
2024-12-20,"HUL2",5.53654166666667,4.22090393857095,1.31563772809572
2024-12-20,"PEMB",5.07770833333333,5.05495569003103,0.0227526433023026
2024-12-20,"WFEN",4.30141666666667,3.79222524953814,0.509191417128527
2024-12-20,"OSY",4.14708333333333,4.3342472818534,-0.187163948520068
2024-12-20,"ACTH",2.35741666666667,2.31215426378127,0.0452624028853981
2024-12-20,"COPP",3.976125,4.86699669406168,-0.890871694061683
2024-12-21,"EB",6.814125,5.15985941452232,1.65426558547768
2024-12-21,"IMGM",4.97558333333333,5.43389028348209,-0.458306950148759
2024-12-21,"PRES",7.286875,5.66958296704872,1.61729203295128
2024-12-21,"BIRR",4.88016666666667,6.47048897094648,-1.59032230427981
2024-12-21,"BLC2",9.98333333333333,6.92449516327141,3.05883817006192
2024-12-21,"BOTR",5.04520833333333,5.22716344574132,-0.181955112407988
2024-12-21,"GHSR",7.052,5.3049515260444,1.7470484739556
2024-12-21,"LEAM",5.53066666666667,5.43690335355886,0.0937633131078144
2024-12-21,"NPT3",7.31733333333333,6.10108175902065,1.21625157431268
2024-12-21,"REA1",6.07995833333333,4.96330973376925,1.11664859956408
2024-12-21,"SOUT",6.64908333333333,5.6765961400929,0.972487193240434
2024-12-21,"WREX",4.682625,4.43142551273585,0.251199487264148
2024-12-21,"LEAR",5.08270833333333,5.06873549946252,0.013972833870814
2024-12-21,"PLYM",9.59020833333333,8.26716458267996,1.32304375065337
2024-12-21,"SHDG",5.38216666666667,5.39317162292036,-0.011004956253692
2024-12-21,"SHE",5.32616666666667,5.93395971091571,-0.607793044249036
2024-12-21,"BEL2",6.6795,6.82277469308544,-0.14327469308544
2024-12-21,"GLKP",6.29708333333333,4.64026521545518,1.65681811787815
2024-12-21,"LECU",4.85754166666667,5.01187696341429,-0.154335296747623
2024-12-21,"SUN2",4.920375,4.38180640565176,0.538568594348237
2024-12-21,"TRAN",7.13054166666667,6.24838708862076,0.882154578045912
2024-12-21,"STOK",5.250625,5.53290164069706,-0.282276640697062
2024-12-21,"BEX",6.25391666666667,5.85007422168166,0.403842444985014
2024-12-21,"SEND",6.37979166666667,5.48472096361881,0.895070703047856
2024-12-21,"HUL2",5.9955,6.21753498862322,-0.222034988623218
2024-12-21,"PEMB",8.60666666666667,5.24173402378449,3.36493264288218
2024-12-21,"WFEN",4.594125,4.97726632820242,-0.38314132820242
2024-12-21,"OSY",6.18116666666667,5.29117552916164,0.889991137505025
2024-12-21,"ACTH",3.77845833333333,2.84310941704811,0.935348916285221
2024-12-21,"COPP",5.15533333333333,5.06052456101784,0.0948087723154885
2024-12-22,"EB",4.54604166666667,6.67282998316783,-2.12678831650116
2024-12-22,"IMGM",4.54208333333333,5.57077037275647,-1.02868703942314
2024-12-22,"PRES",8.356,7.01706956482506,1.33893043517494
2024-12-22,"BIRR",6.95070833333333,5.92424112122387,1.02646721210946
2024-12-22,"BLC2",9.78195833333333,9.06078420504326,0.721174128290075
2024-12-22,"BOTR",7.21104166666667,5.65840902497325,1.55263264169342
2024-12-22,"GHSR",7.56783333333333,6.6107208064517,0.957112526881626
2024-12-22,"LEAM",6.66079166666667,5.89466755523669,0.766124111429978
2024-12-22,"NPT3",6.364,7.03972787692496,-0.675727876924957
2024-12-22,"REA1",5.47370833333333,6.19357829119039,-0.719869957857061
2024-12-22,"SOUT",5.66725,6.68139857138332,-1.01414857138332
2024-12-22,"WREX",7.202375,5.17440610303372,2.02796889696628
2024-12-22,"LEAR",6.12425,5.5545733085,0.569676691499995
2024-12-22,"PLYM",8.39033333333333,8.83994525615463,-0.449611922821299
2024-12-22,"SHDG",6.99770833333333,5.99617755932292,1.00153077401041
2024-12-22,"SHE",6.51933333333333,5.9950897087983,0.52424362453503
2024-12-22,"BEL2",7.50195833333333,6.92079524323389,0.581163090099438
2024-12-22,"GLKP",6.94183333333333,5.99542953845776,0.946403794875572
2024-12-22,"LECU",6.41608333333333,5.45371311888914,0.962370214444193
2024-12-22,"SUN2",4.64029166666667,5.49399757804883,-0.853705911382162
2024-12-22,"TRAN",10.61425,6.9497138968635,3.6645361031365
2024-12-22,"STOK",8.45416666666667,5.90045240547598,2.55371426119069
2024-12-22,"BEX",6.08091666666667,6.70532551095543,-0.624408844288756
2024-12-22,"SEND",6.073125,6.62322281217304,-0.550097812173036
2024-12-22,"HUL2",5.39604166666667,6.53743158522432,-1.14138991855765
2024-12-22,"PEMB",6.83375,7.44680664397543,-0.613056643975433
2024-12-22,"WFEN",5.49041666666667,5.17216983714856,0.318246829518111
2024-12-22,"OSY",5.407875,6.46178026459889,-1.05390526459889
2024-12-22,"ACTH",3.730375,3.76483523920861,-0.0344602392086117
2024-12-22,"COPP",8.03566666666667,5.79520359022324,2.24046307644343
2024-12-23,"EB",6.84941666666667,5.55428919171814,1.29512747494853
2024-12-23,"IMGM",7.05195833333333,5.2660195812284,1.78593875210493
2024-12-23,"PRES",7.25541666666667,7.67234889566318,-0.416932228996514
2024-12-23,"BIRR",7.86266666666667,7.210231949169,0.652434717497671
2024-12-23,"BLC2",6.76304166666667,8.92940348915387,-2.1663618224872
2024-12-23,"BOTR",8.33333333333333,7.10302752136275,1.23030581197058
2024-12-23,"GHSR",4.93816666666667,6.96565381098442,-2.02748714431775
2024-12-23,"LEAM",7.582625,6.5909795086946,0.991645491305405
2024-12-23,"NPT3",6.21466666666667,6.46811085375149,-0.253444187084816
2024-12-23,"REA1",7.31629166666667,5.8298819298901,1.48640973677657
2024-12-23,"SOUT",6.41516666666667,6.17050927392022,0.244657392746454
2024-12-23,"WREX",5.00195833333333,6.82670662955426,-1.82474829622093
2024-12-23,"LEAR",7.2495,6.18785733167935,1.06164266832065
2024-12-23,"PLYM",8.25266666666667,8.12553235533818,0.12713431132849
2024-12-23,"SHDG",6.42975,7.12424612885568,-0.694496128855679
2024-12-23,"SHE",7.46566666666667,6.78503493414388,0.680631732522792
2024-12-23,"BEL2",5.27616666666667,7.38157820093341,-2.10541153426674
2024-12-23,"GLKP",4.61379166666667,6.44907610923422,-1.83528444256755
2024-12-23,"LECU",7.73291666666667,6.4872245562937,1.24569211037297
2024-12-23,"SUN2",5.87366666666667,5.30531076110741,0.56835590555926
2024-12-23,"TRAN",6.538,9.28409158348985,-2.74609158348985
2024-12-23,"STOK",7.82045833333333,7.90720858712824,-0.0867502537949116
2024-12-23,"BEX",8.82079166666667,6.60574326375094,2.21504840291573
2024-12-23,"SEND",7.79679166666667,6.44541117068,1.35138049598667
2024-12-23,"HUL2",8.57216666666667,6.11960568097556,2.45256098569111
2024-12-23,"PEMB",4.541125,6.33899815481876,-1.79787315481876
2024-12-23,"WFEN",7.03816666666667,5.76897686646393,1.26918980020274
2024-12-23,"OSY",6.72375,6.01675479684151,0.706995203158489
2024-12-23,"ACTH",2.82733333333333,3.73364709674349,-0.906313763410155
2024-12-23,"COPP",6.47108333333333,7.58973000027627,-1.11864666694294
2024-12-24,"EB",4.47333333333333,6.69023462090083,-2.2169012875675
2024-12-24,"IMGM",5.78604166666667,7.03046339411535,-1.24442172744868
2024-12-24,"PRES",4.986375,6.99778838103837,-2.01141338103837
2024-12-24,"BIRR",5.52483333333333,7.7766393154225,-2.25180598208917
2024-12-24,"BLC2",5.05220833333333,6.95980729857874,-1.90759896524541
2024-12-24,"BOTR",5.631875,7.85160003387238,-2.21972503387238
2024-12-24,"GHSR",1.7305,5.15624090451684,-3.42574090451684
2024-12-24,"LEAM",6.60479166666667,7.15895523624326,-0.554163569576595
2024-12-24,"NPT3",3.37558333333333,6.37857084452711,-3.00298751119378
2024-12-24,"REA1",5.593625,6.93526890510807,-1.34164390510807
2024-12-24,"SOUT",3.91708333333333,6.55968186301641,-2.64259852968308
2024-12-24,"WREX",1.66570833333333,5.38380570013749,-3.71809736680416
2024-12-24,"LEAR",6.42891666666667,6.87203816657878,-0.443121499912114
2024-12-24,"PLYM",2.99625,8.04356478148335,-5.04731478148335
2024-12-24,"SHDG",5.24475,6.72766338644985,-1.48291338644986
2024-12-24,"SHE",4.59808333333333,7.41156224096219,-2.81347890762886
2024-12-24,"BEL2",2.97070833333333,6.13457658903054,-3.16386825569721
2024-12-24,"GLKP",1.65195833333333,4.8110642927037,-3.15910595937037
2024-12-24,"LECU",6.18225,7.36045261317739,-1.17820261317739
2024-12-24,"SUN2",1.16258333333333,6.1362120506467,-4.97362871731337
2024-12-24,"TRAN",9.03,6.55266112644987,2.47733887355013
2024-12-24,"STOK",3.013,7.5102422768369,-4.4972422768369
2024-12-24,"BEX",8.34520833333333,8.18286990860288,0.162338424730452
2024-12-24,"SEND",8.63316666666667,7.44482855998486,1.18833810668181
2024-12-24,"HUL2",6.7315,8.33338306355497,-1.60188306355497
2024-12-24,"PEMB",2.46175,4.90644947094408,-2.44469947094408
2024-12-24,"WFEN",5.94741666666667,6.7995655843733,-0.85214891770663
2024-12-24,"OSY",8.2105,6.77403424601689,1.43646575398311
2024-12-24,"ACTH",0.515041666666667,3.14790999826277,-2.6328683315961
2024-12-24,"COPP",4.43104166666667,6.61495181057757,-2.1839101439109
2024-12-25,"EB",5.11504166666667,5.51843193924579,-0.403390272579118
2024-12-25,"IMGM",6.13208333333333,6.14052312612174,-0.00843979278841189
2024-12-25,"PRES",4.053625,5.60706596319465,-1.55344096319465
2024-12-25,"BIRR",3.77854166666667,6.3246365509618,-2.54609488429513
2024-12-25,"BLC2",2.93929166666667,5.84362848740178,-2.90433682073511
2024-12-25,"BOTR",6.6755,6.04971776735809,0.625782232641909
2024-12-25,"GHSR",1.341375,2.94911954579741,-1.60774454579741
2024-12-25,"LEAM",4.31408333333333,6.55647583043454,-2.24239249710121
2024-12-25,"NPT3",1.95758333333333,4.67626137228087,-2.71867803894754
2024-12-25,"REA1",2.818375,5.90182132011844,-3.08344632011844
2024-12-25,"SOUT",1.82191666666667,5.25982373451093,-3.43790706784426
2024-12-25,"WREX",3.35691666666667,3.19609357329786,0.160823093368812
2024-12-25,"LEAR",5.34091666666667,6.3731024721957,-1.03218580552903
2024-12-25,"PLYM",2.00083333333333,4.91386220518727,-2.91302887185394
2024-12-25,"SHDG",7.17570833333333,5.90022495977377,1.27548337355956
2024-12-25,"SHE",6.301125,5.51305650347322,0.788068496526775
2024-12-25,"BEL2",2.10291666666667,4.84294166160399,-2.74002499493732
2024-12-25,"GLKP",1.27058333333333,2.72711619673148,-1.45653286339815
2024-12-25,"LECU",5.21625,6.33216330280582,-1.11591330280582
2024-12-25,"SUN2",3.47679166666667,2.9624447724112,0.514346894255473
2024-12-25,"TRAN",12.0372083333333,8.22251079193742,3.81469754139588
2024-12-25,"STOK",4.040875,4.49876381572152,-0.457888815721525
2024-12-25,"BEX",7.51583333333333,7.90911466544488,-0.393281332111555
2024-12-25,"SEND",10.860875,7.92977598929051,2.93109901070949
2024-12-25,"HUL2",8.76866666666667,7.05042781603338,1.71823885063329
2024-12-25,"PEMB",1.12033333333333,3.60715023119405,-2.48681689786072
2024-12-25,"WFEN",4.950875,6.07327603886553,-1.12240103886553
2024-12-25,"OSY",9.438875,7.62965139890869,1.80922360109131
2024-12-25,"ACTH",0.64075,1.64809546957791,-1.00734546957791
2024-12-25,"COPP",5.22408333333333,5.34395008099468,-0.119866747661353
2024-12-26,"EB",4.18141666666667,5.83490044659628,-1.65348377992961
2024-12-26,"IMGM",7.70345833333333,6.38379065050087,1.31966768283246
2024-12-26,"PRES",10.9070833333333,5.03537247942122,5.87171085391208
2024-12-26,"BIRR",4.35725,5.24003385863072,-0.882783858630719
2024-12-26,"BLC2",11.3935833333333,4.46512318991559,6.92846014341771
2024-12-26,"BOTR",5.05608333333333,6.74581933486613,-1.6897360015328
2024-12-26,"GHSR",2.01458333333333,2.6813716193571,-0.666788286023773
2024-12-26,"LEAM",3.619375,5.1450854139889,-1.5257104139889
2024-12-26,"NPT3",4.25525,3.82603101683333,0.42921898316667
2024-12-26,"REA1",4.21475,4.23691686370833,-0.0221668637083283
2024-12-26,"SOUT",4.17645833333333,4.16962014286118,0.00683819047214751
2024-12-26,"WREX",4.714125,4.30508629861688,0.40903870138312
2024-12-26,"LEAR",3.45225,5.7115705918397,-2.2593205918397
2024-12-26,"PLYM",2.84008333333333,4.32118504435436,-1.48110171102103
2024-12-26,"SHDG",12.8549166666667,7.24853645792601,5.60638020874069
2024-12-26,"SHE",10.8255,6.64056841838977,4.18493158161023
2024-12-26,"BEL2",5.96404166666667,4.35676066661904,1.60728100004763
2024-12-26,"GLKP",1.95270833333333,2.45878046826328,-0.506072134929946
2024-12-26,"LECU",4.2295,5.69158238675749,-1.46208238675749
2024-12-26,"SUN2",6.55266666666667,4.52148293065928,2.03118373600739
2024-12-26,"TRAN",17.4923333333333,10.2375933880321,7.25473994530118
2024-12-26,"STOK",6.41629166666667,5.14264322321557,1.2736484434511
2024-12-26,"BEX",5.9945,7.43170988928755,-1.43720988928755
2024-12-26,"SEND",6.818,9.2214471051091,-2.4034471051091
2024-12-26,"HUL2",12.88825,8.47034469311201,4.41790530688799
2024-12-26,"PEMB",0.688833333333333,2.76896488454516,-2.08013155121183
2024-12-26,"WFEN",6.84954166666667,5.40971629175309,1.43982537491358
2024-12-26,"OSY",6.37295833333333,8.33657503784157,-1.96361670450824
2024-12-26,"ACTH",0.563166666666667,1.72963327357903,-1.16646660691236
2024-12-26,"COPP",4.62375,5.83803671973064,-1.21428671973064
2024-12-27,"EB",6.70495833333333,5.37446866656885,1.33048966676448
2024-12-27,"IMGM",2.88733333333333,7.48846833224806,-4.60113499891473
2024-12-27,"PRES",7.38891666666667,9.2359379798011,-1.84702131313442
2024-12-27,"BIRR",4.856625,5.59946328751064,-0.742838287510638
2024-12-27,"BLC2",6.12133333333333,9.98085697764662,-3.85952364431329
2024-12-27,"BOTR",4.49495833333333,5.66566268845069,-1.17070435511736
2024-12-27,"GHSR",3.83745833333333,3.14459072713053,0.692867606202799
2024-12-27,"LEAM",5.39320833333333,4.71704982795477,0.676158505378558
2024-12-27,"NPT3",7.10704166666667,5.20370798911821,1.90333367754846
2024-12-27,"REA1",4.488,5.07461831774658,-0.586618317746582
2024-12-27,"SOUT",7.28575,5.39478748755404,1.89096251244596
2024-12-27,"WREX",10.2870416666667,5.19506190880231,5.09197975786439
2024-12-27,"LEAR",5.00104166666667,4.56321286080505,0.437828805861616
2024-12-27,"PLYM",6.68245833333333,4.820879618381,1.86157871495233
2024-12-27,"SHDG",17.6828333333333,11.2141020343809,6.46873129895237
2024-12-27,"SHE",8.80108333333333,9.63596590037573,-0.834882567042404
2024-12-27,"BEL2",6.15470833333333,6.51995912353895,-0.365250790205616
2024-12-27,"GLKP",3.696,2.93872411632981,0.757275883670194
2024-12-27,"LECU",3.190875,5.03724158043173,-1.84636658043173
2024-12-27,"SUN2",11.252,6.59364144202983,4.65835855797017
2024-12-27,"TRAN",35.8885,13.8929861073109,21.9955138926891
2024-12-27,"STOK",6.841625,6.63064699399004,0.210978006009957
2024-12-27,"BEX",7.673,6.55600010847587,1.11699989152413
2024-12-27,"SEND",4.52441666666667,6.87730501782279,-2.35288835115612
2024-12-27,"HUL2",9.76725,11.3417179573835,-1.57446795738353
2024-12-27,"PEMB",2.54820833333333,2.49934174203737,0.0488665912959587
2024-12-27,"WFEN",11.022,6.67396726622395,4.34803273377605
2024-12-27,"OSY",2.35820833333333,6.57215540485899,-4.21394707152566
2024-12-27,"ACTH",0.669208333333333,1.67931063816302,-1.01010230482969
2024-12-27,"COPP",5.78820833333333,5.46401264097754,0.324195692355786
2024-12-28,"EB",11.0111666666667,6.61899273303743,4.39217393362927
2024-12-28,"IMGM",6.99095833333333,4.10272921841166,2.88822911492167
2024-12-28,"PRES",7.73108333333333,7.07961210667091,0.651471226662424
2024-12-28,"BIRR",4.90566666666667,5.90961964902881,-1.00395298236214
2024-12-28,"BLC2",7.52558333333333,6.54114510006592,0.98443823326741
2024-12-28,"BOTR",6.48195833333333,5.29139032810292,1.19056800523041
2024-12-28,"GHSR",4.65508333333333,4.39886891899658,0.256214414336747
2024-12-28,"LEAM",6.40345833333333,5.80997437474568,0.59348395858765
2024-12-28,"NPT3",8.38058333333333,6.91363735612267,1.46694597721067
2024-12-28,"REA1",4.609,5.23854414162337,-0.629544141623374
2024-12-28,"SOUT",9.08425,7.01268309290922,2.07156690709078
2024-12-28,"WREX",8.31270833333333,8.84944553518924,-0.536737201855914
2024-12-28,"LEAR",5.95225,5.50491788243162,0.44733211756838
2024-12-28,"PLYM",10.8963333333333,7.10865315293635,3.78768018039695
2024-12-28,"SHDG",12.5572083333333,14.5852444569884,-2.02803612365511
2024-12-28,"SHE",11.1517083333333,8.29568517965215,2.85602315368115
2024-12-28,"BEL2",7.175875,6.62678028035707,0.549094719642929
2024-12-28,"GLKP",4.43791666666667,4.16530540589401,0.272611260772661
2024-12-28,"LECU",6.658875,4.34850104841239,2.31037395158761
2024-12-28,"SUN2",4.497875,9.75949296864713,-5.26161796864713
2024-12-28,"TRAN",13.7991666666667,26.2199655433409,-12.4207988766742
2024-12-28,"STOK",7.046,6.89708345236692,0.148916547633081
2024-12-28,"BEX",8.8955,7.52217815432978,1.37332184567022
2024-12-28,"SEND",7.02545833333333,5.54743822194978,1.47802011138355
2024-12-28,"HUL2",10.0392916666667,9.16636301668368,0.87292864998302
2024-12-28,"PEMB",5.57395833333333,3.66117379441379,1.91278453891954
2024-12-28,"WFEN",5.427625,9.45225089360581,-4.02462589360581
2024-12-28,"OSY",4.09591666666667,4.26168695718968,-0.165770290523011
2024-12-28,"ACTH",1.15370833333333,1.74809211353023,-0.594383780196898
2024-12-28,"COPP",6.676625,6.18950201694317,0.48712298305683
2024-12-29,"EB",5.13658333333333,8.7426667649942,-3.60608343166087
2024-12-29,"IMGM",5.38129166666667,6.98758035309294,-1.60628868642627
2024-12-29,"PRES",3.90825,7.28933009508989,-3.38108009508989
2024-12-29,"BIRR",3.2135,5.94007889287586,-2.72657889287586
2024-12-29,"BLC2",5.24283333333333,7.45730336344355,-2.21447003011022
2024-12-29,"BOTR",3.91120833333333,6.61672635841885,-2.70551802508552
2024-12-29,"GHSR",4.26595833333333,4.96145780009072,-0.695499466757393
2024-12-29,"LEAM",3.53570833333333,6.43242689192816,-2.89671855859483
2024-12-29,"NPT3",7.83120833333333,7.67725074394159,0.153957589391736
2024-12-29,"REA1",3.72358333333333,5.31113343600248,-1.58755010266915
2024-12-29,"SOUT",3.7785,7.94851850437151,-4.17001850437151
2024-12-29,"WREX",2.49316666666667,7.55479646040255,-5.06162979373588
2024-12-29,"LEAR",3.49258333333333,6.08327692412307,-2.59069359078974
2024-12-29,"PLYM",4.1205,9.61762005567864,-5.49712005567864
2024-12-29,"SHDG",3.25770833333333,11.0062241314765,-7.74851579814317
2024-12-29,"SHE",3.018,9.85193465192029,-6.83393465192029
2024-12-29,"BEL2",5.18779166666667,7.19888974523878,-2.01109807857211
2024-12-29,"GLKP",3.90441666666667,4.68731851428523,-0.782901847618559
2024-12-29,"LECU",4.12345833333333,6.64822632466041,-2.52476799132708
2024-12-29,"SUN2",2.155125,5.20936736028834,-3.05424236028834
2024-12-29,"TRAN",3.070875,11.4182537144847,-8.34737871448468
2024-12-29,"STOK",2.81745833333333,7.02510763225902,-4.20764929892569
2024-12-29,"BEX",6.39158333333333,8.22587351391059,-1.83429018057726
2024-12-29,"SEND",6.61370833333333,6.99759362692521,-0.383885293591877
2024-12-29,"HUL2",5.204375,9.35597762214976,-4.15160262214976
2024-12-29,"PEMB",3.0445,5.55181625893974,-2.50731625893974
2024-12-29,"WFEN",4.78679166666667,5.72716624895761,-0.940374582290942
2024-12-29,"OSY",5.407,5.26172936964842,0.145270630351583
2024-12-29,"ACTH",2.24754166666667,2.06235183674038,0.185189829926288
2024-12-29,"COPP",2.6465,6.74300988806849,-4.09650988806849
2024-12-30,"EB",2.47741666666667,5.8455240566411,-3.36810738997443
2024-12-30,"IMGM",1.71779166666667,5.85598360392801,-4.13819193726134
2024-12-30,"PRES",3.57320833333333,4.9462704261341,-1.37306209280077
2024-12-30,"BIRR",1.95758333333333,4.88909264723748,-2.93150931390415
2024-12-30,"BLC2",6.14195833333333,5.96799570759503,0.173962625738303
2024-12-30,"BOTR",1.78358333333333,4.90202701270436,-3.11844367937103
2024-12-30,"GHSR",3.31370833333333,4.69370987365041,-1.38000154031708
2024-12-30,"LEAM",1.529125,4.66549968960195,-3.13637468960195
2024-12-30,"NPT3",1.973375,7.34784644103328,-5.37447144103328
2024-12-30,"REA1",1.75225,4.77996177430962,-3.02771177430962
2024-12-30,"SOUT",2.15308333333333,5.18771298067617,-3.03462964734284
2024-12-30,"WREX",1.37091666666667,3.73869098964491,-2.36777432297824
2024-12-30,"LEAR",1.50045833333333,4.58773656102658,-3.08727822769325
2024-12-30,"PLYM",2.91575,5.58324751927656,-2.66749751927656
2024-12-30,"SHDG",1.727625,4.51275269782736,-2.78512769782736
2024-12-30,"SHE",1.57329166666667,4.46695010469004,-2.89365843802337
2024-12-30,"BEL2",3.7175,6.08506442259451,-2.36756442259451
2024-12-30,"GLKP",3.04829166666667,4.31194752474007,-1.2636558580734
2024-12-30,"LECU",1.61758333333333,4.96692246244765,-3.34933912911432
2024-12-30,"SUN2",3.52591666666667,3.63110122381876,-0.105184557152094
2024-12-30,"TRAN",2.836,4.2293956684027,-1.3933956684027
2024-12-30,"STOK",1.73845833333333,4.37627299487878,-2.63781466154545
2024-12-30,"BEX",2.62970833333333,6.78456918743992,-4.15486085410659
2024-12-30,"SEND",2.48133333333333,6.75885250719231,-4.27751917385898
2024-12-30,"HUL2",3.56133333333333,5.9860129125357,-2.42467957920237
2024-12-30,"PEMB",1.65091666666667,3.9712820650212,-2.32036539835453
2024-12-30,"WFEN",2.04195833333333,5.30045934965631,-3.25850101632298
2024-12-30,"OSY",3.468,6.01625123873909,-2.54825123873909
2024-12-30,"ACTH",1.871125,2.77184153864209,-0.900716538642091
2024-12-30,"COPP",1.524125,4.23213183634474,-2.70800683634474
2024-12-31,"EB",6.12125,4.53411439888456,1.58713560111544
2024-12-31,"IMGM",1.7365,3.28054064023009,-1.54404064023009
2024-12-31,"PRES",2.070625,4.74091943430786,-2.67029443430786
2024-12-31,"BIRR",2.62579166666667,4.10905651466504,-1.48326484799837
2024-12-31,"BLC2",6.28729166666667,6.55460122552945,-0.267309558862781
2024-12-31,"BOTR",2.15304166666667,3.48289360983524,-1.32985194316857
2024-12-31,"GHSR",4.2305,4.03848863895004,0.192011361049961
2024-12-31,"LEAM",2.14720833333333,3.4291692300427,-1.28196089670937
2024-12-31,"NPT3",3.13495833333333,3.83549967294272,-0.700541339609388
2024-12-31,"REA1",3.147625,3.59733619040314,-0.449711190403139
2024-12-31,"SOUT",5.41179166666667,4.34194012827269,1.06985153839398
2024-12-31,"WREX",1.56154166666667,3.0027869253974,-1.44124525873073
2024-12-31,"LEAR",2.17575,3.37647351217162,-1.20072351217162
2024-12-31,"PLYM",6.21954166666667,4.86593201369588,1.35360965297079
2024-12-31,"SHDG",1.2825,3.44435628768674,-2.16185628768674
2024-12-31,"SHE",1.360125,3.510469772297,-2.150344772297
2024-12-31,"BEL2",4.30916666666667,5.26133230706975,-0.952165640403084
2024-12-31,"GLKP",4.011375,3.70957734962413,0.301797650375869
2024-12-31,"LECU",2.097125,3.30520848418409,-1.20808348418409
2024-12-31,"SUN2",1.253,4.55457750923321,-3.30157750923321
2024-12-31,"TRAN",1.73058333333333,4.07200965709396,-2.34142632376063
2024-12-31,"STOK",1.67945833333333,3.70036796684904,-2.02090963351571
2024-12-31,"BEX",4.37108333333333,4.61915897817767,-0.248075644844344
2024-12-31,"SEND",4.044875,4.3628164788833,-0.317941478883302
2024-12-31,"HUL2",2.28291666666667,4.84080342603809,-2.55788675937141
2024-12-31,"PEMB",5.578875,3.10050033227539,2.47837466772461
2024-12-31,"WFEN",2.3005,3.47277770476862,-1.17227770476862
2024-12-31,"OSY",4.325875,4.90036648376535,-0.574491483765353
2024-12-31,"ACTH",1.97425,2.5276875706785,-0.553437570678505
2024-12-31,"COPP",1.752125,3.53286152753212,-1.78073652753212
