"date","site_id","observed","forecast"
2024-10-19,"EB",4.59525,4.73713159147397
2024-10-19,"IMGM",5.39895833333333,3.98039037508543
2024-10-19,"PRES",6.41229166666667,3.14866652625195
2024-10-19,"BIRR",6.5575,4.1188806434428
2024-10-19,"BLC2",6.879,3.51343266154573
2024-10-19,"BOTR",7.903875,3.90333737679848
2024-10-19,"GHSR",8.922,2.68088592588236
2024-10-19,"LEAM",4.81916666666667,3.34287550005679
2024-10-19,"NPT3",7.3635,4.65984765760746
2024-10-19,"REA1",5.85308333333333,3.59860951002172
2024-10-19,"SOUT",6.33054166666667,4.54479007656411
2024-10-19,"WREX",5.33908333333333,2.23237756085884
2024-10-19,"LEAR",4.47325,3.13664134857749
2024-10-19,"PLYM",8.988875,8.20718428675502
2024-10-19,"SHDG",7.30645833333333,3.91231032719438
2024-10-19,"SHE",6.90154166666667,4.33158843431176
2024-10-19,"BEL2",9.75929166666667,3.49500018868369
2024-10-19,"GLKP",8.60645833333333,2.23536717856259
2024-10-19,"LECU",5.63204166666667,3.17786018163275
2024-10-19,"SUN2",7.334,3.82512198927063
2024-10-19,"TRAN",6.15083333333333,2.33055194102726
2024-10-19,"STOK",5.43045833333333,3.59958129388156
2024-10-19,"BEX",5.739,5.09490074820795
2024-10-19,"SEND",5.04825,4.84242766277
2024-10-19,"HUL2",6.60575,4.86629536442945
2024-10-19,"PEMB",8.29804166666667,3.758991153285
2024-10-19,"WFEN",4.16383333333333,3.85648645524632
2024-10-19,"OSY",4.5675,5.26944207802846
2024-10-19,"ACTH",5.07070833333333,1.13801642484465
2024-10-19,"COPP",5.82845833333333,2.54223837416189
2024-10-20,"EB",6.81508333333333,7.62662147661158
2024-10-20,"IMGM",6.42404166666667,6.88866052904977
2024-10-20,"PRES",7.73504166666667,5.85428663062856
2024-10-20,"BIRR",7.80470833333333,6.85962419806508
2024-10-20,"BLC2",10.3086666666667,6.32656485469719
2024-10-20,"BOTR",7.56970833333333,6.49484591903242
2024-10-20,"GHSR",6.33654166666667,5.24451479119553
2024-10-20,"LEAM",7.55708333333333,5.73541672881767
2024-10-20,"NPT3",10.0374166666667,7.10052375255737
2024-10-20,"REA1",7.57079166666667,6.92696762698819
2024-10-20,"SOUT",8.70775,6.87551290260874
2024-10-20,"WREX",7.40270833333333,5.77576398858304
2024-10-20,"LEAR",7.341875,5.49996611764404
2024-10-20,"PLYM",13.4699583333333,8.41116911262917
2024-10-20,"SHDG",7.46070833333333,6.34432863528231
2024-10-20,"SHE",8.190875,7.10478734669542
2024-10-20,"BEL2",7.01154166666667,6.16323363799211
2024-10-20,"GLKP",5.92479166666667,4.95943014952983
2024-10-20,"LECU",6.88875,6.16482286782363
2024-10-20,"SUN2",7.268125,5.8009210948437
2024-10-20,"TRAN",8.08566666666667,6.18519848809544
2024-10-20,"STOK",7.63866666666667,6.4449224518498
2024-10-20,"BEX",7.169875,8.72043740032683
2024-10-20,"SEND",6.67158333333333,8.69684236767926
2024-10-20,"HUL2",7.497125,7.58382180346099
2024-10-20,"PEMB",11.4229583333333,5.89248767218128
2024-10-20,"WFEN",6.950625,7.51294722219643
2024-10-20,"OSY",7.07645833333333,8.4541238425791
2024-10-20,"ACTH",4.666875,3.14896404252588
2024-10-20,"COPP",7.80183333333333,6.5256191551202
2024-10-21,"EB",5.89833333333333,7.84924185527808
2024-10-21,"IMGM",9.52113043478261,7.50807209264363
2024-10-21,"PRES",7.22095833333333,7.18393213555115
2024-10-21,"BIRR",12.4931666666667,7.58548076970825
2024-10-21,"BLC2",8.54166666666667,8.75556402342922
2024-10-21,"BOTR",11.6794583333333,7.05714088606599
2024-10-21,"GHSR",6.29525,5.86030722531798
2024-10-21,"LEAM",11.4859166666667,7.193862126351
2024-10-21,"NPT3",11.1125,8.71964490680149
2024-10-21,"REA1",10.3047083333333,7.15923159046225
2024-10-21,"SOUT",9.086125,7.71970280385933
2024-10-21,"WREX",7.048,7.00179994652453
2024-10-21,"LEAR",10.975875,6.91883187333598
2024-10-21,"PLYM",12.5807083333333,11.4449364594448
2024-10-21,"SHDG",7.51079166666667,7.46498496058815
2024-10-21,"SHE",7.89216666666667,7.42870086084194
2024-10-21,"BEL2",6.43966666666667,6.92760967830326
2024-10-21,"GLKP",6.09079166666667,5.4286312507497
2024-10-21,"LECU",11.253,6.91995759412594
2024-10-21,"SUN2",4.90383333333333,6.84782976964847
2024-10-21,"TRAN",5.97626086956522,7.29269736936244
2024-10-21,"STOK",9.32395833333333,7.11880056898572
2024-10-21,"BEX",8.946625,7.91904216630809
2024-10-21,"SEND",8.33229166666667,7.35157281422056
2024-10-21,"HUL2",11.3050833333333,7.942399586103
2024-10-21,"PEMB",9.35829166666667,8.37295481307618
2024-10-21,"WFEN",10.3271739130435,7.00749935548877
2024-10-21,"OSY",9.571625,7.70740830888348
2024-10-21,"ACTH",3.405125,3.87791678037813
2024-10-21,"COPP",7.615,7.16206610928186
2024-10-22,"EB",4.2305,7.05418414559906
2024-10-22,"IMGM",7.0215,9.55857391248693
2024-10-22,"PRES",6.46329166666667,9.62130428212985
2024-10-22,"BIRR",8.561375,10.6874604912653
2024-10-22,"BLC2",7.02629166666667,10.9677076769811
2024-10-22,"BOTR",6.869125,9.99673949002786
2024-10-22,"GHSR",6.103625,6.59676352573279
2024-10-22,"LEAM",5.06895833333333,9.70297714299252
2024-10-22,"NPT3",6.402375,9.41068912869838
2024-10-22,"REA1",5.190625,8.38713840121648
2024-10-22,"SOUT",6.91220833333333,8.085943630586
2024-10-22,"WREX",4.05858333333333,9.46490720359772
2024-10-22,"LEAR",4.95091666666667,9.35719000078171
2024-10-22,"PLYM",8.9575,11.5554870439819
2024-10-22,"SHDG",6.273625,10.1506909813577
2024-10-22,"SHE",7.82629166666667,10.2166564135958
2024-10-22,"BEL2",6.68533333333333,9.01626570768337
2024-10-22,"GLKP",5.74983333333333,6.22089067656481
2024-10-22,"LECU",6.318875,9.88868310033769
2024-10-22,"SUN2",5.36170833333333,8.41912287822098
2024-10-22,"TRAN",6.81908333333333,10.3264016109613
2024-10-22,"STOK",6.27945833333333,10.0530246623745
2024-10-22,"BEX",5.94345833333333,9.03591906579689
2024-10-22,"SEND",5.60345833333333,8.31807684461387
2024-10-22,"HUL2",7.49259090909091,10.7618918922494
2024-10-22,"PEMB",6.88583333333333,8.52605815505325
2024-10-22,"WFEN",4.63045833333333,9.21627024266322
2024-10-22,"OSY",5.83520833333333,8.38280313784486
2024-10-22,"ACTH",3.71275,4.27150993214648
2024-10-22,"COPP",5.21629166666667,9.96742410118324
2024-10-23,"EB",3.88958333333333,5.20909059218795
2024-10-23,"IMGM",6.032875,5.48446339685214
2024-10-23,"PRES",5.8315,5.61195920693809
2024-10-23,"BIRR",8.12216666666667,6.23737386992533
2024-10-23,"BLC2",6.11633333333333,6.66434421459135
2024-10-23,"BOTR",7.55608333333333,5.44690074085644
2024-10-23,"GHSR",4.16358333333333,4.76145543100992
2024-10-23,"LEAM",5.28,5.14596494182793
2024-10-23,"NPT3",6.57433333333333,5.97558128953421
2024-10-23,"REA1",5.62216666666667,5.55497822027324
2024-10-23,"SOUT",6.37383333333333,5.41827937950583
2024-10-23,"WREX",5.57036363636364,4.66968411053278
2024-10-23,"LEAR",4.68954166666667,4.83057200997548
2024-10-23,"PLYM",6.25095833333333,6.8588878747735
2024-10-23,"SHDG",6.625375,5.4991672543767
2024-10-23,"SHE",9.602,5.99925099799658
2024-10-23,"BEL2",5.62504166666667,6.15388772966333
2024-10-23,"GLKP",3.88570833333333,4.39813511895585
2024-10-23,"LECU",5.66445833333333,5.24084339479357
2024-10-23,"SUN2",8.17029166666667,5.36517893865423
2024-10-23,"TRAN",6.06533333333333,5.84874732644101
2024-10-23,"STOK",7.24982608695652,5.59478517910063
2024-10-23,"BEX",6.83966666666667,6.8542647045419
2024-10-23,"SEND",6.14583333333333,6.87585216278842
2024-10-23,"HUL2",8.50933333333333,6.40415693572697
2024-10-23,"PEMB",4.9755,5.46319514166131
2024-10-23,"WFEN",6.43579166666667,5.40321258514101
2024-10-23,"OSY",5.72629166666667,7.07669554509484
2024-10-23,"ACTH",2.63270833333333,3.27384667013846
2024-10-23,"COPP",6.01004347826087,6.13648219259876
2024-10-24,"EB",5.52766666666667,5.33499651798136
2024-10-24,"IMGM",7.73104166666667,5.81618662966976
2024-10-24,"PRES",6.64808333333333,3.80729826633555
2024-10-24,"BIRR",7.638,5.93874878093328
2024-10-24,"BLC2",6.669625,4.09421691959056
2024-10-24,"BOTR",7.34966666666667,5.23229871986339
2024-10-24,"GHSR",4.822125,3.46950570180166
2024-10-24,"LEAM",6.58308333333333,5.11284545919673
2024-10-24,"NPT3",7.1855,4.83702563610765
2024-10-24,"REA1",6.61566666666667,4.9691097839
2024-10-24,"SOUT",6.27554166666667,5.3452749840126
2024-10-24,"WREX",7.26145833333333,3.92233367621672
2024-10-24,"LEAR",6.27166666666667,4.61905359702209
2024-10-24,"PLYM",9.05445454545455,6.4357283538796
2024-10-24,"SHDG",8.80804166666667,5.45204908724286
2024-10-24,"SHE",9.08025,6.02556328710272
2024-10-24,"BEL2",7.5265,4.48784168010574
2024-10-24,"GLKP",4.6395,2.98700848932609
2024-10-24,"LECU",7.289875,5.32475882529516
2024-10-24,"SUN2",12.3594583333333,5.6824520331314
2024-10-24,"TRAN",7.17979166666667,3.68625214751963
2024-10-24,"STOK",8.11716666666667,4.97581506787458
2024-10-24,"BEX",7.46458333333333,6.53898471651977
2024-10-24,"SEND",6.53708333333333,5.44090733786074
2024-10-24,"HUL2",8.95145833333333,6.81366844604925
2024-10-24,"PEMB",6.67058333333333,3.89624936711031
2024-10-24,"WFEN",8.458125,4.90120507615823
2024-10-24,"OSY",8.22233333333333,6.12995954937397
2024-10-24,"ACTH",4.04175,2.24969777529967
2024-10-24,"COPP",8.18704166666667,4.7368321986571
2024-10-25,"EB",6.56158333333333,6.58144930419174
2024-10-25,"IMGM",15.9395,9.36447833422391
2024-10-25,"PRES",10.9228333333333,6.93617190280973
2024-10-25,"BIRR",13.0474583333333,8.76142143147117
2024-10-25,"BLC2",11.141875,7.10814203896462
2024-10-25,"BOTR",11.7561666666667,8.20778823734862
2024-10-25,"GHSR",13.2115833333333,6.70863919224473
2024-10-25,"LEAM",10.6747826086957,7.9794149686323
2024-10-25,"NPT3",8.983,7.32671616251537
2024-10-25,"REA1",10.0412083333333,6.95866768909215
2024-10-25,"SOUT",8.52795833333333,6.79315935050819
2024-10-25,"WREX",12.3044166666667,7.36614889779871
2024-10-25,"LEAR",10.9654166666667,7.64100839447474
2024-10-25,"PLYM",9.23941666666667,7.37008108163216
2024-10-25,"SHDG",17.0165416666667,9.21242441668606
2024-10-25,"SHE",14.893,8.68324267151613
2024-10-25,"BEL2",14.4054583333333,7.70615691595753
2024-10-25,"GLKP",12.9363333333333,6.46756425216501
2024-10-25,"LECU",11.26575,8.1211265370913
2024-10-25,"SUN2",15.3145833333333,9.07593697763171
2024-10-25,"TRAN",11.6342083333333,6.9379643176474
2024-10-25,"STOK",13.0276666666667,8.00995188771686
2024-10-25,"BEX",10.3499166666667,8.03698192537563
2024-10-25,"SEND",9.26591666666667,7.72990050689655
2024-10-25,"HUL2",16.1705416666667,10.2150693248413
2024-10-25,"PEMB",6.104625,6.25090798272724
2024-10-25,"WFEN",9.81720833333333,7.76934089094273
2024-10-25,"OSY",8.76866666666667,8.44290868087587
2024-10-25,"ACTH",11.7747916666667,4.81742488038029
2024-10-25,"COPP",12.1159166666667,8.21250516235642
2024-10-26,"EB",7.56983333333333,8.73853270303398
2024-10-26,"IMGM",7.97075,14.1597437485996
2024-10-26,"PRES",6.92516666666667,12.5104587371889
2024-10-26,"BIRR",9.30529166666667,14.1041655973637
2024-10-26,"BLC2",7.37416666666667,13.8036548370522
2024-10-26,"BOTR",9.78583333333333,13.2988970767274
2024-10-26,"GHSR",7.80470833333333,12.0512103812251
2024-10-26,"LEAM",6.546875,11.8470753929568
2024-10-26,"NPT3",7.99329166666667,11.1054625280523
2024-10-26,"REA1",8.05233333333333,11.3276636502279
2024-10-26,"SOUT",7.91379166666667,10.2657222197287
2024-10-26,"WREX",5.437375,12.7630747552005
2024-10-26,"LEAR",6.796375,11.6530374113286
2024-10-26,"PLYM",10.75475,10.0762028393503
2024-10-26,"SHDG",7.014625,16.7681499133398
2024-10-26,"SHE",6.60179166666667,14.914757569101
2024-10-26,"BEL2",8.07795833333333,13.9174337876451
2024-10-26,"GLKP",6.95845833333333,11.9610475711637
2024-10-26,"LECU",8.180125,12.3520724955856
2024-10-26,"SUN2",7.18075,15.451374530129
2024-10-26,"TRAN",6.21366666666667,14.1917878323796
2024-10-26,"STOK",8.299,13.1868473650572
2024-10-26,"BEX",10.3381666666667,12.757289344614
2024-10-26,"SEND",9.91054166666667,11.8610493619169
2024-10-26,"HUL2",10.75375,15.6526879819067
2024-10-26,"PEMB",6.88295833333333,8.56497765889623
2024-10-26,"WFEN",5.74095833333333,12.0636689987768
2024-10-26,"OSY",6.22158333333333,10.6901866881115
2024-10-26,"ACTH",4.14504166666667,9.89726388473722
2024-10-26,"COPP",7.64045833333333,13.8681121017548
2024-10-27,"EB",4.08041666666667,8.00646068681886
2024-10-27,"IMGM",4.537125,6.49756727911046
2024-10-27,"PRES",4.48216666666667,6.60426346538592
2024-10-27,"BIRR",5.46875,7.51397898568093
2024-10-27,"BLC2",4.93416666666667,7.46361561684895
2024-10-27,"BOTR",4.87229166666667,6.78804852151478
2024-10-27,"GHSR",3.99958333333333,5.16103179050409
2024-10-27,"LEAM",5.09441666666667,5.58512635065581
2024-10-27,"NPT3",4.54995833333333,7.76839309153737
2024-10-27,"REA1",5.403875,7.86463259326876
2024-10-27,"SOUT",7.15029166666667,8.39763067317208
2024-10-27,"WREX",4.62858333333333,5.15257175683672
2024-10-27,"LEAR",4.54795833333333,5.83290524273154
2024-10-27,"PLYM",7.89320833333333,10.3366129202758
2024-10-27,"SHDG",3.87583333333333,6.17363919438884
2024-10-27,"SHE",3.78933333333333,6.66298979146004
2024-10-27,"BEL2",6.006375,7.51590084845186
2024-10-27,"GLKP",3.84529166666667,4.69554242268994
2024-10-27,"LECU",4.583375,6.28093891862311
2024-10-27,"SUN2",4.19129166666667,5.99747672478304
2024-10-27,"TRAN",4.40845833333333,6.39460034140732
2024-10-27,"STOK",5.104125,7.2529032428462
2024-10-27,"BEX",7.86954166666667,9.38493857859526
2024-10-27,"SEND",6.69716666666667,9.40856511438362
2024-10-27,"HUL2",4.70920833333333,7.7490935522809
2024-10-27,"PEMB",4.81341666666667,5.29000237255782
2024-10-27,"WFEN",5.18875,7.38620121597644
2024-10-27,"OSY",5.51204166666667,7.20749433493784
2024-10-27,"ACTH",2.53041666666667,2.73198142685866
2024-10-27,"COPP",4.45758333333333,6.86039953084471
2024-10-28,"EB",3.14066666666667,5.7697958438644
2024-10-28,"IMGM",3.63891666666667,5.92956370889891
2024-10-28,"PRES",3.04529166666667,5.54961528406742
2024-10-28,"BIRR",4.26104166666667,6.96518134598205
2024-10-28,"BLC2",4.33375,6.14755382351442
2024-10-28,"BOTR",3.39225,5.9673608575817
2024-10-28,"GHSR",2.06966666666667,4.37490241580457
2024-10-28,"LEAM",2.87641666666667,6.03503628874307
2024-10-28,"NPT3",3.16729166666667,6.25226494179623
2024-10-28,"REA1",3.56229166666667,5.62815984718936
2024-10-28,"SOUT",4.043875,5.97583723764056
2024-10-28,"WREX",1.83370833333333,5.73484660701286
2024-10-28,"LEAR",2.32120833333333,5.71525724262002
2024-10-28,"PLYM",4.74733333333333,7.87523803694846
2024-10-28,"SHDG",1.53695833333333,6.65829168937474
2024-10-28,"SHE",1.69908695652174,6.30325728469395
2024-10-28,"BEL2",3.03066666666667,5.70912770569151
2024-10-28,"GLKP",1.74345833333333,4.14526121504803
2024-10-28,"LECU",3.17908333333333,5.63856905421207
2024-10-28,"SUN2",2.13241666666667,5.5950051581629
2024-10-28,"TRAN",1.89958333333333,5.79328252990836
2024-10-28,"STOK",2.77604166666667,6.1261818624595
2024-10-28,"BEX",3.644,7.08132479198178
2024-10-28,"SEND",3.21745833333333,6.47111639932715
2024-10-28,"HUL2",5.46970833333333,6.24458478098289
2024-10-28,"PEMB",2.18158333333333,5.49182634002607
2024-10-28,"WFEN",3.44545833333333,5.47066337863719
2024-10-28,"OSY",3.575125,6.43922079476983
2024-10-28,"ACTH",0.650666666666667,3.0623649053764
2024-10-28,"COPP",1.40629166666667,5.6650917409441
2024-10-29,"EB",2.50395833333333,4.33969223298472
2024-10-29,"IMGM",3.92295833333333,4.73345691256539
2024-10-29,"PRES",3.41095833333333,5.61982520606496
2024-10-29,"BIRR",6.79154166666667,6.42492701909891
2024-10-29,"BLC2",2.80266666666667,6.50792169475598
2024-10-29,"BOTR",4.03,5.54403984667922
2024-10-29,"GHSR",1.86120833333333,3.99056618457256
2024-10-29,"LEAM",6.33529166666667,5.10117946855994
2024-10-29,"NPT3",6.25591666666667,4.74725774438981
2024-10-29,"REA1",4.19029166666667,4.5063793182971
2024-10-29,"SOUT",3.48491304347826,4.63948277541115
2024-10-29,"WREX",2.549125,4.87785493771775
2024-10-29,"LEAR",5.70070833333333,4.83593358271203
2024-10-29,"PLYM",3.40308333333333,6.35575450106342
2024-10-29,"SHDG",3.37260869565217,5.77585455522575
2024-10-29,"SHE",3.97416666666667,5.78717497101974
2024-10-29,"BEL2",5.15920833333333,5.8720580364042
2024-10-29,"GLKP",1.15766666666667,3.60784767894675
2024-10-29,"LECU",5.14941666666667,5.21939718933261
2024-10-29,"SUN2",1.83670833333333,4.83783494614645
2024-10-29,"TRAN",3.09954166666667,5.45327391811
2024-10-29,"STOK",5.60154166666667,5.85914282635215
2024-10-29,"BEX",4.89004166666667,4.76981170011246
2024-10-29,"SEND",4.42808333333333,3.97785410737769
2024-10-29,"HUL2",4.48991666666667,5.47659174683587
2024-10-29,"PEMB",3.18295833333333,4.17524596042311
2024-10-29,"WFEN",4.432,4.13118729195089
2024-10-29,"OSY",3.875875,4.12477108222469
2024-10-29,"ACTH",0.49925,2.53959023629834
2024-10-29,"COPP",4.096,5.24139995388661
2024-10-30,"EB",8.56929166666667,2.00145243338147
2024-10-30,"IMGM",6.367,3.72687724281763
2024-10-30,"PRES",7.078375,5.04382601949447
2024-10-30,"BIRR",10.6447916666667,6.66000529630562
2024-10-30,"BLC2",5.94441666666667,4.53242723630921
2024-10-30,"BOTR",7.51470833333333,5.34462003108107
2024-10-30,"GHSR",2.19529166666667,3.94516107056129
2024-10-30,"LEAM",9.78970833333333,6.42626598448292
2024-10-30,"NPT3",7.17570833333333,3.81872921232501
2024-10-30,"REA1",7.95608333333333,4.12456819242911
2024-10-30,"SOUT",7.52858333333333,3.87314959326412
2024-10-30,"WREX",4.64529166666667,4.20219628026104
2024-10-30,"LEAR",8.88966666666667,5.97107996336499
2024-10-30,"PLYM",5.3685,3.5706655611867
2024-10-30,"SHDG",4.42525,4.63357929529636
2024-10-30,"SHE",4.09691666666667,5.10881784973237
2024-10-30,"BEL2",8.666625,6.19996849768621
2024-10-30,"GLKP",1.77666666666667,3.33462492028987
2024-10-30,"LECU",7.83804166666667,6.12342047819973
2024-10-30,"SUN2",2.41858333333333,4.26833085780647
2024-10-30,"TRAN",6.15191666666667,4.27461901633003
2024-10-30,"STOK",8.0455,5.66401217585673
2024-10-30,"BEX",11.0260416666667,4.45003004814621
2024-10-30,"SEND",9.98329166666667,3.43253474099394
2024-10-30,"HUL2",7.02433333333333,4.57056820683573
2024-10-30,"PEMB",3.45325,2.14669477371405
2024-10-30,"WFEN",7.62483333333333,4.02335770496105
2024-10-30,"OSY",11.537,3.51975973993179
2024-10-30,"ACTH",0.8765,2.40585630116037
2024-10-30,"COPP",7.82625,5.54389364266798
2024-10-31,"EB",11.9134166666667,4.53573289287509
2024-10-31,"IMGM",8.644875,7.15561485164971
2024-10-31,"PRES",4.85266666666667,8.08558839995423
2024-10-31,"BIRR",16.3227916666667,8.93438895995599
2024-10-31,"BLC2",3.73420833333333,8.30141106857785
2024-10-31,"BOTR",11.2874166666667,8.12843683942377
2024-10-31,"GHSR",4.21308333333333,5.67227102987647
2024-10-31,"LEAM",14.3336666666667,8.08615302705361
2024-10-31,"NPT3",12.283875,5.70469832434753
2024-10-31,"REA1",17.8292916666667,6.07800929661487
2024-10-31,"SOUT",18.82875,5.01792715171023
2024-10-31,"WREX",7.63858333333333,6.71679459703345
2024-10-31,"LEAR",13.4404583333333,7.5908179854701
2024-10-31,"PLYM",10.3144583333333,5.1352610176468
2024-10-31,"SHDG",7.11383333333333,7.98235350531933
2024-10-31,"SHE",6.19904166666667,8.16555597231574
2024-10-31,"BEL2",5.038375,8.9772643482214
2024-10-31,"GLKP",3.89754166666667,5.12962577864479
2024-10-31,"LECU",14.2391739130435,8.31127867350605
2024-10-31,"SUN2",3.03458333333333,6.42006200477774
2024-10-31,"TRAN",7.09116666666667,7.37960680847499
2024-10-31,"STOK",10.0667916666667,8.53362166668123
2024-10-31,"BEX",15.2791666666667,7.25807565841504
2024-10-31,"SEND",13.3455909090909,7.15918523767543
2024-10-31,"HUL2",9.99220833333333,8.20040921549666
2024-10-31,"PEMB",9.62858333333333,4.37221388539886
2024-10-31,"WFEN",12.8057391304348,6.78966460700874
2024-10-31,"OSY",12.6091666666667,7.94123798862382
2024-10-31,"ACTH",0.689833333333333,4.31360666724937
2024-10-31,"COPP",7.88333333333333,8.01995637362082
2024-11-01,"EB",10.6820833333333,7.80329501413291
2024-11-01,"IMGM",8.59183333333333,9.53175483808868
2024-11-01,"PRES",7.93825,11.4666446082001
2024-11-01,"BIRR",11.6185833333333,14.2743369408925
2024-11-01,"BLC2",5.04908333333333,10.8578069147055
2024-11-01,"BOTR",10.6865833333333,11.9872939648251
2024-11-01,"GHSR",4.97158333333333,6.61868774335203
2024-11-01,"LEAM",12.1642916666667,12.6791905715171
2024-11-01,"NPT3",8.96720833333333,11.5465782691349
2024-11-01,"REA1",12.20125,11.9943434807965
2024-11-01,"SOUT",16.363875,9.96630965957281
2024-11-01,"WREX",7.11779166666667,12.4645706379323
2024-11-01,"LEAR",11.1920416666667,12.2963777340398
2024-11-01,"PLYM",10.9552916666667,9.29525368847304
2024-11-01,"SHDG",10.8717083333333,12.372740652594
2024-11-01,"SHE",8.35391666666667,11.5265078617518
2024-11-01,"BEL2",6.849625,11.0167359802121
2024-11-01,"GLKP",2.69170833333333,6.21895190973232
2024-11-01,"LECU",13.1034166666667,12.7949283830977
2024-11-01,"SUN2",3.11820833333333,7.74681978129703
2024-11-01,"TRAN",5.71058333333333,13.0335032757701
2024-11-01,"STOK",11.6205833333333,13.7641097297417
2024-11-01,"BEX",17.32325,12.7315712625836
2024-11-01,"SEND",14.8546666666667,12.2028882454407
2024-11-01,"HUL2",8.009,10.5404993890693
2024-11-01,"PEMB",9.597125,10.4952827642335
2024-11-01,"WFEN",15.2457083333333,11.0635420708132
2024-11-01,"OSY",13.62425,10.7399265231607
2024-11-01,"ACTH",1.24808333333333,5.20853785215712
2024-11-01,"COPP",7.81554166666667,13.9898071604973
2024-11-02,"EB",8.28820833333333,10.2041181028243
2024-11-02,"IMGM",7.421375,8.32553722988616
2024-11-02,"PRES",12.4007916666667,10.0964061337946
2024-11-02,"BIRR",11.9409583333333,13.5897615556111
2024-11-02,"BLC2",12.4842083333333,9.09570982094448
2024-11-02,"BOTR",19.7445416666667,12.1441111155335
2024-11-02,"GHSR",4.26783333333333,5.89686050581151
2024-11-02,"LEAM",7.34283333333333,14.2039548911094
2024-11-02,"NPT3",13.0071666666667,13.6857098202245
2024-11-02,"REA1",11.539,13.0381946846677
2024-11-02,"SOUT",11.814125,12.2008760947645
2024-11-02,"WREX",12.4508333333333,11.9303607430616
2024-11-02,"LEAR",7.06866666666667,13.9440247579598
2024-11-02,"PLYM",12.7673333333333,10.6552576146018
2024-11-02,"SHDG",14.208125,9.22258159738444
2024-11-02,"SHE",9.68166666666667,8.55901085947797
2024-11-02,"BEL2",10.0088333333333,8.33950124121704
2024-11-02,"GLKP",3.6095,5.13777719228089
2024-11-02,"LECU",6.47204166666667,12.1137355848717
2024-11-02,"SUN2",5.20245833333333,6.67586402176434
2024-11-02,"TRAN",17.4391666666667,10.1691708086853
2024-11-02,"STOK",11.333625,13.2182810991273
2024-11-02,"BEX",9.06841666666667,15.2672484893707
2024-11-02,"SEND",6.34141666666667,15.751361352697
2024-11-02,"HUL2",5.70175,8.66746869958761
2024-11-02,"PEMB",10.4687916666667,8.80936164410107
2024-11-02,"WFEN",6.3465,12.5532179436533
2024-11-02,"OSY",5.17304166666667,15.4631645243749
2024-11-02,"ACTH",4.62370833333333,2.951829310853
2024-11-02,"COPP",15.368625,12.5336260534993
2024-11-03,"EB",9.02725,16.6097543584677
2024-11-03,"IMGM",8.26641666666667,17.7158660613584
2024-11-03,"PRES",13.467,11.5754205630772
2024-11-03,"BIRR",11.2097916666667,15.1633260844024
2024-11-03,"BLC2",15.4000416666667,12.7660101346534
2024-11-03,"BOTR",16.8004166666667,16.5128167465573
2024-11-03,"GHSR",3.15941666666667,2.05452393940298
2024-11-03,"LEAM",9.56370833333333,14.0482692476837
2024-11-03,"NPT3",13.811,15.2366291928118
2024-11-03,"REA1",14.9125416666667,17.6167662280822
2024-11-03,"SOUT",12.553125,13.9069856974348
2024-11-03,"WREX",16.7139166666667,15.6817775644161
2024-11-03,"LEAR",9.5245,13.1998393490008
2024-11-03,"PLYM",11.2490416666667,14.3133622919797
2024-11-03,"SHDG",12.5777083333333,16.8339890113117
2024-11-03,"SHE",9.97945833333333,16.9272806908862
2024-11-03,"BEL2",9.89191666666667,11.4016028686425
2024-11-03,"GLKP",3.01604166666667,1.48793785813854
2024-11-03,"LECU",9.47629166666667,14.6808263282326
2024-11-03,"SUN2",11.9074583333333,11.7096503209937
2024-11-03,"TRAN",14.7022916666667,14.9542758844092
2024-11-03,"STOK",12.6013333333333,14.6392883025894
2024-11-03,"BEX",14.5873333333333,20.9894654200313
2024-11-03,"SEND",13.5151666666667,19.3114517054263
2024-11-03,"HUL2",8.69108333333333,17.5603431371591
2024-11-03,"PEMB",9.40354166666667,12.9286649633036
2024-11-03,"WFEN",12.2680833333333,16.4748521066167
2024-11-03,"OSY",9.21591666666667,18.2250773071773
2024-11-03,"ACTH",0.996458333333333,4.09234737153131
2024-11-03,"COPP",13.8797916666667,15.1094768914498
2024-11-04,"EB",15.368625,13.4091504071064
2024-11-04,"IMGM",16.4201666666667,16.87762206814
2024-11-04,"PRES",22.6365833333333,9.79482567245267
2024-11-04,"BIRR",21.716875,14.0705388874671
2024-11-04,"BLC2",22.3831666666667,10.5780853211295
2024-11-04,"BOTR",23.4897083333333,14.7728868654858
2024-11-04,"GHSR",7.81945833333333,3.34633944159257
2024-11-04,"LEAM",21.0319166666667,12.0861878158751
2024-11-04,"NPT3",15.4334583333333,12.261621707052
2024-11-04,"REA1",18.7372916666667,13.6969140509338
2024-11-04,"SOUT",14.4605833333333,12.9368540133494
2024-11-04,"WREX",23.8837916666667,13.3241819330042
2024-11-04,"LEAR",20.2782083333333,11.8356716964809
2024-11-04,"PLYM",15.907125,12.3079493972391
2024-11-04,"SHDG",24.2915416666667,15.6818952690933
2024-11-04,"SHE",20.8353333333333,15.2124141580344
2024-11-04,"BEL2",12.3467916666667,8.07581027027511
2024-11-04,"GLKP",7.876375,3.01214627592261
2024-11-04,"LECU",17.3330416666667,13.0860253970394
2024-11-04,"SUN2",14.9824166666667,14.3000457851637
2024-11-04,"TRAN",22.6367083333333,12.4525343408775
2024-11-04,"STOK",23.3069166666667,13.3439820361224
2024-11-04,"BEX",18.620375,15.878645291989
2024-11-04,"SEND",17.3546666666667,13.756365441225
2024-11-04,"HUL2",19.0989166666667,17.3896847680691
2024-11-04,"PEMB",11.951625,9.55616658028551
2024-11-04,"WFEN",19.000625,14.237753815389
2024-11-04,"OSY",14.5214583333333,12.6024931712029
2024-11-04,"ACTH",8.0975,3.68146213008798
2024-11-04,"COPP",22.8349166666667,12.7119810783177
2024-11-05,"EB",26.1292916666667,13.2278342171874
2024-11-05,"IMGM",27.3389583333333,19.367668670165
2024-11-05,"PRES",25.3795,16.056747484226
2024-11-05,"BIRR",21.177375,18.8333073442121
2024-11-05,"BLC2",31.7719166666667,17.4262951161616
2024-11-05,"BOTR",30.0670416666667,19.1369169161442
2024-11-05,"GHSR",24.6916666666667,8.91656641554336
2024-11-05,"LEAM",20.58775,17.0376066024618
2024-11-05,"NPT3",26.6136666666667,14.4844629656677
2024-11-05,"REA1",28.5968333333333,14.5447290389059
2024-11-05,"SOUT",24.38,13.0778341575703
2024-11-05,"WREX",25.5524166666667,18.757452956384
2024-11-05,"LEAR",19.5647916666667,16.479297738405
2024-11-05,"PLYM",19.502875,16.0716825474276
2024-11-05,"SHDG",27.338875,22.5646831208201
2024-11-05,"SHE",27.1010833333333,19.8457656029462
2024-11-05,"BEL2",19.4645416666667,15.6072147741127
2024-11-05,"GLKP",26.883875,8.34641808614246
2024-11-05,"LECU",26.27075,16.8940165242439
2024-11-05,"SUN2",31.4890416666667,17.8736261782063
2024-11-05,"TRAN",25.372625,18.691317391564
2024-11-05,"STOK",25.5396666666667,17.8042340789466
2024-11-05,"BEX",33.337375,14.9159751391754
2024-11-05,"SEND",27.4057916666667,12.6622221874789
2024-11-05,"HUL2",36.3661666666667,20.0332799209549
2024-11-05,"PEMB",14.9715833333333,13.3438101587751
2024-11-05,"WFEN",22.9314583333333,14.2756829520029
2024-11-05,"OSY",21.8455833333333,11.5627407725953
2024-11-05,"ACTH",13.7589166666667,8.08938562908123
2024-11-05,"COPP",22.1433333333333,17.5253127936482
2024-11-06,"EB",15.4620416666667,18.6349178808357
2024-11-06,"IMGM",19.7505,23.4037984563338
2024-11-06,"PRES",18.7245416666667,13.235057371844
2024-11-06,"BIRR",16.4328333333333,15.7732233611315
2024-11-06,"BLC2",22.3664583333333,16.5723448651912
2024-11-06,"BOTR",16.83175,17.0311544214006
2024-11-06,"GHSR",12.4734583333333,14.3902771061579
2024-11-06,"LEAM",11.697125,12.2971283846446
2024-11-06,"NPT3",18.6204166666667,14.8246284632057
2024-11-06,"REA1",11.026,14.3040033672885
2024-11-06,"SOUT",10.8737083333333,15.8099854896362
2024-11-06,"WREX",15.89825,12.4015335346789
2024-11-06,"LEAR",11.0064166666667,12.1233265045795
2024-11-06,"PLYM",12.1639583333333,16.0146499052453
2024-11-06,"SHDG",18.468,19.9883794990063
2024-11-06,"SHE",21.575375,21.0969961372133
2024-11-06,"BEL2",9.07629166666667,11.4598591836999
2024-11-06,"GLKP",12.780125,14.6379243215269
2024-11-06,"LECU",11.9153333333333,16.7928926853764
2024-11-06,"SUN2",23.6547916666667,19.0196828648364
2024-11-06,"TRAN",16.5941666666667,15.2920005201948
2024-11-06,"STOK",24.0715,16.9699578887617
2024-11-06,"BEX",28.7540416666667,20.4636227865516
2024-11-06,"SEND",16.2912916666667,17.9966521271611
2024-11-06,"HUL2",30.1299166666667,24.7794953137088
2024-11-06,"PEMB",14.1108333333333,9.27515221658885
2024-11-06,"WFEN",15.4825833333333,16.9002269125695
2024-11-06,"OSY",20.96025,15.7101653809247
2024-11-06,"ACTH",5.44516666666667,8.75139884643626
2024-11-06,"COPP",19.3779583333333,13.7966877444106
2024-11-07,"EB",13.7314583333333,11.7037929386407
2024-11-07,"IMGM",14.9430833333333,21.1138563539716
2024-11-07,"PRES",9.63445833333333,13.2707358289611
2024-11-07,"BIRR",14.774,12.4300223750738
2024-11-07,"BLC2",10.5219583333333,18.5614736351245
2024-11-07,"BOTR",15.2162916666667,14.6546769911813
2024-11-07,"GHSR",5.93854166666667,11.7797900524548
2024-11-07,"LEAM",14.6267083333333,12.3147742675817
2024-11-07,"NPT3",12.7240833333333,13.7515434401709
2024-11-07,"REA1",16.0997083333333,10.0985813399282
2024-11-07,"SOUT",17.1738333333333,8.71115311862482
2024-11-07,"WREX",8.74808333333333,10.6639525765241
2024-11-07,"LEAR",14.4320833333333,11.6805836305226
2024-11-07,"PLYM",17.6425416666667,10.0106225071907
2024-11-07,"SHDG",13.1594583333333,19.0693665070552
2024-11-07,"SHE",12.26125,18.5515756008182
2024-11-07,"BEL2",9.940125,6.71307431241989
2024-11-07,"GLKP",5.52966666666667,11.5934711889483
2024-11-07,"LECU",13.502375,14.6729206565298
2024-11-07,"SUN2",15.98575,17.6336457324155
2024-11-07,"TRAN",10.407,10.5460485889892
2024-11-07,"STOK",12.9500833333333,15.2535464106659
2024-11-07,"BEX",20.3864285714286,17.9082851155379
2024-11-07,"SEND",23.6685833333333,15.1151939370004
2024-11-07,"HUL2",15.3213333333333,21.8765280650874
2024-11-07,"PEMB",15.5425,6.72636276560273
2024-11-07,"WFEN",21.7415,13.9805591361292
2024-11-07,"OSY",21.2687916666667,18.5845927828485
2024-11-07,"ACTH",4.61579166666667,8.33633388264057
2024-11-07,"COPP",12.4872083333333,11.4268717667144
2024-11-08,"EB",15.2437083333333,12.7352107079298
2024-11-08,"IMGM",19.3504583333333,12.4326286682735
2024-11-08,"PRES",23.6959583333333,9.38433300400644
2024-11-08,"BIRR",24.8979166666667,14.0594887958945
2024-11-08,"BLC2",23.3638333333333,10.5535116545003
2024-11-08,"BOTR",25.4373333333333,12.5553214627796
2024-11-08,"GHSR",11.571375,8.02683608556743
2024-11-08,"LEAM",23.25775,14.2144445011255
2024-11-08,"NPT3",17.9432916666667,11.810793752026
2024-11-08,"REA1",24.7927083333333,12.8018409923681
2024-11-08,"SOUT",18.7402916666667,10.5255554641315
2024-11-08,"WREX",23.6213333333333,13.0515171125019
2024-11-08,"LEAR",22.996375,14.0087680522372
2024-11-08,"PLYM",12.1050416666667,13.1327725603896
2024-11-08,"SHDG",25.3577916666667,12.4542846267486
2024-11-08,"SHE",22.5935,10.7278290962964
2024-11-08,"BEL2",16.99,9.29832192130993
2024-11-08,"GLKP",11.3552083333333,7.72773567387029
2024-11-08,"LECU",22.2957083333333,12.914768980106
2024-11-08,"SUN2",28.7922916666667,12.4825992184608
2024-11-08,"TRAN",23.3855,11.1126993781986
2024-11-08,"STOK",25.7744583333333,12.1064670573636
2024-11-08,"BEX",23.0268333333333,16.0640807130867
2024-11-08,"SEND",18.114375,17.1646848579642
2024-11-08,"HUL2",22.4342083333333,12.8460675493801
2024-11-08,"PEMB",10.9611666666667,10.8794515378437
2024-11-08,"WFEN",21.5685,15.3406349088408
2024-11-08,"OSY",19.5227142857143,17.2015184824853
2024-11-08,"ACTH",12.7997916666667,5.79224048250036
2024-11-08,"COPP",25.5023333333333,11.6374893744327
2024-11-09,"EB",15.24075,14.4445041093337
2024-11-09,"IMGM",18.7058333333333,25.798869556571
2024-11-09,"PRES",27.0332916666667,20.8640074946589
2024-11-09,"BIRR",29.5559583333333,22.4807831070493
2024-11-09,"BLC2",30.9297916666667,21.8988321828303
2024-11-09,"BOTR",29.036125,23.3357740447485
2024-11-09,"GHSR",17.3723333333333,16.4742679772189
2024-11-09,"LEAM",25.139625,20.3909296482303
2024-11-09,"NPT3",34.0322083333333,18.3374718836992
2024-11-09,"REA1",23.754,19.4381071658712
2024-11-09,"SOUT",22.082375,15.8407095509574
2024-11-09,"WREX",32.616125,21.7025226677359
2024-11-09,"LEAR",23.7864166666667,19.8848848730283
2024-11-09,"PLYM",19.6796666666667,13.214941348804
2024-11-09,"SHDG",21.81325,27.0031320965143
2024-11-09,"SHE",22.0332916666667,24.5778313662679
2024-11-09,"BEL2",31.5784583333333,19.9042490409739
2024-11-09,"GLKP",16.7836666666667,16.1468702634304
2024-11-09,"LECU",23.5977916666667,21.8278747006403
2024-11-09,"SUN2",8.870875,25.7077506513031
2024-11-09,"TRAN",34.047,22.8934672084726
2024-11-09,"STOK",32.3615416666667,22.9657382772759
2024-11-09,"BEX",25.4089166666667,19.8322800170746
2024-11-09,"SEND",23.419875,18.1045771066132
2024-11-09,"HUL2",12.553125,27.7358915523593
2024-11-09,"PEMB",22.29375,13.7893306925549
2024-11-09,"WFEN",24.3780416666667,20.1721870457469
2024-11-09,"OSY",20.3322916666667,17.9424864293969
2024-11-09,"ACTH",10.5179166666667,14.1604221926066
2024-11-09,"COPP",35.794125,24.1058898222334
2024-11-10,"EB",15.398,16.5295961617748
2024-11-10,"IMGM",23.997875,29.2597088096554
2024-11-10,"PRES",19.8682916666667,17.3256215667988
2024-11-10,"BIRR",18.2155416666667,25.5015686553153
2024-11-10,"BLC2",20.6525833333333,19.8218849460873
2024-11-10,"BOTR",20.9709583333333,24.6473831582507
2024-11-10,"GHSR",12.4430833333333,12.173017107258
2024-11-10,"LEAM",18.8100833333333,24.7672807754471
2024-11-10,"NPT3",25.4452916666667,20.759150793712
2024-11-10,"REA1",19.7151666666667,20.7579346223322
2024-11-10,"SOUT",14.247375,19.9939702145564
2024-11-10,"WREX",12.4254166666667,23.5592899044675
2024-11-10,"LEAR",18.1318333333333,23.3319414951538
2024-11-10,"PLYM",12.3496666666667,16.9792194051415
2024-11-10,"SHDG",18.3650416666667,25.3784167800297
2024-11-10,"SHE",20.1101666666667,26.4305958212194
2024-11-10,"BEL2",11.7797916666667,18.7416469301679
2024-11-10,"GLKP",11.8790416666667,11.3191712081803
2024-11-10,"LECU",20.751875,26.8885969802743
2024-11-10,"SUN2",8.608625,21.9509879998304
2024-11-10,"TRAN",19.1057916666667,23.0746171032701
2024-11-10,"STOK",22.4058333333333,23.1733564915065
2024-11-10,"BEX",21.33275,26.521867229454
2024-11-10,"SEND",22.712375,21.7971336489646
2024-11-10,"HUL2",27.8952083333333,29.8593047229876
2024-11-10,"PEMB",8.47491666666667,17.6628837313013
2024-11-10,"WFEN",21.2245416666667,23.872821573626
2024-11-10,"OSY",21.2598333333333,23.0069594853028
2024-11-10,"ACTH",6.67266666666667,11.6558942128876
2024-11-10,"COPP",18.8041666666667,24.8709815077169
2024-11-11,"EB",8.797125,7.50488933789349
2024-11-11,"IMGM",6.53408333333333,12.5780164427211
2024-11-11,"PRES",10.6270416666667,10.719475686171
2024-11-11,"BIRR",10.5995416666667,15.7857825866085
2024-11-11,"BLC2",9.193125,11.6551643492793
2024-11-11,"BOTR",9.02133333333333,13.6260161593388
2024-11-11,"GHSR",9.50679166666667,9.3737190624112
2024-11-11,"LEAM",9.02625,15.2836110493299
2024-11-11,"NPT3",9.37116666666667,10.0558652173891
2024-11-11,"REA1",8.68525,10.3024991192162
2024-11-11,"SOUT",7.34379166666667,11.0220522256917
2024-11-11,"WREX",8.388375,10.5151453059776
2024-11-11,"LEAR",8.49654166666667,15.0412080483673
2024-11-11,"PLYM",10.5209583333333,7.51569620505232
2024-11-11,"SHDG",9.24245833333333,11.0348180459182
2024-11-11,"SHE",7.50304166666667,13.3954122255681
2024-11-11,"BEL2",12.9354166666667,13.5306553048863
2024-11-11,"GLKP",9.1825,8.19276379164727
2024-11-11,"LECU",9.45366666666667,16.6157935484777
2024-11-11,"SUN2",7.27308333333333,10.4223093428704
2024-11-11,"TRAN",9.88504166666667,11.2102213239835
2024-11-11,"STOK",11.419,14.6267240497899
2024-11-11,"BEX",9.16675,13.6574661539127
2024-11-11,"SEND",8.25870833333333,11.3173929324175
2024-11-11,"HUL2",7.70541666666667,14.6737143816759
2024-11-11,"PEMB",6.39445833333333,2.95704177639003
2024-11-11,"WFEN",7.96983333333333,13.3166947297091
2024-11-11,"OSY",8.16529166666667,10.5610554201217
2024-11-11,"ACTH",5.86770833333333,5.60170115578644
2024-11-11,"COPP",10.425625,13.5733740772433
2024-11-12,"EB",4.79175,6.39558706613759
2024-11-12,"IMGM",10.6800833333333,9.3077037587362
2024-11-12,"PRES",13.447375,9.46148182545503
2024-11-12,"BIRR",10.4540833333333,11.1505458238325
2024-11-12,"BLC2",10.1709166666667,9.35205515181359
2024-11-12,"BOTR",8.86408333333333,10.103277666592
2024-11-12,"GHSR",10.3361666666667,8.55819942664785
2024-11-12,"LEAM",8.22533333333333,9.52888342015547
2024-11-12,"NPT3",7.97070833333333,8.41102750351885
2024-11-12,"REA1",6.686375,7.86364715613377
2024-11-12,"SOUT",6.80033333333333,8.14023923133055
2024-11-12,"WREX",9.22570833333333,8.80466879244619
2024-11-12,"LEAR",7.464625,9.30754193484068
2024-11-12,"PLYM",6.68345833333333,8.15659992209964
2024-11-12,"SHDG",10.7017083333333,9.85164219913321
2024-11-12,"SHE",10.6752083333333,9.76807655806659
2024-11-12,"BEL2",19.4615833333333,11.5838903752272
2024-11-12,"GLKP",10.282125,8.11605577595946
2024-11-12,"LECU",8.718625,10.1891965377523
2024-11-12,"SUN2",10.5346666666667,8.28066412020256
2024-11-12,"TRAN",13.420875,9.68706501433043
2024-11-12,"STOK",12.6139583333333,10.6635836034713
2024-11-12,"BEX",6.423,8.07511560779439
2024-11-12,"SEND",5.52579166666667,7.66051722090399
2024-11-12,"HUL2",10.789125,10.3811263616017
2024-11-12,"PEMB",5.95129166666667,6.59117531705097
2024-11-12,"WFEN",5.95420833333333,7.71083823361652
2024-11-12,"OSY",4.9354347826087,7.34348090468247
2024-11-12,"ACTH",3.02879166666667,5.76320718002172
2024-11-12,"COPP",13.1034166666667,11.1986006472202
2024-11-13,"EB",9.50079166666667,3.74747270384848
2024-11-13,"IMGM",12.341875,8.73128393125307
2024-11-13,"PRES",16.556625,8.75653816575153
2024-11-13,"BIRR",15.9975,11.2026296794707
2024-11-13,"BLC2",11.4219583333333,7.68030247857512
2024-11-13,"BOTR",11.8720833333333,9.77634501268688
2024-11-13,"GHSR",3.69591666666667,8.51266310895958
2024-11-13,"LEAM",15.121,9.42931206247477
2024-11-13,"NPT3",12.012625,5.21009796362022
2024-11-13,"REA1",9.79720833333333,6.80525182683593
2024-11-13,"SOUT",8.10241666666667,5.65977283699414
2024-11-13,"WREX",8.184,9.13112763876987
2024-11-13,"LEAR",13.8237083333333,8.77998124248047
2024-11-13,"PLYM",11.0202083333333,1.5960028719051
2024-11-13,"SHDG",8.03466666666667,10.2441054722734
2024-11-13,"SHE",10.9189166666667,10.3886671019489
2024-11-13,"BEL2",8.79729166666667,13.2501121829976
2024-11-13,"GLKP",2.935375,8.02918893683477
2024-11-13,"LECU",15.326375,9.60043062416457
2024-11-13,"SUN2",5.6575,8.01287716100448
2024-11-13,"TRAN",8.30775,9.86181085853721
2024-11-13,"STOK",14.9323333333333,9.94455463427272
2024-11-13,"BEX",9.88995833333333,8.73256342474213
2024-11-13,"SEND",9.49295833333333,8.24081297202155
2024-11-13,"HUL2",15.5100833333333,9.81974708301845
2024-11-13,"PEMB",6.918375,4.00426614621979
2024-11-13,"WFEN",9.9175,7.62536054084559
2024-11-13,"OSY",8.10145833333333,8.03400226444221
2024-11-13,"ACTH",1.68433333333333,5.62340463392759
2024-11-13,"COPP",15.4412916666667,11.6440496656993
2024-11-14,"EB",14.483125,1.69170455304251
2024-11-14,"IMGM",9.44191666666667,4.96301715397574
2024-11-14,"PRES",7.91966666666667,8.09172842639533
2024-11-14,"BIRR",12.705375,8.42146137074265
2024-11-14,"BLC2",11.0495,6.50335241569564
2024-11-14,"BOTR",9.90179166666667,6.62677401171484
2024-11-14,"GHSR",5.29983333333333,4.86153092641421
2024-11-14,"LEAM",9.218875,7.02655165488698
2024-11-14,"NPT3",10.188875,3.48583144440491
2024-11-14,"REA1",10.959125,3.71549012533572
2024-11-14,"SOUT",12.9256666666667,4.76342251608745
2024-11-14,"WREX",10.0560416666667,5.63212783766727
2024-11-14,"LEAR",8.18491666666667,6.76695911037237
2024-11-14,"PLYM",8.12504166666667,3.11672801117282
2024-11-14,"SHDG",10.56025,5.09216085420337
2024-11-14,"SHE",10.5503333333333,6.66425754648589
2024-11-14,"BEL2",4.354375,11.0294608499791
2024-11-14,"GLKP",4.22558333333333,3.8745703396768
2024-11-14,"LECU",9.4675,7.28045171135377
2024-11-14,"SUN2",9.16279166666667,5.24637672137942
2024-11-14,"TRAN",13.1152083333333,6.59378585993618
2024-11-14,"STOK",11.697125,7.63689228453768
2024-11-14,"BEX",14.11175,4.56366606146857
2024-11-14,"SEND",12.6514583333333,4.34523415402107
2024-11-14,"HUL2",10.9660416666667,6.83748267642712
2024-11-14,"PEMB",5.51495833333333,1.95596685455852
2024-11-14,"WFEN",11.693375,4.62396981155232
2024-11-14,"OSY",10.342,3.56228845166279
2024-11-14,"ACTH",2.19920833333333,2.55712190839842
2024-11-14,"COPP",13.0121666666667,9.06573674279479
2024-11-15,"EB",10.0484583333333,10.498931500119
2024-11-15,"IMGM",11.9762916666667,11.0807661911957
2024-11-15,"PRES",9.77791666666667,7.9977728183132
2024-11-15,"BIRR",15.15725,11.7310848118476
2024-11-15,"BLC2",7.55604166666667,9.37273541714061
2024-11-15,"BOTR",13.1565,10.3568196782957
2024-11-15,"GHSR",1.963375,6.12154105180271
2024-11-15,"LEAM",13.6115,10.8498678987449
2024-11-15,"NPT3",13.9505833333333,9.46706429293635
2024-11-15,"REA1",14.9606666666667,11.0731817044778
2024-11-15,"SOUT",11.91725,10.6275698768517
2024-11-15,"WREX",11.7187083333333,9.44201266211414
2024-11-15,"LEAR",12.71725,10.2585665955672
2024-11-15,"PLYM",12.54825,9.22266399604289
2024-11-15,"SHDG",11.2579583333333,11.0485367664807
2024-11-15,"SHE",10.7647083333333,10.354250136671
2024-11-15,"BEL2",5.32229166666667,10.2404804532232
2024-11-15,"GLKP",1.537125,5.39015951036748
2024-11-15,"LECU",12.5806666666667,11.8556068523563
2024-11-15,"SUN2",2.71825,7.53174275712098
2024-11-15,"TRAN",6.68920833333333,8.83500058461736
2024-11-15,"STOK",14.0546666666667,10.8424922699439
2024-11-15,"BEX",14.1392083333333,13.338202748866
2024-11-15,"SEND",10.9217916666667,11.1609463193938
2024-11-15,"HUL2",16.1902083333333,11.4295840066181
2024-11-15,"PEMB",8.63995833333333,7.73153050254126
2024-11-15,"WFEN",10.89325,8.93052012048334
2024-11-15,"OSY",9.25125,10.2164326651159
2024-11-15,"ACTH",0.8225,4.71224988808099
2024-11-15,"COPP",11.229375,10.5622162093609
2024-11-16,"EB",8.97608333333333,7.442175969753
2024-11-16,"IMGM",5.97679166666667,11.544511608931
2024-11-16,"PRES",5.14441666666667,12.4133863126782
2024-11-16,"BIRR",7.55108333333333,14.7803311931978
2024-11-16,"BLC2",5.72029166666667,12.3531278915986
2024-11-16,"BOTR",5.551375,13.4217116191154
2024-11-16,"GHSR",6.30116666666667,4.66069406494072
2024-11-16,"LEAM",9.59025,12.4415550052888
2024-11-16,"NPT3",10.960125,11.3319874094043
2024-11-16,"REA1",11.569375,10.578777530143
2024-11-16,"SOUT",10.3665833333333,9.98788153870909
2024-11-16,"WREX",3.429625,12.8616601001126
2024-11-16,"LEAR",9.032125,12.1503463371697
2024-11-16,"PLYM",10.3244166666667,11.496041419669
2024-11-16,"SHDG",4.33470833333333,15.0318364381814
2024-11-16,"SHE",3.83558333333333,14.1403159010098
2024-11-16,"BEL2",7.3105,11.560126130235
2024-11-16,"GLKP",5.22108333333333,3.94596759969771
2024-11-16,"LECU",6.997875,12.5770179938412
2024-11-16,"SUN2",4.04083333333333,10.4490444740467
2024-11-16,"TRAN",4.41825,12.9556046644242
2024-11-16,"STOK",5.19566666666667,14.2959831204842
2024-11-16,"BEX",12.9914166666667,11.5598941963147
2024-11-16,"SEND",12.8046666666667,9.47026986995189
2024-11-16,"HUL2",6.53795833333333,13.001587427068
2024-11-16,"PEMB",3.867,8.672164846774
2024-11-16,"WFEN",9.10283333333333,10.4401304739016
2024-11-16,"OSY",12.1158333333333,7.7963596628296
2024-11-16,"ACTH",3.79325,4.31185224751784
2024-11-16,"COPP",4.99504166666667,13.4652611029775
2024-11-17,"EB",3.2725,6.78562833805812
2024-11-17,"IMGM",3.530875,7.25778103605744
2024-11-17,"PRES",4.04295833333333,7.9831550208554
2024-11-17,"BIRR",4.03491666666667,10.0027969225917
2024-11-17,"BLC2",3.220375,8.21034782476809
2024-11-17,"BOTR",3.779625,8.57647996259774
2024-11-17,"GHSR",5.0305,6.46720999586571
2024-11-17,"LEAM",4.00458333333333,9.58735885691246
2024-11-17,"NPT3",4.329875,8.597208361294
2024-11-17,"REA1",4.07241666666667,9.00207475110394
2024-11-17,"SOUT",3.75008333333333,9.32354672308988
2024-11-17,"WREX",3.68420833333333,7.47205889994342
2024-11-17,"LEAR",4.61979166666667,9.30225563356147
2024-11-17,"PLYM",5.012875,9.62064117202673
2024-11-17,"SHDG",2.47933333333333,7.36275632705276
2024-11-17,"SHE",2.949125,7.79561485712944
2024-11-17,"BEL2",3.89041666666667,9.53501729820314
2024-11-17,"GLKP",4.54804166666667,5.84047873285368
2024-11-17,"LECU",3.85129166666667,9.87496117144953
2024-11-17,"SUN2",3.6665,6.62657432469233
2024-11-17,"TRAN",4.96166666666667,7.53857318457758
2024-11-17,"STOK",5.24575,9.51900337834916
2024-11-17,"BEX",4.316125,9.86550860946278
2024-11-17,"SEND",4.15,8.86286237325758
2024-11-17,"HUL2",3.69783333333333,8.57249186721975
2024-11-17,"PEMB",3.36283333333333,4.75622341099057
2024-11-17,"WFEN",3.67345833333333,9.03721368765027
2024-11-17,"OSY",3.64875,8.34070041199296
2024-11-17,"ACTH",2.272,4.79257574627447
2024-11-17,"COPP",5.05991666666667,9.1837664441627
2024-11-18,"EB",2.56595833333333,4.76995495444225
2024-11-18,"IMGM",6.671625,4.0862078645258
2024-11-18,"PRES",8.60947826086957,4.80168426676593
2024-11-18,"BIRR",7.87145833333333,5.89610591865747
2024-11-18,"BLC2",5.84908695652174,4.75844736402252
2024-11-18,"BOTR",6.32179166666667,4.34565846278821
2024-11-18,"GHSR",7.52266666666667,3.73409387592632
2024-11-18,"LEAM",7.59833333333333,4.76171321428054
2024-11-18,"NPT3",3.32254166666667,5.35782502333085
2024-11-18,"REA1",3.90133333333333,4.73029940478253
2024-11-18,"SOUT",2.68079166666667,6.0519434936717
2024-11-18,"WREX",5.201625,4.28865429032916
2024-11-18,"LEAR",7.31133333333333,4.90156615347709
2024-11-18,"PLYM",3.98783333333333,6.09755797788201
2024-11-18,"SHDG",5.76941666666667,4.26219624777728
2024-11-18,"SHE",5.49133333333333,4.47004317762974
2024-11-18,"BEL2",4.60108333333333,5.51652184512374
2024-11-18,"GLKP",7.50208333333333,3.43739800669875
2024-11-18,"LECU",6.17433333333333,4.59128163861307
2024-11-18,"SUN2",7.446,3.74885820146897
2024-11-18,"TRAN",6.15279166666667,4.2048669708738
2024-11-18,"STOK",8.19970833333333,5.18276602340106
2024-11-18,"BEX",5.574,4.90274511162272
2024-11-18,"SEND",4.613875,4.64400508942535
2024-11-18,"HUL2",7.93054166666667,4.79019169755306
2024-11-18,"PEMB",1.64604166666667,3.72753472094448
2024-11-18,"WFEN",7.48625,4.3273292944318
2024-11-18,"OSY",5.40391666666667,3.89801206451531
2024-11-18,"ACTH",2.50691666666667,2.10180044648585
2024-11-18,"COPP",8.35308333333333,5.3111330419592
2024-11-19,"EB",3.117125,3.72993277811943
2024-11-19,"IMGM",3.587875,7.09077817766578
2024-11-19,"PRES",6.31095833333333,7.2755921389222
2024-11-19,"BIRR",6.997875,8.57683931602356
2024-11-19,"BLC2",2.9815,7.07444107856781
2024-11-19,"BOTR",5.91008333333333,7.16961810938842
2024-11-19,"GHSR",6.30116666666667,5.92696155047646
2024-11-19,"LEAM",6.15866666666667,7.48138201251925
2024-11-19,"NPT3",3.03466666666667,4.51243051944453
2024-11-19,"REA1",5.17429166666667,4.77078395806861
2024-11-19,"SOUT",4.372,4.98092201461372
2024-11-19,"WREX",5.738125,7.66678556124631
2024-11-19,"LEAR",5.46395833333333,7.28130672821981
2024-11-19,"PLYM",4.87820833333333,3.52788903566798
2024-11-19,"SHDG",6.49666666666667,8.12054291834185
2024-11-19,"SHE",6.46033333333333,7.61056737801418
2024-11-19,"BEL2",6.116375,8.04702657123624
2024-11-19,"GLKP",5.03841666666667,5.77779935927238
2024-11-19,"LECU",5.918875,7.54737040449765
2024-11-19,"SUN2",5.06091666666667,6.25377022082862
2024-11-19,"TRAN",4.24241666666667,7.14807998967188
2024-11-19,"STOK",6.97720833333333,7.71648377127553
2024-11-19,"BEX",3.96220833333333,5.71374727173662
2024-11-19,"SEND",2.908875,5.00740780545301
2024-11-19,"HUL2",4.42116666666667,7.88134275849485
2024-11-19,"PEMB",1.85013043478261,3.02234660773772
2024-11-19,"WFEN",3.26566666666667,5.83560886171144
2024-11-19,"OSY",2.236625,5.08350648136196
2024-11-19,"ACTH",2.20716666666667,3.60850451208688
2024-11-19,"COPP",5.573875,8.43521539822792
2024-11-20,"EB",3.682125,4.56949122504103
2024-11-20,"IMGM",3.93370833333333,4.49649968362708
2024-11-20,"PRES",7.54625,6.595641852314
2024-11-20,"BIRR",4.84570833333333,8.01154337364904
2024-11-20,"BLC2",1.92216666666667,5.1463690832744
2024-11-20,"BOTR",4.913625,6.61794815619934
2024-11-20,"GHSR",3.74216666666667,4.11212211216471
2024-11-20,"LEAM",4.73566666666667,6.55766996509154
2024-11-20,"NPT3",5.158875,6.16711436929212
2024-11-20,"REA1",3.8895,6.32448780495812
2024-11-20,"SOUT",4.83295833333333,6.98243249793564
2024-11-20,"WREX",2.83916666666667,6.13366063181419
2024-11-20,"LEAR",4.74,6.30061591173462
2024-11-20,"PLYM",6.81008333333333,6.11433985997746
2024-11-20,"SHDG",3.15254166666667,5.74882530267483
2024-11-20,"SHE",3.5515,6.08270623847336
2024-11-20,"BEL2",5.26829166666667,8.26534740970211
2024-11-20,"GLKP",2.72204166666667,3.49014318057295
2024-11-20,"LECU",5.00291666666667,6.20543889863303
2024-11-20,"SUN2",2.8145,4.15259414432099
2024-11-20,"TRAN",2.850875,5.95035750460452
2024-11-20,"STOK",4.94204166666667,7.43491175480138
2024-11-20,"BEX",4.8625,6.10313818159483
2024-11-20,"SEND",4.44770833333333,5.37545916970218
2024-11-20,"HUL2",5.215125,5.73560461573495
2024-11-20,"PEMB",2.37225,3.77130474158639
2024-11-20,"WFEN",3.76958333333333,4.8827841200014
2024-11-20,"OSY",2.84879166666667,4.45081493395381
2024-11-20,"ACTH",1.6795,2.1746239646386
2024-11-20,"COPP",4.50475,8.0696490920318
2024-11-21,"EB",4.71891666666667,3.37463198682139
2024-11-21,"IMGM",5.34691666666667,2.33498338717541
2024-11-21,"PRES",5.969125,4.04838336495123
2024-11-21,"BIRR",12.3162916666667,5.30466965938473
2024-11-21,"BLC2",5.45108333333333,1.76903873767085
2024-11-21,"BOTR",6.41308333333333,4.09865817748679
2024-11-21,"GHSR",2.71325,1.28634933408476
2024-11-21,"LEAM",8.26654166666667,4.29124293013412
2024-11-21,"NPT3",6.19404166666667,4.05127239947663
2024-11-21,"REA1",5.91495833333333,4.22225893615033
2024-11-21,"SOUT",5.86666666666667,5.61586557951401
2024-11-21,"WREX",3.649875,3.28667082362196
2024-11-21,"LEAR",7.37133333333333,4.35414793812034
2024-11-21,"PLYM",4.57654166666667,3.95856333607956
2024-11-21,"SHDG",4.29445833333333,2.28535299126324
2024-11-21,"SHE",5.31445833333333,3.40787026479198
2024-11-21,"BEL2",5.49245833333333,5.13140073978816
2024-11-21,"GLKP",2.04591666666667,0.774186275252689
2024-11-21,"LECU",7.708375,3.90708900946693
2024-11-21,"SUN2",2.078375,2.86744014514346
2024-11-21,"TRAN",4.71208333333333,2.80100796720819
2024-11-21,"STOK",6.660875,4.84361238530854
2024-11-21,"BEX",7.40170833333333,5.12805305389363
2024-11-21,"SEND",7.66716666666667,5.43278318387386
2024-11-21,"HUL2",6.64029166666667,3.57559821981333
2024-11-21,"PEMB",2.55008333333333,1.14990563830511
2024-11-21,"WFEN",6.02,4.33086080913368
2024-11-21,"OSY",5.52970833333333,4.41481921616378
2024-11-21,"ACTH",1.10158333333333,0.389840757366835
2024-11-21,"COPP",4.99504166666667,5.29792476653477
2024-11-22,"EB",3.676375,1.79605649259079
2024-11-22,"IMGM",4.50570833333333,4.4736264448605
2024-11-22,"PRES",5.89333333333333,5.79689681551731
2024-11-22,"BIRR",4.59220833333333,7.15380806818218
2024-11-22,"BLC2",4.46245833333333,5.80652794831703
2024-11-22,"BOTR",4.2395,5.95285441312433
2024-11-22,"GHSR",3.89254166666667,4.2418817468483
2024-11-22,"LEAM",4.39270833333333,5.94163698528674
2024-11-22,"NPT3",10.1985416666667,3.25614898354713
2024-11-22,"REA1",5.406,4.46075259665122
2024-11-22,"SOUT",7.35545833333333,3.7517695983299
2024-11-22,"WREX",4.065625,4.37604384167263
2024-11-22,"LEAR",4.68554166666667,5.44736798966497
2024-11-22,"PLYM",7.18554166666667,3.76262235982729
2024-11-22,"SHDG",4.303375,5.59988183204191
2024-11-22,"SHE",4.23745833333333,5.96254076758599
2024-11-22,"BEL2",7.104,7.23049731300971
2024-11-22,"GLKP",3.05620833333333,3.63569078827323
2024-11-22,"LECU",4.31804166666667,6.49904808971899
2024-11-22,"SUN2",5.67525,5.44277719860558
2024-11-22,"TRAN",4.880125,5.78539497582364
2024-11-22,"STOK",4.29633333333333,6.14649167235259
2024-11-22,"BEX",5.68791666666667,4.76685660265526
2024-11-22,"SEND",4.852625,3.89100390133987
2024-11-22,"HUL2",5.3685,5.8443581737421
2024-11-22,"PEMB",3.95429166666667,2.70223905173041
2024-11-22,"WFEN",3.42670833333333,3.94665141157353
2024-11-22,"OSY",3.58381818181818,3.4954022691765
2024-11-22,"ACTH",1.38570833333333,3.20147536165978
2024-11-22,"COPP",4.31808333333333,6.6104969361081
2024-11-23,"EB",7.41758333333333,3.68630399144943
2024-11-23,"IMGM",3.779125,4.72704014300038
2024-11-23,"PRES",3.53583333333333,4.46953092101729
2024-11-23,"BIRR",3.84833333333333,5.83302802573181
2024-11-23,"BLC2",4.57058333333333,3.19596069189099
2024-11-23,"BOTR",3.33525,5.40802980221259
2024-11-23,"GHSR",3.69208333333333,2.93465209359231
2024-11-23,"LEAM",3.277375,5.39813039534052
2024-11-23,"NPT3",6.45829166666667,5.18396058720795
2024-11-23,"REA1",4.93125,5.82166352377111
2024-11-23,"SOUT",7.70825,6.56934938288169
2024-11-23,"WREX",3.18195833333333,3.52448096691741
2024-11-23,"LEAR",3.35595833333333,5.3167889022258
2024-11-23,"PLYM",19.1442916666667,4.01572210768226
2024-11-23,"SHDG",3.75104166666667,4.28761609827061
2024-11-23,"SHE",4.110625,5.29083805380459
2024-11-23,"BEL2",6.46525,5.13976104266806
2024-11-23,"GLKP",3.58983333333333,2.47726690495208
2024-11-23,"LECU",2.72308333333333,5.81914682040543
2024-11-23,"SUN2",5.00491666666667,5.40698722101575
2024-11-23,"TRAN",3.258625,3.7625672756865
2024-11-23,"STOK",3.67533333333333,5.76275837101744
2024-11-23,"BEX",5.61316666666667,7.17563989891734
2024-11-23,"SEND",5.10125,6.25702546076109
2024-11-23,"HUL2",5.04029166666667,5.94944891938801
2024-11-23,"PEMB",8.36179166666667,1.58225257515074
2024-11-23,"WFEN",3.98966666666667,5.8560360491513
2024-11-23,"OSY",6.15283333333333,5.567649977553
2024-11-23,"ACTH",1.90458333333333,1.97037652355417
2024-11-23,"COPP",2.99233333333333,5.90871234488656
2024-11-24,"EB",9.05958333333333,7.54097398041204
2024-11-24,"IMGM",3.15354166666667,5.74295536244929
2024-11-24,"PRES",4.36525,6.22465435074472
2024-11-24,"BIRR",4.06941666666667,6.58934474733994
2024-11-24,"BLC2",6.98516666666667,7.56938928121417
2024-11-24,"BOTR",3.08966666666667,6.17792503677289
2024-11-24,"GHSR",5.49820833333333,4.14190984708948
2024-11-24,"LEAM",4.8575,5.45525592935364
2024-11-24,"NPT3",6.70104166666667,8.17657895827795
2024-11-24,"REA1",10.8353333333333,6.30460722777643
2024-11-24,"SOUT",12.8920416666667,7.75298270345723
2024-11-24,"WREX",4.134375,5.58423276166305
2024-11-24,"LEAR",4.67083333333333,5.25913847651518
2024-11-24,"PLYM",18.1633333333333,13.6248525603495
2024-11-24,"SHDG",1.872,6.51922224883521
2024-11-24,"SHE",2.013625,5.74655406613871
2024-11-24,"BEL2",5.54545833333333,7.54123323958559
2024-11-24,"GLKP",5.2025,3.8606622584313
2024-11-24,"LECU",4.08520833333333,4.93648153651411
2024-11-24,"SUN2",3.82870833333333,4.75538660804791
2024-11-24,"TRAN",4.34066666666667,5.95723611340885
2024-11-24,"STOK",2.33983333333333,6.11891484745118
2024-11-24,"BEX",10.0550833333333,6.45874911125936
2024-11-24,"SEND",9.54895833333333,6.48740178967969
2024-11-24,"HUL2",3.33929166666667,6.39878003760618
2024-11-24,"PEMB",8.76279166666667,8.58491339126878
2024-11-24,"WFEN",8.99175,4.69623686825135
2024-11-24,"OSY",11.5222916666667,6.57573291645137
2024-11-24,"ACTH",3.82179166666667,2.62997010221357
2024-11-24,"COPP",2.79870833333333,6.00743977945225
2024-11-25,"EB",5.30954166666667,10.9426725860916
2024-11-25,"IMGM",4.09691666666667,9.0938892600148
2024-11-25,"PRES",5.72633333333333,9.04948988573858
2024-11-25,"BIRR",5.288875,10.4061847533059
2024-11-25,"BLC2",7.41458333333333,11.1845879969515
2024-11-25,"BOTR",4.315125,9.05778586014132
2024-11-25,"GHSR",4.2285,6.52626739050985
2024-11-25,"LEAM",4.8625,8.941000919407
2024-11-25,"NPT3",5.98275,12.1816626199316
2024-11-25,"REA1",5.95329166666667,10.1143458032937
2024-11-25,"SOUT",6.68141666666667,11.3223479020865
2024-11-25,"WREX",4.63145833333333,10.4735148306404
2024-11-25,"LEAR",4.60595833333333,8.77799498401756
2024-11-25,"PLYM",8.88270833333333,16.32785744167
2024-11-25,"SHDG",4.15191666666667,9.68316969972907
2024-11-25,"SHE",4.49591666666667,8.52118350245442
2024-11-25,"BEL2",4.81920833333333,9.12244654714415
2024-11-25,"GLKP",3.87391666666667,6.30749626142546
2024-11-25,"LECU",4.47129166666667,8.4667565032845
2024-11-25,"SUN2",4.83891666666667,7.12928867837281
2024-11-25,"TRAN",3.93766666666667,10.2184049794833
2024-11-25,"STOK",4.33183333333333,9.85071756347384
2024-11-25,"BEX",5.93941666666667,10.0253187486365
2024-11-25,"SEND",4.892875,10.0350169764236
2024-11-25,"HUL2",5.40195833333333,9.58082975818846
2024-11-25,"PEMB",5.14341666666667,12.2775311625108
2024-11-25,"WFEN",4.43404166666667,9.18044430197331
2024-11-25,"OSY",5.33116666666667,10.6480647009293
2024-11-25,"ACTH",2.45966666666667,5.26553205510835
2024-11-25,"COPP",4.59904166666667,10.1261924107397
2024-11-26,"EB",6.14983333333333,6.33602997273186
2024-11-26,"IMGM",5.304625,6.1896254960507
2024-11-26,"PRES",10.5945833333333,6.52493336265103
2024-11-26,"BIRR",11.2687083333333,6.61168772684482
2024-11-26,"BLC2",6.58808333333333,7.70788061704284
2024-11-26,"BOTR",8.75204166666667,6.03968415810222
2024-11-26,"GHSR",6.51833333333333,4.8531547808546
2024-11-26,"LEAM",5.46391666666667,5.34728262321565
2024-11-26,"NPT3",6.40041666666667,6.68778365398302
2024-11-26,"REA1",7.15520833333333,5.85230479678953
2024-11-26,"SOUT",6.9655,6.86921902499995
2024-11-26,"WREX",6.56445833333333,5.66357139365541
2024-11-26,"LEAR",5.05116666666667,5.21154036000687
2024-11-26,"PLYM",5.99058333333333,8.75847829292364
2024-11-26,"SHDG",6.76983333333333,6.54043606202768
2024-11-26,"SHE",7.84,6.50194989162153
2024-11-26,"BEL2",11.8642083333333,6.33954086324476
2024-11-26,"GLKP",5.504125,4.48462741201971
2024-11-26,"LECU",6.16154166666667,5.54797475865094
2024-11-26,"SUN2",5.562,5.79154204528352
2024-11-26,"TRAN",6.88379166666667,6.24712864294663
2024-11-26,"STOK",5.74395833333333,6.37871418776865
2024-11-26,"BEX",7.90104166666667,6.21407346785658
2024-11-26,"SEND",6.286375,5.48469427799165
2024-11-26,"HUL2",6.87208333333333,6.94993719553488
2024-11-26,"PEMB",2.90875,5.70687619737489
2024-11-26,"WFEN",5.32820833333333,5.31527987576994
2024-11-26,"OSY",4.83491666666667,5.65582953525853
2024-11-26,"ACTH",1.41808333333333,3.23763696965412
2024-11-26,"COPP",6.14495833333333,6.29977039227084
2024-11-27,"EB",4.45566666666667,6.56872511470946
2024-11-27,"IMGM",5.18275,8.5936958831596
2024-11-27,"PRES",15.4864583333333,6.95468869502524
2024-11-27,"BIRR",9.210875,8.93095985095844
2024-11-27,"BLC2",7.79575,5.95476059901371
2024-11-27,"BOTR",10.3450833333333,8.88301953886026
2024-11-27,"GHSR",5.9375,2.7367090120001
2024-11-27,"LEAM",9.30625,6.4408533573029
2024-11-27,"NPT3",6.48691666666667,5.91076956118404
2024-11-27,"REA1",5.57795833333333,8.4230947347819
2024-11-27,"SOUT",5.40891666666667,7.71521753931488
2024-11-27,"WREX",9.259125,7.13874866858269
2024-11-27,"LEAR",8.81379166666667,5.93714833914293
2024-11-27,"PLYM",5.11895833333333,4.76424101072339
2024-11-27,"SHDG",9.66295833333333,8.24226226624405
2024-11-27,"SHE",10.4314583333333,9.37393952073084
2024-11-27,"BEL2",24.42025,8.00009345558662
2024-11-27,"GLKP",5.54045833333333,2.20928170118543
2024-11-27,"LECU",8.85229166666667,7.75639764625678
2024-11-27,"SUN2",5.87858333333333,7.60422304152184
2024-11-27,"TRAN",8.842375,7.61340143007096
2024-11-27,"STOK",10.6938333333333,8.55134664269136
2024-11-27,"BEX",6.45054166666667,10.0916726826078
2024-11-27,"SEND",5.05016666666667,9.97999522977346
2024-11-27,"HUL2",8.65279166666667,10.5624663224926
2024-11-27,"PEMB",3.387375,3.77711459800038
2024-11-27,"WFEN",5.29191666666667,8.62600014208827
2024-11-27,"OSY",4.355375,9.57292783664186
2024-11-27,"ACTH",1.82004166666667,2.90581276824588
2024-11-27,"COPP",9.84670833333333,9.87837671533957
2024-11-28,"EB",10.18275,2.48373669858518
2024-11-28,"IMGM",7.44895833333333,3.91243978853858
2024-11-28,"PRES",8.507375,5.32071987907137
2024-11-28,"BIRR",17.06675,6.12787492187135
2024-11-28,"BLC2",8.578,1.84639610036724
2024-11-28,"BOTR",14.1294166666667,6.8133928476014
2024-11-28,"GHSR",6.12433333333333,4.42324073294953
2024-11-28,"LEAM",16.1920833333333,4.5345727097202
2024-11-28,"NPT3",9.640375,2.49450885228196
2024-11-28,"REA1",17.1177916666667,3.40936817860018
2024-11-28,"SOUT",9.35729166666667,4.52486013503657
2024-11-28,"WREX",7.51875,3.60735263645202
2024-11-28,"LEAR",15.4992083333333,4.18369370650045
2024-11-28,"PLYM",8.01891666666667,2.64300551646888
2024-11-28,"SHDG",9.54016666666667,4.81836439683801
2024-11-28,"SHE",9.16479166666667,6.25761690031231
2024-11-28,"BEL2",11.244125,8.26070463574078
2024-11-28,"GLKP",6.27066666666667,3.66068550929958
2024-11-28,"LECU",14.1775,3.99714531420384
2024-11-28,"SUN2",7.20333333333333,5.11570050116319
2024-11-28,"TRAN",11.9262083333333,4.40991424578116
2024-11-28,"STOK",12.2150833333333,5.65513426035621
2024-11-28,"BEX",18.4553333333333,3.55917914788153
2024-11-28,"SEND",11.0839583333333,4.72849539261223
2024-11-28,"HUL2",9.16091666666667,5.94562168529091
2024-11-28,"PEMB",5.06579166666667,0.521518231653821
2024-11-28,"WFEN",11.073125,4.45049442612794
2024-11-28,"OSY",10.4304583333333,5.36141216039588
2024-11-28,"ACTH",1.95566666666667,1.45812312491371
2024-11-28,"COPP",14.5460416666667,5.9440205879767
2024-11-29,"EB",4.48308333333333,9.57293556062073
2024-11-29,"IMGM",5.50725,14.786493293587
2024-11-29,"PRES",6.18025,12.8008129927724
2024-11-29,"BIRR",7.75154166666667,14.0511067758142
2024-11-29,"BLC2",7.02054166666667,13.8156643572695
2024-11-29,"BOTR",9.082125,13.8226234032742
2024-11-29,"GHSR",5.52391666666667,9.25947515707986
2024-11-29,"LEAM",5.28008333333333,12.4074020337464
2024-11-29,"NPT3",6.36008333333333,10.6979033205509
2024-11-29,"REA1",7.88633333333333,12.9283124730674
2024-11-29,"SOUT",5.348875,10.3675719689921
2024-11-29,"WREX",6.85541666666667,12.2922187427313
2024-11-29,"LEAR",4.83104166666667,11.5498995215587
2024-11-29,"PLYM",11.0249583333333,9.64359194347251
2024-11-29,"SHDG",8.34916666666667,14.7574647715218
2024-11-29,"SHE",10.0806666666667,14.5350712059983
2024-11-29,"BEL2",8.47183333333333,14.8889667066996
2024-11-29,"GLKP",5.60629166666667,8.80046319372195
2024-11-29,"LECU",6.13416666666667,13.7396486181083
2024-11-29,"SUN2",10.8815416666667,8.90517440103916
2024-11-29,"TRAN",7.126625,13.6961917114094
2024-11-29,"STOK",8.04241666666667,13.5452389056834
2024-11-29,"BEX",7.95995833333333,12.9508314618663
2024-11-29,"SEND",5.45208333333333,12.3108578917733
2024-11-29,"HUL2",6.486875,15.8318693400549
2024-11-29,"PEMB",5.70270833333333,8.20411968832465
2024-11-29,"WFEN",6.02408333333333,11.7300542430343
2024-11-29,"OSY",5.369625,10.9442318765417
2024-11-29,"ACTH",3.20258333333333,6.63992900848119
2024-11-29,"COPP",8.28529166666667,14.9111633906903
2024-11-30,"EB",7.90779166666667,8.76262914783462
2024-11-30,"IMGM",8.44545833333333,10.3703873336107
2024-11-30,"PRES",5.81270833333333,6.45095920206282
2024-11-30,"BIRR",8.45920833333333,8.75395868269235
2024-11-30,"BLC2",5.71825,7.39244821771802
2024-11-30,"BOTR",8.18995833333333,8.50345445932305
2024-11-30,"GHSR",3.408,5.07269823539349
2024-11-30,"LEAM",7.194375,7.08122295183119
2024-11-30,"NPT3",9.12341666666667,7.99759185223049
2024-11-30,"REA1",8.82075,8.2064181664805
2024-11-30,"SOUT",9.809375,8.4572753222753
2024-11-30,"WREX",4.43591666666667,7.14300483442162
2024-11-30,"LEAR",6.63529166666667,6.50239305269057
2024-11-30,"PLYM",16.791625,10.2094938083612
2024-11-30,"SHDG",7.71429166666667,9.14911905522377
2024-11-30,"SHE",9.87633333333333,9.32877076552959
2024-11-30,"BEL2",7.15904166666667,8.07925494099146
2024-11-30,"GLKP",3.511125,4.74134032262005
2024-11-30,"LECU",7.56483333333333,7.68961636314035
2024-11-30,"SUN2",7.95020833333333,7.83761951078545
2024-11-30,"TRAN",5.25845833333333,7.04723630414567
2024-11-30,"STOK",8.41595833333333,7.69786058551487
2024-11-30,"BEX",11.1162916666667,9.22087332034292
2024-11-30,"SEND",12.3005833333333,8.19141955791027
2024-11-30,"HUL2",10.7617083333333,11.2845007971406
2024-11-30,"PEMB",7.961,6.84748762729083
2024-11-30,"WFEN",10.9219166666667,7.42807523357074
2024-11-30,"OSY",10.6446666666667,8.40771144677322
2024-11-30,"ACTH",1.31095833333333,3.59340009107647
2024-11-30,"COPP",6.41804166666667,8.33896486617377
2024-12-01,"EB",7.67304166666667,6.68508263640381
2024-12-01,"IMGM",6.55470833333333,5.92811201637408
2024-12-01,"PRES",4.07233333333333,4.4707787269172
2024-12-01,"BIRR",4.69445833333333,7.98966290215521
2024-12-01,"BLC2",4.30525,4.85639859284747
2024-12-01,"BOTR",8.68133333333333,6.64153199768006
2024-12-01,"GHSR",4.565625,3.85553302284141
2024-12-01,"LEAM",4.31408333333333,7.13571143736482
2024-12-01,"NPT3",5.51895833333333,6.39054582761155
2024-12-01,"REA1",5.55825,6.03864201334634
2024-12-01,"SOUT",6.63520833333333,7.09683633608501
2024-12-01,"WREX",3.81591666666667,5.42108706191592
2024-12-01,"LEAR",4.17645833333333,6.78510578960663
2024-12-01,"PLYM",9.572625,10.6566800400821
2024-12-01,"SHDG",3.95054166666667,6.00687382243893
2024-12-01,"SHE",7.02941666666667,5.77265616465317
2024-12-01,"BEL2",5.12575,6.84945677086611
2024-12-01,"GLKP",4.05658333333333,3.35981469158128
2024-12-01,"LECU",4.46154166666667,6.57440583211911
2024-12-01,"SUN2",4.60591666666667,5.22943852517912
2024-12-01,"TRAN",3.67625,4.82369042868091
2024-12-01,"STOK",3.80808333333333,6.26609545369219
2024-12-01,"BEX",7.69266666666667,7.53385596347817
2024-12-01,"SEND",8.87779166666667,7.15615999448283
2024-12-01,"HUL2",7.821375,6.87641346151652
2024-12-01,"PEMB",3.7195,5.92189648845857
2024-12-01,"WFEN",7.86566666666667,5.83713489311162
2024-12-01,"OSY",10.819625,7.24875990509949
2024-12-01,"ACTH",1.359125,1.90788239687479
2024-12-01,"COPP",3.431625,5.96710096378255
2024-12-02,"EB",2.54329166666667,9.48799189713553
2024-12-02,"IMGM",3.62320833333333,5.43111697595845
2024-12-02,"PRES",4.20304166666667,2.69377253247306
2024-12-02,"BIRR",3.74016666666667,4.91520172093281
2024-12-02,"BLC2",4.03791666666667,3.50085442097167
2024-12-02,"BOTR",3.50433333333333,4.62464550566784
2024-12-02,"GHSR",2.96870833333333,0.886952123006381
2024-12-02,"LEAM",2.58058333333333,4.08680883750921
2024-12-02,"NPT3",2.23083333333333,6.03512954446499
2024-12-02,"REA1",2.98345833333333,5.72954383257768
2024-12-02,"SOUT",2.793875,7.66073505423343
2024-12-02,"WREX",2.19429166666667,3.1869422645736
2024-12-02,"LEAR",2.436125,3.79774040595341
2024-12-02,"PLYM",5.8195,11.0766891983006
2024-12-02,"SHDG",3.85908333333333,3.25938374492553
2024-12-02,"SHE",3.17804166666667,4.72892002965136
2024-12-02,"BEL2",4.54991666666667,3.14339701387439
2024-12-02,"GLKP",2.623875,0.465536623791132
2024-12-02,"LECU",3.126,4.07514673407489
2024-12-02,"SUN2",3.81195833333333,3.0765382344202
2024-12-02,"TRAN",3.816875,2.06979234245411
2024-12-02,"STOK",3.40904166666667,4.04524667877278
2024-12-02,"BEX",3.07791666666667,8.04339114073166
2024-12-02,"SEND",2.84308333333333,8.29061953148788
2024-12-02,"HUL2",4.34945833333333,6.61122424098883
2024-12-02,"PEMB",3.6655,4.78218668867043
2024-12-02,"WFEN",2.39775,6.45974154590884
2024-12-02,"OSY",2.74183333333333,9.38087159222835
2024-12-02,"ACTH",1.45254166666667,-0.182562674080426
2024-12-02,"COPP",2.56095833333333,2.58724744213024
2024-12-03,"EB",10.7675833333333,4.25049776905852
2024-12-03,"IMGM",6.90458333333333,4.21452889061401
2024-12-03,"PRES",6.40041666666667,5.46714697690536
2024-12-03,"BIRR",14.3180416666667,6.06539056626429
2024-12-03,"BLC2",5.97,5.80110029871656
2024-12-03,"BOTR",9.9755,5.18185614134759
2024-12-03,"GHSR",3.74404166666667,4.06293003898572
2024-12-03,"LEAM",9.31016666666667,4.82204295713213
2024-12-03,"NPT3",8.1545,4.77771776084826
2024-12-03,"REA1",7.39291666666667,4.51672013984171
2024-12-03,"SOUT",8.60070833333333,4.34858126090671
2024-12-03,"WREX",5.962,4.76135132152704
2024-12-03,"LEAR",9.495875,4.67174473208403
2024-12-03,"PLYM",11.97825,5.63649654342205
2024-12-03,"SHDG",8.06695833333333,5.28167338134564
2024-12-03,"SHE",9.04975,5.12205298129836
2024-12-03,"BEL2",11.06825,6.20442355411726
2024-12-03,"GLKP",3.37566666666667,3.72771252000152
2024-12-03,"LECU",9.08020833333333,4.45190431579805
2024-12-03,"SUN2",6.75229166666667,4.43353687611262
2024-12-03,"TRAN",7.425375,5.28180858127988
2024-12-03,"STOK",11.1528333333333,5.38350424014804
2024-12-03,"BEX",10.7469583333333,4.5247279404269
2024-12-03,"SEND",8.70970833333333,4.63482516253029
2024-12-03,"HUL2",7.75941666666667,4.76312523523237
2024-12-03,"PEMB",3.148625,4.19513823505778
2024-12-03,"WFEN",6.41316666666667,4.10160504561544
2024-12-03,"OSY",7.034125,4.32439760363908
2024-12-03,"ACTH",2.32316666666667,2.47778995967011
2024-12-03,"COPP",9.66795833333333,5.44656693019533
2024-12-04,"EB",7.09808333333333,6.60262472046414
2024-12-04,"IMGM",11.6440416666667,8.0922256660037
2024-12-04,"PRES",6.958625,7.301481483868
2024-12-04,"BIRR",9.89491666666667,8.29250609857559
2024-12-04,"BLC2",7.40770833333333,8.07627102270297
2024-12-04,"BOTR",9.813375,8.40030750133149
2024-12-04,"GHSR",4.34458333333333,5.39627859668545
2024-12-04,"LEAM",8.37658333333333,6.61607688099986
2024-12-04,"NPT3",8.84925,6.54240152101216
2024-12-04,"REA1",8.01508333333333,7.75275746183156
2024-12-04,"SOUT",10.6781666666667,7.98144746603222
2024-12-04,"WREX",5.24870833333333,4.8411138022664
2024-12-04,"LEAR",7.92858333333333,6.15325585844068
2024-12-04,"PLYM",6.08891666666667,9.29582585966043
2024-12-04,"SHDG",8.71170833333333,8.32935369511636
2024-12-04,"SHE",9.56670833333333,8.0273014436742
2024-12-04,"BEL2",5.98270833333333,10.2340477076282
2024-12-04,"GLKP",4.40154166666667,4.87844938778939
2024-12-04,"LECU",9.421375,7.49023337084673
2024-12-04,"SUN2",8.18495833333333,7.18777652259894
2024-12-04,"TRAN",5.21325,6.850432284247
2024-12-04,"STOK",8.84345833333333,7.66015791135516
2024-12-04,"BEX",9.44975,8.06162956367996
2024-12-04,"SEND",8.83070833333333,7.43357552132122
2024-12-04,"HUL2",13.28225,9.7025664134737
2024-12-04,"PEMB",2.239625,5.43625687910816
2024-12-04,"WFEN",9.52445833333333,4.72701806043595
2024-12-04,"OSY",7.99641666666667,6.70649893033579
2024-12-04,"ACTH",2.54320833333333,3.85318726546076
2024-12-04,"COPP",5.46683333333333,8.03935336505433
2024-12-05,"EB",3.66945833333333,5.47779211529112
2024-12-05,"IMGM",2.96983333333333,7.1087881203242
2024-12-05,"PRES",5.49529166666667,6.22514615567655
2024-12-05,"BIRR",2.42441666666667,8.35257953220496
2024-12-05,"BLC2",6.615625,6.59579189480065
2024-12-05,"BOTR",2.00575,7.79262737298497
2024-12-05,"GHSR",5.79025,5.12230952254885
2024-12-05,"LEAM",1.58716666666667,7.50512996641456
2024-12-05,"NPT3",2.84191666666667,5.35077079417155
2024-12-05,"REA1",1.91816666666667,6.35091621022039
2024-12-05,"SOUT",3.660625,6.37191929192865
2024-12-05,"WREX",2.789875,5.65646180990191
2024-12-05,"LEAR",1.45245833333333,7.06434290066152
2024-12-05,"PLYM",7.294625,5.09757747400209
2024-12-05,"SHDG",2.72595833333333,7.93027139928065
2024-12-05,"SHE",3.56233333333333,8.00307759248943
2024-12-05,"BEL2",7.1335,6.46988330483234
2024-12-05,"GLKP",5.49529166666667,4.80313086485069
2024-12-05,"LECU",1.93504166666667,7.73883364985375
2024-12-05,"SUN2",4.38779166666667,7.98118502340912
2024-12-05,"TRAN",4.69045833333333,6.45376029868312
2024-12-05,"STOK",2.95991666666667,7.60152033023644
2024-12-05,"BEX",2.12654166666667,8.4943576311631
2024-12-05,"SEND",2.51866666666667,7.09053742225703
2024-12-05,"HUL2",4.16083333333333,8.28021523211282
2024-12-05,"PEMB",4.16779166666667,2.90652142975136
2024-12-05,"WFEN",1.597875,6.19916679420268
2024-12-05,"OSY",3.731375,7.19587566482911
2024-12-05,"ACTH",2.961875,3.24664174673421
2024-12-05,"COPP",2.71229166666667,6.63435705202325
2024-12-06,"EB",4.84766666666667,4.45265150548426
2024-12-06,"IMGM",5.74583333333333,3.134606056518
2024-12-06,"PRES",6.878,4.46548451175802
2024-12-06,"BIRR",7.35254166666667,4.23625337863595
2024-12-06,"BLC2",7.16595833333333,5.43906405678549
2024-12-06,"BOTR",6.71491666666667,3.46730506825072
2024-12-06,"GHSR",4.39179166666667,4.84657976942172
2024-12-06,"LEAM",6.02983333333333,2.98097033341266
2024-12-06,"NPT3",6.73154166666667,4.27859743534245
2024-12-06,"REA1",5.31829166666667,3.11064630179342
2024-12-06,"SOUT",6.457375,4.44962127407988
2024-12-06,"WREX",6.274625,3.02758974575748
2024-12-06,"LEAR",5.51395833333333,2.87484735410765
2024-12-06,"PLYM",9.36620833333333,6.74287221361425
2024-12-06,"SHDG",6.75416666666667,3.51052844417554
2024-12-06,"SHE",6.305125,3.83637263660444
2024-12-06,"BEL2",6.19695833333333,5.63824062944235
2024-12-06,"GLKP",4.15391666666667,4.48645539438629
2024-12-06,"LECU",7.02054166666667,2.88378474557644
2024-12-06,"SUN2",5.80891666666667,3.40361830464489
2024-12-06,"TRAN",8.13083333333333,3.87842009841606
2024-12-06,"STOK",7.45583333333333,3.85241720308813
2024-12-06,"BEX",6.03,3.24594974478864
2024-12-06,"SEND",6.125125,3.30394086674251
2024-12-06,"HUL2",6.797375,3.82761412914462
2024-12-06,"PEMB",6.35904166666667,4.26005923246019
2024-12-06,"WFEN",6.32866666666667,2.69137232597619
2024-12-06,"OSY",6.20879166666667,3.92188944128854
2024-12-06,"ACTH",3.189875,2.6513012992276
2024-12-06,"COPP",6.68733333333333,3.80858163379328
2024-12-07,"EB",3.94558333333333,4.57347611392685
2024-12-07,"IMGM",2.70833333333333,5.95826409506698
2024-12-07,"PRES",1.90166666666667,5.73881221961814
2024-12-07,"BIRR",2.43316666666667,7.19998165695104
2024-12-07,"BLC2",4.311125,5.91132718254488
2024-12-07,"BOTR",1.56054166666667,6.3039946752227
2024-12-07,"GHSR",0.951333333333333,5.27065479467043
2024-12-07,"LEAM",2.749625,6.45236711874685
2024-12-07,"NPT3",3.671375,6.11102693658191
2024-12-07,"REA1",2.332,5.09042784453801
2024-12-07,"SOUT",3.905375,5.45833124279856
2024-12-07,"WREX",4.43004166666667,5.4848964627799
2024-12-07,"LEAR",2.17675,6.21234373312794
2024-12-07,"PLYM",11.2126666666667,7.22912192895649
2024-12-07,"SHDG",1.30404166666667,6.36262488589005
2024-12-07,"SHE",1.2235,6.2254573737095
2024-12-07,"BEL2",5.62004166666667,6.85660712836504
2024-12-07,"GLKP",0.638708333333333,4.89995666827245
2024-12-07,"LECU",1.71191666666667,6.34840642261392
2024-12-07,"SUN2",3.753,5.5912438293031
2024-12-07,"TRAN",6.97129166666667,5.98283270873193
2024-12-07,"STOK",2.84395833333333,6.42791598336822
2024-12-07,"BEX",2.04004166666667,5.57994251273485
2024-12-07,"SEND",2.039125,5.26748442497696
2024-12-07,"HUL2",3.01204166666667,6.49976312547492
2024-12-07,"PEMB",7.50960869565217,5.80619352508239
2024-12-07,"WFEN",1.35908333333333,5.00060970154265
2024-12-07,"OSY",2.59925,5.30031572132788
2024-12-07,"ACTH",0.452958333333333,3.27448582896099
2024-12-07,"COPP",3.00520833333333,6.44203536642048
2024-12-08,"EB",1.52020833333333,4.09001184262636
2024-12-08,"IMGM",6.934875,4.41238681034421
2024-12-08,"PRES",2.46366666666667,5.25238411503467
2024-12-08,"BIRR",2.38795833333333,5.85589890334975
2024-12-08,"BLC2",2.25625,6.12881264942934
2024-12-08,"BOTR",2.550125,4.89748783400068
2024-12-08,"GHSR",1.3975,4.23844972913827
2024-12-08,"LEAM",2.51479166666667,5.38869233967316
2024-12-08,"NPT3",2.200375,5.62045282862242
2024-12-08,"REA1",2.08916666666667,4.2294500750529
2024-12-08,"SOUT",1.71783333333333,4.01480353977324
2024-12-08,"WREX",3.74120833333333,4.9516092588886
2024-12-08,"LEAR",2.20804166666667,4.84188832245757
2024-12-08,"PLYM",5.14358333333333,9.31379209201962
2024-12-08,"SHDG",3.694,6.031029417927
2024-12-08,"SHE",3.79725,5.23455923231844
2024-12-08,"BEL2",3.804125,7.60440978475668
2024-12-08,"GLKP",1.09075,3.86793086412026
2024-12-08,"LECU",3.04245833333333,4.52110308105936
2024-12-08,"SUN2",9.4635,3.94081873874963
2024-12-08,"TRAN",3.83258333333333,5.29238788596639
2024-12-08,"STOK",2.60708333333333,4.90108423004121
2024-12-08,"BEX",3.06604166666667,3.84130155209844
2024-12-08,"SEND",3.508375,3.49746164422167
2024-12-08,"HUL2",5.61725,4.34354839109461
2024-12-08,"PEMB",4.624625,7.65262545375387
2024-12-08,"WFEN",4.59420833333333,3.01928602795731
2024-12-08,"OSY",3.42275,3.32500698950959
2024-12-08,"ACTH",1.46233333333333,3.0157771561007
2024-12-08,"COPP",2.60720833333333,4.5584664553248
2024-12-09,"EB",3.7805,4.0526753870546
2024-12-09,"IMGM",5.947375,6.32160471124418
2024-12-09,"PRES",3.79620833333333,4.59714330161142
2024-12-09,"BIRR",5.59658333333333,6.74372503653856
2024-12-09,"BLC2",3.01895833333333,4.3535352700976
2024-12-09,"BOTR",5.10520833333333,5.46243324953968
2024-12-09,"GHSR",4.01241666666667,3.86982845509418
2024-12-09,"LEAM",4.94595833333333,6.19854280275004
2024-12-09,"NPT3",3.93870833333333,4.13324906154802
2024-12-09,"REA1",4.20495833333333,4.5191980605079
2024-12-09,"SOUT",3.72533333333333,3.55267188308949
2024-12-09,"WREX",4.81520833333333,5.73582699088204
2024-12-09,"LEAR",4.51354166666667,5.72988093757553
2024-12-09,"PLYM",3.70779166666667,3.80237332167215
2024-12-09,"SHDG",5.52191666666667,6.78651183390415
2024-12-09,"SHE",4.663875,6.22058473022622
2024-12-09,"BEL2",5.623125,5.58544087714381
2024-12-09,"GLKP",3.918125,3.79755755434559
2024-12-09,"LECU",5.11104166666667,5.49147832847042
2024-12-09,"SUN2",5.832375,7.42178506580263
2024-12-09,"TRAN",4.44191666666667,4.71648285654215
2024-12-09,"STOK",4.19425,5.22797889637467
2024-12-09,"BEX",5.550375,5.91602495562663
2024-12-09,"SEND",5.28108333333333,5.94397010274366
2024-12-09,"HUL2",7.09220833333333,6.57183136110602
2024-12-09,"PEMB",2.667125,4.06635399093796
2024-12-09,"WFEN",5.09441666666667,5.9087057068485
2024-12-09,"OSY",5.24770833333333,5.91588502010102
2024-12-09,"ACTH",3.63804166666667,3.38061817279692
2024-12-09,"COPP",4.173625,5.29937378110667
2024-12-10,"EB",3.87866666666667,4.37168059323944
2024-12-10,"IMGM",4.50570833333333,5.96830788556883
2024-12-10,"PRES",3.93766666666667,5.08796520792298
2024-12-10,"BIRR",5.54833333333333,6.63503981236187
2024-12-10,"BLC2",4.02420833333333,4.73798444658207
2024-12-10,"BOTR",4.68754166666667,5.72534323224931
2024-12-10,"GHSR",12.0469583333333,4.67908417030399
2024-12-10,"LEAM",4.56475,5.47521158806935
2024-12-10,"NPT3",4.20304166666667,4.48646931306502
2024-12-10,"REA1",3.55929166666667,4.53200592282177
2024-12-10,"SOUT",3.51029166666667,4.41188071890363
2024-12-10,"WREX",5.33616666666667,5.04209654554835
2024-12-10,"LEAR",4.13520833333333,5.2413280023848
2024-12-10,"PLYM",4.436875,5.11490466759402
2024-12-10,"SHDG",7.43320833333333,6.93036545018313
2024-12-10,"SHE",5.16020833333333,6.68932545849687
2024-12-10,"BEL2",7.99441666666667,5.79912951922346
2024-12-10,"GLKP",13.110375,4.5176027158824
2024-12-10,"LECU",4.677625,5.67792389154305
2024-12-10,"SUN2",3.78058333333333,6.24396781723413
2024-12-10,"TRAN",4.595125,5.07649298901817
2024-12-10,"STOK",4.60295833333333,5.7517048161124
2024-12-10,"BEX",4.01345833333333,5.62449000452352
2024-12-10,"SEND",4.36029166666667,5.46084184541008
2024-12-10,"HUL2",6.01520833333333,6.69710515693369
2024-12-10,"PEMB",3.42970833333333,3.76080761268521
2024-12-10,"WFEN",4.27275,5.54564905140041
2024-12-10,"OSY",3.87579166666667,5.1814487204941
2024-12-10,"ACTH",4.87720833333333,3.53219134472468
2024-12-10,"COPP",4.75933333333333,5.20535758834838
2024-12-11,"EB",9.84466666666667,4.77723622707063
2024-12-11,"IMGM",4.40641666666667,5.1048279076781
2024-12-11,"PRES",5.97095833333333,4.70769896092427
2024-12-11,"BIRR",5.05120833333333,6.38971158855048
2024-12-11,"BLC2",6.78754166666667,4.97791462173022
2024-12-11,"BOTR",5.06883333333333,4.91788958377617
2024-12-11,"GHSR",10.01675,6.25076195397778
2024-12-11,"LEAM",3.921,4.36220123786979
2024-12-11,"NPT3",5.39408695652174,3.80341737011075
2024-12-11,"REA1",4.45266666666667,3.14692643984749
2024-12-11,"SOUT",5.01483333333333,4.58643293529469
2024-12-11,"WREX",9.71108333333333,5.14339788575199
2024-12-11,"LEAR",3.755,4.38919838419827
2024-12-11,"PLYM",6.77779166666667,5.40896822851979
2024-12-11,"SHDG",6.40720833333333,6.71899246987712
2024-12-11,"SHE",6.1695,6.35699344834336
2024-12-11,"BEL2",8.20466666666667,5.46723522333146
2024-12-11,"GLKP",10.07975,6.41247158315329
2024-12-11,"LECU",3.98775,5.30276209039073
2024-12-11,"SUN2",6.89866666666667,3.33701818086999
2024-12-11,"TRAN",6.93204166666667,5.63981973587592
2024-12-11,"STOK",7.46666666666667,5.39295245934233
2024-12-11,"BEX",4.84670833333333,4.55233001527553
2024-12-11,"SEND",4.75920833333333,3.98095105602669
2024-12-11,"HUL2",5.82941666666667,5.48361889044392
2024-12-11,"PEMB",6.20183333333333,3.97717114228734
2024-12-11,"WFEN",4.08408333333333,4.17947428688599
2024-12-11,"OSY",3.77458333333333,3.45234832815499
2024-12-11,"ACTH",3.013,3.12911591371429
2024-12-11,"COPP",15.81375,5.01159664612249
2024-12-12,"EB",14.631625,11.0015271945118
2024-12-12,"IMGM",2.31129166666667,7.58389922650054
2024-12-12,"PRES",8.59079166666667,4.61940623710272
2024-12-12,"BIRR",7.562,6.55837197784578
2024-12-12,"BLC2",9.83295833333333,5.31076774874563
2024-12-12,"BOTR",7.02933333333333,4.54244828447358
2024-12-12,"GHSR",11.373,4.58501578634717
2024-12-12,"LEAM",5.913875,3.68804640174408
2024-12-12,"NPT3",6.06329166666667,5.99175608652791
2024-12-12,"REA1",5.42545833333333,5.97778791026191
2024-12-12,"SOUT",6.170375,9.4516111772008
2024-12-12,"WREX",14.0989583333333,6.29267645912911
2024-12-12,"LEAR",5.39891666666667,4.09737392383742
2024-12-12,"PLYM",12.286875,8.92551296868444
2024-12-12,"SHDG",10.2849583333333,6.64418939146968
2024-12-12,"SHE",9.67570833333333,6.61799460779447
2024-12-12,"BEL2",17.8666666666667,7.3419487537767
2024-12-12,"GLKP",12.2887916666667,4.31309328537594
2024-12-12,"LECU",5.21529166666667,5.27846112645299
2024-12-12,"SUN2",12.4853333333333,2.12996164500781
2024-12-12,"TRAN",16.4534166666667,4.69652416554669
2024-12-12,"STOK",8.02683333333333,5.48003158803739
2024-12-12,"BEX",7.637625,8.74215649922926
2024-12-12,"SEND",7.82825,7.91578250157048
2024-12-12,"HUL2",3.98091666666667,7.75241455591708
2024-12-12,"PEMB",7.63366666666667,6.45938210233786
2024-12-12,"WFEN",4.41633333333333,6.10979143004775
2024-12-12,"OSY",3.59179166666667,6.61017997967053
2024-12-12,"ACTH",5.93945833333333,2.04275144757857
2024-12-12,"COPP",11.0357916666667,5.932535204062
2024-12-13,"EB",20.7390416666667,8.58113493594226
2024-12-13,"IMGM",7.12954166666667,6.99371435333315
2024-12-13,"PRES",7.22879166666667,2.43053508594515
2024-12-13,"BIRR",9.04679166666667,4.66177116883806
2024-12-13,"BLC2",7.1945,2.14775199718676
2024-12-13,"BOTR",10.8825,4.5593129095837
2024-12-13,"GHSR",9.891875,5.3497017325125
2024-12-13,"LEAM",8.63508333333333,2.57061382241118
2024-12-13,"NPT3",7.46758333333333,3.5892402101855
2024-12-13,"REA1",12.9325,3.93617157342574
2024-12-13,"SOUT",12.562,6.30882114503121
2024-12-13,"WREX",10.6771666666667,2.73687119392981
2024-12-13,"LEAR",8.804125,2.04301529462568
2024-12-13,"PLYM",10.6780833333333,10.1761504566615
2024-12-13,"SHDG",8.68120833333333,6.7353040694114
2024-12-13,"SHE",9.95875,6.26228351950857
2024-12-13,"BEL2",17.2564166666667,7.58504404636723
2024-12-13,"GLKP",8.67333333333333,5.29628625078868
2024-12-13,"LECU",6.82979166666667,3.93861966429994
2024-12-13,"SUN2",6.28545833333333,4.0151389245487
2024-12-13,"TRAN",12.3182916666667,3.25615220444107
2024-12-13,"STOK",9.83304166666667,3.33691756955177
2024-12-13,"BEX",24.31225,4.29968024669956
2024-12-13,"SEND",26.7572083333333,4.21485771563199
2024-12-13,"HUL2",9.52929166666667,7.00091890259036
2024-12-13,"PEMB",4.833,7.01822413153153
2024-12-13,"WFEN",10.742,1.90629854187172
2024-12-13,"OSY",19.93225,2.87870595985316
2024-12-13,"ACTH",2.91270833333333,3.21023192238707
2024-12-13,"COPP",8.275375,3.09842187856293
2024-12-14,"EB",5.95716666666667,12.3859184864513
2024-12-14,"IMGM",5.98179166666667,4.23447602354798
2024-12-14,"PRES",4.21979166666667,1.82238357612984
2024-12-14,"BIRR",5.31545833333333,5.57464777956849
2024-12-14,"BLC2",4.35233333333333,2.22550980104143
2024-12-14,"BOTR",5.53470833333333,4.57289301540721
2024-12-14,"GHSR",3.59683333333333,2.36707433428253
2024-12-14,"LEAM",6.08691666666667,3.47070527529187
2024-12-14,"NPT3",3.873875,6.89089528774575
2024-12-14,"REA1",7.32508333333333,7.31966352177472
2024-12-14,"SOUT",6.139,10.0893184805518
2024-12-14,"WREX",2.61595833333333,0.930730189860432
2024-12-14,"LEAR",5.622125,3.66504390777183
2024-12-14,"PLYM",6.688375,14.3827552815113
2024-12-14,"SHDG",3.700875,2.85698097395872
2024-12-14,"SHE",3.47983333333333,3.86421060659436
2024-12-14,"BEL2",6.49275,4.8422957154532
2024-12-14,"GLKP",2.809625,1.62217502671464
2024-12-14,"LECU",7.39395833333333,3.77118769535673
2024-12-14,"SUN2",2.70345833333333,2.25827589843752
2024-12-14,"TRAN",3.52883333333333,0.558070292379524
2024-12-14,"STOK",4.796625,4.71980695765241
2024-12-14,"BEX",10.4129166666667,10.3854230501292
2024-12-14,"SEND",10.3715416666667,11.7137317673026
2024-12-14,"HUL2",6.57633333333333,5.60971275531394
2024-12-14,"PEMB",2.99433333333333,4.0812107470325
2024-12-14,"WFEN",7.6455,6.75626903423577
2024-12-14,"OSY",9.778125,9.76946161309472
2024-12-14,"ACTH",1.39745833333333,0.585910600694417
2024-12-14,"COPP",4.5225,1.09612081935926
2024-12-15,"EB",3.20179166666667,6.09655912532984
2024-12-15,"IMGM",2.40470833333333,4.93735657882555
2024-12-15,"PRES",5.107125,5.51040905628357
2024-12-15,"BIRR",1.33654166666667,7.20432828132763
2024-12-15,"BLC2",6.52525,5.80675583501238
2024-12-15,"BOTR",1.337375,5.80530505615948
2024-12-15,"GHSR",1.82975,5.13893393106037
2024-12-15,"LEAM",1.696125,6.04199054478087
2024-12-15,"NPT3",1.97904166666667,6.30177505941999
2024-12-15,"REA1",1.91333333333333,5.91168855269606
2024-12-15,"SOUT",2.24554166666667,6.74194043544698
2024-12-15,"WREX",1.088,4.89063997332582
2024-12-15,"LEAR",1.70308333333333,6.05740448423226
2024-12-15,"PLYM",2.95891666666667,7.82209765574768
2024-12-15,"SHDG",2.30645833333333,4.51413861253638
2024-12-15,"SHE",1.536875,4.96184632625628
2024-12-15,"BEL2",2.083375,6.83651647260004
2024-12-15,"GLKP",1.47991666666667,4.64638383432369
2024-12-15,"LECU",1.56845833333333,5.73514357588364
2024-12-15,"SUN2",0.7145,3.79152073086926
2024-12-15,"TRAN",2.93525,5.07794302558417
2024-12-15,"STOK",1.74333333333333,6.31420324375215
2024-12-15,"BEX",2.60629166666667,6.73677912824513
2024-12-15,"SEND",2.985375,7.47917692902513
2024-12-15,"HUL2",2.153125,5.82150155336207
2024-12-15,"PEMB",2.869625,4.20376815215486
2024-12-15,"WFEN",1.69129166666667,6.48071092317226
2024-12-15,"OSY",3.680375,7.00306823198284
2024-12-15,"ACTH",0.536541666666667,2.45037888569992
2024-12-15,"COPP",2.343625,5.70466658428819
2024-12-16,"EB",1.86320833333333,4.20498119670128
2024-12-16,"IMGM",2.46658333333333,2.64015216294336
2024-12-16,"PRES",5.92079166666667,4.58190196475951
2024-12-16,"BIRR",3.47095833333333,4.07966252239017
2024-12-16,"BLC2",7.46958333333333,5.73333452928839
2024-12-16,"BOTR",2.99225,3.24269009363185
2024-12-16,"GHSR",4.38091666666667,3.26549506988815
2024-12-16,"LEAM",2.54820833333333,3.17983056427606
2024-12-16,"NPT3",3.48470833333333,3.54761739587562
2024-12-16,"REA1",2.11083333333333,2.89333611042825
2024-12-16,"SOUT",3.27841666666667,3.61401810601228
2024-12-16,"WREX",2.78295833333333,3.30480969016616
2024-12-16,"LEAR",2.27791666666667,3.24675042088283
2024-12-16,"PLYM",3.54466666666667,3.94816175148478
2024-12-16,"SHDG",2.773125,3.00555153907385
2024-12-16,"SHE",3.39029166666667,3.29136203458757
2024-12-16,"BEL2",5.737125,3.92672583661873
2024-12-16,"GLKP",4.16275,2.87497245719814
2024-12-16,"LECU",2.55708333333333,2.79026250397477
2024-12-16,"SUN2",2.123625,2.78668831345475
2024-12-16,"TRAN",2.71529166666667,3.78015858412837
2024-12-16,"STOK",2.82816666666667,3.70983128552654
2024-12-16,"BEX",2.165875,3.0737493673927
2024-12-16,"SEND",1.9635,3.21333200897086
2024-12-16,"HUL2",3.35491666666667,2.81988266409835
2024-12-16,"PEMB",3.78929166666667,2.65292230578859
2024-12-16,"WFEN",1.74233333333333,2.95900598401931
2024-12-16,"OSY",2.43225,3.67523521156053
2024-12-16,"ACTH",2.14133333333333,1.66832537175062
2024-12-16,"COPP",3.15733333333333,3.44303651792373
2024-12-17,"EB",3.75020833333333,4.27513827319794
2024-12-17,"IMGM",4.905625,3.42050038720309
2024-12-17,"PRES",4.61966666666667,4.42768290228659
2024-12-17,"BIRR",6.38466666666667,3.97028131618327
2024-12-17,"BLC2",4.74354166666667,5.54698136705039
2024-12-17,"BOTR",5.584625,3.49328740380633
2024-12-17,"GHSR",3.757875,3.92780921867392
2024-12-17,"LEAM",4.87029166666667,2.80257364613504
2024-12-17,"NPT3",7.43425,3.61089170446138
2024-12-17,"REA1",5.07966666666667,2.93370473177631
2024-12-17,"SOUT",5.28491666666667,4.05798332925634
2024-12-17,"WREX",4.039875,3.13895243813726
2024-12-17,"LEAR",4.43291666666667,2.71384998771513
2024-12-17,"PLYM",9.34941666666667,5.01035549490598
2024-12-17,"SHDG",5.891375,3.50929025607237
2024-12-17,"SHE",7.01341666666667,4.19681677707648
2024-12-17,"BEL2",6.4535,3.78945568272544
2024-12-17,"GLKP",3.603625,3.55225632473152
2024-12-17,"LECU",5.59354166666667,2.89922235744171
2024-12-17,"SUN2",6.55270833333333,3.79079949059814
2024-12-17,"TRAN",3.93379166666667,3.96190965778138
2024-12-17,"STOK",5.74683333333333,3.61837270212902
2024-12-17,"BEX",5.44420833333333,3.52255796752948
2024-12-17,"SEND",5.2015,3.09632629646141
2024-12-17,"HUL2",6.29233333333333,4.00963004061779
2024-12-17,"PEMB",4.67083333333333,3.04291650114444
2024-12-17,"WFEN",5.623,3.17383303457881
2024-12-17,"OSY",5.0265,3.93781065427739
2024-12-17,"ACTH",2.18858333333333,2.03100973030757
2024-12-17,"COPP",4.97645833333333,3.49487509477952
2024-12-18,"EB",6.77091666666667,4.53954222787385
2024-12-18,"IMGM",2.83904166666667,5.60734036184978
2024-12-18,"PRES",4.56766666666667,4.32330704844619
2024-12-18,"BIRR",3.39733333333333,6.30636512132569
2024-12-18,"BLC2",5.65154166666667,4.25347337759389
2024-12-18,"BOTR",3.05041666666667,5.5954163147865
2024-12-18,"GHSR",3.090625,4.14403372316742
2024-12-18,"LEAM",3.27833333333333,5.45274606159602
2024-12-18,"NPT3",6.11045833333333,4.97723004677401
2024-12-18,"REA1",4.24620833333333,4.80982146811549
2024-12-18,"SOUT",7.34966666666667,5.76212164554376
2024-12-18,"WREX",2.35258333333333,4.00970022734029
2024-12-18,"LEAR",2.91558333333333,5.12379549016616
2024-12-18,"PLYM",13.6055416666667,6.77223347864584
2024-12-18,"SHDG",2.84495833333333,5.21452065657368
2024-12-18,"SHE",3.22429166666667,5.63943814303938
2024-12-18,"BEL2",3.789375,5.79968830293089
2024-12-18,"GLKP",2.55025,3.73090940346831
2024-12-18,"LECU",2.90295833333333,5.73794602449639
2024-12-18,"SUN2",2.16779166666667,5.31433139151217
2024-12-18,"TRAN",3.52983333333333,4.13674151841201
2024-12-18,"STOK",2.728875,5.32741933148021
2024-12-18,"BEX",4.76033333333333,5.57389998822092
2024-12-18,"SEND",4.93904166666667,4.7464130067912
2024-12-18,"HUL2",3.91895833333333,6.63490997158813
2024-12-18,"PEMB",6.49670833333333,3.80412726682775
2024-12-18,"WFEN",3.79720833333333,4.6530983485914
2024-12-18,"OSY",5.75383333333333,5.04117773577453
2024-12-18,"ACTH",1.32570833333333,2.38503202529554
2024-12-18,"COPP",2.39783333333333,5.46640672354062
2024-12-19,"EB",2.75554166666667,6.18275582866866
2024-12-19,"IMGM",2.03220833333333,3.559272288912
2024-12-19,"PRES",3.79620833333333,4.82480976876381
2024-12-19,"BIRR",3.62620833333333,5.18150607532538
2024-12-19,"BLC2",4.06841666666667,5.70105417106145
2024-12-19,"BOTR",3.33629166666667,4.5415112506158
2024-12-19,"GHSR",3.73920833333333,2.96233610832761
2024-12-19,"LEAM",3.109375,4.6181079373934
2024-12-19,"NPT3",3.06308333333333,6.40031052582786
2024-12-19,"REA1",2.78004166666667,5.00181553447317
2024-12-19,"SOUT",2.88033333333333,6.43887000390631
2024-12-19,"WREX",3.59079166666667,4.03393783261007
2024-12-19,"LEAR",2.58158333333333,4.41411821323233
2024-12-19,"PLYM",6.51141666666667,10.1791283828024
2024-12-19,"SHDG",2.62670833333333,3.72787966027645
2024-12-19,"SHE",2.555,3.91767369367974
2024-12-19,"BEL2",5.34404166666667,5.54504701915878
2024-12-19,"GLKP",2.92045833333333,2.481708277218
2024-12-19,"LECU",3.43854166666667,4.16044769941797
2024-12-19,"SUN2",2.81641666666667,2.69385127245126
2024-12-19,"TRAN",4.919375,4.23511985565971
2024-12-19,"STOK",4.78679166666667,4.8469301657869
2024-12-19,"BEX",3.231125,5.38365241358658
2024-12-19,"SEND",3.01883333333333,5.23034303507022
2024-12-19,"HUL2",2.67195833333333,4.05609961419568
2024-12-19,"PEMB",4.77879166666667,6.11103600281562
2024-12-19,"WFEN",2.52170833333333,3.78936446999187
2024-12-19,"OSY",2.48429166666667,5.55974467018466
2024-12-19,"ACTH",1.53883333333333,1.48888371958177
2024-12-19,"COPP",3.6655,4.55217657062626
2024-12-20,"EB",3.74625,4.23528876283302
2024-12-20,"IMGM",4.780875,3.64142749400265
2024-12-20,"PRES",5.088375,4.90919907071856
2024-12-20,"BIRR",5.75966666666667,6.10603923445918
2024-12-20,"BLC2",6.70891666666667,5.00548591178307
2024-12-20,"BOTR",4.39866666666667,4.81613638108382
2024-12-20,"GHSR",5.15429166666667,4.13545990167861
2024-12-20,"LEAM",4.78770833333333,5.31896714224781
2024-12-20,"NPT3",5.751875,5.46842543475212
2024-12-20,"REA1",4.02920833333333,4.46575618053542
2024-12-20,"SOUT",4.71804166666667,5.00598575788527
2024-12-20,"WREX",3.54958333333333,4.39216543365206
2024-12-20,"LEAR",4.28366666666667,5.07895381762064
2024-12-20,"PLYM",8.62820833333333,7.16477998114117
2024-12-20,"SHDG",4.51858333333333,4.15517807228764
2024-12-20,"SHE",5.23383333333333,4.35592022901625
2024-12-20,"BEL2",6.50454166666667,6.3591080674902
2024-12-20,"GLKP",4.37104166666667,3.61413958959792
2024-12-20,"LECU",4.19125,4.76246787192895
2024-12-20,"SUN2",3.26945833333333,3.23380441416217
2024-12-20,"TRAN",6.08391666666667,4.4345515555504
2024-12-20,"STOK",4.663875,5.30999629499376
2024-12-20,"BEX",4.768125,4.31541833028546
2024-12-20,"SEND",4.41625,3.97306541752345
2024-12-20,"HUL2",5.53654166666667,4.0290777337298
2024-12-20,"PEMB",5.07770833333333,4.86991168881168
2024-12-20,"WFEN",4.30141666666667,3.5784372586652
2024-12-20,"OSY",4.14708333333333,3.68448845963035
2024-12-20,"ACTH",2.35741666666667,2.07780302078498
2024-12-20,"COPP",3.976125,5.14431239763281
2024-12-21,"EB",6.814125,4.89926713484457
2024-12-21,"IMGM",4.97558333333333,5.10839821029598
2024-12-21,"PRES",7.286875,5.70273895522431
2024-12-21,"BIRR",4.88016666666667,6.81539018014654
2024-12-21,"BLC2",9.98333333333333,6.71163906033217
2024-12-21,"BOTR",5.04520833333333,5.97974368452835
2024-12-21,"GHSR",7.052,4.84691553961346
2024-12-21,"LEAM",5.53066666666667,6.33690480841313
2024-12-21,"NPT3",7.31733333333333,5.92369870561649
2024-12-21,"REA1",6.07995833333333,5.67530809856523
2024-12-21,"SOUT",6.64908333333333,5.88697234019452
2024-12-21,"WREX",4.682625,5.25109426839948
2024-12-21,"LEAR",5.08270833333333,5.84818807540296
2024-12-21,"PLYM",9.59020833333333,8.09872346418238
2024-12-21,"SHDG",5.38216666666667,5.63959012922374
2024-12-21,"SHE",5.32616666666667,5.85870781428596
2024-12-21,"BEL2",6.6795,7.35713337388932
2024-12-21,"GLKP",6.29708333333333,4.28235635449805
2024-12-21,"LECU",4.85754166666667,6.07147588470219
2024-12-21,"SUN2",4.920375,4.46821328322007
2024-12-21,"TRAN",7.13054166666667,5.74196938577522
2024-12-21,"STOK",5.250625,5.94958828507012
2024-12-21,"BEX",6.25391666666667,6.07096626468216
2024-12-21,"SEND",6.37979166666667,5.24821169237677
2024-12-21,"HUL2",5.9955,5.77523957792674
2024-12-21,"PEMB",8.60666666666667,5.08362488595986
2024-12-21,"WFEN",4.594125,4.89675005794009
2024-12-21,"OSY",6.18116666666667,5.27248108335638
2024-12-21,"ACTH",3.77845833333333,2.987639546608
2024-12-21,"COPP",5.15533333333333,6.06515944929476
2024-12-22,"EB",4.54604166666667,6.74785928531263
2024-12-22,"IMGM",4.54208333333333,4.92341241230692
2024-12-22,"PRES",8.356,6.41560886325612
2024-12-22,"BIRR",6.95070833333333,6.4296229374479
2024-12-22,"BLC2",9.78195833333333,7.89251029103658
2024-12-22,"BOTR",7.21104166666667,5.55900249633621
2024-12-22,"GHSR",7.56783333333333,5.7316611936359
2024-12-22,"LEAM",6.66079166666667,5.99329022009304
2024-12-22,"NPT3",6.364,6.98748681385235
2024-12-22,"REA1",5.47370833333333,5.90096299450864
2024-12-22,"SOUT",5.66725,6.37514541239584
2024-12-22,"WREX",7.202375,5.45674656216772
2024-12-22,"LEAR",6.12425,5.7883443485539
2024-12-22,"PLYM",8.39033333333333,9.01907614379312
2024-12-22,"SHDG",6.99770833333333,5.01925579256473
2024-12-22,"SHE",6.51933333333333,5.50615453861032
2024-12-22,"BEL2",7.50195833333333,6.74263318056842
2024-12-22,"GLKP",6.94183333333333,5.17387124694255
2024-12-22,"LECU",6.41608333333333,5.68871977814355
2024-12-22,"SUN2",4.64029166666667,4.45386654469107
2024-12-22,"TRAN",10.61425,5.98156647657082
2024-12-22,"STOK",8.45416666666667,6.15703095248536
2024-12-22,"BEX",6.08091666666667,6.49426367896269
2024-12-22,"SEND",6.073125,6.20243040101511
2024-12-22,"HUL2",5.39604166666667,5.24599980772744
2024-12-22,"PEMB",6.83375,5.95262756942413
2024-12-22,"WFEN",5.49041666666667,5.64592395527122
2024-12-22,"OSY",5.407875,6.2263356558925
2024-12-22,"ACTH",3.730375,3.23273855800339
2024-12-22,"COPP",8.03566666666667,5.83861086738444
2024-12-23,"EB",6.84941666666667,5.54051501092816
2024-12-23,"IMGM",7.05195833333333,5.5496926505974
2024-12-23,"PRES",7.25541666666667,6.1806646069488
2024-12-23,"BIRR",7.86266666666667,7.32357993686792
2024-12-23,"BLC2",6.76304166666667,6.979476980179
2024-12-23,"BOTR",8.33333333333333,6.29784183053123
2024-12-23,"GHSR",4.93816666666667,5.88902160140545
2024-12-23,"LEAM",7.582625,6.79056028796179
2024-12-23,"NPT3",6.21466666666667,6.87980870875203
2024-12-23,"REA1",7.31629166666667,5.71334367944517
2024-12-23,"SOUT",6.41516666666667,6.37073949926672
2024-12-23,"WREX",5.00195833333333,5.91918776947455
2024-12-23,"LEAR",7.2495,6.54353223311423
2024-12-23,"PLYM",8.25266666666667,8.59031372499545
2024-12-23,"SHDG",6.42975,5.81736175770912
2024-12-23,"SHE",7.46566666666667,6.00597227941166
2024-12-23,"BEL2",5.27616666666667,7.5745537834086
2024-12-23,"GLKP",4.61379166666667,5.3385696049948
2024-12-23,"LECU",7.73291666666667,6.47566147493895
2024-12-23,"SUN2",5.87366666666667,4.18555798097618
2024-12-23,"TRAN",6.538,6.40831895613958
2024-12-23,"STOK",7.82045833333333,6.6229487230424
2024-12-23,"BEX",8.82079166666667,5.88861938877621
2024-12-23,"SEND",7.79679166666667,5.20995454308415
2024-12-23,"HUL2",8.57216666666667,5.84947092744058
2024-12-23,"PEMB",4.541125,6.07695915537011
2024-12-23,"WFEN",7.03816666666667,5.03227891843555
2024-12-23,"OSY",6.72375,4.98352141053052
2024-12-23,"ACTH",2.82733333333333,3.05022030412443
2024-12-23,"COPP",6.47108333333333,6.65231578136495
2024-12-24,"EB",4.47333333333333,6.13123530063654
2024-12-24,"IMGM",5.78604166666667,5.70237505415743
2024-12-24,"PRES",4.986375,5.73673220231232
2024-12-24,"BIRR",5.52483333333333,6.96143118043795
2024-12-24,"BLC2",5.05220833333333,6.05072827202046
2024-12-24,"BOTR",5.631875,6.05615268217355
2024-12-24,"GHSR",1.7305,4.18699053905647
2024-12-24,"LEAM",6.60479166666667,6.0049488974327
2024-12-24,"NPT3",3.37558333333333,5.8601155627238
2024-12-24,"REA1",5.593625,5.67020873633781
2024-12-24,"SOUT",3.91708333333333,6.31920351353821
2024-12-24,"WREX",1.66570833333333,4.96539973835595
2024-12-24,"LEAR",6.42891666666667,5.72986002236073
2024-12-24,"PLYM",2.99625,7.66751073942276
2024-12-24,"SHDG",5.24475,5.60704368571201
2024-12-24,"SHE",4.59808333333333,6.08217266607527
2024-12-24,"BEL2",2.97070833333333,6.64742411261657
2024-12-24,"GLKP",1.65195833333333,3.73919192287704
2024-12-24,"LECU",6.18225,5.8701894920188
2024-12-24,"SUN2",1.16258333333333,4.8744341641245
2024-12-24,"TRAN",9.03,5.26424904808354
2024-12-24,"STOK",3.013,6.2178506996564
2024-12-24,"BEX",8.34520833333333,6.44940769977562
2024-12-24,"SEND",8.63316666666667,6.15654845684663
2024-12-24,"HUL2",6.7315,6.51130392596093
2024-12-24,"PEMB",2.46175,4.23323298119612
2024-12-24,"WFEN",5.94741666666667,5.21210681241359
2024-12-24,"OSY",8.2105,5.67954433878185
2024-12-24,"ACTH",0.515041666666667,2.27183959352256
2024-12-24,"COPP",4.43104166666667,5.91360722237129
2024-12-25,"EB",5.11504166666667,2.92507262969911
2024-12-25,"IMGM",6.13208333333333,2.37437644353626
2024-12-25,"PRES",4.053625,3.19349684573464
2024-12-25,"BIRR",3.77854166666667,4.032027851656
2024-12-25,"BLC2",2.93929166666667,3.22973037557329
2024-12-25,"BOTR",6.6755,3.13275752219262
2024-12-25,"GHSR",1.341375,3.20431867546785
2024-12-25,"LEAM",4.31408333333333,3.9224827437612
2024-12-25,"NPT3",1.95758333333333,2.5315181525849
2024-12-25,"REA1",2.818375,3.08974683163615
2024-12-25,"SOUT",1.82191666666667,2.46286678300042
2024-12-25,"WREX",3.35691666666667,2.36993345818677
2024-12-25,"LEAR",5.34091666666667,3.72921314498953
2024-12-25,"PLYM",2.00083333333333,3.26148351026468
2024-12-25,"SHDG",7.17570833333333,2.71223987354008
2024-12-25,"SHE",6.301125,3.163005687895
2024-12-25,"BEL2",2.10291666666667,4.77019494490947
2024-12-25,"GLKP",1.27058333333333,2.79609550501448
2024-12-25,"LECU",5.21625,3.47612638826082
2024-12-25,"SUN2",3.47679166666667,0.859004805860858
2024-12-25,"TRAN",12.0372083333333,3.06587388207517
2024-12-25,"STOK",4.040875,3.03528430872994
2024-12-25,"BEX",7.51583333333333,3.52808371660111
2024-12-25,"SEND",10.860875,4.64788014218542
2024-12-25,"HUL2",8.76866666666667,2.6444363188778
2024-12-25,"PEMB",1.12033333333333,1.9712388330339
2024-12-25,"WFEN",4.950875,3.83204610702579
2024-12-25,"OSY",9.438875,3.97490797792568
2024-12-25,"ACTH",0.64075,1.36030312626168
2024-12-25,"COPP",5.22408333333333,2.71414831568593
2024-12-26,"EB",4.18141666666667,1.93893095095823
2024-12-26,"IMGM",7.70345833333333,-1.40856472956468
2024-12-26,"PRES",10.9070833333333,-1.25316452117803
2024-12-26,"BIRR",4.35725,-0.111767747486613
2024-12-26,"BLC2",11.3935833333333,-2.16762825155904
2024-12-26,"BOTR",5.05608333333333,-0.836410116463893
2024-12-26,"GHSR",2.01458333333333,0.807336204841512
2024-12-26,"LEAM",3.619375,-0.445993682901066
2024-12-26,"NPT3",4.25525,0.0946146573833726
2024-12-26,"REA1",4.21475,-0.00802497234150401
2024-12-26,"SOUT",4.17645833333333,0.994919214986004
2024-12-26,"WREX",4.714125,-2.90332314180554
2024-12-26,"LEAR",3.45225,0.0824395929335178
2024-12-26,"PLYM",2.84008333333333,3.07601465243649
2024-12-26,"SHDG",12.8549166666667,-1.51899135146393
2024-12-26,"SHE",10.8255,-1.00578469253663
2024-12-26,"BEL2",5.96404166666667,1.19809136437835
2024-12-26,"GLKP",1.95270833333333,0.444451824647768
2024-12-26,"LECU",4.2295,-0.889617336471289
2024-12-26,"SUN2",6.55266666666667,-2.00574930278614
2024-12-26,"TRAN",17.4923333333333,-2.2793571119529
2024-12-26,"STOK",6.41629166666667,-1.08117050772572
2024-12-26,"BEX",5.9945,0.261778671457633
2024-12-26,"SEND",6.818,2.50808677379858
2024-12-26,"HUL2",12.88825,-0.862591147799146
2024-12-26,"PEMB",0.688833333333333,-0.283667423073335
2024-12-26,"WFEN",6.84954166666667,0.804362445068251
2024-12-26,"OSY",6.37295833333333,0.805729686610118
2024-12-26,"ACTH",0.563166666666667,-1.28234869814457
2024-12-26,"COPP",4.62375,-2.60805117296628
2024-12-27,"EB",6.70495833333333,0.526864189704206
2024-12-27,"IMGM",2.88733333333333,2.86509457092901
2024-12-27,"PRES",7.38891666666667,4.04146951241137
2024-12-27,"BIRR",4.856625,6.09110518139145
2024-12-27,"BLC2",6.12133333333333,3.77139318928435
2024-12-27,"BOTR",4.49495833333333,5.88336361580715
2024-12-27,"GHSR",3.83745833333333,5.50427107331373
2024-12-27,"LEAM",5.39320833333333,6.13905311086483
2024-12-27,"NPT3",7.10704166666667,2.14735457598046
2024-12-27,"REA1",4.488,3.13641667616843
2024-12-27,"SOUT",7.28575,1.71892920600069
2024-12-27,"WREX",10.2870416666667,3.74349136361533
2024-12-27,"LEAR",5.00104166666667,5.78320127553876
2024-12-27,"PLYM",6.68245833333333,0.923431142289224
2024-12-27,"SHDG",17.6828333333333,6.0939214037617
2024-12-27,"SHE",8.80108333333333,5.01234980805658
2024-12-27,"BEL2",6.15470833333333,7.60011275121401
2024-12-27,"GLKP",3.696,4.75986070121997
2024-12-27,"LECU",3.190875,5.39092166421526
2024-12-27,"SUN2",11.252,3.29667936022625
2024-12-27,"TRAN",35.8885,4.84883585405297
2024-12-27,"STOK",6.841625,5.25943313721105
2024-12-27,"BEX",7.673,1.97034000911972
2024-12-27,"SEND",4.52441666666667,1.78451922784063
2024-12-27,"HUL2",9.76725,3.21688573442837
2024-12-27,"PEMB",2.54820833333333,1.09414388221362
2024-12-27,"WFEN",11.022,2.26010749615355
2024-12-27,"OSY",2.35820833333333,1.47585126831814
2024-12-27,"ACTH",0.669208333333333,2.86431558204734
2024-12-27,"COPP",5.78820833333333,4.79375270749248
2024-12-28,"EB",11.0111666666667,-0.0370858079328289
2024-12-28,"IMGM",6.99095833333333,7.88860578554173
2024-12-28,"PRES",7.73108333333333,4.99342051473593
2024-12-28,"BIRR",4.90566666666667,11.8769611956653
2024-12-28,"BLC2",7.52558333333333,1.30521082013111
2024-12-28,"BOTR",6.48195833333333,12.2155741046027
2024-12-28,"GHSR",4.65508333333333,7.63982856245273
2024-12-28,"LEAM",6.40345833333333,15.328605005622
2024-12-28,"NPT3",8.38058333333333,6.41259573472501
2024-12-28,"REA1",4.609,9.24732636843468
2024-12-28,"SOUT",9.08425,3.60795578975114
2024-12-28,"WREX",8.31270833333333,9.90475653452421
2024-12-28,"LEAR",5.95225,13.8454707103958
2024-12-28,"PLYM",10.8963333333333,2.23597545078273
2024-12-28,"SHDG",12.5572083333333,14.1917800894363
2024-12-28,"SHE",11.1517083333333,9.63339841290353
2024-12-28,"BEL2",7.175875,13.1790928870541
2024-12-28,"GLKP",4.43791666666667,7.22302195558908
2024-12-28,"LECU",6.658875,14.0608496555023
2024-12-28,"SUN2",4.497875,3.53560833732231
2024-12-28,"TRAN",13.7991666666667,8.836913420366
2024-12-28,"STOK",7.046,10.6984440651414
2024-12-28,"BEX",8.8955,6.34132319616485
2024-12-28,"SEND",7.02545833333333,5.01755304175692
2024-12-28,"HUL2",10.0392916666667,6.18027039253601
2024-12-28,"PEMB",5.57395833333333,6.7938536151401
2024-12-28,"WFEN",5.427625,5.03580188894184
2024-12-28,"OSY",4.09591666666667,2.13550104390503
2024-12-28,"ACTH",1.15370833333333,5.42928763066191
2024-12-28,"COPP",6.676625,10.724453775322
2024-12-29,"EB",5.13658333333333,5.06773512399997
2024-12-29,"IMGM",5.38129166666667,2.06821169447826
2024-12-29,"PRES",3.90825,1.78252449654823
2024-12-29,"BIRR",3.2135,3.49010623361116
2024-12-29,"BLC2",5.24283333333333,0.685150774339268
2024-12-29,"BOTR",3.91120833333333,3.60182449487488
2024-12-29,"GHSR",4.26595833333333,2.07584769046211
2024-12-29,"LEAM",3.53570833333333,4.02596411503588
2024-12-29,"NPT3",7.83120833333333,4.15666648401647
2024-12-29,"REA1",3.72358333333333,3.79585844118266
2024-12-29,"SOUT",3.7785,5.48363517593899
2024-12-29,"WREX",2.49316666666667,1.22351424844298
2024-12-29,"LEAR",3.49258333333333,3.60395203666687
2024-12-29,"PLYM",4.1205,6.87817844253183
2024-12-29,"SHDG",3.25770833333333,3.30926131285674
2024-12-29,"SHE",3.018,3.19224768243045
2024-12-29,"BEL2",5.18779166666667,4.53687643017886
2024-12-29,"GLKP",3.90441666666667,1.52749624151075
2024-12-29,"LECU",4.12345833333333,3.29532240390045
2024-12-29,"SUN2",2.155125,-0.447687704549382
2024-12-29,"TRAN",3.070875,1.39043966560831
2024-12-29,"STOK",2.81745833333333,3.00064241884519
2024-12-29,"BEX",6.39158333333333,5.02250697681395
2024-12-29,"SEND",6.61370833333333,4.70653645202691
2024-12-29,"HUL2",5.204375,1.83037919383603
2024-12-29,"PEMB",3.0445,3.11150604499814
2024-12-29,"WFEN",4.78679166666667,1.48280110899943
2024-12-29,"OSY",5.407,3.15054865636866
2024-12-29,"ACTH",2.24754166666667,-0.411681253324514
2024-12-29,"COPP",2.6465,1.55180434172566
2024-12-30,"EB",2.47741666666667,4.87573560479218
2024-12-30,"IMGM",1.71779166666667,4.66790784120692
2024-12-30,"PRES",3.57320833333333,3.2578369003912
2024-12-30,"BIRR",1.95758333333333,4.88984833768864
2024-12-30,"BLC2",6.14195833333333,3.66141350843927
2024-12-30,"BOTR",1.78358333333333,4.18431537251869
2024-12-30,"GHSR",3.31370833333333,3.03877196052984
2024-12-30,"LEAM",1.529125,4.42650304439166
2024-12-30,"NPT3",1.973375,3.81816655251458
2024-12-30,"REA1",1.75225,3.95206095767211
2024-12-30,"SOUT",2.15308333333333,5.11302236464181
2024-12-30,"WREX",1.37091666666667,2.53579431568797
2024-12-30,"LEAR",1.50045833333333,4.31109838650746
2024-12-30,"PLYM",2.91575,4.3622586973331
2024-12-30,"SHDG",1.727625,3.33747713969354
2024-12-30,"SHE",1.57329166666667,4.6004309077346
2024-12-30,"BEL2",3.7175,3.17863984832301
2024-12-30,"GLKP",3.04829166666667,2.7275249728608
2024-12-30,"LECU",1.61758333333333,5.01166370193787
2024-12-30,"SUN2",3.52591666666667,4.42850018110363
2024-12-30,"TRAN",2.836,2.63364045954266
2024-12-30,"STOK",1.73845833333333,4.19705560788159
2024-12-30,"BEX",2.62970833333333,5.93962695856938
2024-12-30,"SEND",2.48133333333333,5.36272658666254
2024-12-30,"HUL2",3.56133333333333,5.28088571017338
2024-12-30,"PEMB",1.65091666666667,1.22442390088948
2024-12-30,"WFEN",2.04195833333333,5.23112212678668
2024-12-30,"OSY",3.468,5.30277584402567
2024-12-30,"ACTH",1.871125,1.73797025511107
2024-12-30,"COPP",1.524125,3.17334257169784
2024-12-31,"EB",6.12125,4.14749040923154
2024-12-31,"IMGM",1.7365,3.47450559792229
2024-12-31,"PRES",2.070625,4.35352465634153
2024-12-31,"BIRR",2.62579166666667,3.92207120096473
2024-12-31,"BLC2",6.28729166666667,5.72979910167952
2024-12-31,"BOTR",2.15304166666667,3.57409654743219
2024-12-31,"GHSR",4.2305,4.79485843588772
2024-12-31,"LEAM",2.14720833333333,2.92144278919661
2024-12-31,"NPT3",3.13495833333333,3.70047698727442
2024-12-31,"REA1",3.147625,3.03150555016425
2024-12-31,"SOUT",5.41179166666667,3.92914894056958
2024-12-31,"WREX",1.56154166666667,2.63514940019243
2024-12-31,"LEAR",2.17575,2.92088770806181
2024-12-31,"PLYM",6.21954166666667,5.66409867164039
2024-12-31,"SHDG",1.2825,3.70691117518152
2024-12-31,"SHE",1.360125,3.85288650379809
2024-12-31,"BEL2",4.30916666666667,4.27772215149489
2024-12-31,"GLKP",4.011375,4.46487557832711
2024-12-31,"LECU",2.097125,3.14112286145944
2024-12-31,"SUN2",1.253,3.88853645146912
2024-12-31,"TRAN",1.73058333333333,3.56351223121978
2024-12-31,"STOK",1.67945833333333,3.74629792204775
2024-12-31,"BEX",4.37108333333333,2.7802220480667
2024-12-31,"SEND",4.044875,2.45315759894914
2024-12-31,"HUL2",2.28291666666667,4.06422611828006
2024-12-31,"PEMB",5.578875,2.94242973767817
2024-12-31,"WFEN",2.3005,2.74122789676122
2024-12-31,"OSY",4.325875,3.04854707537607
2024-12-31,"ACTH",1.97425,2.491155027372
2024-12-31,"COPP",1.752125,3.08094459354677
