"date","site_id","observed","forecast"
2024-10-19,"EB",4.59525,5.12232906084002
2024-10-19,"IMGM",5.39895833333333,5.43478024387197
2024-10-19,"PRES",6.41229166666667,5.16804941611529
2024-10-19,"BIRR",6.5575,6.23984267493997
2024-10-19,"BLC2",6.879,5.68611169338229
2024-10-19,"BOTR",7.903875,5.56864135845023
2024-10-19,"GHSR",8.922,3.95923447148606
2024-10-19,"LEAM",4.81916666666667,5.06295180822902
2024-10-19,"NPT3",7.3635,5.24306625993477
2024-10-19,"REA1",5.85308333333333,4.84897440667792
2024-10-19,"SOUT",6.33054166666667,5.07813714408127
2024-10-19,"WREX",5.33908333333333,4.62889680621206
2024-10-19,"LEAR",4.47325,4.88282762752775
2024-10-19,"PLYM",8.988875,6.68487307893025
2024-10-19,"SHDG",7.30645833333333,5.80839721509076
2024-10-19,"SHE",6.90154166666667,5.81474823935226
2024-10-19,"BEL2",9.75929166666667,5.396624313498
2024-10-19,"GLKP",8.60645833333333,3.58465178244891
2024-10-19,"LECU",5.63204166666667,5.13166632852808
2024-10-19,"SUN2",7.334,5.35870658590978
2024-10-19,"TRAN",6.15083333333333,4.87631770037019
2024-10-19,"STOK",5.43045833333333,5.64962674307227
2024-10-19,"BEX",5.739,5.72123974937876
2024-10-19,"SEND",5.04825,5.50199623854373
2024-10-19,"HUL2",6.60575,6.17876270569833
2024-10-19,"PEMB",8.29804166666667,4.2956526085402
2024-10-19,"WFEN",4.16383333333333,5.05067291689334
2024-10-19,"OSY",4.5675,5.8177569769219
2024-10-19,"ACTH",5.07070833333333,2.61064053100359
2024-10-19,"COPP",5.82845833333333,5.24404146051218
2024-10-20,"EB",6.81508333333333,7.31494744683038
2024-10-20,"IMGM",6.42404166666667,7.31519265145288
2024-10-20,"PRES",7.73504166666667,7.56929263845245
2024-10-20,"BIRR",7.80470833333333,8.45622178146476
2024-10-20,"BLC2",10.3086666666667,8.41047434281525
2024-10-20,"BOTR",7.56970833333333,7.71082740188681
2024-10-20,"GHSR",6.33654166666667,6.84100071156603
2024-10-20,"LEAM",7.55708333333333,7.48802223539948
2024-10-20,"NPT3",10.0374166666667,7.601250145099
2024-10-20,"REA1",7.57079166666667,7.5106231846526
2024-10-20,"SOUT",8.70775,7.53031395824864
2024-10-20,"WREX",7.40270833333333,7.11471097577949
2024-10-20,"LEAR",7.341875,7.27998728134397
2024-10-20,"PLYM",13.4699583333333,8.73853910256445
2024-10-20,"SHDG",7.46070833333333,8.12792168390808
2024-10-20,"SHE",8.190875,8.13905202676935
2024-10-20,"BEL2",7.01154166666667,8.36270456793996
2024-10-20,"GLKP",5.92479166666667,6.50530400028429
2024-10-20,"LECU",6.88875,7.19586935706701
2024-10-20,"SUN2",7.268125,7.73041350786594
2024-10-20,"TRAN",8.08566666666667,7.43826632560978
2024-10-20,"STOK",7.63866666666667,7.73869582825694
2024-10-20,"BEX",7.169875,8.45157134793904
2024-10-20,"SEND",6.67158333333333,8.05327614630308
2024-10-20,"HUL2",7.497125,8.2461907938027
2024-10-20,"PEMB",11.4229583333333,6.18780558542847
2024-10-20,"WFEN",6.950625,7.38540727785694
2024-10-20,"OSY",7.07645833333333,7.74654695717064
2024-10-20,"ACTH",4.666875,4.74945806241204
2024-10-20,"COPP",7.80183333333333,7.83882979867499
2024-10-21,"EB",5.89833333333333,7.41356841315748
2024-10-21,"IMGM",9.52113043478261,8.15895652825413
2024-10-21,"PRES",7.22095833333333,7.44445526212828
2024-10-21,"BIRR",12.4931666666667,8.23211311770513
2024-10-21,"BLC2",8.54166666666667,8.70428024045453
2024-10-21,"BOTR",11.6794583333333,7.6714571125358
2024-10-21,"GHSR",6.29525,5.44591419175228
2024-10-21,"LEAM",11.4859166666667,7.04699804574361
2024-10-21,"NPT3",11.1125,7.94243048770735
2024-10-21,"REA1",10.3047083333333,7.15910126351489
2024-10-21,"SOUT",9.086125,7.35989712946938
2024-10-21,"WREX",7.048,7.16501698209762
2024-10-21,"LEAR",10.975875,6.8153914673024
2024-10-21,"PLYM",12.5807083333333,9.84519511033109
2024-10-21,"SHDG",7.51079166666667,8.38779185011823
2024-10-21,"SHE",7.89216666666667,8.31270107037732
2024-10-21,"BEL2",6.43966666666667,7.02867971077914
2024-10-21,"GLKP",6.09079166666667,5.11327412845481
2024-10-21,"LECU",11.253,7.38765890306021
2024-10-21,"SUN2",4.90383333333333,7.35805507526631
2024-10-21,"TRAN",5.97626086956522,7.98266353595538
2024-10-21,"STOK",9.32395833333333,7.96529996144262
2024-10-21,"BEX",8.946625,8.28695896977178
2024-10-21,"SEND",8.33229166666667,7.8217206966685
2024-10-21,"HUL2",11.3050833333333,8.7154076326735
2024-10-21,"PEMB",9.35829166666667,7.17885609603561
2024-10-21,"WFEN",10.3271739130435,7.25800123784933
2024-10-21,"OSY",9.571625,7.83275053004565
2024-10-21,"ACTH",3.405125,4.10476116539223
2024-10-21,"COPP",7.615,7.96004464287701
2024-10-22,"EB",4.2305,7.61071892860844
2024-10-22,"IMGM",7.0215,8.61423315956112
2024-10-22,"PRES",6.46329166666667,8.10733510097638
2024-10-22,"BIRR",8.561375,9.21535550262847
2024-10-22,"BLC2",7.02629166666667,9.29347868237579
2024-10-22,"BOTR",6.869125,8.49818556874902
2024-10-22,"GHSR",6.103625,5.9853388595337
2024-10-22,"LEAM",5.06895833333333,8.70189184180798
2024-10-22,"NPT3",6.402375,8.46543801963251
2024-10-22,"REA1",5.190625,7.89073078488759
2024-10-22,"SOUT",6.91220833333333,7.95342971880095
2024-10-22,"WREX",4.05858333333333,7.86060818461741
2024-10-22,"LEAR",4.95091666666667,8.3366942508749
2024-10-22,"PLYM",8.9575,10.4869905290978
2024-10-22,"SHDG",6.273625,8.42945575892166
2024-10-22,"SHE",7.82629166666667,8.65845021364489
2024-10-22,"BEL2",6.68533333333333,7.62913144955212
2024-10-22,"GLKP",5.74983333333333,5.55389617102542
2024-10-22,"LECU",6.318875,8.75084848522276
2024-10-22,"SUN2",5.36170833333333,7.36075700797232
2024-10-22,"TRAN",6.81908333333333,8.47587822880158
2024-10-22,"STOK",6.27945833333333,8.51999934209572
2024-10-22,"BEX",5.94345833333333,8.84318370021445
2024-10-22,"SEND",5.60345833333333,8.39828153310346
2024-10-22,"HUL2",7.49259090909091,9.46160035553973
2024-10-22,"PEMB",6.88583333333333,7.44824284507836
2024-10-22,"WFEN",4.63045833333333,8.31870359843914
2024-10-22,"OSY",5.83520833333333,8.30226556364324
2024-10-22,"ACTH",3.71275,3.86584424810988
2024-10-22,"COPP",5.21629166666667,8.51009986044694
2024-10-23,"EB",3.88958333333333,4.58009245660333
2024-10-23,"IMGM",6.032875,5.83937670866879
2024-10-23,"PRES",5.8315,6.38593401783705
2024-10-23,"BIRR",8.12216666666667,6.16262437649497
2024-10-23,"BLC2",6.11633333333333,7.44631883244248
2024-10-23,"BOTR",7.55608333333333,5.84004045150458
2024-10-23,"GHSR",4.16358333333333,5.95910367294041
2024-10-23,"LEAM",5.28,5.03489098422944
2024-10-23,"NPT3",6.57433333333333,5.46040305592913
2024-10-23,"REA1",5.62216666666667,4.801458535474
2024-10-23,"SOUT",6.37383333333333,5.07775579609191
2024-10-23,"WREX",5.57036363636364,5.09612655304004
2024-10-23,"LEAR",4.68954166666667,4.76718970506176
2024-10-23,"PLYM",6.25095833333333,7.2661167005
2024-10-23,"SHDG",6.625375,5.8953307081458
2024-10-23,"SHE",9.602,5.89168579816304
2024-10-23,"BEL2",5.62504166666667,7.05861715915464
2024-10-23,"GLKP",3.88570833333333,5.43838867245919
2024-10-23,"LECU",5.66445833333333,5.463013971606
2024-10-23,"SUN2",8.17029166666667,5.48971141507456
2024-10-23,"TRAN",6.06533333333333,6.08255940584557
2024-10-23,"STOK",7.24982608695652,5.85555698846225
2024-10-23,"BEX",6.83966666666667,5.18561178432163
2024-10-23,"SEND",6.14583333333333,5.0340080727801
2024-10-23,"HUL2",8.50933333333333,6.46439349291346
2024-10-23,"PEMB",4.9755,5.23197521041509
2024-10-23,"WFEN",6.43579166666667,5.0425217434175
2024-10-23,"OSY",5.72629166666667,5.34865502909524
2024-10-23,"ACTH",2.63270833333333,3.50104031581591
2024-10-23,"COPP",6.01004347826087,5.96931539991114
2024-10-24,"EB",5.52766666666667,6.03057764719079
2024-10-24,"IMGM",7.73104166666667,6.90030885424554
2024-10-24,"PRES",6.64808333333333,5.93368582527536
2024-10-24,"BIRR",7.638,7.15863648302296
2024-10-24,"BLC2",6.669625,6.67486745342306
2024-10-24,"BOTR",7.34966666666667,6.46009161715643
2024-10-24,"GHSR",4.822125,5.19195919267398
2024-10-24,"LEAM",6.58308333333333,6.04402815279598
2024-10-24,"NPT3",7.1855,5.79707316985822
2024-10-24,"REA1",6.61566666666667,5.87955476830787
2024-10-24,"SOUT",6.27554166666667,5.9531306248282
2024-10-24,"WREX",7.26145833333333,5.45997317228428
2024-10-24,"LEAR",6.27166666666667,5.83142699332276
2024-10-24,"PLYM",9.05445454545455,6.60097059708273
2024-10-24,"SHDG",8.80804166666667,7.07116443888879
2024-10-24,"SHE",9.08025,6.93891568072079
2024-10-24,"BEL2",7.5265,6.11785884903228
2024-10-24,"GLKP",4.6395,4.79497174589721
2024-10-24,"LECU",7.289875,6.31510077395574
2024-10-24,"SUN2",12.3594583333333,6.50972959723193
2024-10-24,"TRAN",7.17979166666667,5.91179965686593
2024-10-24,"STOK",8.11716666666667,6.45370845550444
2024-10-24,"BEX",7.46458333333333,6.90129854847429
2024-10-24,"SEND",6.53708333333333,6.50641904687542
2024-10-24,"HUL2",8.95145833333333,7.61979204976333
2024-10-24,"PEMB",6.67058333333333,4.62596765986498
2024-10-24,"WFEN",8.458125,6.09829236794333
2024-10-24,"OSY",8.22233333333333,6.63704541240674
2024-10-24,"ACTH",4.04175,3.46952447738531
2024-10-24,"COPP",8.18704166666667,6.36394541365137
2024-10-25,"EB",6.56158333333333,7.13806191301735
2024-10-25,"IMGM",15.9395,8.68555293388376
2024-10-25,"PRES",10.9228333333333,7.41839738339957
2024-10-25,"BIRR",13.0474583333333,9.13978826786742
2024-10-25,"BLC2",11.141875,7.95355303134817
2024-10-25,"BOTR",11.7561666666667,8.39562816033609
2024-10-25,"GHSR",13.2115833333333,6.23498518752706
2024-10-25,"LEAM",10.6747826086957,8.00082564931181
2024-10-25,"NPT3",8.983,7.41923523085723
2024-10-25,"REA1",10.0412083333333,7.51362531313132
2024-10-25,"SOUT",8.52795833333333,7.28630760458529
2024-10-25,"WREX",12.3044166666667,7.55547776821961
2024-10-25,"LEAR",10.9654166666667,7.74668079468186
2024-10-25,"PLYM",9.23941666666667,8.18472898271178
2024-10-25,"SHDG",17.0165416666667,9.36404149221741
2024-10-25,"SHE",14.893,8.87115298132174
2024-10-25,"BEL2",14.4054583333333,8.15066746114675
2024-10-25,"GLKP",12.9363333333333,5.96600566661588
2024-10-25,"LECU",11.26575,7.96399916132008
2024-10-25,"SUN2",15.3145833333333,8.59356413719025
2024-10-25,"TRAN",11.6342083333333,7.58953805851249
2024-10-25,"STOK",13.0276666666667,8.32834122024301
2024-10-25,"BEX",10.3499166666667,8.54495452896096
2024-10-25,"SEND",9.26591666666667,8.18126500869631
2024-10-25,"HUL2",16.1705416666667,9.52581305730059
2024-10-25,"PEMB",6.104625,6.01230366133766
2024-10-25,"WFEN",9.81720833333333,7.82125638134987
2024-10-25,"OSY",8.76866666666667,8.13613262131266
2024-10-25,"ACTH",11.7747916666667,4.52281070013107
2024-10-25,"COPP",12.1159166666667,8.42395231142148
2024-10-26,"EB",7.56983333333333,9.01469757125044
2024-10-26,"IMGM",7.97075,13.0675812690897
2024-10-26,"PRES",6.92516666666667,11.0451380395545
2024-10-26,"BIRR",9.30529166666667,13.266589216886
2024-10-26,"BLC2",7.37416666666667,12.0054701068085
2024-10-26,"BOTR",9.78583333333333,12.4465580783515
2024-10-26,"GHSR",7.80470833333333,11.1712582997
2024-10-26,"LEAM",6.546875,12.0409145859225
2024-10-26,"NPT3",7.99329166666667,10.2070814146931
2024-10-26,"REA1",8.05233333333333,10.7568104117035
2024-10-26,"SOUT",7.91379166666667,9.28058566425099
2024-10-26,"WREX",5.437375,11.7122462324834
2024-10-26,"LEAR",6.796375,11.6949300403536
2024-10-26,"PLYM",10.75475,9.38193131171851
2024-10-26,"SHDG",7.014625,14.8829426780807
2024-10-26,"SHE",6.60179166666667,13.8603557733126
2024-10-26,"BEL2",8.07795833333333,12.6044769094304
2024-10-26,"GLKP",6.95845833333333,11.0518090840488
2024-10-26,"LECU",8.180125,11.9015567056236
2024-10-26,"SUN2",7.18075,13.55091256509
2024-10-26,"TRAN",6.21366666666667,12.1731619234955
2024-10-26,"STOK",8.299,11.8955918732658
2024-10-26,"BEX",10.3381666666667,12.569141934711
2024-10-26,"SEND",9.91054166666667,12.0232822960917
2024-10-26,"HUL2",10.75375,14.3655344929264
2024-10-26,"PEMB",6.88295833333333,7.85915451509754
2024-10-26,"WFEN",5.74095833333333,11.9981219606712
2024-10-26,"OSY",6.22158333333333,11.2587551622328
2024-10-26,"ACTH",4.14504166666667,8.5004372597462
2024-10-26,"COPP",7.64045833333333,12.1837789376154
2024-10-27,"EB",4.08041666666667,6.68977850742778
2024-10-27,"IMGM",4.537125,6.65402310370829
2024-10-27,"PRES",4.48216666666667,5.64509453532319
2024-10-27,"BIRR",5.46875,6.51399406370885
2024-10-27,"BLC2",4.93416666666667,6.50470227367425
2024-10-27,"BOTR",4.87229166666667,5.85932133085656
2024-10-27,"GHSR",3.99958333333333,5.05903786892844
2024-10-27,"LEAM",5.09441666666667,4.80054728546533
2024-10-27,"NPT3",4.54995833333333,5.97376427949391
2024-10-27,"REA1",5.403875,6.16588118540003
2024-10-27,"SOUT",7.15029166666667,6.99437072744388
2024-10-27,"WREX",4.62858333333333,4.67555160749608
2024-10-27,"LEAR",4.54795833333333,4.5953248898007
2024-10-27,"PLYM",7.89320833333333,8.48512317706729
2024-10-27,"SHDG",3.87583333333333,6.1902649220842
2024-10-27,"SHE",3.78933333333333,6.43837852011038
2024-10-27,"BEL2",6.006375,6.36422527698185
2024-10-27,"GLKP",3.84529166666667,4.67035376710338
2024-10-27,"LECU",4.583375,5.85092862237519
2024-10-27,"SUN2",4.19129166666667,5.57394543092704
2024-10-27,"TRAN",4.40845833333333,6.15484448636615
2024-10-27,"STOK",5.104125,6.58534950206562
2024-10-27,"BEX",7.86954166666667,7.80981362743458
2024-10-27,"SEND",6.69716666666667,7.38676519048531
2024-10-27,"HUL2",4.70920833333333,7.44564862747244
2024-10-27,"PEMB",4.81341666666667,5.29769853310968
2024-10-27,"WFEN",5.18875,5.88406103079044
2024-10-27,"OSY",5.51204166666667,6.64784879682367
2024-10-27,"ACTH",2.53041666666667,3.26544537097895
2024-10-27,"COPP",4.45758333333333,6.4427328668333
2024-10-28,"EB",3.14066666666667,5.50822734660026
2024-10-28,"IMGM",3.63891666666667,5.6668847133456
2024-10-28,"PRES",3.04529166666667,5.4990062494486
2024-10-28,"BIRR",4.26104166666667,6.27646462898126
2024-10-28,"BLC2",4.33375,6.27659703620212
2024-10-28,"BOTR",3.39225,5.48775190023028
2024-10-28,"GHSR",2.06966666666667,4.74971004521922
2024-10-28,"LEAM",2.87641666666667,4.82484862973948
2024-10-28,"NPT3",3.16729166666667,5.26993529477664
2024-10-28,"REA1",3.56229166666667,4.94712029405829
2024-10-28,"SOUT",4.043875,6.00241110055901
2024-10-28,"WREX",1.83370833333333,4.5518865590985
2024-10-28,"LEAR",2.32120833333333,4.69099843353039
2024-10-28,"PLYM",4.74733333333333,7.18568451416636
2024-10-28,"SHDG",1.53695833333333,5.83520320258749
2024-10-28,"SHE",1.69908695652174,5.81478347336076
2024-10-28,"BEL2",3.03066666666667,6.02480976253164
2024-10-28,"GLKP",1.74345833333333,4.34219595415963
2024-10-28,"LECU",3.17908333333333,5.30904409481948
2024-10-28,"SUN2",2.13241666666667,5.26729420257113
2024-10-28,"TRAN",1.89958333333333,5.36885657687949
2024-10-28,"STOK",2.77604166666667,5.95698342154742
2024-10-28,"BEX",3.644,5.98292535005334
2024-10-28,"SEND",3.21745833333333,5.55046732845748
2024-10-28,"HUL2",5.46970833333333,6.35662235466191
2024-10-28,"PEMB",2.18158333333333,4.56790975279663
2024-10-28,"WFEN",3.44545833333333,4.8800000108525
2024-10-28,"OSY",3.575125,5.42944099999803
2024-10-28,"ACTH",0.650666666666667,3.24232556480284
2024-10-28,"COPP",1.40629166666667,5.77736233120885
2024-10-29,"EB",2.50395833333333,4.30583863934155
2024-10-29,"IMGM",3.92295833333333,3.45285602746687
2024-10-29,"PRES",3.41095833333333,4.1747916918176
2024-10-29,"BIRR",6.79154166666667,4.78613041123748
2024-10-29,"BLC2",2.80266666666667,4.78770402739089
2024-10-29,"BOTR",4.03,3.97203041752238
2024-10-29,"GHSR",1.86120833333333,3.28569354308516
2024-10-29,"LEAM",6.33529166666667,3.65946062819186
2024-10-29,"NPT3",6.25591666666667,4.04024375704339
2024-10-29,"REA1",4.19029166666667,3.82177134610218
2024-10-29,"SOUT",3.48491304347826,4.67250971129837
2024-10-29,"WREX",2.549125,3.18423508415784
2024-10-29,"LEAR",5.70070833333333,3.5435714904832
2024-10-29,"PLYM",3.40308333333333,5.54623246560605
2024-10-29,"SHDG",3.37260869565217,3.67102762290965
2024-10-29,"SHE",3.97416666666667,4.02626157359573
2024-10-29,"BEL2",5.15920833333333,4.3231237463105
2024-10-29,"GLKP",1.15766666666667,2.91508293537785
2024-10-29,"LECU",5.14941666666667,3.74707524122235
2024-10-29,"SUN2",1.83670833333333,3.85770332411247
2024-10-29,"TRAN",3.09954166666667,3.62303783811954
2024-10-29,"STOK",5.60154166666667,4.25375434067756
2024-10-29,"BEX",4.89004166666667,4.22433455360988
2024-10-29,"SEND",4.42808333333333,3.84146778825333
2024-10-29,"HUL2",4.48991666666667,4.20680496900172
2024-10-29,"PEMB",3.18295833333333,3.41394182902844
2024-10-29,"WFEN",4.432,3.34290084316029
2024-10-29,"OSY",3.875875,3.92473943598251
2024-10-29,"ACTH",0.49925,1.87971656465477
2024-10-29,"COPP",4.096,3.86046170790667
2024-10-30,"EB",8.56929166666667,3.8910178149838
2024-10-30,"IMGM",6.367,4.61370772444972
2024-10-30,"PRES",7.078375,5.35452764582565
2024-10-30,"BIRR",10.6447916666667,6.11363031844406
2024-10-30,"BLC2",5.94441666666667,5.44435668132513
2024-10-30,"BOTR",7.51470833333333,5.3316376728918
2024-10-30,"GHSR",2.19529166666667,3.66558123255426
2024-10-30,"LEAM",9.78970833333333,5.30163466980942
2024-10-30,"NPT3",7.17570833333333,4.47989360964385
2024-10-30,"REA1",7.95608333333333,4.45845411681371
2024-10-30,"SOUT",7.52858333333333,4.96516298428283
2024-10-30,"WREX",4.64529166666667,4.26517381484132
2024-10-30,"LEAR",8.88966666666667,5.12331454984164
2024-10-30,"PLYM",5.3685,5.21507125466915
2024-10-30,"SHDG",4.42525,5.11315153829315
2024-10-30,"SHE",4.09691666666667,5.42162604495028
2024-10-30,"BEL2",8.666625,5.57786737205894
2024-10-30,"GLKP",1.77666666666667,3.18808185986434
2024-10-30,"LECU",7.83804166666667,5.23317461012114
2024-10-30,"SUN2",2.41858333333333,4.22341304930921
2024-10-30,"TRAN",6.15191666666667,4.59208629879866
2024-10-30,"STOK",8.0455,5.45832391450169
2024-10-30,"BEX",11.0260416666667,4.65802773064292
2024-10-30,"SEND",9.98329166666667,4.26292506822465
2024-10-30,"HUL2",7.02433333333333,5.44930182516909
2024-10-30,"PEMB",3.45325,3.22336919716285
2024-10-30,"WFEN",7.62483333333333,4.40899073066837
2024-10-30,"OSY",11.537,4.3813944361707
2024-10-30,"ACTH",0.8765,1.98232441383332
2024-10-30,"COPP",7.82625,5.27798751288537
2024-10-31,"EB",11.9134166666667,5.67430252720669
2024-10-31,"IMGM",8.644875,5.96620837235909
2024-10-31,"PRES",4.85266666666667,6.66486294262873
2024-10-31,"BIRR",16.3227916666667,7.88889955259864
2024-10-31,"BLC2",3.73420833333333,6.69349298109494
2024-10-31,"BOTR",11.2874166666667,6.83359996095774
2024-10-31,"GHSR",4.21308333333333,4.60513811486515
2024-10-31,"LEAM",14.3336666666667,6.69844839087418
2024-10-31,"NPT3",12.283875,6.1131030695916
2024-10-31,"REA1",17.8292916666667,6.24555362325117
2024-10-31,"SOUT",18.82875,6.36436222840586
2024-10-31,"WREX",7.63858333333333,5.95642603200942
2024-10-31,"LEAR",13.4404583333333,6.50782016636425
2024-10-31,"PLYM",10.3144583333333,6.6050102717207
2024-10-31,"SHDG",7.11383333333333,6.31237026339045
2024-10-31,"SHE",6.19904166666667,6.57852806858848
2024-10-31,"BEL2",5.038375,7.2458599736628
2024-10-31,"GLKP",3.89754166666667,4.0830486778004
2024-10-31,"LECU",14.2391739130435,6.69544235282044
2024-10-31,"SUN2",3.03458333333333,5.35243514338267
2024-10-31,"TRAN",7.09116666666667,6.12603973563057
2024-10-31,"STOK",10.0667916666667,7.28758755570045
2024-10-31,"BEX",15.2791666666667,6.86125427849495
2024-10-31,"SEND",13.3455909090909,6.71099811051483
2024-10-31,"HUL2",9.99220833333333,7.10023051156663
2024-10-31,"PEMB",9.62858333333333,4.44108961351383
2024-10-31,"WFEN",12.8057391304348,6.15394246569254
2024-10-31,"OSY",12.6091666666667,6.90538266309814
2024-10-31,"ACTH",0.689833333333333,2.80891284463447
2024-10-31,"COPP",7.88333333333333,6.83179548683315
2024-11-01,"EB",10.6820833333333,9.01419747832459
2024-11-01,"IMGM",8.59183333333333,8.63027602707912
2024-11-01,"PRES",7.93825,9.34536662006185
2024-11-01,"BIRR",11.6185833333333,11.5196812157668
2024-11-01,"BLC2",5.04908333333333,9.20616572477319
2024-11-01,"BOTR",10.6865833333333,9.90476588896283
2024-11-01,"GHSR",4.97158333333333,5.33414777899513
2024-11-01,"LEAM",12.1642916666667,10.7599483691489
2024-11-01,"NPT3",8.96720833333333,10.6641780722408
2024-11-01,"REA1",12.20125,10.6881558410066
2024-11-01,"SOUT",16.363875,10.6796545483164
2024-11-01,"WREX",7.11779166666667,9.71915382300818
2024-11-01,"LEAR",11.1920416666667,10.4941744725056
2024-11-01,"PLYM",10.9552916666667,10.8457680070178
2024-11-01,"SHDG",10.8717083333333,9.84201794288414
2024-11-01,"SHE",8.35391666666667,9.41321325803077
2024-11-01,"BEL2",6.849625,9.57686083169385
2024-11-01,"GLKP",2.69170833333333,4.86878666926769
2024-11-01,"LECU",13.1034166666667,10.3676112443281
2024-11-01,"SUN2",3.11820833333333,6.98968529703571
2024-11-01,"TRAN",5.71058333333333,9.47739620199569
2024-11-01,"STOK",11.6205833333333,10.6852067476992
2024-11-01,"BEX",17.32325,12.0735282604885
2024-11-01,"SEND",14.8546666666667,11.5219786210467
2024-11-01,"HUL2",8.009,9.82473928422603
2024-11-01,"PEMB",9.597125,8.45096371773791
2024-11-01,"WFEN",15.2457083333333,9.77350735877037
2024-11-01,"OSY",13.62425,10.4033054457635
2024-11-01,"ACTH",1.24808333333333,3.67680406272791
2024-11-01,"COPP",7.81554166666667,10.4706489891712
2024-11-02,"EB",8.28820833333333,7.45122221706322
2024-11-02,"IMGM",7.421375,8.58396334294953
2024-11-02,"PRES",12.4007916666667,8.38711430902225
2024-11-02,"BIRR",11.9409583333333,10.9408416351714
2024-11-02,"BLC2",12.4842083333333,8.73675948511041
2024-11-02,"BOTR",19.7445416666667,9.60459247753903
2024-11-02,"GHSR",4.26783333333333,5.84739419455345
2024-11-02,"LEAM",7.34283333333333,10.2758158844087
2024-11-02,"NPT3",13.0071666666667,9.60032272676465
2024-11-02,"REA1",11.539,9.01354230532012
2024-11-02,"SOUT",11.814125,9.12817206535395
2024-11-02,"WREX",12.4508333333333,9.04300300934473
2024-11-02,"LEAR",7.06866666666667,10.0524696324852
2024-11-02,"PLYM",12.7673333333333,10.0449741815815
2024-11-02,"SHDG",14.208125,8.93017956544516
2024-11-02,"SHE",9.68166666666667,8.31706055869686
2024-11-02,"BEL2",10.0088333333333,8.72576253936126
2024-11-02,"GLKP",3.6095,5.32534153571613
2024-11-02,"LECU",6.47204166666667,9.95619303944696
2024-11-02,"SUN2",5.20245833333333,7.0737720943388
2024-11-02,"TRAN",17.4391666666667,8.62008997409763
2024-11-02,"STOK",11.333625,9.8733176722206
2024-11-02,"BEX",9.06841666666667,10.0196265969515
2024-11-02,"SEND",6.34141666666667,9.93543032062791
2024-11-02,"HUL2",5.70175,8.8970306769483
2024-11-02,"PEMB",10.4687916666667,7.77719022519811
2024-11-02,"WFEN",6.3465,9.10246227496006
2024-11-02,"OSY",5.17304166666667,9.70130627436852
2024-11-02,"ACTH",4.62370833333333,3.94908094426996
2024-11-02,"COPP",15.368625,9.67988017041219
2024-11-03,"EB",9.02725,7.60847579976012
2024-11-03,"IMGM",8.26641666666667,10.6452766318895
2024-11-03,"PRES",13.467,9.90312442524785
2024-11-03,"BIRR",11.2097916666667,10.8754087302869
2024-11-03,"BLC2",15.4000416666667,10.5524852368988
2024-11-03,"BOTR",16.8004166666667,11.0510780717006
2024-11-03,"GHSR",3.15941666666667,6.10763864680079
2024-11-03,"LEAM",9.56370833333333,9.36071894007501
2024-11-03,"NPT3",13.811,10.8220298490659
2024-11-03,"REA1",14.9125416666667,10.0320105321979
2024-11-03,"SOUT",12.553125,9.40585234081947
2024-11-03,"WREX",16.7139166666667,9.75014239155803
2024-11-03,"LEAR",9.5245,9.23043058567326
2024-11-03,"PLYM",11.2490416666667,10.6463399149018
2024-11-03,"SHDG",12.5777083333333,11.4245807103807
2024-11-03,"SHE",9.97945833333333,10.9721342153556
2024-11-03,"BEL2",9.89191666666667,11.0386712702735
2024-11-03,"GLKP",3.01604166666667,5.38187756172329
2024-11-03,"LECU",9.47629166666667,9.7083865885065
2024-11-03,"SUN2",11.9074583333333,9.81967297849051
2024-11-03,"TRAN",14.7022916666667,10.5502169909313
2024-11-03,"STOK",12.6013333333333,10.4065281236317
2024-11-03,"BEX",14.5873333333333,10.5418493213957
2024-11-03,"SEND",13.5151666666667,9.52157176054736
2024-11-03,"HUL2",8.69108333333333,11.4161766117475
2024-11-03,"PEMB",9.40354166666667,9.74526079559193
2024-11-03,"WFEN",12.2680833333333,9.17646797591965
2024-11-03,"OSY",9.21591666666667,8.73303621586219
2024-11-03,"ACTH",0.996458333333333,4.94239088954583
2024-11-03,"COPP",13.8797916666667,10.9559348274512
2024-11-04,"EB",15.368625,12.3693295759446
2024-11-04,"IMGM",16.4201666666667,13.3865458176697
2024-11-04,"PRES",22.6365833333333,9.70289504292252
2024-11-04,"BIRR",21.716875,12.719992799402
2024-11-04,"BLC2",22.3831666666667,11.1431747966152
2024-11-04,"BOTR",23.4897083333333,12.5542388729414
2024-11-04,"GHSR",7.81945833333333,5.28014290423541
2024-11-04,"LEAM",21.0319166666667,11.5159784914683
2024-11-04,"NPT3",15.4334583333333,12.4781998357133
2024-11-04,"REA1",18.7372916666667,12.8143233192513
2024-11-04,"SOUT",14.4605833333333,12.6980927874268
2024-11-04,"WREX",23.8837916666667,11.7734980688039
2024-11-04,"LEAR",20.2782083333333,11.150823392148
2024-11-04,"PLYM",15.907125,12.920537806706
2024-11-04,"SHDG",24.2915416666667,13.0210138810073
2024-11-04,"SHE",20.8353333333333,12.6759951840555
2024-11-04,"BEL2",12.3467916666667,8.91254197467951
2024-11-04,"GLKP",7.876375,4.66328616412114
2024-11-04,"LECU",17.3330416666667,11.6850727719521
2024-11-04,"SUN2",14.9824166666667,11.2447450418642
2024-11-04,"TRAN",22.6367083333333,11.881823446587
2024-11-04,"STOK",23.3069166666667,11.7040212295617
2024-11-04,"BEX",18.620375,14.3127408979563
2024-11-04,"SEND",17.3546666666667,13.0029519589561
2024-11-04,"HUL2",19.0989166666667,13.9635027813468
2024-11-04,"PEMB",11.951625,10.0424584680535
2024-11-04,"WFEN",19.000625,11.7922525598745
2024-11-04,"OSY",14.5214583333333,12.0223260126662
2024-11-04,"ACTH",8.0975,4.76480969450493
2024-11-04,"COPP",22.8349166666667,11.9661019801097
2024-11-05,"EB",26.1292916666667,14.1024798946116
2024-11-05,"IMGM",27.3389583333333,18.6881442231336
2024-11-05,"PRES",25.3795,15.2462628181804
2024-11-05,"BIRR",21.177375,17.5886709284831
2024-11-05,"BLC2",31.7719166666667,17.3863345575064
2024-11-05,"BOTR",30.0670416666667,17.9281709022428
2024-11-05,"GHSR",24.6916666666667,9.8391328434284
2024-11-05,"LEAM",20.58775,16.4669224482122
2024-11-05,"NPT3",26.6136666666667,15.8049649672369
2024-11-05,"REA1",28.5968333333333,16.1060312346926
2024-11-05,"SOUT",24.38,15.0636589774913
2024-11-05,"WREX",25.5524166666667,16.9326933956964
2024-11-05,"LEAR",19.5647916666667,15.897484887277
2024-11-05,"PLYM",19.502875,15.6893355271255
2024-11-05,"SHDG",27.338875,19.7753950550301
2024-11-05,"SHE",27.1010833333333,18.7278207759986
2024-11-05,"BEL2",19.4645416666667,14.9456201551298
2024-11-05,"GLKP",26.883875,9.28561864947072
2024-11-05,"LECU",26.27075,16.3618275990683
2024-11-05,"SUN2",31.4890416666667,16.9988865789715
2024-11-05,"TRAN",25.372625,17.6134604407551
2024-11-05,"STOK",25.5396666666667,16.5981901475007
2024-11-05,"BEX",33.337375,17.4917214173231
2024-11-05,"SEND",27.4057916666667,16.0302697981133
2024-11-05,"HUL2",36.3661666666667,19.804263865781
2024-11-05,"PEMB",14.9715833333333,13.0856809522097
2024-11-05,"WFEN",22.9314583333333,15.4789057146074
2024-11-05,"OSY",21.8455833333333,14.5747950226814
2024-11-05,"ACTH",13.7589166666667,8.08084904559974
2024-11-05,"COPP",22.1433333333333,17.1874408147217
2024-11-06,"EB",15.4620416666667,21.483441380985
2024-11-06,"IMGM",19.7505,24.4595089465031
2024-11-06,"PRES",18.7245416666667,19.5803614521811
2024-11-06,"BIRR",16.4328333333333,23.0425790678196
2024-11-06,"BLC2",22.3664583333333,23.0390514591213
2024-11-06,"BOTR",16.83175,22.695216981572
2024-11-06,"GHSR",12.4734583333333,17.3448195399584
2024-11-06,"LEAM",11.697125,22.0869995461797
2024-11-06,"NPT3",18.6204166666667,21.8652182715758
2024-11-06,"REA1",11.026,22.439742704653
2024-11-06,"SOUT",10.8737083333333,20.3030432050964
2024-11-06,"WREX",15.89825,21.9760696436339
2024-11-06,"LEAR",11.0064166666667,21.4241465877001
2024-11-06,"PLYM",12.1639583333333,20.0286592146935
2024-11-06,"SHDG",18.468,24.6276572425746
2024-11-06,"SHE",21.575375,23.2308042307557
2024-11-06,"BEL2",9.07629166666667,21.1776776432764
2024-11-06,"GLKP",12.780125,17.0598924536759
2024-11-06,"LECU",11.9153333333333,22.3129671275751
2024-11-06,"SUN2",23.6547916666667,23.1468324414783
2024-11-06,"TRAN",16.5941666666667,22.1826617396696
2024-11-06,"STOK",24.0715,21.8556835477241
2024-11-06,"BEX",28.7540416666667,26.4522529650624
2024-11-06,"SEND",16.2912916666667,25.3486787105446
2024-11-06,"HUL2",30.1299166666667,26.1192261237483
2024-11-06,"PEMB",14.1108333333333,15.4767707850866
2024-11-06,"WFEN",15.4825833333333,23.1126054313309
2024-11-06,"OSY",20.96025,23.3121170967834
2024-11-06,"ACTH",5.44516666666667,13.2320766504248
2024-11-06,"COPP",19.3779583333333,22.1999142203174
2024-11-07,"EB",13.7314583333333,11.1622415200614
2024-11-07,"IMGM",14.9430833333333,17.8778254127234
2024-11-07,"PRES",9.63445833333333,10.9565187713575
2024-11-07,"BIRR",14.774,11.565086034261
2024-11-07,"BLC2",10.5219583333333,15.3913285033121
2024-11-07,"BOTR",15.2162916666667,12.7861178606466
2024-11-07,"GHSR",5.93854166666667,10.8071040791593
2024-11-07,"LEAM",14.6267083333333,9.04880141043564
2024-11-07,"NPT3",12.7240833333333,9.04819992841725
2024-11-07,"REA1",16.0997083333333,9.27045660846645
2024-11-07,"SOUT",17.1738333333333,9.97330412916321
2024-11-07,"WREX",8.74808333333333,9.23770433756946
2024-11-07,"LEAR",14.4320833333333,8.74994948499909
2024-11-07,"PLYM",17.6425416666667,10.1342200570372
2024-11-07,"SHDG",13.1594583333333,15.5190164461369
2024-11-07,"SHE",12.26125,15.3967726753778
2024-11-07,"BEL2",9.940125,10.5999535956223
2024-11-07,"GLKP",5.52966666666667,10.3903110596042
2024-11-07,"LECU",13.502375,12.548755642132
2024-11-07,"SUN2",15.98575,16.0459347742774
2024-11-07,"TRAN",10.407,12.156541423687
2024-11-07,"STOK",12.9500833333333,12.8955764577286
2024-11-07,"BEX",20.3864285714286,13.8069025745715
2024-11-07,"SEND",23.6685833333333,12.8311908846571
2024-11-07,"HUL2",15.3213333333333,18.7429239631943
2024-11-07,"PEMB",15.5425,6.57847529574697
2024-11-07,"WFEN",21.7415,12.1067149540662
2024-11-07,"OSY",21.2687916666667,13.1043296085891
2024-11-07,"ACTH",4.61579166666667,8.52362419135462
2024-11-07,"COPP",12.4872083333333,12.318912852423
2024-11-08,"EB",15.2437083333333,13.7357992455213
2024-11-08,"IMGM",19.3504583333333,13.8301067252706
2024-11-08,"PRES",23.6959583333333,10.5640550064996
2024-11-08,"BIRR",24.8979166666667,13.0381233491759
2024-11-08,"BLC2",23.3638333333333,12.7948257655183
2024-11-08,"BOTR",25.4373333333333,11.9870997427096
2024-11-08,"GHSR",11.571375,8.60784960571302
2024-11-08,"LEAM",23.25775,11.5703734615092
2024-11-08,"NPT3",17.9432916666667,11.2300456721895
2024-11-08,"REA1",24.7927083333333,11.8919146299516
2024-11-08,"SOUT",18.7402916666667,12.3958397409511
2024-11-08,"WREX",23.6213333333333,10.9292136990492
2024-11-08,"LEAR",22.996375,11.3464294671671
2024-11-08,"PLYM",12.1050416666667,14.095333849261
2024-11-08,"SHDG",25.3577916666667,13.52796753685
2024-11-08,"SHE",22.5935,12.9379969254437
2024-11-08,"BEL2",16.99,10.8096534675454
2024-11-08,"GLKP",11.3552083333333,8.20321620874055
2024-11-08,"LECU",22.2957083333333,12.2089039262241
2024-11-08,"SUN2",28.7922916666667,12.3215227103452
2024-11-08,"TRAN",23.3855,11.9408688918245
2024-11-08,"STOK",25.7744583333333,13.011052677499
2024-11-08,"BEX",23.0268333333333,15.6417680000385
2024-11-08,"SEND",18.114375,15.2793734749992
2024-11-08,"HUL2",22.4342083333333,15.1519294726998
2024-11-08,"PEMB",10.9611666666667,9.72002325919814
2024-11-08,"WFEN",21.5685,13.1272776905593
2024-11-08,"OSY",19.5227142857143,14.4610985547879
2024-11-08,"ACTH",12.7997916666667,6.78181700523582
2024-11-08,"COPP",25.5023333333333,12.8418572139778
2024-11-09,"EB",15.24075,11.3102245684475
2024-11-09,"IMGM",18.7058333333333,22.3669827379959
2024-11-09,"PRES",27.0332916666667,17.1944558149252
2024-11-09,"BIRR",29.5559583333333,19.5517689538996
2024-11-09,"BLC2",30.9297916666667,18.600523578599
2024-11-09,"BOTR",29.036125,19.8890791944619
2024-11-09,"GHSR",17.3723333333333,16.1524623238957
2024-11-09,"LEAM",25.139625,17.9307155998675
2024-11-09,"NPT3",34.0322083333333,14.8817753622523
2024-11-09,"REA1",23.754,15.7275401609309
2024-11-09,"SOUT",22.082375,12.7678150593706
2024-11-09,"WREX",32.616125,17.4290791620148
2024-11-09,"LEAR",23.7864166666667,17.6318571313809
2024-11-09,"PLYM",19.6796666666667,11.7455423404614
2024-11-09,"SHDG",21.81325,23.4350931260089
2024-11-09,"SHE",22.0332916666667,21.4552724140394
2024-11-09,"BEL2",31.5784583333333,18.031991129024
2024-11-09,"GLKP",16.7836666666667,15.8463998449642
2024-11-09,"LECU",23.5977916666667,18.8761774480623
2024-11-09,"SUN2",8.870875,23.3139947808562
2024-11-09,"TRAN",34.047,18.6337673020731
2024-11-09,"STOK",32.3615416666667,18.4619295178759
2024-11-09,"BEX",25.4089166666667,17.364703220237
2024-11-09,"SEND",23.419875,16.4810127124977
2024-11-09,"HUL2",12.553125,24.2703126875332
2024-11-09,"PEMB",22.29375,11.7997805694345
2024-11-09,"WFEN",24.3780416666667,18.1761526842802
2024-11-09,"OSY",20.3322916666667,15.4505555465159
2024-11-09,"ACTH",10.5179166666667,13.183167761321
2024-11-09,"COPP",35.794125,18.7307434358999
2024-11-10,"EB",15.398,15.8109354243198
2024-11-10,"IMGM",23.997875,22.8611379772349
2024-11-10,"PRES",19.8682916666667,17.9652147492513
2024-11-10,"BIRR",18.2155416666667,21.2118897660576
2024-11-10,"BLC2",20.6525833333333,19.5393178070876
2024-11-10,"BOTR",20.9709583333333,21.52075065081
2024-11-10,"GHSR",12.4430833333333,12.496953965319
2024-11-10,"LEAM",18.8100833333333,19.335453056867
2024-11-10,"NPT3",25.4452916666667,20.9841035079228
2024-11-10,"REA1",19.7151666666667,20.0788449351562
2024-11-10,"SOUT",14.247375,20.5546267624389
2024-11-10,"WREX",12.4254166666667,20.4982707700723
2024-11-10,"LEAR",18.1318333333333,18.7425306299832
2024-11-10,"PLYM",12.3496666666667,22.4983456982931
2024-11-10,"SHDG",18.3650416666667,22.2509996920447
2024-11-10,"SHE",20.1101666666667,22.4341101555904
2024-11-10,"BEL2",11.7797916666667,20.4415553427421
2024-11-10,"GLKP",11.8790416666667,11.543108949171
2024-11-10,"LECU",20.751875,20.616347682019
2024-11-10,"SUN2",8.608625,17.8274276518466
2024-11-10,"TRAN",19.1057916666667,21.8892744488609
2024-11-10,"STOK",22.4058333333333,20.8971101755265
2024-11-10,"BEX",21.33275,22.0520355797539
2024-11-10,"SEND",22.712375,19.7483572821691
2024-11-10,"HUL2",27.8952083333333,24.4763968357965
2024-11-10,"PEMB",8.47491666666667,18.5734708465624
2024-11-10,"WFEN",21.2245416666667,20.2712511375228
2024-11-10,"OSY",21.2598333333333,17.645957060824
2024-11-10,"ACTH",6.67266666666667,9.74192267037148
2024-11-10,"COPP",18.8041666666667,22.8065862794368
2024-11-11,"EB",8.797125,13.189920027101
2024-11-11,"IMGM",6.53408333333333,13.974347873562
2024-11-11,"PRES",10.6270416666667,10.2676727812398
2024-11-11,"BIRR",10.5995416666667,13.37380984122
2024-11-11,"BLC2",9.193125,12.3591177283157
2024-11-11,"BOTR",9.02133333333333,12.5278610151546
2024-11-11,"GHSR",9.50679166666667,9.94640972997401
2024-11-11,"LEAM",9.02625,12.5183734046848
2024-11-11,"NPT3",9.37116666666667,13.5171970349282
2024-11-11,"REA1",8.68525,13.4110580300729
2024-11-11,"SOUT",7.34379166666667,13.4112122269419
2024-11-11,"WREX",8.388375,12.9101077340796
2024-11-11,"LEAR",8.49654166666667,12.1816326003761
2024-11-11,"PLYM",10.5209583333333,12.1196070901697
2024-11-11,"SHDG",9.24245833333333,11.7363361806444
2024-11-11,"SHE",7.50304166666667,12.1521827691755
2024-11-11,"BEL2",12.9354166666667,8.89708530943404
2024-11-11,"GLKP",9.1825,9.17820623653582
2024-11-11,"LECU",9.45366666666667,13.6832574462128
2024-11-11,"SUN2",7.27308333333333,11.9090133588566
2024-11-11,"TRAN",9.88504166666667,13.4654338599129
2024-11-11,"STOK",11.419,12.1232437423152
2024-11-11,"BEX",9.16675,17.2323766065228
2024-11-11,"SEND",8.25870833333333,16.4615351882561
2024-11-11,"HUL2",7.70541666666667,15.3089903173814
2024-11-11,"PEMB",6.39445833333333,9.82953340568467
2024-11-11,"WFEN",7.96983333333333,14.9232172678577
2024-11-11,"OSY",8.16529166666667,16.0224267585977
2024-11-11,"ACTH",5.86770833333333,6.22383378870299
2024-11-11,"COPP",10.425625,12.2382355451796
2024-11-12,"EB",4.79175,6.40850502994104
2024-11-12,"IMGM",10.6800833333333,8.2496119809206
2024-11-12,"PRES",13.447375,7.89653387888663
2024-11-12,"BIRR",10.4540833333333,6.97183935395217
2024-11-12,"BLC2",10.1709166666667,9.19433784829329
2024-11-12,"BOTR",8.86408333333333,7.02368043295496
2024-11-12,"GHSR",10.3361666666667,9.06271617882087
2024-11-12,"LEAM",8.22533333333333,5.3013375767787
2024-11-12,"NPT3",7.97070833333333,6.68892037476919
2024-11-12,"REA1",6.686375,6.09985726314755
2024-11-12,"SOUT",6.80033333333333,8.49465175618212
2024-11-12,"WREX",9.22570833333333,5.73109369949938
2024-11-12,"LEAR",7.464625,5.1673191433192
2024-11-12,"PLYM",6.68345833333333,9.98050612766911
2024-11-12,"SHDG",10.7017083333333,6.95107310016245
2024-11-12,"SHE",10.6752083333333,7.12603510459619
2024-11-12,"BEL2",19.4615833333333,9.85179766469485
2024-11-12,"GLKP",10.282125,8.19587863721849
2024-11-12,"LECU",8.718625,6.87400210594972
2024-11-12,"SUN2",10.5346666666667,7.20765659911415
2024-11-12,"TRAN",13.420875,7.77440900577388
2024-11-12,"STOK",12.6139583333333,7.27781662809191
2024-11-12,"BEX",6.423,6.31118324690556
2024-11-12,"SEND",5.52579166666667,5.97158998376995
2024-11-12,"HUL2",10.789125,9.00332286849262
2024-11-12,"PEMB",5.95129166666667,6.50526887035583
2024-11-12,"WFEN",5.95420833333333,5.73450266175285
2024-11-12,"OSY",4.9354347826087,5.96186647728252
2024-11-12,"ACTH",3.02879166666667,5.18860064926465
2024-11-12,"COPP",13.1034166666667,7.90785182362018
2024-11-13,"EB",9.50079166666667,6.29759208372756
2024-11-13,"IMGM",12.341875,9.03039239755748
2024-11-13,"PRES",16.556625,8.43595701772967
2024-11-13,"BIRR",15.9975,9.5620240805578
2024-11-13,"BLC2",11.4219583333333,8.78555075849265
2024-11-13,"BOTR",11.8720833333333,9.22491929307081
2024-11-13,"GHSR",3.69591666666667,8.90561952359804
2024-11-13,"LEAM",15.121,7.72053263803591
2024-11-13,"NPT3",12.012625,7.16593064735605
2024-11-13,"REA1",9.79720833333333,7.487471772952
2024-11-13,"SOUT",8.10241666666667,7.37237400762225
2024-11-13,"WREX",8.184,8.13522932384871
2024-11-13,"LEAR",13.8237083333333,7.57264168616123
2024-11-13,"PLYM",11.0202083333333,6.74987786518925
2024-11-13,"SHDG",8.03466666666667,9.97120610407566
2024-11-13,"SHE",10.9189166666667,9.781954116023
2024-11-13,"BEL2",8.79729166666667,11.3689771901145
2024-11-13,"GLKP",2.935375,8.41237994047679
2024-11-13,"LECU",15.326375,8.35212687711877
2024-11-13,"SUN2",5.6575,8.88576258311342
2024-11-13,"TRAN",8.30775,9.35745620026487
2024-11-13,"STOK",14.9323333333333,8.7579213467893
2024-11-13,"BEX",9.88995833333333,8.66958709266956
2024-11-13,"SEND",9.49295833333333,8.11703220033217
2024-11-13,"HUL2",15.5100833333333,10.5253808098286
2024-11-13,"PEMB",6.918375,5.56091393804548
2024-11-13,"WFEN",9.9175,8.00025780259799
2024-11-13,"OSY",8.10145833333333,7.79652608874133
2024-11-13,"ACTH",1.68433333333333,5.82231237980423
2024-11-13,"COPP",15.4412916666667,9.38578865293004
2024-11-14,"EB",14.483125,8.11310502455542
2024-11-14,"IMGM",9.44191666666667,8.37865868093249
2024-11-14,"PRES",7.91966666666667,8.08406493565449
2024-11-14,"BIRR",12.705375,9.38627749980077
2024-11-14,"BLC2",11.0495,8.86940610032388
2024-11-14,"BOTR",9.90179166666667,8.6427007163506
2024-11-14,"GHSR",5.29983333333333,4.98568802487693
2024-11-14,"LEAM",9.218875,8.0582181269737
2024-11-14,"NPT3",10.188875,7.81354273325236
2024-11-14,"REA1",10.959125,8.67678155256149
2024-11-14,"SOUT",12.9256666666667,9.10005218752006
2024-11-14,"WREX",10.0560416666667,7.51070956297296
2024-11-14,"LEAR",8.18491666666667,7.74975390184057
2024-11-14,"PLYM",8.12504166666667,8.92388889192634
2024-11-14,"SHDG",10.56025,8.2098148285153
2024-11-14,"SHE",10.5503333333333,8.69633580176607
2024-11-14,"BEL2",4.354375,8.806405372432
2024-11-14,"GLKP",4.22558333333333,4.2936011855851
2024-11-14,"LECU",9.4675,8.33753640179875
2024-11-14,"SUN2",9.16279166666667,6.27813192368728
2024-11-14,"TRAN",13.1152083333333,9.1087688924396
2024-11-14,"STOK",11.697125,9.06903915532057
2024-11-14,"BEX",14.11175,10.2435247952208
2024-11-14,"SEND",12.6514583333333,9.73428355781437
2024-11-14,"HUL2",10.9660416666667,9.55184953930821
2024-11-14,"PEMB",5.51495833333333,5.90504306656346
2024-11-14,"WFEN",11.693375,7.97772725478556
2024-11-14,"OSY",10.342,8.91611725045702
2024-11-14,"ACTH",2.19920833333333,2.47947768985846
2024-11-14,"COPP",13.0121666666667,9.43329016526486
2024-11-15,"EB",10.0484583333333,9.97463403229209
2024-11-15,"IMGM",11.9762916666667,9.26298143336281
2024-11-15,"PRES",9.77791666666667,8.2591129689769
2024-11-15,"BIRR",15.15725,9.76955091047922
2024-11-15,"BLC2",7.55604166666667,9.18980989009743
2024-11-15,"BOTR",13.1565,8.79699058126701
2024-11-15,"GHSR",1.963375,5.67239879963738
2024-11-15,"LEAM",13.6115,8.63562640192785
2024-11-15,"NPT3",13.9505833333333,8.89447206174019
2024-11-15,"REA1",14.9606666666667,9.21104117847074
2024-11-15,"SOUT",11.91725,9.58539451229119
2024-11-15,"WREX",11.7187083333333,8.35392331489875
2024-11-15,"LEAR",12.71725,8.26419650830798
2024-11-15,"PLYM",12.54825,9.70202549344242
2024-11-15,"SHDG",11.2579583333333,9.22242359464666
2024-11-15,"SHE",10.7647083333333,8.54710658287691
2024-11-15,"BEL2",5.32229166666667,10.1247904914037
2024-11-15,"GLKP",1.537125,4.98112658352755
2024-11-15,"LECU",12.5806666666667,8.91956404181508
2024-11-15,"SUN2",2.71825,6.73409596607435
2024-11-15,"TRAN",6.68920833333333,8.38327257037663
2024-11-15,"STOK",14.0546666666667,9.28282400559632
2024-11-15,"BEX",14.1392083333333,10.8781458254104
2024-11-15,"SEND",10.9217916666667,10.1162305565729
2024-11-15,"HUL2",16.1902083333333,9.85828400393958
2024-11-15,"PEMB",8.63995833333333,7.26546804568218
2024-11-15,"WFEN",10.89325,8.27931382520693
2024-11-15,"OSY",9.25125,9.43152191877778
2024-11-15,"ACTH",0.8225,3.53780149642026
2024-11-15,"COPP",11.229375,9.41242231737258
2024-11-16,"EB",8.97608333333333,9.52121487542475
2024-11-16,"IMGM",5.97679166666667,10.5234758993896
2024-11-16,"PRES",5.14441666666667,9.62546266892181
2024-11-16,"BIRR",7.55108333333333,12.1342880858519
2024-11-16,"BLC2",5.72029166666667,10.2465500405594
2024-11-16,"BOTR",5.551375,11.1821559068077
2024-11-16,"GHSR",6.30116666666667,4.66927857846285
2024-11-16,"LEAM",9.59025,10.9869586255404
2024-11-16,"NPT3",10.960125,11.261753295647
2024-11-16,"REA1",11.569375,10.9753263561147
2024-11-16,"SOUT",10.3665833333333,11.2642432842358
2024-11-16,"WREX",3.429625,9.99041754721578
2024-11-16,"LEAR",9.032125,10.7229166665191
2024-11-16,"PLYM",10.3244166666667,12.1446165431321
2024-11-16,"SHDG",4.33470833333333,11.5320858994635
2024-11-16,"SHE",3.83558333333333,11.2317850189658
2024-11-16,"BEL2",7.3105,9.8886673070555
2024-11-16,"GLKP",5.22108333333333,4.0488044909965
2024-11-16,"LECU",6.997875,10.7698240516273
2024-11-16,"SUN2",4.04083333333333,8.20815055517806
2024-11-16,"TRAN",4.41825,10.4958640163634
2024-11-16,"STOK",5.19566666666667,11.2099103634367
2024-11-16,"BEX",12.9914166666667,12.4376583306397
2024-11-16,"SEND",12.8046666666667,11.4060790435812
2024-11-16,"HUL2",6.53795833333333,11.3905836681463
2024-11-16,"PEMB",3.867,9.04874130751286
2024-11-16,"WFEN",9.10283333333333,9.85561650814016
2024-11-16,"OSY",12.1158333333333,10.0322824329822
2024-11-16,"ACTH",3.79325,3.46429398794282
2024-11-16,"COPP",4.99504166666667,11.2538170606339
2024-11-17,"EB",3.2725,7.11351573449445
2024-11-17,"IMGM",3.530875,6.12891901018744
2024-11-17,"PRES",4.04295833333333,6.81362649238422
2024-11-17,"BIRR",4.03491666666667,7.84509316014917
2024-11-17,"BLC2",3.220375,7.46134385378508
2024-11-17,"BOTR",3.779625,6.84976681492308
2024-11-17,"GHSR",5.0305,5.91892597951051
2024-11-17,"LEAM",4.00458333333333,7.49773067249347
2024-11-17,"NPT3",4.329875,7.45357232218977
2024-11-17,"REA1",4.07241666666667,7.4068398577536
2024-11-17,"SOUT",3.75008333333333,8.34182621768438
2024-11-17,"WREX",3.68420833333333,6.10550210745733
2024-11-17,"LEAR",4.61979166666667,7.162109620797
2024-11-17,"PLYM",5.012875,9.73006028896949
2024-11-17,"SHDG",2.47933333333333,5.72033236906525
2024-11-17,"SHE",2.949125,5.83409400934294
2024-11-17,"BEL2",3.89041666666667,7.8687171550894
2024-11-17,"GLKP",4.54804166666667,5.26605754730713
2024-11-17,"LECU",3.85129166666667,7.40463196118519
2024-11-17,"SUN2",3.6665,5.7989496581179
2024-11-17,"TRAN",4.96166666666667,6.25477902185032
2024-11-17,"STOK",5.24575,7.44843939301163
2024-11-17,"BEX",4.316125,8.19587262228308
2024-11-17,"SEND",4.15,7.87856857944725
2024-11-17,"HUL2",3.69783333333333,6.87916747525892
2024-11-17,"PEMB",3.36283333333333,5.72113057456933
2024-11-17,"WFEN",3.67345833333333,7.06429311593773
2024-11-17,"OSY",3.64875,7.72135635162352
2024-11-17,"ACTH",2.272,3.76462094461319
2024-11-17,"COPP",5.05991666666667,7.28369886729706
2024-11-18,"EB",2.56595833333333,2.8756975123013
2024-11-18,"IMGM",6.671625,4.23341014546652
2024-11-18,"PRES",8.60947826086957,4.56587349742168
2024-11-18,"BIRR",7.87145833333333,4.96802097311885
2024-11-18,"BLC2",5.84908695652174,4.74597143995952
2024-11-18,"BOTR",6.32179166666667,4.21865180082614
2024-11-18,"GHSR",7.52266666666667,5.09233423875224
2024-11-18,"LEAM",7.59833333333333,3.70890581597722
2024-11-18,"NPT3",3.32254166666667,3.90089137789143
2024-11-18,"REA1",3.90133333333333,3.10910853101841
2024-11-18,"SOUT",2.68079166666667,4.43342003121224
2024-11-18,"WREX",5.201625,3.35201952712249
2024-11-18,"LEAR",7.31133333333333,3.7062460186845
2024-11-18,"PLYM",3.98783333333333,4.92609800232758
2024-11-18,"SHDG",5.76941666666667,4.11574342994764
2024-11-18,"SHE",5.49133333333333,4.37105958628231
2024-11-18,"BEL2",4.60108333333333,5.49562334449077
2024-11-18,"GLKP",7.50208333333333,4.77118542765639
2024-11-18,"LECU",6.17433333333333,4.3022606883745
2024-11-18,"SUN2",7.446,5.00237664246632
2024-11-18,"TRAN",6.15279166666667,3.63511087100799
2024-11-18,"STOK",8.19970833333333,4.52055588256258
2024-11-18,"BEX",5.574,3.28798379276769
2024-11-18,"SEND",4.613875,2.75258540903891
2024-11-18,"HUL2",7.93054166666667,4.95557765212707
2024-11-18,"PEMB",1.64604166666667,3.34327198087443
2024-11-18,"WFEN",7.48625,3.09426980707685
2024-11-18,"OSY",5.40391666666667,2.83492941600801
2024-11-18,"ACTH",2.50691666666667,3.11318864537372
2024-11-18,"COPP",8.35308333333333,4.24554525420124
2024-11-19,"EB",3.117125,5.17185159929582
2024-11-19,"IMGM",3.587875,6.50683971447447
2024-11-19,"PRES",6.31095833333333,6.48006934620065
2024-11-19,"BIRR",6.997875,8.01409262940909
2024-11-19,"BLC2",2.9815,6.85064838398742
2024-11-19,"BOTR",5.91008333333333,6.73049429400062
2024-11-19,"GHSR",6.30116666666667,6.1676016699857
2024-11-19,"LEAM",6.15866666666667,7.04577685793427
2024-11-19,"NPT3",3.03466666666667,5.58087173470462
2024-11-19,"REA1",5.17429166666667,5.60004497111146
2024-11-19,"SOUT",4.372,5.88223736219051
2024-11-19,"WREX",5.738125,6.47197741305239
2024-11-19,"LEAR",5.46395833333333,6.96094377752051
2024-11-19,"PLYM",4.87820833333333,5.21090796366705
2024-11-19,"SHDG",6.49666666666667,6.99939651233645
2024-11-19,"SHE",6.46033333333333,6.91740299677043
2024-11-19,"BEL2",6.116375,7.52808218239488
2024-11-19,"GLKP",5.03841666666667,5.90458431027223
2024-11-19,"LECU",5.918875,6.98146022348023
2024-11-19,"SUN2",5.06091666666667,6.1810837821966
2024-11-19,"TRAN",4.24241666666667,6.51485950538436
2024-11-19,"STOK",6.97720833333333,6.92568030563226
2024-11-19,"BEX",3.96220833333333,6.31682016472965
2024-11-19,"SEND",2.908875,5.74065816965935
2024-11-19,"HUL2",4.42116666666667,7.37480723799426
2024-11-19,"PEMB",1.85013043478261,3.71617434523825
2024-11-19,"WFEN",3.26566666666667,5.89166715961024
2024-11-19,"OSY",2.236625,5.62282739955193
2024-11-19,"ACTH",2.20716666666667,3.71552533713323
2024-11-19,"COPP",5.573875,7.19840172263155
2024-11-20,"EB",3.682125,4.4057620618103
2024-11-20,"IMGM",3.93370833333333,4.28075568377104
2024-11-20,"PRES",7.54625,5.4310988168619
2024-11-20,"BIRR",4.84570833333333,6.0248246495895
2024-11-20,"BLC2",1.92216666666667,5.14692316476631
2024-11-20,"BOTR",4.913625,5.1794066872453
2024-11-20,"GHSR",3.74216666666667,4.49625110468418
2024-11-20,"LEAM",4.73566666666667,4.37100102579061
2024-11-20,"NPT3",5.158875,4.92433561759953
2024-11-20,"REA1",3.8895,4.57929244828203
2024-11-20,"SOUT",4.83295833333333,5.69019321825021
2024-11-20,"WREX",2.83916666666667,4.60214314576643
2024-11-20,"LEAR",4.74,4.2778460075829
2024-11-20,"PLYM",6.81008333333333,6.02021701467087
2024-11-20,"SHDG",3.15254166666667,5.32059246090049
2024-11-20,"SHE",3.5515,5.22744164910028
2024-11-20,"BEL2",5.26829166666667,7.04756995272001
2024-11-20,"GLKP",2.72204166666667,4.09990616183522
2024-11-20,"LECU",5.00291666666667,4.62355603618109
2024-11-20,"SUN2",2.8145,3.5926163136594
2024-11-20,"TRAN",2.850875,5.31573610260948
2024-11-20,"STOK",4.94204166666667,5.55400052369126
2024-11-20,"BEX",4.8625,4.65657218119098
2024-11-20,"SEND",4.44770833333333,4.08786031832497
2024-11-20,"HUL2",5.215125,5.18272684139025
2024-11-20,"PEMB",2.37225,3.87141660711895
2024-11-20,"WFEN",3.76958333333333,3.66641802592202
2024-11-20,"OSY",2.84879166666667,3.60234836764907
2024-11-20,"ACTH",1.6795,2.15345165400678
2024-11-20,"COPP",4.50475,5.89087488768879
2024-11-21,"EB",4.71891666666667,4.61353800853477
2024-11-21,"IMGM",5.34691666666667,3.41498639411075
2024-11-21,"PRES",5.969125,4.58914826567925
2024-11-21,"BIRR",12.3162916666667,5.65065814213307
2024-11-21,"BLC2",5.45108333333333,4.2838610801931
2024-11-21,"BOTR",6.41308333333333,4.6838367000482
2024-11-21,"GHSR",2.71325,2.9056349512947
2024-11-21,"LEAM",8.26654166666667,4.3782349838448
2024-11-21,"NPT3",6.19404166666667,4.89743858072532
2024-11-21,"REA1",5.91495833333333,4.70800467106935
2024-11-21,"SOUT",5.86666666666667,5.7865941117107
2024-11-21,"WREX",3.649875,3.90240927921921
2024-11-21,"LEAR",7.37133333333333,4.22574880997509
2024-11-21,"PLYM",4.57654166666667,6.21851443071221
2024-11-21,"SHDG",4.29445833333333,3.93730562486948
2024-11-21,"SHE",5.31445833333333,4.2462961866069
2024-11-21,"BEL2",5.49245833333333,5.776839126641
2024-11-21,"GLKP",2.04591666666667,2.48675240731657
2024-11-21,"LECU",7.708375,4.3488617413284
2024-11-21,"SUN2",2.078375,2.99956709597319
2024-11-21,"TRAN",4.71208333333333,4.20676186029182
2024-11-21,"STOK",6.660875,5.17915227116861
2024-11-21,"BEX",7.40170833333333,5.120078183146
2024-11-21,"SEND",7.66716666666667,4.74317345856893
2024-11-21,"HUL2",6.64029166666667,4.26728747573654
2024-11-21,"PEMB",2.55008333333333,3.34644604205366
2024-11-21,"WFEN",6.02,3.80620330841365
2024-11-21,"OSY",5.52970833333333,4.44894561226074
2024-11-21,"ACTH",1.10158333333333,1.32894913927874
2024-11-21,"COPP",4.99504166666667,5.29469428153241
2024-11-22,"EB",3.676375,5.07194820961636
2024-11-22,"IMGM",4.50570833333333,5.19050499470185
2024-11-22,"PRES",5.89333333333333,5.8450669613109
2024-11-22,"BIRR",4.59220833333333,6.91961426973808
2024-11-22,"BLC2",4.46245833333333,6.03332616281953
2024-11-22,"BOTR",4.2395,6.08322526118722
2024-11-22,"GHSR",3.89254166666667,3.92967952046177
2024-11-22,"LEAM",4.39270833333333,5.90808641497268
2024-11-22,"NPT3",10.1985416666667,5.21107202482326
2024-11-22,"REA1",5.406,5.61877287896127
2024-11-22,"SOUT",7.35545833333333,6.01602592393537
2024-11-22,"WREX",4.065625,4.77001631785733
2024-11-22,"LEAR",4.68554166666667,5.7056422291116
2024-11-22,"PLYM",7.18554166666667,6.00826855376135
2024-11-22,"SHDG",4.303375,5.56971275724855
2024-11-22,"SHE",4.23745833333333,5.86283641496444
2024-11-22,"BEL2",7.104,6.32323391117843
2024-11-22,"GLKP",3.05620833333333,3.41873784334252
2024-11-22,"LECU",4.31804166666667,6.00304505416812
2024-11-22,"SUN2",5.67525,4.73393711090673
2024-11-22,"TRAN",4.880125,5.47535640342513
2024-11-22,"STOK",4.29633333333333,6.3054023246241
2024-11-22,"BEX",5.68791666666667,6.06288898628695
2024-11-22,"SEND",4.852625,5.59906437846992
2024-11-22,"HUL2",5.3685,6.24223993169058
2024-11-22,"PEMB",3.95429166666667,3.65367962364887
2024-11-22,"WFEN",3.42670833333333,5.17096546268666
2024-11-22,"OSY",3.58381818181818,5.45699131713826
2024-11-22,"ACTH",1.38570833333333,2.25456952913643
2024-11-22,"COPP",4.31808333333333,6.13162833344057
2024-11-23,"EB",7.41758333333333,4.67672550962155
2024-11-23,"IMGM",3.779125,4.84203426960849
2024-11-23,"PRES",3.53583333333333,5.97274445283205
2024-11-23,"BIRR",3.84833333333333,6.54067954511823
2024-11-23,"BLC2",4.57058333333333,5.71073445084843
2024-11-23,"BOTR",3.33525,5.80325874459649
2024-11-23,"GHSR",3.69208333333333,4.61180445376307
2024-11-23,"LEAM",3.277375,5.5060178743956
2024-11-23,"NPT3",6.45829166666667,6.05911919141266
2024-11-23,"REA1",4.93125,5.62921019164437
2024-11-23,"SOUT",7.70825,6.18545740674917
2024-11-23,"WREX",3.18195833333333,5.15134700001206
2024-11-23,"LEAR",3.35595833333333,5.36066147329988
2024-11-23,"PLYM",19.1442916666667,6.69593836965697
2024-11-23,"SHDG",3.75104166666667,5.53506642178701
2024-11-23,"SHE",4.110625,5.54426639127727
2024-11-23,"BEL2",6.46525,7.09438785847338
2024-11-23,"GLKP",3.58983333333333,4.14113726838244
2024-11-23,"LECU",2.72308333333333,5.46378637420817
2024-11-23,"SUN2",5.00491666666667,5.11248113349493
2024-11-23,"TRAN",3.258625,5.3094240912271
2024-11-23,"STOK",3.67533333333333,6.12261951980807
2024-11-23,"BEX",5.61316666666667,6.02905660897693
2024-11-23,"SEND",5.10125,5.48988569914257
2024-11-23,"HUL2",5.04029166666667,5.70956148164
2024-11-23,"PEMB",8.36179166666667,4.3932717812789
2024-11-23,"WFEN",3.98966666666667,5.09118656850164
2024-11-23,"OSY",6.15283333333333,5.36820839390985
2024-11-23,"ACTH",1.90458333333333,2.61649189137669
2024-11-23,"COPP",2.99233333333333,6.27068824941852
2024-11-24,"EB",9.05958333333333,7.70610815160265
2024-11-24,"IMGM",3.15354166666667,4.96007357357099
2024-11-24,"PRES",4.36525,5.82158303437947
2024-11-24,"BIRR",4.06941666666667,6.5934147073949
2024-11-24,"BLC2",6.98516666666667,6.7821668394587
2024-11-24,"BOTR",3.08966666666667,5.70377631979016
2024-11-24,"GHSR",5.49820833333333,3.38165252074677
2024-11-24,"LEAM",4.8575,5.52321932850262
2024-11-24,"NPT3",6.70104166666667,7.55769699944963
2024-11-24,"REA1",10.8353333333333,6.69505141384081
2024-11-24,"SOUT",12.8920416666667,7.96142609255564
2024-11-24,"WREX",4.134375,5.43486703668568
2024-11-24,"LEAR",4.67083333333333,5.28570183747673
2024-11-24,"PLYM",18.1633333333333,11.7978450158337
2024-11-24,"SHDG",1.872,5.38111227946962
2024-11-24,"SHE",2.013625,5.50907529159361
2024-11-24,"BEL2",5.54545833333333,6.83867868233005
2024-11-24,"GLKP",5.2025,3.00955442090768
2024-11-24,"LECU",4.08520833333333,5.10171387014731
2024-11-24,"SUN2",3.82870833333333,4.46428251857954
2024-11-24,"TRAN",4.34066666666667,5.6627684325715
2024-11-24,"STOK",2.33983333333333,6.34347219488832
2024-11-24,"BEX",10.0550833333333,7.24008986175072
2024-11-24,"SEND",9.54895833333333,6.8468715098283
2024-11-24,"HUL2",3.33929166666667,5.43276814719176
2024-11-24,"PEMB",8.76279166666667,7.30624816847972
2024-11-24,"WFEN",8.99175,4.87367350617273
2024-11-24,"OSY",11.5222916666667,6.72505602969535
2024-11-24,"ACTH",3.82179166666667,2.19790303472197
2024-11-24,"COPP",2.79870833333333,6.17320295332414
2024-11-25,"EB",5.30954166666667,9.47318482327659
2024-11-25,"IMGM",4.09691666666667,6.83773446988422
2024-11-25,"PRES",5.72633333333333,6.68677649688667
2024-11-25,"BIRR",5.288875,8.19284750905942
2024-11-25,"BLC2",7.41458333333333,8.43146430321376
2024-11-25,"BOTR",4.315125,7.04748226602745
2024-11-25,"GHSR",4.2285,5.20322607921015
2024-11-25,"LEAM",4.8625,7.31289022257693
2024-11-25,"NPT3",5.98275,9.04733898707877
2024-11-25,"REA1",5.95329166666667,7.86297131421489
2024-11-25,"SOUT",6.68141666666667,9.07057121841464
2024-11-25,"WREX",4.63145833333333,6.57899909267953
2024-11-25,"LEAR",4.60595833333333,7.15549356756753
2024-11-25,"PLYM",8.88270833333333,13.12770547029
2024-11-25,"SHDG",4.15191666666667,6.9706850553805
2024-11-25,"SHE",4.49591666666667,6.67251129123632
2024-11-25,"BEL2",4.81920833333333,6.89570940502369
2024-11-25,"GLKP",3.87391666666667,4.90567832925778
2024-11-25,"LECU",4.47129166666667,6.88905050811414
2024-11-25,"SUN2",4.83891666666667,6.04955380010117
2024-11-25,"TRAN",3.93766666666667,6.60309931106594
2024-11-25,"STOK",4.33183333333333,7.43064280835557
2024-11-25,"BEX",5.93941666666667,8.57568431474083
2024-11-25,"SEND",4.892875,8.59879593278929
2024-11-25,"HUL2",5.40195833333333,7.46995295636706
2024-11-25,"PEMB",5.14341666666667,8.7443761643498
2024-11-25,"WFEN",4.43404166666667,7.26474095226062
2024-11-25,"OSY",5.33116666666667,8.65728635485426
2024-11-25,"ACTH",2.45966666666667,4.13716741521186
2024-11-25,"COPP",4.59904166666667,6.70738655788363
2024-11-26,"EB",6.14983333333333,5.17736476772656
2024-11-26,"IMGM",5.304625,6.09288986469762
2024-11-26,"PRES",10.5945833333333,5.77021345009235
2024-11-26,"BIRR",11.2687083333333,6.09144650937641
2024-11-26,"BLC2",6.58808333333333,7.15252119044513
2024-11-26,"BOTR",8.75204166666667,5.79815411308075
2024-11-26,"GHSR",6.51833333333333,5.43258253475653
2024-11-26,"LEAM",5.46391666666667,5.06168093112951
2024-11-26,"NPT3",6.40041666666667,5.77777815529262
2024-11-26,"REA1",7.15520833333333,4.7741573024955
2024-11-26,"SOUT",6.9655,5.69981593730932
2024-11-26,"WREX",6.56445833333333,4.51267982859704
2024-11-26,"LEAR",5.05116666666667,5.00641336152595
2024-11-26,"PLYM",5.99058333333333,7.64965202613553
2024-11-26,"SHDG",6.76983333333333,5.95736197144538
2024-11-26,"SHE",7.84,5.97054116015251
2024-11-26,"BEL2",11.8642083333333,5.52418579066602
2024-11-26,"GLKP",5.504125,5.09779795919633
2024-11-26,"LECU",6.16154166666667,5.47760164022597
2024-11-26,"SUN2",5.562,6.64690533271193
2024-11-26,"TRAN",6.88379166666667,5.14288594922598
2024-11-26,"STOK",5.74395833333333,5.42131100611006
2024-11-26,"BEX",7.90104166666667,4.77799545555779
2024-11-26,"SEND",6.286375,4.48503077347773
2024-11-26,"HUL2",6.87208333333333,6.74912034955511
2024-11-26,"PEMB",2.90875,5.52914043443142
2024-11-26,"WFEN",5.32820833333333,4.82088975487613
2024-11-26,"OSY",4.83491666666667,4.75456672186537
2024-11-26,"ACTH",1.41808333333333,3.98357648185626
2024-11-26,"COPP",6.14495833333333,4.84353262415548
2024-11-27,"EB",4.45566666666667,6.44098254711297
2024-11-27,"IMGM",5.18275,6.9687238412981
2024-11-27,"PRES",15.4864583333333,6.92975472636222
2024-11-27,"BIRR",9.210875,7.64087384641355
2024-11-27,"BLC2",7.79575,7.56079829234031
2024-11-27,"BOTR",10.3450833333333,7.31821975426915
2024-11-27,"GHSR",5.9375,5.65821417343846
2024-11-27,"LEAM",9.30625,6.14600142507051
2024-11-27,"NPT3",6.48691666666667,6.15374916545725
2024-11-27,"REA1",5.57795833333333,6.56684204214477
2024-11-27,"SOUT",5.40891666666667,6.93042688883754
2024-11-27,"WREX",9.259125,5.95582818491232
2024-11-27,"LEAR",8.81379166666667,5.9531124823684
2024-11-27,"PLYM",5.11895833333333,7.16544958483234
2024-11-27,"SHDG",9.66295833333333,7.41099345215243
2024-11-27,"SHE",10.4314583333333,7.68496217705043
2024-11-27,"BEL2",24.42025,7.96752429393142
2024-11-27,"GLKP",5.54045833333333,5.16071360920151
2024-11-27,"LECU",8.85229166666667,6.53739056510988
2024-11-27,"SUN2",5.87858333333333,6.85515868514157
2024-11-27,"TRAN",8.842375,6.77404493473755
2024-11-27,"STOK",10.6938333333333,7.09195542525452
2024-11-27,"BEX",6.45054166666667,6.9632878517578
2024-11-27,"SEND",5.05016666666667,6.48463794242973
2024-11-27,"HUL2",8.65279166666667,8.1472441600501
2024-11-27,"PEMB",3.387375,4.81210303115427
2024-11-27,"WFEN",5.29191666666667,6.11919897836552
2024-11-27,"OSY",4.355375,6.38087142709195
2024-11-27,"ACTH",1.82004166666667,3.85793530931554
2024-11-27,"COPP",9.84670833333333,7.10834372383262
2024-11-28,"EB",10.18275,5.61326302300575
2024-11-28,"IMGM",7.44895833333333,7.59366399226478
2024-11-28,"PRES",8.507375,7.89800537938433
2024-11-28,"BIRR",17.06675,8.59934686582789
2024-11-28,"BLC2",8.578,7.54122910105871
2024-11-28,"BOTR",14.1294166666667,8.85825993549986
2024-11-28,"GHSR",6.12433333333333,7.53699500926375
2024-11-28,"LEAM",16.1920833333333,6.71658219178826
2024-11-28,"NPT3",9.640375,6.16280221900205
2024-11-28,"REA1",17.1177916666667,6.89242834974976
2024-11-28,"SOUT",9.35729166666667,7.38635617932392
2024-11-28,"WREX",7.51875,6.58701763474999
2024-11-28,"LEAR",15.4992083333333,6.52137052308353
2024-11-28,"PLYM",8.01891666666667,7.00003846090699
2024-11-28,"SHDG",9.54016666666667,8.69959266662914
2024-11-28,"SHE",9.16479166666667,8.94170845982587
2024-11-28,"BEL2",11.244125,10.5284756476701
2024-11-28,"GLKP",6.27066666666667,6.82918586798822
2024-11-28,"LECU",14.1775,7.04091489846116
2024-11-28,"SUN2",7.20333333333333,7.73107286543183
2024-11-28,"TRAN",11.9262083333333,8.0850997115325
2024-11-28,"STOK",12.2150833333333,8.01628689957958
2024-11-28,"BEX",18.4553333333333,7.00769730228021
2024-11-28,"SEND",11.0839583333333,6.86412809192083
2024-11-28,"HUL2",9.16091666666667,9.24856936604763
2024-11-28,"PEMB",5.06579166666667,4.36474146356299
2024-11-28,"WFEN",11.073125,6.90610102502889
2024-11-28,"OSY",10.4304583333333,6.96573058085084
2024-11-28,"ACTH",1.95566666666667,4.39886902670344
2024-11-28,"COPP",14.5460416666667,8.32779811396013
2024-11-29,"EB",4.48308333333333,9.16558487513593
2024-11-29,"IMGM",5.50725,9.14335386701566
2024-11-29,"PRES",6.18025,8.61155350063561
2024-11-29,"BIRR",7.75154166666667,10.7125180083578
2024-11-29,"BLC2",7.02054166666667,8.44820552545753
2024-11-29,"BOTR",9.082125,9.86747783496322
2024-11-29,"GHSR",5.52391666666667,6.04146388390644
2024-11-29,"LEAM",5.28008333333333,9.70166859974153
2024-11-29,"NPT3",6.36008333333333,8.9369198797488
2024-11-29,"REA1",7.88633333333333,10.5107498089493
2024-11-29,"SOUT",5.348875,10.169989613412
2024-11-29,"WREX",6.85541666666667,8.81322697382602
2024-11-29,"LEAR",4.83104166666667,9.23373391093574
2024-11-29,"PLYM",11.0249583333333,8.8969276690324
2024-11-29,"SHDG",8.34916666666667,9.4371398746373
2024-11-29,"SHE",10.0806666666667,9.48972673322253
2024-11-29,"BEL2",8.47183333333333,9.61304448590021
2024-11-29,"GLKP",5.60629166666667,5.47913948960387
2024-11-29,"LECU",6.13416666666667,9.87026446246986
2024-11-29,"SUN2",10.8815416666667,7.12389221294501
2024-11-29,"TRAN",7.126625,9.14540871475142
2024-11-29,"STOK",8.04241666666667,9.9788158544874
2024-11-29,"BEX",7.95995833333333,11.8607096979323
2024-11-29,"SEND",5.45208333333333,11.364527982737
2024-11-29,"HUL2",6.486875,10.7270181010865
2024-11-29,"PEMB",5.70270833333333,5.75510515072834
2024-11-29,"WFEN",6.02408333333333,9.80036135083206
2024-11-29,"OSY",5.369625,10.3478217603008
2024-11-29,"ACTH",3.20258333333333,3.4987816068449
2024-11-29,"COPP",8.28529166666667,10.0929830969737
2024-11-30,"EB",7.90779166666667,5.44925785054539
2024-11-30,"IMGM",8.44545833333333,7.25054587033902
2024-11-30,"PRES",5.81270833333333,7.08773911224522
2024-11-30,"BIRR",8.45920833333333,8.58472468362106
2024-11-30,"BLC2",5.71825,7.27564402503436
2024-11-30,"BOTR",8.18995833333333,8.03993530827666
2024-11-30,"GHSR",3.408,5.95079830831412
2024-11-30,"LEAM",7.194375,6.80241043948696
2024-11-30,"NPT3",9.12341666666667,7.35218959695227
2024-11-30,"REA1",8.82075,6.57327701090747
2024-11-30,"SOUT",9.809375,6.95225352716662
2024-11-30,"WREX",4.43591666666667,7.73379043489261
2024-11-30,"LEAR",6.63529166666667,6.46429303889669
2024-11-30,"PLYM",16.791625,8.37106824111183
2024-11-30,"SHDG",7.71429166666667,8.15058558648706
2024-11-30,"SHE",9.87633333333333,7.57984590511844
2024-11-30,"BEL2",7.15904166666667,9.58166243674972
2024-11-30,"GLKP",3.511125,5.56210444610397
2024-11-30,"LECU",7.56483333333333,7.16210247672235
2024-11-30,"SUN2",7.95020833333333,7.30643045909527
2024-11-30,"TRAN",5.25845833333333,7.57636891394557
2024-11-30,"STOK",8.41595833333333,7.93184492830403
2024-11-30,"BEX",11.1162916666667,7.27259250160693
2024-11-30,"SEND",12.3005833333333,6.33794631515818
2024-11-30,"HUL2",10.7617083333333,8.0187851164963
2024-11-30,"PEMB",7.961,6.19588570374637
2024-11-30,"WFEN",10.9219166666667,5.77670995468562
2024-11-30,"OSY",10.6446666666667,6.03957958528665
2024-11-30,"ACTH",1.31095833333333,3.87040013774448
2024-11-30,"COPP",6.41804166666667,8.65505442706957
2024-12-01,"EB",7.67304166666667,8.74520616909979
2024-12-01,"IMGM",6.55470833333333,8.03581461887281
2024-12-01,"PRES",4.07233333333333,6.96805132966704
2024-12-01,"BIRR",4.69445833333333,9.4967981877287
2024-12-01,"BLC2",4.30525,7.89385709930447
2024-12-01,"BOTR",8.68133333333333,8.6383879507637
2024-12-01,"GHSR",4.565625,4.16259734033663
2024-12-01,"LEAM",4.31408333333333,8.08963073011474
2024-12-01,"NPT3",5.51895833333333,8.49653663685633
2024-12-01,"REA1",5.55825,8.37427497886848
2024-12-01,"SOUT",6.63520833333333,8.86525162602538
2024-12-01,"WREX",3.81591666666667,7.61048691574904
2024-12-01,"LEAR",4.17645833333333,7.77133750267645
2024-12-01,"PLYM",9.572625,11.2294587337635
2024-12-01,"SHDG",3.95054166666667,8.64189968007817
2024-12-01,"SHE",7.02941666666667,8.33916216027176
2024-12-01,"BEL2",5.12575,7.80290599233823
2024-12-01,"GLKP",4.05658333333333,3.83239364253965
2024-12-01,"LECU",4.46154166666667,7.94294456356291
2024-12-01,"SUN2",4.60591666666667,7.11797605867997
2024-12-01,"TRAN",3.67625,7.49550770190968
2024-12-01,"STOK",3.80808333333333,8.67029878769163
2024-12-01,"BEX",7.69266666666667,9.86048172093538
2024-12-01,"SEND",8.87779166666667,9.49923626633957
2024-12-01,"HUL2",7.821375,9.12311687908891
2024-12-01,"PEMB",3.7195,7.16627099879359
2024-12-01,"WFEN",7.86566666666667,7.90221957689657
2024-12-01,"OSY",10.819625,9.25309243414427
2024-12-01,"ACTH",1.359125,3.0969166634744
2024-12-01,"COPP",3.431625,8.38053843130312
2024-12-02,"EB",2.54329166666667,6.56036537707839
2024-12-02,"IMGM",3.62320833333333,6.03154209281916
2024-12-02,"PRES",4.20304166666667,5.17002796343156
2024-12-02,"BIRR",3.74016666666667,6.67668618139732
2024-12-02,"BLC2",4.03791666666667,6.28835458990302
2024-12-02,"BOTR",3.50433333333333,6.09678769404248
2024-12-02,"GHSR",2.96870833333333,4.9506925328669
2024-12-02,"LEAM",2.58058333333333,5.50066248366445
2024-12-02,"NPT3",2.23083333333333,5.62830743133068
2024-12-02,"REA1",2.98345833333333,5.39651020121906
2024-12-02,"SOUT",2.793875,6.39679671527967
2024-12-02,"WREX",2.19429166666667,4.38595052983745
2024-12-02,"LEAR",2.436125,5.3578829476016
2024-12-02,"PLYM",5.8195,8.39891487785328
2024-12-02,"SHDG",3.85908333333333,5.82932595352161
2024-12-02,"SHE",3.17804166666667,5.90081909277735
2024-12-02,"BEL2",4.54991666666667,5.95051863187959
2024-12-02,"GLKP",2.623875,4.57273626726788
2024-12-02,"LECU",3.126,5.60563424601546
2024-12-02,"SUN2",3.81195833333333,6.10171922363334
2024-12-02,"TRAN",3.816875,4.46308089898847
2024-12-02,"STOK",3.40904166666667,5.82728082187436
2024-12-02,"BEX",3.07791666666667,6.3318698016618
2024-12-02,"SEND",2.84308333333333,6.43926209267732
2024-12-02,"HUL2",4.34945833333333,7.1275846077054
2024-12-02,"PEMB",3.6655,5.06841467033727
2024-12-02,"WFEN",2.39775,5.83538590535398
2024-12-02,"OSY",2.74183333333333,6.90346262285145
2024-12-02,"ACTH",1.45254166666667,3.16312418236392
2024-12-02,"COPP",2.56095833333333,4.82813340550598
2024-12-03,"EB",10.7675833333333,3.8284574212824
2024-12-03,"IMGM",6.90458333333333,4.63662389909086
2024-12-03,"PRES",6.40041666666667,5.00801620465762
2024-12-03,"BIRR",14.3180416666667,5.30181335346702
2024-12-03,"BLC2",5.97,5.6743776068459
2024-12-03,"BOTR",9.9755,4.9226513202123
2024-12-03,"GHSR",3.74404166666667,4.72813424786237
2024-12-03,"LEAM",9.31016666666667,3.97597694937826
2024-12-03,"NPT3",8.1545,4.08387639931404
2024-12-03,"REA1",7.39291666666667,3.76658468746301
2024-12-03,"SOUT",8.60070833333333,4.54863914364496
2024-12-03,"WREX",5.962,3.41896626732738
2024-12-03,"LEAR",9.495875,3.92947207125286
2024-12-03,"PLYM",11.97825,5.53330484532447
2024-12-03,"SHDG",8.06695833333333,5.28126598527409
2024-12-03,"SHE",9.04975,5.18793943752381
2024-12-03,"BEL2",11.06825,5.7447590485258
2024-12-03,"GLKP",3.37566666666667,4.33861605937114
2024-12-03,"LECU",9.08020833333333,4.0802069981338
2024-12-03,"SUN2",6.75229166666667,5.03018702977913
2024-12-03,"TRAN",7.425375,4.18903792276404
2024-12-03,"STOK",11.1528333333333,4.6468757829417
2024-12-03,"BEX",10.7469583333333,3.8474479147495
2024-12-03,"SEND",8.70970833333333,3.80899875190423
2024-12-03,"HUL2",7.75941666666667,5.42724917928481
2024-12-03,"PEMB",3.148625,3.59885300021353
2024-12-03,"WFEN",6.41316666666667,3.69242468051508
2024-12-03,"OSY",7.034125,3.97832989255552
2024-12-03,"ACTH",2.32316666666667,2.89689412515911
2024-12-03,"COPP",9.66795833333333,4.21613617018319
2024-12-04,"EB",7.09808333333333,7.62740692740065
2024-12-04,"IMGM",11.6440416666667,7.70857076794418
2024-12-04,"PRES",6.958625,8.02443228282779
2024-12-04,"BIRR",9.89491666666667,9.15148567727157
2024-12-04,"BLC2",7.40770833333333,8.49147150117503
2024-12-04,"BOTR",9.813375,8.48346433211951
2024-12-04,"GHSR",4.34458333333333,5.23018080908816
2024-12-04,"LEAM",8.37658333333333,7.82817704805033
2024-12-04,"NPT3",8.84925,7.69455987729692
2024-12-04,"REA1",8.01508333333333,8.00239892406054
2024-12-04,"SOUT",10.6781666666667,8.17964707160837
2024-12-04,"WREX",5.24870833333333,6.97019171276168
2024-12-04,"LEAR",7.92858333333333,7.51633096113292
2024-12-04,"PLYM",6.08891666666667,9.39155573086156
2024-12-04,"SHDG",8.71170833333333,8.60429892800725
2024-12-04,"SHE",9.56670833333333,8.46577051905118
2024-12-04,"BEL2",5.98270833333333,9.38498316258621
2024-12-04,"GLKP",4.40154166666667,4.7079388518556
2024-12-04,"LECU",9.421375,7.77018000329547
2024-12-04,"SUN2",8.18495833333333,6.58026923125246
2024-12-04,"TRAN",5.21325,7.71448669320036
2024-12-04,"STOK",8.84345833333333,8.5059122142219
2024-12-04,"BEX",9.44975,8.60263200774796
2024-12-04,"SEND",8.83070833333333,8.14508180638643
2024-12-04,"HUL2",13.28225,8.890192979157
2024-12-04,"PEMB",2.239625,6.13276183560969
2024-12-04,"WFEN",9.52445833333333,6.56752420590716
2024-12-04,"OSY",7.99641666666667,7.68705046261583
2024-12-04,"ACTH",2.54320833333333,3.46144074324524
2024-12-04,"COPP",5.46683333333333,8.37511231101143
2024-12-05,"EB",3.66945833333333,7.35513346456569
2024-12-05,"IMGM",2.96983333333333,7.54947142039226
2024-12-05,"PRES",5.49529166666667,7.19313587767536
2024-12-05,"BIRR",2.42441666666667,9.36190679036098
2024-12-05,"BLC2",6.615625,7.68705128126776
2024-12-05,"BOTR",2.00575,8.54712957403425
2024-12-05,"GHSR",5.79025,6.16605042519938
2024-12-05,"LEAM",1.58716666666667,8.42691442618661
2024-12-05,"NPT3",2.84191666666667,7.37169492480538
2024-12-05,"REA1",1.91816666666667,8.01664852458219
2024-12-05,"SOUT",3.660625,7.84252414589872
2024-12-05,"WREX",2.789875,6.88483179701448
2024-12-05,"LEAR",1.45245833333333,8.1374737766793
2024-12-05,"PLYM",7.294625,7.26247400440951
2024-12-05,"SHDG",2.72595833333333,8.50684046223894
2024-12-05,"SHE",3.56233333333333,8.12489707244132
2024-12-05,"BEL2",7.1335,8.43335206380864
2024-12-05,"GLKP",5.49529166666667,5.79458817859943
2024-12-05,"LECU",1.93504166666667,8.21301728840319
2024-12-05,"SUN2",4.38779166666667,7.2953896812829
2024-12-05,"TRAN",4.69045833333333,7.249222209428
2024-12-05,"STOK",2.95991666666667,8.37677913993879
2024-12-05,"BEX",2.12654166666667,9.85437179381315
2024-12-05,"SEND",2.51866666666667,9.25329819739397
2024-12-05,"HUL2",4.16083333333333,8.85021961149738
2024-12-05,"PEMB",4.16779166666667,4.68563719533308
2024-12-05,"WFEN",1.597875,7.80185310059728
2024-12-05,"OSY",3.731375,8.84888084430142
2024-12-05,"ACTH",2.961875,3.73673756918911
2024-12-05,"COPP",2.71229166666667,8.00204373501151
2024-12-06,"EB",4.84766666666667,4.73965279307408
2024-12-06,"IMGM",5.74583333333333,3.96171322573736
2024-12-06,"PRES",6.878,5.13016607881499
2024-12-06,"BIRR",7.35254166666667,4.70287589463131
2024-12-06,"BLC2",7.16595833333333,6.26671270062772
2024-12-06,"BOTR",6.71491666666667,4.28079602674105
2024-12-06,"GHSR",4.39179166666667,5.21846733953816
2024-12-06,"LEAM",6.02983333333333,3.47737576801497
2024-12-06,"NPT3",6.73154166666667,4.59294956531873
2024-12-06,"REA1",5.31829166666667,4.1409087978444
2024-12-06,"SOUT",6.457375,5.60288149372782
2024-12-06,"WREX",6.274625,3.18156721904204
2024-12-06,"LEAR",5.51395833333333,3.34263670318922
2024-12-06,"PLYM",9.36620833333333,7.68871883711173
2024-12-06,"SHDG",6.75416666666667,4.03245543166959
2024-12-06,"SHE",6.305125,4.41431265240811
2024-12-06,"BEL2",6.19695833333333,6.80245603151792
2024-12-06,"GLKP",4.15391666666667,4.70531591623587
2024-12-06,"LECU",7.02054166666667,3.66565806512719
2024-12-06,"SUN2",5.80891666666667,3.95946194604297
2024-12-06,"TRAN",8.13083333333333,4.26904027713409
2024-12-06,"STOK",7.45583333333333,4.61910462959476
2024-12-06,"BEX",6.03,4.1126241804388
2024-12-06,"SEND",6.125125,3.8933618256501
2024-12-06,"HUL2",6.797375,4.52094369582856
2024-12-06,"PEMB",6.35904166666667,4.40764321291899
2024-12-06,"WFEN",6.32866666666667,3.32090516966831
2024-12-06,"OSY",6.20879166666667,4.14413306721018
2024-12-06,"ACTH",3.189875,2.74201246489602
2024-12-06,"COPP",6.68733333333333,4.72374554595493
2024-12-07,"EB",3.94558333333333,6.99109327416495
2024-12-07,"IMGM",2.70833333333333,7.30962389564203
2024-12-07,"PRES",1.90166666666667,6.77106679436582
2024-12-07,"BIRR",2.43316666666667,8.01571596563598
2024-12-07,"BLC2",4.311125,7.67963619886622
2024-12-07,"BOTR",1.56054166666667,7.19011808051497
2024-12-07,"GHSR",0.951333333333333,5.00735051626951
2024-12-07,"LEAM",2.749625,6.94122216546593
2024-12-07,"NPT3",3.671375,7.0921055578565
2024-12-07,"REA1",2.332,6.63162592657541
2024-12-07,"SOUT",3.905375,6.97529508505427
2024-12-07,"WREX",4.43004166666667,6.51915800097958
2024-12-07,"LEAR",2.17675,6.79089202771027
2024-12-07,"PLYM",11.2126666666667,8.20547457660988
2024-12-07,"SHDG",1.30404166666667,7.84225043095939
2024-12-07,"SHE",1.2235,7.68977368219811
2024-12-07,"BEL2",5.62004166666667,6.89076776204898
2024-12-07,"GLKP",0.638708333333333,4.68072819075721
2024-12-07,"LECU",1.71191666666667,6.90897842078241
2024-12-07,"SUN2",3.753,6.41003416618639
2024-12-07,"TRAN",6.97129166666667,6.97521551092739
2024-12-07,"STOK",2.84395833333333,7.28641696478309
2024-12-07,"BEX",2.04004166666667,7.43590992366009
2024-12-07,"SEND",2.039125,7.10212281738784
2024-12-07,"HUL2",3.01204166666667,8.04133456122754
2024-12-07,"PEMB",7.50960869565217,5.97376182692204
2024-12-07,"WFEN",1.35908333333333,6.56794459790756
2024-12-07,"OSY",2.59925,7.07381245944526
2024-12-07,"ACTH",0.452958333333333,3.470054506446
2024-12-07,"COPP",3.00520833333333,7.15630055407194
2024-12-08,"EB",1.52020833333333,5.02965558631475
2024-12-08,"IMGM",6.934875,3.81956114380103
2024-12-08,"PRES",2.46366666666667,4.41486361537935
2024-12-08,"BIRR",2.38795833333333,4.68923882769822
2024-12-08,"BLC2",2.25625,5.03119417815075
2024-12-08,"BOTR",2.550125,4.0682571698481
2024-12-08,"GHSR",1.3975,2.76051425301646
2024-12-08,"LEAM",2.51479166666667,3.57819264717573
2024-12-08,"NPT3",2.200375,5.32229635722615
2024-12-08,"REA1",2.08916666666667,4.32266814545773
2024-12-08,"SOUT",1.71783333333333,5.32298866067215
2024-12-08,"WREX",3.74120833333333,3.8466210304538
2024-12-08,"LEAR",2.20804166666667,3.34110894339607
2024-12-08,"PLYM",5.14358333333333,8.73413571568132
2024-12-08,"SHDG",3.694,4.33900885189572
2024-12-08,"SHE",3.79725,4.32051071701322
2024-12-08,"BEL2",3.804125,5.36394503085191
2024-12-08,"GLKP",1.09075,2.33140840734631
2024-12-08,"LECU",3.04245833333333,3.42952666683638
2024-12-08,"SUN2",9.4635,3.35829751528143
2024-12-08,"TRAN",3.83258333333333,4.28858123052877
2024-12-08,"STOK",2.60708333333333,4.21034180355574
2024-12-08,"BEX",3.06604166666667,4.37731374153122
2024-12-08,"SEND",3.508375,4.06767331020127
2024-12-08,"HUL2",5.61725,4.211415112066
2024-12-08,"PEMB",4.624625,6.1762794347954
2024-12-08,"WFEN",4.59420833333333,3.24621897181718
2024-12-08,"OSY",3.42275,3.89929210606782
2024-12-08,"ACTH",1.46233333333333,1.72086334829997
2024-12-08,"COPP",2.60720833333333,4.14683431413139
2024-12-09,"EB",3.7805,5.1169019292405
2024-12-09,"IMGM",5.947375,5.66232354215331
2024-12-09,"PRES",3.79620833333333,4.40175736386705
2024-12-09,"BIRR",5.59658333333333,6.42427184988958
2024-12-09,"BLC2",3.01895833333333,4.85757792170347
2024-12-09,"BOTR",5.10520833333333,5.33446086700606
2024-12-09,"GHSR",4.01241666666667,4.02381359254263
2024-12-09,"LEAM",4.94595833333333,5.90940210082286
2024-12-09,"NPT3",3.93870833333333,4.55265653914264
2024-12-09,"REA1",4.20495833333333,4.7009497968595
2024-12-09,"SOUT",3.72533333333333,4.12496171307754
2024-12-09,"WREX",4.81520833333333,5.20382977732376
2024-12-09,"LEAR",4.51354166666667,5.61813682530243
2024-12-09,"PLYM",3.70779166666667,5.01583526223785
2024-12-09,"SHDG",5.52191666666667,6.43320387976972
2024-12-09,"SHE",4.663875,6.01899393074261
2024-12-09,"BEL2",5.623125,4.76327000765719
2024-12-09,"GLKP",3.918125,3.88496158305406
2024-12-09,"LECU",5.11104166666667,5.19090102257327
2024-12-09,"SUN2",5.832375,6.34566431582101
2024-12-09,"TRAN",4.44191666666667,4.5678398292855
2024-12-09,"STOK",4.19425,4.94386597824266
2024-12-09,"BEX",5.550375,5.7571531797751
2024-12-09,"SEND",5.28108333333333,5.66064809925759
2024-12-09,"HUL2",7.09220833333333,6.10919892639557
2024-12-09,"PEMB",2.667125,4.15990755009511
2024-12-09,"WFEN",5.09441666666667,5.45778831045443
2024-12-09,"OSY",5.24770833333333,5.69218702640217
2024-12-09,"ACTH",3.63804166666667,3.06182275003373
2024-12-09,"COPP",4.173625,4.52400772193078
2024-12-10,"EB",3.87866666666667,5.00937386914332
2024-12-10,"IMGM",4.50570833333333,5.95725627453982
2024-12-10,"PRES",3.93766666666667,5.17401813284676
2024-12-10,"BIRR",5.54833333333333,6.8560205130611
2024-12-10,"BLC2",4.02420833333333,5.31199864411823
2024-12-10,"BOTR",4.68754166666667,5.79491941540958
2024-12-10,"GHSR",12.0469583333333,4.50369151046412
2024-12-10,"LEAM",4.56475,5.83005763042646
2024-12-10,"NPT3",4.20304166666667,4.75310813831027
2024-12-10,"REA1",3.55929166666667,5.14254609546857
2024-12-10,"SOUT",3.51029166666667,5.0061251955541
2024-12-10,"WREX",5.33616666666667,5.1156444891197
2024-12-10,"LEAR",4.13520833333333,5.61804106090109
2024-12-10,"PLYM",4.436875,5.42855507276811
2024-12-10,"SHDG",7.43320833333333,6.85200859992917
2024-12-10,"SHE",5.16020833333333,6.83955438520155
2024-12-10,"BEL2",7.99441666666667,5.74651972632133
2024-12-10,"GLKP",13.110375,4.2958115713301
2024-12-10,"LECU",4.677625,5.53193749517914
2024-12-10,"SUN2",3.78058333333333,6.40267006953728
2024-12-10,"TRAN",4.595125,5.04596724533073
2024-12-10,"STOK",4.60295833333333,5.81687270855125
2024-12-10,"BEX",4.01345833333333,6.0804621004058
2024-12-10,"SEND",4.36029166666667,5.81944652715591
2024-12-10,"HUL2",6.01520833333333,6.83658751180138
2024-12-10,"PEMB",3.42970833333333,3.97743233542725
2024-12-10,"WFEN",4.27275,5.67354882236058
2024-12-10,"OSY",3.87579166666667,5.59978732998402
2024-12-10,"ACTH",4.87720833333333,3.27978194054399
2024-12-10,"COPP",4.75933333333333,5.30787677687007
2024-12-11,"EB",9.84466666666667,5.7489239980935
2024-12-11,"IMGM",4.40641666666667,5.64825286804267
2024-12-11,"PRES",5.97095833333333,6.1309643503164
2024-12-11,"BIRR",5.05120833333333,7.4589325513906
2024-12-11,"BLC2",6.78754166666667,6.44590067295522
2024-12-11,"BOTR",5.06883333333333,6.10973835381026
2024-12-11,"GHSR",10.01675,6.7755664327143
2024-12-11,"LEAM",3.921,6.51995719582266
2024-12-11,"NPT3",5.39408695652174,6.00954843937564
2024-12-11,"REA1",4.45266666666667,5.7368198537406
2024-12-11,"SOUT",5.01483333333333,6.35833067005034
2024-12-11,"WREX",9.71108333333333,6.13042591172959
2024-12-11,"LEAR",3.755,6.42651872769133
2024-12-11,"PLYM",6.77779166666667,6.6763113031073
2024-12-11,"SHDG",6.40720833333333,6.65151946764905
2024-12-11,"SHE",6.1695,6.66056695677552
2024-12-11,"BEL2",8.20466666666667,7.36647857523104
2024-12-11,"GLKP",10.07975,6.5904195773357
2024-12-11,"LECU",3.98775,6.31701371758201
2024-12-11,"SUN2",6.89866666666667,5.56575223289068
2024-12-11,"TRAN",6.93204166666667,6.03624613898465
2024-12-11,"STOK",7.46666666666667,6.3831166442412
2024-12-11,"BEX",4.84670833333333,6.63902066201386
2024-12-11,"SEND",4.75920833333333,6.22157181798101
2024-12-11,"HUL2",5.82941666666667,6.46419787742216
2024-12-11,"PEMB",6.20183333333333,4.57993221539245
2024-12-11,"WFEN",4.08408333333333,5.96516419266491
2024-12-11,"OSY",3.77458333333333,5.94202140506401
2024-12-11,"ACTH",3.013,4.1489559719277
2024-12-11,"COPP",15.81375,6.39349759084108
2024-12-12,"EB",14.631625,6.30455209280381
2024-12-12,"IMGM",2.31129166666667,6.41207165803932
2024-12-12,"PRES",8.59079166666667,5.75578680210177
2024-12-12,"BIRR",7.562,6.90458631584507
2024-12-12,"BLC2",9.83295833333333,6.14992769100116
2024-12-12,"BOTR",7.02933333333333,5.71698695196894
2024-12-12,"GHSR",11.373,5.7786909790707
2024-12-12,"LEAM",5.913875,4.82401941042741
2024-12-12,"NPT3",6.06329166666667,5.71422604246617
2024-12-12,"REA1",5.42545833333333,5.07482317210632
2024-12-12,"SOUT",6.170375,6.1920048880765
2024-12-12,"WREX",14.0989583333333,5.6714752659086
2024-12-12,"LEAR",5.39891666666667,4.96485113004333
2024-12-12,"PLYM",12.286875,6.20290536689027
2024-12-12,"SHDG",10.2849583333333,6.86932365519596
2024-12-12,"SHE",9.67570833333333,6.52218633554978
2024-12-12,"BEL2",17.8666666666667,7.21321502510633
2024-12-12,"GLKP",12.2887916666667,5.54445081513028
2024-12-12,"LECU",5.21529166666667,5.71278126474527
2024-12-12,"SUN2",12.4853333333333,4.8241045297012
2024-12-12,"TRAN",16.4534166666667,5.99531349747914
2024-12-12,"STOK",8.02683333333333,6.34989991554726
2024-12-12,"BEX",7.637625,6.39621770188935
2024-12-12,"SEND",7.82825,6.07501691101537
2024-12-12,"HUL2",3.98091666666667,6.88708510728902
2024-12-12,"PEMB",7.63366666666667,4.89452337964111
2024-12-12,"WFEN",4.41633333333333,5.17542065701458
2024-12-12,"OSY",3.59179166666667,5.87890385828984
2024-12-12,"ACTH",5.93945833333333,3.80109734552695
2024-12-12,"COPP",11.0357916666667,6.3292407904355
2024-12-13,"EB",20.7390416666667,10.3360150217836
2024-12-13,"IMGM",7.12954166666667,9.42639072015312
2024-12-13,"PRES",7.22879166666667,7.72908928915581
2024-12-13,"BIRR",9.04679166666667,9.9285332328291
2024-12-13,"BLC2",7.1945,8.28430611677885
2024-12-13,"BOTR",10.8825,8.96021536559554
2024-12-13,"GHSR",9.891875,7.29726090423943
2024-12-13,"LEAM",8.63508333333333,7.91430273833858
2024-12-13,"NPT3",7.46758333333333,9.44508283648214
2024-12-13,"REA1",12.9325,9.03630125152193
2024-12-13,"SOUT",12.562,9.46268254971995
2024-12-13,"WREX",10.6771666666667,8.89464739755865
2024-12-13,"LEAR",8.804125,7.80705293822001
2024-12-13,"PLYM",10.6780833333333,11.2055980137389
2024-12-13,"SHDG",8.68120833333333,11.1646864373413
2024-12-13,"SHE",9.95875,10.0952210050747
2024-12-13,"BEL2",17.2564166666667,10.7285299629872
2024-12-13,"GLKP",8.67333333333333,7.06166148054796
2024-12-13,"LECU",6.82979166666667,8.11087348084954
2024-12-13,"SUN2",6.28545833333333,8.27862379815929
2024-12-13,"TRAN",12.3182916666667,9.24432591878896
2024-12-13,"STOK",9.83304166666667,8.87119562936902
2024-12-13,"BEX",24.31225,10.421942325061
2024-12-13,"SEND",26.7572083333333,9.71917271648488
2024-12-13,"HUL2",9.52929166666667,9.98158030861804
2024-12-13,"PEMB",4.833,8.96153800986163
2024-12-13,"WFEN",10.742,7.84884691079854
2024-12-13,"OSY",19.93225,8.67900523031666
2024-12-13,"ACTH",2.91270833333333,6.1107601534357
2024-12-13,"COPP",8.275375,9.05991694900803
2024-12-14,"EB",5.95716666666667,13.0159669625452
2024-12-14,"IMGM",5.98179166666667,9.38985350686824
2024-12-14,"PRES",4.21979166666667,5.887162227358
2024-12-14,"BIRR",5.31545833333333,10.7358391729606
2024-12-14,"BLC2",4.35233333333333,6.74424763885055
2024-12-14,"BOTR",5.53470833333333,9.01770727112022
2024-12-14,"GHSR",3.59683333333333,5.57003094729952
2024-12-14,"LEAM",6.08691666666667,8.38416431243251
2024-12-14,"NPT3",3.873875,9.83951942062589
2024-12-14,"REA1",7.32508333333333,9.79472847268995
2024-12-14,"SOUT",6.139,10.5571411909886
2024-12-14,"WREX",2.61595833333333,7.88726331104034
2024-12-14,"LEAR",5.622125,8.33177157275133
2024-12-14,"PLYM",6.688375,11.6031256656559
2024-12-14,"SHDG",3.700875,9.93925286805743
2024-12-14,"SHE",3.47983333333333,9.47190448594759
2024-12-14,"BEL2",6.49275,6.90707392599442
2024-12-14,"GLKP",2.809625,5.46651655600284
2024-12-14,"LECU",7.39395833333333,8.74784289781308
2024-12-14,"SUN2",2.70345833333333,7.66467501181269
2024-12-14,"TRAN",3.52883333333333,7.23277868114617
2024-12-14,"STOK",4.796625,9.05147889818365
2024-12-14,"BEX",10.4129166666667,12.9404302838036
2024-12-14,"SEND",10.3715416666667,13.4644169642652
2024-12-14,"HUL2",6.57633333333333,10.6820172573197
2024-12-14,"PEMB",2.99433333333333,7.3546033216759
2024-12-14,"WFEN",7.6455,10.2569847576982
2024-12-14,"OSY",9.778125,13.1097312953458
2024-12-14,"ACTH",1.39745833333333,5.05649929722803
2024-12-14,"COPP",4.5225,7.00402926136223
2024-12-15,"EB",3.20179166666667,4.92144909784994
2024-12-15,"IMGM",2.40470833333333,5.67021668521558
2024-12-15,"PRES",5.107125,4.99218299888651
2024-12-15,"BIRR",1.33654166666667,6.98236339677786
2024-12-15,"BLC2",6.52525,5.32398072064707
2024-12-15,"BOTR",1.337375,6.01825918079138
2024-12-15,"GHSR",1.82975,6.27738215929188
2024-12-15,"LEAM",1.696125,5.33006790541029
2024-12-15,"NPT3",1.97904166666667,5.36405781526174
2024-12-15,"REA1",1.91333333333333,4.8613689929415
2024-12-15,"SOUT",2.24554166666667,6.25067786147456
2024-12-15,"WREX",1.088,4.27507186626207
2024-12-15,"LEAR",1.70308333333333,5.51096072173944
2024-12-15,"PLYM",2.95891666666667,5.54635769289507
2024-12-15,"SHDG",2.30645833333333,6.39243576190593
2024-12-15,"SHE",1.536875,6.04727867809196
2024-12-15,"BEL2",2.083375,5.99906093312574
2024-12-15,"GLKP",1.47991666666667,6.08643688819721
2024-12-15,"LECU",1.56845833333333,5.63999790028661
2024-12-15,"SUN2",0.7145,7.65393177752102
2024-12-15,"TRAN",2.93525,4.63681377546195
2024-12-15,"STOK",1.74333333333333,5.91318455088892
2024-12-15,"BEX",2.60629166666667,6.50725688335267
2024-12-15,"SEND",2.985375,6.61444075291086
2024-12-15,"HUL2",2.153125,7.164213707152
2024-12-15,"PEMB",2.869625,3.79006692160805
2024-12-15,"WFEN",1.69129166666667,5.5242947713727
2024-12-15,"OSY",3.680375,6.48428255196813
2024-12-15,"ACTH",0.536541666666667,4.53511182412381
2024-12-15,"COPP",2.343625,4.81606275861576
2024-12-16,"EB",1.86320833333333,2.93724766530454
2024-12-16,"IMGM",2.46658333333333,2.81928237831828
2024-12-16,"PRES",5.92079166666667,4.03191857292167
2024-12-16,"BIRR",3.47095833333333,3.82965336618613
2024-12-16,"BLC2",7.46958333333333,4.76615242478698
2024-12-16,"BOTR",2.99225,3.26918903452172
2024-12-16,"GHSR",4.38091666666667,3.48425758437831
2024-12-16,"LEAM",2.54820833333333,2.50548632334038
2024-12-16,"NPT3",3.48470833333333,3.09910415592339
2024-12-16,"REA1",2.11083333333333,2.42962277331276
2024-12-16,"SOUT",3.27841666666667,3.61563835586804
2024-12-16,"WREX",2.78295833333333,2.5077600380415
2024-12-16,"LEAR",2.27791666666667,2.52854861738173
2024-12-16,"PLYM",3.54466666666667,4.0537480895172
2024-12-16,"SHDG",2.773125,3.03584797365343
2024-12-16,"SHE",3.39029166666667,3.30286592898554
2024-12-16,"BEL2",5.737125,4.32975122024376
2024-12-16,"GLKP",4.16275,3.05455295032667
2024-12-16,"LECU",2.55708333333333,2.72470626404844
2024-12-16,"SUN2",2.123625,3.73937548752799
2024-12-16,"TRAN",2.71529166666667,2.98559481993078
2024-12-16,"STOK",2.82816666666667,3.4550860360656
2024-12-16,"BEX",2.165875,2.47522086157429
2024-12-16,"SEND",1.9635,2.25620285150655
2024-12-16,"HUL2",3.35491666666667,3.48158804920063
2024-12-16,"PEMB",3.78929166666667,2.74154204446818
2024-12-16,"WFEN",1.74233333333333,2.1783728543589
2024-12-16,"OSY",2.43225,2.65515741735239
2024-12-16,"ACTH",2.14133333333333,1.97163338550502
2024-12-16,"COPP",3.15733333333333,3.03658657442577
2024-12-17,"EB",3.75020833333333,4.96608876219446
2024-12-17,"IMGM",4.905625,3.91376023696883
2024-12-17,"PRES",4.61966666666667,5.33837646470222
2024-12-17,"BIRR",6.38466666666667,5.13139326054763
2024-12-17,"BLC2",4.74354166666667,6.19926565145108
2024-12-17,"BOTR",5.584625,4.39215278068033
2024-12-17,"GHSR",3.757875,4.36979422290369
2024-12-17,"LEAM",4.87029166666667,4.1692338089546
2024-12-17,"NPT3",7.43425,4.91469834616206
2024-12-17,"REA1",5.07966666666667,4.22940063127538
2024-12-17,"SOUT",5.28491666666667,5.14346309601057
2024-12-17,"WREX",4.039875,4.14812438358387
2024-12-17,"LEAR",4.43291666666667,4.09056271059668
2024-12-17,"PLYM",9.34941666666667,5.97883390330628
2024-12-17,"SHDG",5.891375,4.22952449367088
2024-12-17,"SHE",7.01341666666667,4.73931225681693
2024-12-17,"BEL2",6.4535,5.62711861628929
2024-12-17,"GLKP",3.603625,3.92633155522951
2024-12-17,"LECU",5.59354166666667,3.99158400133799
2024-12-17,"SUN2",6.55270833333333,4.41287262071334
2024-12-17,"TRAN",3.93379166666667,4.56124500859201
2024-12-17,"STOK",5.74683333333333,4.59450537572775
2024-12-17,"BEX",5.44420833333333,4.19646956706591
2024-12-17,"SEND",5.2015,3.83057447414223
2024-12-17,"HUL2",6.29233333333333,4.64860573355735
2024-12-17,"PEMB",4.67083333333333,3.90073904894565
2024-12-17,"WFEN",5.623,3.63141542117285
2024-12-17,"OSY",5.0265,4.20866698626402
2024-12-17,"ACTH",2.18858333333333,2.47690285959094
2024-12-17,"COPP",4.97645833333333,4.66614968130612
2024-12-18,"EB",6.77091666666667,6.14603941644285
2024-12-18,"IMGM",2.83904166666667,5.98255677325758
2024-12-18,"PRES",4.56766666666667,6.11368836864931
2024-12-18,"BIRR",3.39733333333333,7.03876329387636
2024-12-18,"BLC2",5.65154166666667,6.52189236648626
2024-12-18,"BOTR",3.05041666666667,6.2405421500517
2024-12-18,"GHSR",3.090625,4.32086315951401
2024-12-18,"LEAM",3.27833333333333,6.05577322177354
2024-12-18,"NPT3",6.11045833333333,6.23894998121502
2024-12-18,"REA1",4.24620833333333,5.86663827780843
2024-12-18,"SOUT",7.34966666666667,6.32245569145213
2024-12-18,"WREX",2.35258333333333,5.7022807203711
2024-12-18,"LEAR",2.91558333333333,5.85843765103768
2024-12-18,"PLYM",13.6055416666667,7.42398891941306
2024-12-18,"SHDG",2.84495833333333,6.41960359234195
2024-12-18,"SHE",3.22429166666667,6.44761671131289
2024-12-18,"BEL2",3.789375,6.38252327706896
2024-12-18,"GLKP",2.55025,3.95679896624627
2024-12-18,"LECU",2.90295833333333,6.05643025030092
2024-12-18,"SUN2",2.16779166666667,5.59543255867109
2024-12-18,"TRAN",3.52983333333333,5.80358106458736
2024-12-18,"STOK",2.728875,6.44429573371548
2024-12-18,"BEX",4.76033333333333,6.4878823721869
2024-12-18,"SEND",4.93904166666667,6.09607941916532
2024-12-18,"HUL2",3.91895833333333,6.82145457636634
2024-12-18,"PEMB",6.49670833333333,4.81527605027064
2024-12-18,"WFEN",3.79720833333333,5.64325019780504
2024-12-18,"OSY",5.75383333333333,6.3222129136932
2024-12-18,"ACTH",1.32570833333333,2.67636909990835
2024-12-18,"COPP",2.39783333333333,6.49364481622133
2024-12-19,"EB",2.75554166666667,6.27524537549317
2024-12-19,"IMGM",2.03220833333333,3.82921835740775
2024-12-19,"PRES",3.79620833333333,4.87112516191713
2024-12-19,"BIRR",3.62620833333333,5.24941372281487
2024-12-19,"BLC2",4.06841666666667,5.79380274991884
2024-12-19,"BOTR",3.33629166666667,4.57398133989755
2024-12-19,"GHSR",3.73920833333333,2.8226446355923
2024-12-19,"LEAM",3.109375,4.06355488968671
2024-12-19,"NPT3",3.06308333333333,6.02064561332805
2024-12-19,"REA1",2.78004166666667,5.16482478774183
2024-12-19,"SOUT",2.88033333333333,6.53649102357148
2024-12-19,"WREX",3.59079166666667,3.89348747776441
2024-12-19,"LEAR",2.58158333333333,3.89715391565253
2024-12-19,"PLYM",6.51141666666667,9.61638069367558
2024-12-19,"SHDG",2.62670833333333,4.01691194350604
2024-12-19,"SHE",2.555,4.32115718537875
2024-12-19,"BEL2",5.34404166666667,5.2630169491194
2024-12-19,"GLKP",2.92045833333333,2.39511528398962
2024-12-19,"LECU",3.43854166666667,3.91640318225361
2024-12-19,"SUN2",2.81641666666667,3.35910680814582
2024-12-19,"TRAN",4.919375,4.35481787396496
2024-12-19,"STOK",4.78679166666667,5.02874829809179
2024-12-19,"BEX",3.231125,5.46661284827599
2024-12-19,"SEND",3.01883333333333,5.16541430325835
2024-12-19,"HUL2",2.67195833333333,4.46294810588434
2024-12-19,"PEMB",4.77879166666667,5.79549280409579
2024-12-19,"WFEN",2.52170833333333,3.76510345850688
2024-12-19,"OSY",2.48429166666667,5.23433003875603
2024-12-19,"ACTH",1.53883333333333,1.58214326569791
2024-12-19,"COPP",3.6655,4.6630852528667
2024-12-20,"EB",3.74625,4.95990542759335
2024-12-20,"IMGM",4.780875,4.46597145940513
2024-12-20,"PRES",5.088375,4.83968203503318
2024-12-20,"BIRR",5.75966666666667,5.34709221950748
2024-12-20,"BLC2",6.70891666666667,5.63619477500418
2024-12-20,"BOTR",4.39866666666667,4.65182213552389
2024-12-20,"GHSR",5.15429166666667,4.37223243232005
2024-12-20,"LEAM",4.78770833333333,4.5392169268687
2024-12-20,"NPT3",5.751875,4.89757194168364
2024-12-20,"REA1",4.02920833333333,4.17000132154246
2024-12-20,"SOUT",4.71804166666667,5.10827722594132
2024-12-20,"WREX",3.54958333333333,3.74857982896801
2024-12-20,"LEAR",4.28366666666667,4.40794850744605
2024-12-20,"PLYM",8.62820833333333,6.86482948122908
2024-12-20,"SHDG",4.51858333333333,4.53686528639548
2024-12-20,"SHE",5.23383333333333,4.76469399623869
2024-12-20,"BEL2",6.50454166666667,5.41202364217068
2024-12-20,"GLKP",4.37104166666667,3.94165544359034
2024-12-20,"LECU",4.19125,4.40099588304664
2024-12-20,"SUN2",3.26945833333333,4.29400898833376
2024-12-20,"TRAN",6.08391666666667,4.08901732767543
2024-12-20,"STOK",4.663875,4.5360946572454
2024-12-20,"BEX",4.768125,4.21258981860293
2024-12-20,"SEND",4.41625,3.96081916007504
2024-12-20,"HUL2",5.53654166666667,5.01370796851784
2024-12-20,"PEMB",5.07770833333333,4.538862153494
2024-12-20,"WFEN",4.30141666666667,3.83567805462209
2024-12-20,"OSY",4.14708333333333,4.11650141158677
2024-12-20,"ACTH",2.35741666666667,2.63415914605216
2024-12-20,"COPP",3.976125,4.27054643544669
2024-12-21,"EB",6.814125,5.92787177698365
2024-12-21,"IMGM",4.97558333333333,5.31036244918335
2024-12-21,"PRES",7.286875,5.96201395203113
2024-12-21,"BIRR",4.88016666666667,6.99070872096973
2024-12-21,"BLC2",9.98333333333333,6.6920735061412
2024-12-21,"BOTR",5.04520833333333,6.0637973923125
2024-12-21,"GHSR",7.052,4.44814986969116
2024-12-21,"LEAM",5.53066666666667,6.01797247752146
2024-12-21,"NPT3",7.31733333333333,6.35421015282125
2024-12-21,"REA1",6.07995833333333,5.83446363205805
2024-12-21,"SOUT",6.64908333333333,6.18691444620344
2024-12-21,"WREX",4.682625,5.78481328906932
2024-12-21,"LEAR",5.08270833333333,5.81841270433619
2024-12-21,"PLYM",9.59020833333333,7.67694037701203
2024-12-21,"SHDG",5.38216666666667,6.10156464677493
2024-12-21,"SHE",5.32616666666667,6.18322776013281
2024-12-21,"BEL2",6.6795,6.56310914423332
2024-12-21,"GLKP",6.29708333333333,4.07061795476719
2024-12-21,"LECU",4.85754166666667,5.67507034865867
2024-12-21,"SUN2",4.920375,5.07378467564972
2024-12-21,"TRAN",7.13054166666667,6.01747056207167
2024-12-21,"STOK",5.250625,6.1320271416458
2024-12-21,"BEX",6.25391666666667,6.37578298864702
2024-12-21,"SEND",6.37979166666667,5.94013562166854
2024-12-21,"HUL2",5.9955,6.10413215485235
2024-12-21,"PEMB",8.60666666666667,5.2920033026673
2024-12-21,"WFEN",4.594125,5.35198447664729
2024-12-21,"OSY",6.18116666666667,5.90711597873026
2024-12-21,"ACTH",3.77845833333333,2.85212305611594
2024-12-21,"COPP",5.15533333333333,6.11671364983497
2024-12-22,"EB",4.54604166666667,7.16352099814082
2024-12-22,"IMGM",4.54208333333333,6.31614635382754
2024-12-22,"PRES",8.356,6.85253599162082
2024-12-22,"BIRR",6.95070833333333,7.29361544377773
2024-12-22,"BLC2",9.78195833333333,8.23172854933073
2024-12-22,"BOTR",7.21104166666667,6.51047244546825
2024-12-22,"GHSR",7.56783333333333,5.65969614002594
2024-12-22,"LEAM",6.66079166666667,6.32295355036603
2024-12-22,"NPT3",6.364,7.26459299351342
2024-12-22,"REA1",5.47370833333333,6.45762766400157
2024-12-22,"SOUT",5.66725,6.91254965314451
2024-12-22,"WREX",7.202375,6.27716779458708
2024-12-22,"LEAR",6.12425,6.14833878405273
2024-12-22,"PLYM",8.39033333333333,8.94693174156723
2024-12-22,"SHDG",6.99770833333333,6.55468555348945
2024-12-22,"SHE",6.51933333333333,6.66900874289433
2024-12-22,"BEL2",7.50195833333333,6.93367737401765
2024-12-22,"GLKP",6.94183333333333,5.26564207423874
2024-12-22,"LECU",6.41608333333333,6.21207571200642
2024-12-22,"SUN2",4.64029166666667,5.96885555361649
2024-12-22,"TRAN",10.61425,6.74923389152276
2024-12-22,"STOK",8.45416666666667,6.76877348429212
2024-12-22,"BEX",6.08091666666667,7.03842177679757
2024-12-22,"SEND",6.073125,6.82001406595225
2024-12-22,"HUL2",5.39604166666667,6.82433618861453
2024-12-22,"PEMB",6.83375,6.2802901132369
2024-12-22,"WFEN",5.49041666666667,6.13731934100205
2024-12-22,"OSY",5.407875,6.93667184973535
2024-12-22,"ACTH",3.730375,3.71692681522836
2024-12-22,"COPP",8.03566666666667,6.64355250533434
2024-12-23,"EB",6.84941666666667,6.4951162778933
2024-12-23,"IMGM",7.05195833333333,7.15872991068598
2024-12-23,"PRES",7.25541666666667,6.91328970592922
2024-12-23,"BIRR",7.86266666666667,7.37251775181105
2024-12-23,"BLC2",6.76304166666667,8.18594456155641
2024-12-23,"BOTR",8.33333333333333,6.71420006658167
2024-12-23,"GHSR",4.93816666666667,6.14130103648606
2024-12-23,"LEAM",7.582625,6.32668120336742
2024-12-23,"NPT3",6.21466666666667,6.86441604677138
2024-12-23,"REA1",7.31629166666667,5.94462781880881
2024-12-23,"SOUT",6.41516666666667,6.65173953464152
2024-12-23,"WREX",5.00195833333333,6.31918459843649
2024-12-23,"LEAR",7.2495,6.1775589540492
2024-12-23,"PLYM",8.25266666666667,8.28190737919723
2024-12-23,"SHDG",6.42975,7.10380078519291
2024-12-23,"SHE",7.46566666666667,7.29898040136009
2024-12-23,"BEL2",5.27616666666667,7.26455199026098
2024-12-23,"GLKP",4.61379166666667,5.70226504299444
2024-12-23,"LECU",7.73291666666667,6.5827012887283
2024-12-23,"SUN2",5.87366666666667,6.40317102045119
2024-12-23,"TRAN",6.538,7.02673921845925
2024-12-23,"STOK",7.82045833333333,6.79583365157978
2024-12-23,"BEX",8.82079166666667,6.42118729976753
2024-12-23,"SEND",7.79679166666667,5.89601745096874
2024-12-23,"HUL2",8.57216666666667,7.73501613983783
2024-12-23,"PEMB",4.541125,6.06320279505623
2024-12-23,"WFEN",7.03816666666667,5.87907686610812
2024-12-23,"OSY",6.72375,5.94446012837928
2024-12-23,"ACTH",2.82733333333333,4.00787575089637
2024-12-23,"COPP",6.47108333333333,6.94548279811471
2024-12-24,"EB",4.47333333333333,7.13615204791499
2024-12-24,"IMGM",5.78604166666667,6.38253547511254
2024-12-24,"PRES",4.986375,6.29231170547854
2024-12-24,"BIRR",5.52483333333333,7.47407017519219
2024-12-24,"BLC2",5.05220833333333,7.14174504367499
2024-12-24,"BOTR",5.631875,6.52853702250102
2024-12-24,"GHSR",1.7305,4.87778128211207
2024-12-24,"LEAM",6.60479166666667,6.33514927983715
2024-12-24,"NPT3",3.37558333333333,6.88269562502618
2024-12-24,"REA1",5.593625,6.48038860620576
2024-12-24,"SOUT",3.91708333333333,7.10895017113652
2024-12-24,"WREX",1.66570833333333,6.14050283056669
2024-12-24,"LEAR",6.42891666666667,6.1274193320282
2024-12-24,"PLYM",2.99625,8.03994714148271
2024-12-24,"SHDG",5.24475,6.47692081123592
2024-12-24,"SHE",4.59808333333333,6.52270971247595
2024-12-24,"BEL2",2.97070833333333,6.39325482387264
2024-12-24,"GLKP",1.65195833333333,4.48359597196355
2024-12-24,"LECU",6.18225,6.44720759938708
2024-12-24,"SUN2",1.16258333333333,5.51117501740428
2024-12-24,"TRAN",9.03,6.48982694916658
2024-12-24,"STOK",3.013,6.67429624452818
2024-12-24,"BEX",8.34520833333333,7.2970279674357
2024-12-24,"SEND",8.63316666666667,6.98683370483316
2024-12-24,"HUL2",6.7315,7.12682900416165
2024-12-24,"PEMB",2.46175,5.39386329297422
2024-12-24,"WFEN",5.94741666666667,6.00236932483245
2024-12-24,"OSY",8.2105,6.7838038974734
2024-12-24,"ACTH",0.515041666666667,2.97916200501725
2024-12-24,"COPP",4.43104166666667,6.61283812251817
2024-12-25,"EB",5.11504166666667,4.61922638699173
2024-12-25,"IMGM",6.13208333333333,5.01963000664309
2024-12-25,"PRES",4.053625,5.00256369928509
2024-12-25,"BIRR",3.77854166666667,6.1196268197688
2024-12-25,"BLC2",2.93929166666667,5.65896358519568
2024-12-25,"BOTR",6.6755,5.31329901028375
2024-12-25,"GHSR",1.341375,3.94496210337581
2024-12-25,"LEAM",4.31408333333333,5.03233661634748
2024-12-25,"NPT3",1.95758333333333,4.42991285136674
2024-12-25,"REA1",2.818375,4.39861265119752
2024-12-25,"SOUT",1.82191666666667,4.91338460100067
2024-12-25,"WREX",3.35691666666667,4.28239656208995
2024-12-25,"LEAR",5.34091666666667,4.85274501582406
2024-12-25,"PLYM",2.00083333333333,5.23714454207712
2024-12-25,"SHDG",7.17570833333333,5.22176165912571
2024-12-25,"SHE",6.301125,5.33954883537391
2024-12-25,"BEL2",2.10291666666667,5.51386356051849
2024-12-25,"GLKP",1.27058333333333,3.48846742327336
2024-12-25,"LECU",5.21625,5.2155530928179
2024-12-25,"SUN2",3.47679166666667,4.27633853507846
2024-12-25,"TRAN",12.0372083333333,4.6767245266821
2024-12-25,"STOK",4.040875,5.39450011343433
2024-12-25,"BEX",7.51583333333333,5.03416667530196
2024-12-25,"SEND",10.860875,4.92334101418478
2024-12-25,"HUL2",8.76866666666667,5.72697057592804
2024-12-25,"PEMB",1.12033333333333,3.40616074381593
2024-12-25,"WFEN",4.950875,4.72102499594506
2024-12-25,"OSY",9.438875,4.991094655385
2024-12-25,"ACTH",0.64075,2.3373642428252
2024-12-25,"COPP",5.22408333333333,4.97534800977839
2024-12-26,"EB",4.18141666666667,4.63608285400024
2024-12-26,"IMGM",7.70345833333333,5.60614773280177
2024-12-26,"PRES",10.9070833333333,4.96284731588234
2024-12-26,"BIRR",4.35725,6.92417038871579
2024-12-26,"BLC2",11.3935833333333,5.29895873210037
2024-12-26,"BOTR",5.05608333333333,5.7319131289429
2024-12-26,"GHSR",2.01458333333333,4.18724530277312
2024-12-26,"LEAM",3.619375,5.83413325915895
2024-12-26,"NPT3",4.25525,4.68598331197264
2024-12-26,"REA1",4.21475,4.48477021350106
2024-12-26,"SOUT",4.17645833333333,4.58834593675418
2024-12-26,"WREX",4.714125,5.28157124227216
2024-12-26,"LEAR",3.45225,5.75796772222665
2024-12-26,"PLYM",2.84008333333333,4.38113889119559
2024-12-26,"SHDG",12.8549166666667,6.35615547921356
2024-12-26,"SHE",10.8255,5.95803645338162
2024-12-26,"BEL2",5.96404166666667,5.70543538855719
2024-12-26,"GLKP",1.95270833333333,3.86282087791674
2024-12-26,"LECU",4.2295,5.57037933434634
2024-12-26,"SUN2",6.55266666666667,5.43095108304237
2024-12-26,"TRAN",17.4923333333333,4.62930224190031
2024-12-26,"STOK",6.41629166666667,5.57385111495316
2024-12-26,"BEX",5.9945,5.15460335433392
2024-12-26,"SEND",6.818,5.31935788207192
2024-12-26,"HUL2",12.88825,6.11984799664385
2024-12-26,"PEMB",0.688833333333333,3.57530620068558
2024-12-26,"WFEN",6.84954166666667,5.0237992646619
2024-12-26,"OSY",6.37295833333333,5.43967002973914
2024-12-26,"ACTH",0.563166666666667,2.7072741196111
2024-12-26,"COPP",4.62375,4.88120053448691
2024-12-27,"EB",6.70495833333333,5.82269222704939
2024-12-27,"IMGM",2.88733333333333,7.77292867838643
2024-12-27,"PRES",7.38891666666667,6.75913552335993
2024-12-27,"BIRR",4.856625,8.92153931963796
2024-12-27,"BLC2",6.12133333333333,7.60137999412984
2024-12-27,"BOTR",4.49495833333333,8.38020447411897
2024-12-27,"GHSR",3.83745833333333,5.83183447248229
2024-12-27,"LEAM",5.39320833333333,7.46964973505899
2024-12-27,"NPT3",7.10704166666667,6.2439386073212
2024-12-27,"REA1",4.488,6.89188156579953
2024-12-27,"SOUT",7.28575,6.31988852935486
2024-12-27,"WREX",10.2870416666667,7.30452281974745
2024-12-27,"LEAR",5.00104166666667,7.44759151488604
2024-12-27,"PLYM",6.68245833333333,4.78561778213245
2024-12-27,"SHDG",17.6828333333333,9.74099639591968
2024-12-27,"SHE",8.80108333333333,8.84666911442607
2024-12-27,"BEL2",6.15470833333333,8.20157278378668
2024-12-27,"GLKP",3.696,5.42593606368132
2024-12-27,"LECU",3.190875,6.85121236088916
2024-12-27,"SUN2",11.252,8.54974587420215
2024-12-27,"TRAN",35.8885,7.54956387321914
2024-12-27,"STOK",6.841625,7.50824998614726
2024-12-27,"BEX",7.673,7.35730559816905
2024-12-27,"SEND",4.52441666666667,7.02175261907438
2024-12-27,"HUL2",9.76725,8.57496296789151
2024-12-27,"PEMB",2.54820833333333,4.45199191020688
2024-12-27,"WFEN",11.022,6.50899576223867
2024-12-27,"OSY",2.35820833333333,6.68175701640571
2024-12-27,"ACTH",0.669208333333333,4.28705796439097
2024-12-27,"COPP",5.78820833333333,7.11826630921612
2024-12-28,"EB",11.0111666666667,9.06548480736031
2024-12-28,"IMGM",6.99095833333333,10.7493772289751
2024-12-28,"PRES",7.73108333333333,7.50499385476795
2024-12-28,"BIRR",4.90566666666667,10.8880341886771
2024-12-28,"BLC2",7.52558333333333,8.167858575607
2024-12-28,"BOTR",6.48195833333333,10.5709666241651
2024-12-28,"GHSR",4.65508333333333,5.72805280695336
2024-12-28,"LEAM",6.40345833333333,10.1243005713037
2024-12-28,"NPT3",8.38058333333333,9.31652845225376
2024-12-28,"REA1",4.609,10.2883130561019
2024-12-28,"SOUT",9.08425,9.81771153124408
2024-12-28,"WREX",8.31270833333333,10.0965217152552
2024-12-28,"LEAR",5.95225,9.82224660331981
2024-12-28,"PLYM",10.8963333333333,9.4579247312993
2024-12-28,"SHDG",12.5572083333333,13.1551317204176
2024-12-28,"SHE",11.1517083333333,11.4410701423365
2024-12-28,"BEL2",7.175875,9.45979467331613
2024-12-28,"GLKP",4.43791666666667,5.39717558164756
2024-12-28,"LECU",6.658875,9.40990586855992
2024-12-28,"SUN2",4.497875,9.44017966064556
2024-12-28,"TRAN",13.7991666666667,9.54974354002625
2024-12-28,"STOK",7.046,9.25898943305492
2024-12-28,"BEX",8.8955,10.1992894627745
2024-12-28,"SEND",7.02545833333333,9.29936187255763
2024-12-28,"HUL2",10.0392916666667,10.9233962293377
2024-12-28,"PEMB",5.57395833333333,8.44177160756198
2024-12-28,"WFEN",5.427625,8.61289924780116
2024-12-28,"OSY",4.09591666666667,7.82478007830822
2024-12-28,"ACTH",1.15370833333333,4.72194687656096
2024-12-28,"COPP",6.676625,9.5165907728442
2024-12-29,"EB",5.13658333333333,11.1494448438808
2024-12-29,"IMGM",5.38129166666667,6.72365026665328
2024-12-29,"PRES",3.90825,5.15699619132827
2024-12-29,"BIRR",3.2135,9.4755824950068
2024-12-29,"BLC2",5.24283333333333,6.19941909234392
2024-12-29,"BOTR",3.91120833333333,8.32980420637298
2024-12-29,"GHSR",4.26595833333333,3.17505297960562
2024-12-29,"LEAM",3.53570833333333,8.57602511340742
2024-12-29,"NPT3",7.83120833333333,10.6614129138405
2024-12-29,"REA1",3.72358333333333,10.5454491794991
2024-12-29,"SOUT",3.7785,11.5837336833296
2024-12-29,"WREX",2.49316666666667,8.13040884448115
2024-12-29,"LEAR",3.49258333333333,8.4289303191805
2024-12-29,"PLYM",4.1205,13.1329517776764
2024-12-29,"SHDG",3.25770833333333,8.03028071797025
2024-12-29,"SHE",3.018,7.95333229975522
2024-12-29,"BEL2",5.18779166666667,5.6334929604036
2024-12-29,"GLKP",3.90441666666667,2.87698486846811
2024-12-29,"LECU",4.12345833333333,6.88461325052089
2024-12-29,"SUN2",2.155125,5.09766659702095
2024-12-29,"TRAN",3.070875,7.72323701951613
2024-12-29,"STOK",2.81745833333333,7.14370118942926
2024-12-29,"BEX",6.39158333333333,10.7277091231267
2024-12-29,"SEND",6.61370833333333,10.5065831089426
2024-12-29,"HUL2",5.204375,6.59369089199354
2024-12-29,"PEMB",3.0445,9.11599298653998
2024-12-29,"WFEN",4.78679166666667,7.09914934240507
2024-12-29,"OSY",5.407,8.92032184417544
2024-12-29,"ACTH",2.24754166666667,1.83135990867373
2024-12-29,"COPP",2.6465,6.64523659808558
2024-12-30,"EB",2.47741666666667,6.73350927188647
2024-12-30,"IMGM",1.71779166666667,4.29282523554667
2024-12-30,"PRES",3.57320833333333,3.69603400489578
2024-12-30,"BIRR",1.95758333333333,5.67250888158186
2024-12-30,"BLC2",6.14195833333333,4.54162195261972
2024-12-30,"BOTR",1.78358333333333,4.66218920202145
2024-12-30,"GHSR",3.31370833333333,3.79695879367756
2024-12-30,"LEAM",1.529125,5.32930522494796
2024-12-30,"NPT3",1.973375,5.41837718948388
2024-12-30,"REA1",1.75225,5.46642346698905
2024-12-30,"SOUT",2.15308333333333,6.56131727946769
2024-12-30,"WREX",1.37091666666667,3.5883001571858
2024-12-30,"LEAR",1.50045833333333,5.17447477839189
2024-12-30,"PLYM",2.91575,7.01510315343145
2024-12-30,"SHDG",1.727625,3.85578796825877
2024-12-30,"SHE",1.57329166666667,4.43939100444721
2024-12-30,"BEL2",3.7175,3.85801332423369
2024-12-30,"GLKP",3.04829166666667,3.39644622527122
2024-12-30,"LECU",1.61758333333333,4.93133189379075
2024-12-30,"SUN2",3.52591666666667,4.17357599318549
2024-12-30,"TRAN",2.836,3.61033593395692
2024-12-30,"STOK",1.73845833333333,4.54466991959697
2024-12-30,"BEX",2.62970833333333,6.47808517945031
2024-12-30,"SEND",2.48133333333333,6.44441136059691
2024-12-30,"HUL2",3.56133333333333,4.66555689301678
2024-12-30,"PEMB",1.65091666666667,3.81726576704669
2024-12-30,"WFEN",2.04195833333333,5.20629754511897
2024-12-30,"OSY",3.468,6.47641185713669
2024-12-30,"ACTH",1.871125,2.15036916053064
2024-12-30,"COPP",1.524125,3.91115344673551
2024-12-31,"EB",6.12125,3.39405589647449
2024-12-31,"IMGM",1.7365,3.19632292070167
2024-12-31,"PRES",2.070625,3.80667851579389
2024-12-31,"BIRR",2.62579166666667,3.66993463257555
2024-12-31,"BLC2",6.28729166666667,4.49026564475875
2024-12-31,"BOTR",2.15304166666667,3.04234909219583
2024-12-31,"GHSR",4.2305,4.13938611521916
2024-12-31,"LEAM",2.14720833333333,2.45485090049596
2024-12-31,"NPT3",3.13495833333333,2.8284076286094
2024-12-31,"REA1",3.147625,2.43775607483441
2024-12-31,"SOUT",5.41179166666667,3.46496040012347
2024-12-31,"WREX",1.56154166666667,2.23743550905385
2024-12-31,"LEAR",2.17575,2.46846920108638
2024-12-31,"PLYM",6.21954166666667,3.93678825369536
2024-12-31,"SHDG",1.2825,3.08001823041451
2024-12-31,"SHE",1.360125,3.56617988976188
2024-12-31,"BEL2",4.30916666666667,3.87860507312705
2024-12-31,"GLKP",4.011375,3.78201745732086
2024-12-31,"LECU",2.097125,2.82912066098345
2024-12-31,"SUN2",1.253,4.09963926690617
2024-12-31,"TRAN",1.73058333333333,2.88471605913893
2024-12-31,"STOK",1.67945833333333,3.34389485160881
2024-12-31,"BEX",4.37108333333333,2.65124011081279
2024-12-31,"SEND",4.044875,2.36736535703247
2024-12-31,"HUL2",2.28291666666667,3.90450987174916
2024-12-31,"PEMB",5.578875,2.16370882185497
2024-12-31,"WFEN",2.3005,2.35660082627507
2024-12-31,"OSY",4.325875,3.02651897348683
2024-12-31,"ACTH",1.97425,2.37479496264813
2024-12-31,"COPP",1.752125,2.87210077209497
