"date","EB","IMGM","PRES","BIRR","BLC2","BOTR","GHSR","LEAM","NPT3","REA1","SOUT","WREX","LEAR","PLYM","SHDG","SHE","BEL2","GLKP","LECU","SUN2","TRAN","STOK","BEX","SEND","HUL2","PEMB","WFEN","OSY","ACTH","COPP"
2024-01-01,6.89958333333333,3.69704166666667,5.360625,4.38579166666667,5.65345833333333,3.745125,5.45304166666667,3.81283333333333,5.071875,4.950875,5.56016666666667,4.59320833333333,3.47091666666667,8.19675,4.01829166666667,3.75491666666667,4.845875,4.87616666666667,3.94658333333333,4.31604166666667,5.20833333333333,3.911125,5.290875,4.86641666666667,4.95779166666667,4.81916666666667,3.63608333333333,6.30516666666667,20.8855,3.65383333333333
2024-01-02,8.717625,3.63404166666667,5.679125,4.2325,7.41945833333333,3.51316666666667,4.97741666666667,3.373625,6.486875,4.28775,5.93854166666667,4.09791666666667,3.36966666666667,10.6113333333333,3.98304166666667,4.239375,10.21825,4.57845833333333,3.14079166666667,8.41195833333333,5.01870833333333,4.05175,3.81291666666667,3.401125,4.98716666666667,5.92570833333333,2.727,4.624625,6.74633333333333,4.04195833333333
2024-01-03,8.50733333333333,6.301125,4.89875,3.71945833333333,5.120875,3.73825,4.29845833333333,3.61233333333333,5.36370833333333,5.18975,6.46820833333333,3.431625,3.64295833333333,9.60504166666667,2.99520833333333,4.21295833333333,6.91433333333333,3.74129166666667,4.22766666666667,5.45008333333333,3.72545833333333,4.2914347826087,5.71145833333333,5.11152173913043,8.92891666666667,4.90870833333333,3.16433333333333,5.13470833333333,4.33175,3.31175
2024-01-04,7.307375,8.59279166666667,7.47841666666667,9.257,7.70829166666667,8.20854166666667,4.10579166666667,7.46275,6.674625,5.159125,6.017125,7.20625,6.59108333333333,6.728625,10.4325,10.8382916666667,7.23558333333333,3.82470833333333,7.03925,4.39370833333333,8.73129166666667,9.16575,5.20926086956522,4.94691666666667,11.1389583333333,6.55758333333333,4.39079166666667,5.22108333333333,2.36825,9.28758333333333
2024-01-05,4.30525,6.538,10.9669583333333,8.81104166666667,9.37608333333333,10.0718333333333,5.45795833333333,9.19520833333333,3.50341666666667,5.35473913043478,4.52629166666667,3.574,8.53775,6.37683333333333,7.519625,10.3400833333333,6.61266666666667,4.374,9.93416666666667,6.502625,4.938125,12.5590833333333,6.86320833333333,3.9465,7.9245,3.385375,3.356875,1.93891666666667,2.59341666666667,7.8175
2024-01-06,4.43495833333333,6.31675,9.99420833333333,9.87520833333333,8.08275,8.54270833333333,9.385,9.77508333333333,4.898875,7.347875,4.98441666666667,4.48020833333333,8.98683333333333,7.976625,6.173375,7.06570833333333,6.99004166666667,7.88125,8.34804166666667,6.34947826086957,9.34258333333333,11.8632083333333,4.32791666666667,3.02775,5.87558333333333,3.13679166666667,3.01595833333333,2.49804166666667,2.65729166666667,14.630625
2024-01-07,3.628125,4.292375,13.2184583333333,7.00775,11.6992083333333,5.55925,11.143,5.74391666666667,5.51308333333333,4.23733333333333,5.365625,8.44633333333333,5.20641666666667,6.212625,6.04279166666667,5.720375,35.652625,10.551375,5.32720833333333,5.42454166666667,9.87529166666667,11.5281666666667,4.23754166666667,3.96120833333333,9.79854166666667,3.16525,3.39425,3.23116666666667,5.68595833333333,19.0183333333333
2024-01-08,4.86441666666667,4.42216666666667,5.903125,7.09716666666667,5.26833333333333,6.45941666666667,11.3867083333333,4.830125,4.775,3.98691304347826,5.16220833333333,9.05958333333333,4.62466666666667,5.55425,7.16783333333333,7.16008333333333,15.5514166666667,9.892,5.21720833333333,5.34991666666667,7.91283333333333,6.613625,4.945,4.32395833333333,6.05645833333333,4.02129166666667,3.94466666666667,4.07133333333333,4.67966666666667,6.87208333333333
2024-01-09,8.068125,5.30958333333333,4.18960869565217,6.41129166666667,3.92121739130435,5.95816666666667,3.290125,5.495375,5.805875,6.48391666666667,7.68283333333333,7.64729166666667,5.18275,8.89969565217391,6.57725,6.59491666666667,6.259875,3.41304166666667,5.81766666666667,3.66066666666667,5.77933333333333,5.80966666666667,7.94829166666667,6.873,6.10354166666667,4.947,5.17491666666667,6.68629166666667,2.64258333333333,5.1995
2024-01-10,12.2955833333333,1.61858333333333,2.210125,4.25616666666667,1.820875,3.57016666666667,2.04304166666667,3.11029166666667,3.66758333333333,4.77604166666667,5.909,5.49733333333333,2.78304166666667,7.03525,4.59416666666667,4.4605,3.31966666666667,1.78475,3.22920833333333,3.290125,3.99439130434783,4.269875,6.54866666666667,7.21016666666667,2.90979166666667,4.21583333333333,4.53916666666667,6.77379166666667,1.42691666666667,3.00616666666667
2024-01-11,16.4928333333333,7.5325,4.0585,5.84029166666667,3.82017391304348,5.10708333333333,2.88625,4.486875,6.03970833333333,5.28595833333333,7.22195833333333,5.400875,3.81779166666667,11.1005833333333,5.32633333333333,4.72391666666667,3.50833333333333,2.679875,4.40929166666667,5.44716666666667,4.30529166666667,6.27854166666667,9.95679166666667,9.01041666666667,6.44558333333333,6.27558333333333,4.66195833333333,8.69695833333333,1.3335,5.27129166666667
2024-01-12,4.29845833333333,7.37041666666667,4.1795,10.1120416666667,3.84533333333333,9.350625,3.44154166666667,10.9229166666667,10.803875,5.80291666666667,7.70629166666667,9.30616666666667,10.293,8.35591666666667,9.795625,9.75829166666667,6.933,2.51870833333333,9.60995833333333,5.32333333333333,6.054375,9.553875,6.32083333333333,5.61320833333333,7.93541666666667,8.25370833333333,4.33575,4.85258333333333,2.17770833333333,8.17520833333333
2024-01-13,15.5219583333333,4.76708333333333,4.76229166666667,11.9379583333333,4.06954166666667,7.50108333333333,4.34845833333333,17.7172083333333,17.218,12.8145,15.2202083333333,5.10808333333333,17.8980416666667,17.0440833333333,7.36041666666667,7.15225,10.3097083333333,3.25179166666667,10.7351666666667,3.09258333333333,4.19520833333333,7.75070833333333,20.3577916666667,17.581625,5.73991666666667,9.2895,13.292125,15.001,1.67854166666667,6.133125
2024-01-14,9.148,3.36883333333333,5.8775,4.92816666666667,3.72733333333333,4.600125,4.53625,8.515125,8.55841666666667,10.354875,10.01775,3.051375,7.173875,17.290875,3.86991666666667,3.015,5.47170833333333,3.83254166666667,6.18920833333333,2.64141666666667,2.10979166666667,4.93816666666667,12.6809166666667,12.7555416666667,4.50770833333333,5.05408333333333,5.531625,11.40925,1.39154166666667,3.11229166666667
2024-01-15,5.59754166666667,3.42675,7.43120833333333,7.501,4.267875,6.186125,3.658625,5.693875,7.46270833333333,4.99116666666667,5.85795833333333,5.8225,6.325625,10.6320416666667,3.06604166666667,4.229625,6.0545,3.10929166666667,6.90054166666667,3.07975,4.94995833333333,9.00645833333333,6.62109090909091,4.90475,4.123375,2.9225,6.018125,3.412,1.81908333333333,6.654
2024-01-16,9.659,5.44220833333333,5.714625,9.426125,7.05095833333333,7.90595833333333,3.65470833333333,8.731375,9.88504166666667,13.6439166666667,20.7715,2.877375,7.782,8.92304166666667,4.53025,6.075125,6.30320833333333,3.158375,9.267875,3.219375,3.45616666666667,6.84845833333333,11.9025833333333,9.401625,6.74233333333333,3.472,7.744,7.23675,1.54870833333333,5.45508333333333
2024-01-17,10.6014166666667,5.349,6.91359090909091,10.2270833333333,6.61475,9.15504166666667,4.203,9.73870833333333,9.55683333333333,12.607125,13.2911666666667,5.65454166666667,9.28175,7.25625,6.06916666666667,6.89575,6.252,3.37641666666667,9.94695833333333,3.53877272727273,8.00416666666667,10.8108333333333,13.7894166666667,11.3630833333333,6.63041666666667,2.53745833333333,6.51533333333333,9.991125,1.68645833333333,8.776625
2024-01-18,7.964875,4.78183333333333,10.73225,9.810375,10.1367083333333,9.62270833333333,6.03770833333333,12.9570833333333,9.14308333333333,9.36720833333333,9.02125,6.45841666666667,11.78375,10.7154583333333,4.05758333333333,5.69866666666667,6.50954166666667,4.24029166666667,12.8961666666667,2.50195833333333,5.75690476190476,13.67825,10.7312083333333,7.64258333333333,4.62654166666667,1.94379166666667,6.77170833333333,6.59736363636364,2.23579166666667,14.5597916666667
2024-01-19,7.65829166666667,6.91629166666667,4.12445833333333,8.255625,4.65995833333333,6.252,3.686125,8.04158333333333,8.70086956521739,11.20975,19.0920833333333,3.87283333333333,8.93379166666667,8.67154166666667,4.12154166666667,5.251625,5.68208333333333,3.29808333333333,8.48966666666667,2.88725,4.25608333333333,4.83791666666667,10.6565416666667,9.381875,6.60675,2.64945833333333,6.48975,8.25579166666667,1.900625,4.85854166666667
2024-01-20,5.41870833333333,4.70616666666667,3.99179166666667,6.94579166666667,4.24833333333333,5.738,3.09158333333333,5.650625,6.06125,5.62,7.41345833333333,3.36379166666667,5.136625,8.22525,5.45395833333333,5.41958333333333,3.46895833333333,2.913625,4.93708333333333,3.6595,2.8745,6.39158333333333,6.442625,5.81666666666667,5.971,5.75870833333333,5.72120833333333,6.62933333333333,1.243125,5.84225
2024-01-21,11.0022916666667,5.75383333333333,4.22766666666667,6.46820833333333,9.62666666666667,5.60933333333333,4.59225,6.99883333333333,9.20295833333333,9.13133333333333,13.409,3.76275,6.516375,19.2915,4.38195833333333,4.83095833333333,4.92925,4.27091666666667,6.30808333333333,3.16425,4.17358333333333,5.06104166666667,9.47733333333333,8.93191666666667,6.33466666666667,13.54575,6.68145833333333,10.336125,1.4355,4.24333333333333
2024-01-22,12.090125,5.66729166666667,10.8382916666667,6.86620833333333,14.1235,6.6775,6.75620833333333,6.73941666666667,10.7154166666667,7.16775,8.99766666666667,6.52129166666667,6.43375,14.8221666666667,6.27358333333333,6.93877272727273,6.45541666666667,6.23929166666667,6.31095833333333,5.35483333333333,7.96783333333333,7.17875,7.38216666666667,6.73545833333333,6.16458333333333,10.4766666666667,5.61220833333333,7.86275,3.3952380952381,6.35033333333333
2024-01-23,9.08025,6.19595833333333,8.21158333333333,6.305125,13.4119583333333,5.977875,7.67008333333333,5.16708333333333,7.48133333333333,4.88995833333333,6.553625,6.08891666666667,4.84275,11.4849583333333,5.76382608695652,7.57670833333333,8.17225,7.24658333333333,5.61720833333333,6.78454166666667,7.0225,7.225875,5.60133333333333,5.226,7.1885,8.64795833333333,4.51330434782609,6.19904166666667,4.55591666666667,6.197875
2024-01-24,17.9215833333333,10.81275,15.9455833333333,12.732,19.7524166666667,12.80075,10.0806666666667,11.9831666666667,17.4107083333333,14.2109166666667,14.6821304347826,11.6274166666667,11.8416666666667,21.0210416666667,10.6162083333333,11.3325833333333,14.2189166666667,9.50183333333333,12.011625,9.17345833333333,13.4306666666667,12.7300833333333,13.6439166666667,11.4404347826087,12.1168333333333,14.8752916666667,9.38783333333333,12.3858260869565,5.95309090909091,11.5989583333333
2024-01-25,6.35425,7.52558333333333,5.72625,6.88770833333333,6.79045833333333,6.9884347826087,4.172625,5.14941666666667,5.648625,6.14091666666667,7.13066666666667,4.77991666666667,4.72295833333333,8.5515,7.62383333333333,8.66063636363636,5.0895,3.921125,6.18116666666667,8.00116666666667,5.53858333333333,7.65633333333333,6.87891666666667,6.73058333333333,9.32491666666667,2.278875,6.85533333333333,7.06730434782609,2.71825,5.39208333333333
2024-01-26,6.44566666666667,4.87725,7.57179166666667,6.40629166666667,10.3705,5.61229166666667,5.32920833333333,5.00304166666667,7.235625,5.96495833333333,7.97858333333333,5.16120833333333,4.87229166666667,10.9012083333333,5.268375,5.85995833333333,5.92470833333333,4.78483333333333,5.01370833333333,4.318,6.75995833333333,5.82270833333333,6.81616666666667,5.00291666666667,5.8815,6.47016666666667,4.07629166666667,4.72083333333333,2.68279166666667,5.307625
2024-01-27,9.69554166666667,7.49116666666667,6.18516666666667,8.94075,8.166375,8.10241666666667,6.74033333333333,7.57075,7.89608333333333,8.788375,11.2875,6.50845833333333,6.81216666666667,8.246875,6.77191666666667,7.33795833333333,7.26825,6.19395833333333,7.605125,5.458,7.07241666666667,8.10925,10.7626666666667,8.27829166666667,8.08658333333333,6.65491666666667,7.085375,7.64741666666667,3.36783333333333,7.32216666666667
2024-01-28,11.9929166666667,8.65275,8.01791666666667,8.93383333333333,9.442875,8.87,9.32783333333333,7.599375,9.851625,9.55195833333333,7.73583333333333,9.27583333333333,7.24954166666667,13.0601666666667,7.88816666666667,8.93275,12.714375,8.865,7.52258333333333,8.59279166666667,9.37695833333333,8.471,13.5103333333333,9.823125,9.99416666666667,9.8065,8.56041666666667,8.7205,5.54641666666667,9.04295833333333
2024-01-29,13.411125,16.0957916666667,5.91683333333333,17.477375,7.13833333333333,17.8095416666667,6.57629166666667,16.5969166666667,13.3403333333333,13.68325,13.3579583333333,8.84825,15.6084166666667,13.68925,18.1231666666667,19.4439166666667,6.79345833333333,6.38854166666667,17.564875,3.25975,8.63420833333333,17.356625,16.6117083333333,15.3549565217391,15.8049583333333,6.21666666666667,16.1252083333333,15.6742083333333,3.22325,12.8155416666667
2024-01-30,4.936125,7.2395,4.32679166666667,7.32416666666667,3.89158333333333,8.15245833333333,5.55820833333333,5.33404166666667,5.24483333333333,2.53286956521739,4.18820833333333,4.3465,5.08945833333333,7.96970833333333,5.224,6.34725,6.71083333333333,4.69245833333333,7.246625,2.90783333333333,5.32816666666667,7.0745,5.38520833333333,6.23720833333333,8.08770833333333,4.211875,4.60291666666667,6.31,2.6425,6.15566666666667
2024-01-31,6.04070833333333,5.830375,5.27320833333333,8.36895652173913,7.97666666666667,7.996375,4.93725,4.84279166666667,6.36259090909091,4.16675,5.65554166666667,3.68608333333333,4.78666666666667,8.84041666666667,4.84668181818182,5.23191666666667,5.888375,4.36420833333333,5.6535,3.83945833333333,4.5175,6.46729166666667,6.67454166666667,7.63558333333333,6.99004166666667,3.53970833333333,5.2555,7.31716666666667,2.96795652173913,4.51158333333333
2024-02-01,7.5895,8.670375,9.21391666666667,11.119375,11.3472916666667,9.0975652173913,6.83870833333333,8.66941666666667,9.02520833333333,7.847,7.1885,7.329,8.22341666666667,10.5699583333333,8.73633333333333,8.45920833333333,8.43266666666667,6.22641666666667,9.44275,5.84904166666667,10.422625,9.217875,9.05266666666667,8.139625,9.68166666666667,7.57675,6.958625,7.50995833333333,3.614375,8.20479166666667
2024-02-02,4.622625,3.36879166666667,4.83491666666667,3.52004166666667,7.77616666666667,3.16825,2.613,3.17516666666667,3.15641666666667,2.784,3.79616666666667,1.00633333333333,3.02566666666667,7.09808333333333,2.46458333333333,2.60904166666667,2.36633333333333,2.20725,3.19121739130435,1.32375,2.58445833333333,1.595875,3.51808333333333,3.99475,3.528,5.01216666666667,3.529,5.04329166666667,1.05845833333333,1.09179166666667
2024-02-03,11.8525833333333,3.80804166666667,8.97025,2.03816666666667,11.9772083333333,4.65516666666667,8.07,2.679875,4.171625,2.718125,6.36304166666667,7.425375,2.56983333333333,16.1370416666667,3.3825,3.14358333333333,6.62645833333333,7.28375,3.70391666666667,3.55054166666667,4.95383333333333,5.79395833333333,2.49220833333333,2.75945833333333,4.10570833333333,5.37333333333333,2.9305,3.47083333333333,4.61666666666667,3.87975
2024-02-04,11.3827083333333,6.26670833333333,10.252625,5.539625,13.4630416666667,6.02395833333333,4.32695833333333,5.38825,9.916625,5.38429166666667,8.51908333333333,6.49858333333333,5.438375,15.7536666666667,5.94245833333333,5.53658333333333,9.51266666666667,3.828625,4.86829166666667,5.23195833333333,7.05979166666667,6.255875,4.206125,3.78441666666667,6.94291666666667,9.92629166666667,4.28354166666667,4.841875,1.772875,5.81666666666667
2024-02-05,10.3215,7.65133333333333,9.94495833333333,7.31041666666667,15.52475,9.59529166666667,6.57054545454545,7.4765,8.79133333333333,8.65758333333333,9.25616666666667,5.62995833333333,7.157125,11.7837083333333,6.92916666666667,7.48820833333333,5.75566666666667,6.0515,7.05191666666667,7.34570833333333,7.25058333333333,6.69125,9.17070833333333,8.97908333333333,8.88273913043478,9.08308333333333,7.76929166666667,9.725875,4.01533333333333,6.20779166666667
2024-02-06,16.4545416666667,3.17821739130435,6.72075,6.137,9.737625,6.09375,4.75920833333333,6.02004166666667,10.478625,9.05270833333333,12.616,4.00954166666667,5.41430434782609,17.7349583333333,4.13329166666667,3.85020833333333,6.181125,3.87859090909091,5.20741666666667,3.48370833333333,5.7175,6.09475,10.1258333333333,9.92386363636364,3.86016666666667,9.33479166666667,5.85404166666667,9.69541666666667,2.05879166666667,4.10470833333333
2024-02-07,5.3105,8.95733333333333,8.144625,10.3027083333333,8.62120833333333,10.2939166666667,5.32825,7.96760869565217,8.06008333333333,6.90158333333333,5.37241666666667,9.03891666666667,7.63958333333333,4.05266666666667,8.92108333333333,9.25704166666667,11.5497083333333,4.246375,8.48866666666667,4.47920833333333,10.1445416666667,10.417625,5.573875,5.403875,10.195625,5.71145833333333,6.775875,5.80383333333333,2.07941666666667,10.8334583333333
2024-02-08,9.45658333333333,5.892375,5.20633333333333,7.11679166666667,6.35820833333333,6.3915,3.46691666666667,6.03775,4.52633333333333,5.30654166666667,5.54741666666667,8.25870833333333,5.78325,10.8697083333333,8.957375,8.49054166666667,5.66345833333333,3.40020833333333,5.48952173913043,4.52741666666667,6.66079166666667,4.99504166666667,7.02833333333333,7.48925,7.32716666666667,3.9525,6.2235,7.33695833333333,1.5675,5.21916666666667
2024-02-09,6.66475,6.10941666666667,2.749625,5.31933333333333,3.38441666666667,4.81525,1.54126086956522,3.06995833333333,4.12541666666667,4.97654166666667,8.013,5.34295833333333,2.65133333333333,9.664875,9.829125,7.69458333333333,4.856625,1.62945454545455,3.130875,5.43929166666667,4.49883333333333,3.907375,5.52279166666667,5.24966666666667,8.75304166666667,2.11879166666667,4.21583333333333,6.44866666666667,0.929583333333333,3.400125
2024-02-10,4.66104166666667,9.793625,8.01695833333333,7.21695833333333,8.90633333333333,9.02616666666667,2.87645833333333,5.95129166666667,6.79245833333333,5.59166666666667,7.056875,8.03858333333333,6.022,10.1366666666667,22.7683333333333,12.5285416666667,12.0106666666667,2.83420833333333,6.062375,5.920875,8.85225,7.22879166666667,4.49675,4.227625,11.2098333333333,7.60025,3.46395833333333,4.73566666666667,1.23616666666667,7.16591666666667
2024-02-11,5.19366666666667,4.537125,10.9365,11.0909583333333,10.9522916666667,13.2754166666667,7.28775,9.422125,6.97229166666667,8.58595833333333,7.22575,7.96283333333333,9.77595833333333,6.1105,7.70541666666667,7.16108333333333,11.9939583333333,6.72954166666667,7.34170833333333,4.587375,11.7709583333333,12.1737916666667,7.38591666666667,6.63233333333333,4.57041666666667,5.03833333333333,5.04520833333333,4.8035,3.65079166666667,10.5504166666667
2024-02-12,3.429625,3.92691666666667,4.539125,4.37208333333333,7.051,4.19916666666667,3.733375,3.79025,4.270875,4.42020833333333,4.24433333333333,3.48675,3.40704166666667,5.120875,3.57608333333333,3.82566666666667,4.76120833333333,3.299875,3.71854166666667,2.94908333333333,3.49941666666667,3.27916666666667,4.72875,4.35445833333333,5.78220833333333,3.602625,3.80320833333333,4.39170833333333,1.81808333333333,2.79966666666667
2024-02-13,4.92533333333333,4.74154166666667,5.99945833333333,4.281625,7.928375,5.92070833333333,6.93891666666667,2.77616666666667,4.08520833333333,3.62033333333333,5.503125,4.999,2.63566666666667,10.0540833333333,5.78045833333333,6.70308333333333,8.529,6.34525,3.415875,7.6965,6.50358333333333,5.07579166666667,3.54954166666667,3.37358333333333,6.129125,2.35558333333333,2.69066666666667,4.10979166666667,3.218375,5.23321739130435
2024-02-14,4.99991666666667,4.76425,7.19533333333333,3.62428571428571,9.65016666666667,2.948125,7.78108333333333,2.70541666666667,3.36091666666667,2.78804166666667,4.541125,2.639625,2.51775,8.87,3.67341666666667,4.45470833333333,10.8460833333333,7.48233333333333,2.67104166666667,9.145125,4.72970833333333,3.58491666666667,2.873375,3.01795833333333,8.49754166666667,0.546608695652174,2.610125,3.38045833333333,3.11820833333333,2.89804166666667
2024-02-15,6.413125,4.714,4.08016666666667,6.19025,4.27875,5.86379166666667,5.091375,4.34945833333333,6.24029166666667,5.09641666666667,6.93404166666667,3.02083333333333,4.15691666666667,7.85970833333333,5.318375,6.978125,5.68190909090909,4.29233333333333,4.38691666666667,4.49870833333333,3.43658333333333,5.58866666666667,5.16116666666667,4.67470833333333,5.65454166666667,3.872875,4.34645833333333,4.60508333333333,0.899260869565217,4.21379166666667
2024-02-16,4.607875,4.256125,4.413375,3.70870833333333,5.47858333333333,3.27641666666667,4.68066666666667,2.99433333333333,6.47216666666667,4.5145,5.02445833333333,2.59227272727273,2.90979166666667,7.334,3.5565,3.25279166666667,8.31766666666667,3.6675,2.59241666666667,3.62025,3.67641666666667,3.397125,5.566,4.92541666666667,4.13529166666667,5.38520833333333,3.320625,3.88658333333333,2.35954166666667,2.901
2024-02-17,4.83795833333333,3.79629166666667,3.765625,4.764125,5.19654166666667,4.41341666666667,3.40304166666667,3.29408333333333,4.01925,3.33733333333333,5.07366666666667,3.34320833333333,3.10829166666667,5.7745,4.18045833333333,3.94566666666667,7.67583333333333,3.293125,3.29016666666667,6.01125,3.51704166666667,4.99804166666667,4.26895833333333,4.375,5.50520833333333,0.432458333333333,3.44254166666667,12.0784166666667,1.22158333333333,3.81883333333333
2024-02-18,3.83341666666667,4.608,6.12804166666667,4.81420833333333,7.69754166666667,5.26045833333333,9.12745833333333,4.055625,5.35466666666667,3.02079166666667,2.90495833333333,4.81825,3.47870833333333,5.56604166666667,4.37016666666667,3.87879166666667,8.69895833333333,8.57220833333333,4.198125,4.18633333333333,6.40625,6.55858333333333,2.81445833333333,3.0985,5.08045833333333,2.88620833333333,2.76433333333333,14.540125,4.867375,5.02075
2024-02-19,6.40145833333333,7.6985,9.985375,8.27141666666667,13.0798333333333,7.89708333333333,10.6762083333333,7.94633333333333,10.003,6.77970833333333,7.49316666666667,7.67,7.68383333333333,11.2049166666667,8.41983333333333,8.84433333333333,11.6245,10.2545,7.44891666666667,7.769375,10.0669166666667,9.25316666666667,7.36241666666667,6.6815,9.087125,10.057,6.35125,6.25691666666667,6.94530434782609,8.487625
2024-02-20,7.42533333333333,6.0515,6.40033333333333,7.55691666666667,9.39275,6.156625,7.598375,6.40333333333333,6.463125,6.74729166666667,7.24941666666667,4.15395833333333,6.0565,7.80458333333333,5.57595833333333,5.92670833333333,8.08870833333333,6.92416666666667,6.1645,4.78866666666667,5.10041666666667,5.31045833333333,7.59041666666667,7.326125,7.74458333333333,3.38354166666667,5.79891666666667,7.254375,4.415375,4.53129166666667
2024-02-21,6.48775,3.15258333333333,3.45295833333333,3.42670833333333,5.13717391304348,2.93133333333333,5.58575,3.354875,6.85045833333333,3.88266666666667,5.6565,2.919625,3.22045833333333,11.0781666666667,3.23895833333333,5.06395833333333,4.57941666666667,5.222125,2.912625,3.68716666666667,3.09458333333333,2.95995833333333,3.51795833333333,3.58395833333333,3.99175,5.93554166666667,3.347125,4.83,3.29320833333333,2.490125
2024-02-22,3.90633333333333,3.52104166666667,3.35691666666667,4.29533333333333,4.665875,3.92404166666667,2.92158333333333,3.51020833333333,4.032,3.18104166666667,4.18341666666667,2.771125,3.37066666666667,5.57195,3.72645833333333,3.95545833333333,3.863,2.31529166666667,3.84345833333333,2.66016666666667,3.277375,4.17409523809524,3.12891666666667,3.074875,4.06829166666667,3.36491666666667,2.82525,3.69395238095238,1.36595833333333,2.95208333333333
2024-02-23,3.871875,3.66841666666667,4.19316666666667,4.49683333333333,4.47033333333333,3.90920833333333,2.71120833333333,3.33225,4.667875,2.9845,3.72945833333333,2.86745833333333,3.35883333333333,5.66641666666667,4.83883333333333,3.93479166666667,5.10220833333333,2.45879166666667,3.58008333333333,2.98258333333333,4.61875,4.60695833333333,3.56916666666667,3.304875,4.89983333333333,2.89795833333333,2.01066666666667,2.722125,1.24595833333333,3.90329166666667
2024-02-24,5.7645,13.8129583333333,10.800875,9.17754166666667,10.32325,11.064375,4.415375,7.36358333333333,7.91875,8.62225,7.47054166666667,6.48283333333333,7.45191666666667,6.75216666666667,11.0869166666667,11.2942916666667,10.13375,4.15191666666667,10.632,8.28416666666667,7.217,10.1581666666667,6.39158333333333,6.90941666666667,13.3726666666667,2.54020833333333,5.54641666666667,4.494875,2.22775,6.4535
2024-02-25,6.77483333333333,7.577625,11.1399583333333,10.9463333333333,12.06075,11.3591666666667,7.42045833333333,7.48825,7.18554166666667,9.00554166666667,7.750625,8.72154166666667,7.540375,3.75108333333333,10.59275,11.3886666666667,11.58525,7.23483333333333,6.47108333333333,13.7608333333333,13.19,10.5445416666667,9.68954166666667,9.86541666666667,10.4510833333333,4.74941666666667,5.25054166666667,6.215625,5.63295833333333,10.5041666666667
2024-02-26,3.45904166666667,5.90416666666667,4.313125,4.19908333333333,7.84875,4.13629166666667,5.41670833333333,4.11066666666667,3.02870833333333,2.863625,2.88625,4.77995833333333,3.55058333333333,2.76429166666667,5.00891666666667,3.85308333333333,6.57533333333333,3.68125,3.66354166666667,4.90279166666667,5.93854166666667,4.15104166666667,4.31220833333333,4.869375,3.61645833333333,2.98945833333333,2.87633333333333,4.442875,1.576375,4.41125
2024-02-27,3.44336363636364,7.02254166666667,8.02975,10.8962083333333,10.09925,9.35645833333333,6.75704166666667,8.552625,6.72766666666667,6.32675,6.46629166666667,5.39616666666667,7.93245833333333,5.49916666666667,7.51766666666667,8.417875,9.470375,6.1105,9.01745833333333,4.776,6.75029166666667,10.9365,5.86879166666667,4.47045833333333,9.25420833333333,3.53579166666667,4.27779166666667,3.701875,3.79608333333333,8.70927272727273
2024-02-28,3.55245833333333,9.48708333333333,7.54920833333333,7.614,8.2135,9.11754166666667,7.278875,5.26433333333333,6.005375,5.194625,3.92883333333333,5.32425,5.42054166666667,6.16758333333333,8.982875,10.5032083333333,7.56583333333333,6.86916666666667,7.37225,8.180125,7.155125,8.03366666666667,4.84283333333333,5.15820833333333,12.1629583333333,3.76370833333333,6.925125,5.86775,4.272875,7.10395833333333
2024-02-29,3.21833333333333,5.75570833333333,6.65695833333333,7.0185,7.93433333333333,5.79125,5.46095833333333,4.81533333333333,5.061875,3.48270833333333,4.11725,5.68604166666667,4.5205,6.20275,6.241125,6.330625,5.751875,4.94416666666667,5.8815,5.13758333333333,5.40104166666667,5.09045833333333,2.46858333333333,2.726,7.38104166666667,5.345,2.56983333333333,3.30783333333333,2.93729166666667,5.21229166666667
2024-03-01,4.600125,5.71945833333333,4.50183333333333,3.860125,5.46483333333333,3.34808333333333,4.78970833333333,2.86470833333333,3.426625,2.88729166666667,3.43891304347826,3.59579166666667,2.67583333333333,5.41170833333333,6.424,5.33808333333333,6.12920833333333,4.455625,3.10633333333333,7.68291666666667,4.09691666666667,3.653625,3.588875,3.38541666666667,5.61233333333333,2.97466666666667,3.871875,3.84816666666667,3.32154166666667,3.713625
2024-03-02,4.973375,3.70779166666667,9.20704166666667,4.96466666666667,9.45170833333333,5.52583333333333,3.69683333333333,2.70833333333333,4.73175,4.09591666666667,3.25183333333333,7.92945833333333,3.02491666666667,5.819625,8.67729166666667,6.66670833333333,4.038,3.46408333333333,3.52995833333333,9.47041666666667,8.498375,5.71745833333333,3.8915,3.55833333333333,4.37404166666667,2.0145,3.55241666666667,4.59325,2.69070833333333,7.43020833333333
2024-03-03,5.72041666666667,12.5207083333333,7.851875,9.58729166666667,7.07358333333333,12.4026666666667,3.63895833333333,8.16925,8.13979166666667,9.101875,8.92979166666667,4.97158333333333,9.49883333333333,4.13029166666667,11.1419166666667,11.572375,5.29591666666667,3.345125,9.92241666666667,11.2677916666667,7.62191666666667,9.2335,8.53783333333333,9.42620833333333,12.28775,2.35354166666667,9.18054166666667,8.229125,2.89808333333333,8.17804166666667
2024-03-04,5.99170833333333,11.6716666666667,6.56054166666667,9.49991666666667,8.10229166666667,11.0918333333333,5.31554166666667,6.89858333333333,7.08525,6.81508333333333,7.71133333333333,5.99754166666667,6.77675,7.11575,9.06941666666667,11.736625,7.68365217391304,4.73570833333333,7.14333333333333,15.1916666666667,8.633125,9.711125,5.88058333333333,5.45504166666667,16.18125,4.15104166666667,6.163625,6.11345833333333,4.80445833333333,7.60808333333333
2024-03-05,5.010875,6.77970833333333,6.97908333333333,11.205875,8.20266666666667,8.969125,4.25116666666667,7.9895,7.78308333333333,8.71179166666667,6.08691666666667,6.53408333333333,7.40966666666667,9.45958333333333,11.0987083333333,9.437,10.993625,3.73629166666667,6.571375,9.358375,7.898,9.53725,6.20670833333333,5.53945833333333,7.46166666666667,8.316625,5.32133333333333,5.64270833333333,3.47979166666667,8.91216666666667
2024-03-06,11.0869166666667,20.9198333333333,18.1112916666667,22.8018333333333,21.7178333333333,22.8509166666667,8.44054166666667,18.0444583333333,8.05233333333333,18.522125,13.132875,15.7410833333333,17.0047916666667,9.28066666666667,23.7815,22.9787083333333,13.1476666666667,7.72604166666667,19.985375,18.7048333333333,23.0672083333333,21.402375,21.006375,18.5840416666667,19.7211739130435,8.41891666666667,18.394375,17.0597083333333,8.418,23.2842083333333
2024-03-07,24.3209583333333,23.5388333333333,19.4695416666667,25.483625,23.4534166666667,23.7587727272727,13.3805833333333,24.4802916666667,23.488625,28.0376666666667,18.0435,26.24025,23.17025,17.3692916666667,24.6779166666667,22.2386666666667,23.9347916666667,12.7870833333333,22.146375,17.729,23.437625,21.7424166666667,32.4334166666667,29.65425,24.0606666666667,17.5875,23.6764166666667,27.1375416666667,13.0101666666667,22.9020416666667
2024-03-08,23.9682916666667,27.3282083333333,21.4043333333333,28.1585833333333,24.2994583333333,25.921875,12.752625,27.5815833333333,28.6803333333333,27.5215833333333,25.596625,24.5341666666667,26.0860416666667,33.9496666666667,27.538375,25.1150833333333,19.596125,12.471625,25.968125,21.1813333333333,23.390375,24.2385,28.294125,25.5985833333333,27.2869583333333,26.3650833333333,26.6284583333333,23.7520416666667,13.19775,24.658125
2024-03-09,7.22579166666667,34.0035833333333,28.702,24.994,31.755375,26.7316666666667,19.4978333333333,20.6132916666667,18.22425,13.976125,8.98695833333333,29.9755416666667,19.56675,10.6398333333333,38.6999583333333,34.474375,25.865875,19.1362083333333,23.8787916666667,32.8234583333333,32.80675,27.965,20.5071666666667,14.4035416666667,34.7250833333333,18.807,17.387125,14.0045,20.339125,30.4767916666667
2024-03-10,3.82658333333333,35.113125,16.6735416666667,18.790375,19.299375,23.7108333333333,21.1322083333333,16.9310416666667,14.5677083333333,11.5723333333333,5.17983333333333,19.2856666666667,15.8079166666667,4.31216666666667,33.1339583333333,29.9805,17.211125,20.98675,20.5003333333333,32.672125,19.6572083333333,16.6509583333333,15.46,15.4069166666667,35.7331666666667,11.2324166666667,22.1620833333333,16.6077916666667,17.22875,17.2347083333333
2024-03-11,26.92825,27.4700909090909,15.7970416666667,21.5634583333333,18.3628333333333,19.923375,13.23025,23.768875,17.121875,24.5087083333333,19.2974166666667,22.2545,21.9340416666667,10.0275416666667,24.7839583333333,24.4752916666667,15.1573333333333,13.2390416666667,25.6967916666667,21.9074583333333,21.1214166666667,19.9244583333333,38.60875,35.748,27.7979583333333,10.5139166666667,31.944875,33.0515,11.057375,20.6732083333333
2024-03-12,9.74654166666667,13.137875,6.77179166666667,6.56254166666667,9.83391666666667,7.02341666666667,10.114,5.64758333333333,4.643375,6.56954166666667,8.463125,5.22016666666667,5.211375,10.729125,9.69345833333333,10.7577083333333,5.39708333333333,10.1139583333333,7.50675,16.3463333333333,6.06329166666667,8.89541666666667,11.0377916666667,13.440625,15.0295416666667,3.275375,10.341,13.519125,7.49016666666667,5.661375
2024-03-13,4.75041666666667,2.21695833333333,1.14091666666667,3.97695833333333,4.29633333333333,2.75645833333333,3.99770833333333,3.23608333333333,5.02466666666667,3.64779166666667,4.894875,1.07404166666667,2.93141666666667,9.1795,1.43179166666667,1.58116666666667,3.90920833333333,3.16833333333333,2.71825,1.06716666666667,0.993541666666667,1.53116666666667,4.33179166666667,4.1755,2.95108333333333,5.98770833333333,2.384125,4.128375,1.30291666666667,1.32466666666667
2024-03-14,5.46095833333333,5.06,3.33825,6.282375,3.42475,4.90770833333333,3.67233333333333,4.97445833333333,6.25391666666667,6.24804166666667,6.49779166666667,2.69945833333333,4.5235,12.2072083333333,4.833,5.00983333333333,6.51925,3.64091666666667,5.061,3.51908333333333,2.74275,4.96670833333333,5.283125,5.05604166666667,6.21966666666667,6.71283333333333,5.42954166666667,6.41608333333333,1.84854166666667,4.07433333333333
2024-03-15,9.47833333333333,3.19083333333333,5.24670833333333,4.08116666666667,7.63854166666667,3.871,3.06608333333333,4.93916666666667,7.6975,5.49833333333333,9.32595833333333,4.08316666666667,3.966125,12.23575,4.07933333333333,3.84933333333333,3.72254166666667,2.75158333333333,4.13620833333333,3.0375,4.68166666666667,4.5195,6.43479166666667,6.154625,4.043875,6.953625,3.83266666666667,6.23820833333333,1.032875,4.22666666666667
2024-03-16,2.87058333333333,4.86833333333333,4.91054166666667,5.94045833333333,6.473125,5.15325,3.87583333333333,4.93316666666667,5.3705,3.56529166666667,4.47033333333333,4.60783333333333,4.64925,9.93820833333333,5.09533333333333,4.950875,7.59929166666667,3.7245,5.15908333333333,5.25941666666667,4.52145833333333,6.96945833333333,3.9425,3.70483333333333,5.07570833333333,4.63454166666667,3.87775,3.26854166666667,1.63045833333333,5.36058333333333
2024-03-17,6.00929166666667,6.139,3.97791666666667,3.865,5.24958333333333,4.140125,4.091,3.93075,5.74891666666667,5.10025,5.77829166666667,3.72358333333333,3.669375,8.03558333333333,4.55679166666667,4.78183333333333,7.82625,4.22770833333333,3.897375,8.25575,4.19216666666667,3.79133333333333,5.78220833333333,5.7685,7.24941666666667,4.96158333333333,4.69633333333333,6.20291666666667,0.485458333333333,4.27683333333333
2024-03-18,4.593125,4.30029166666667,4.55683333333333,6.63129166666667,5.334125,5.53770833333333,3.78233333333333,4.51345833333333,5.97483333333333,4.483125,5.14054166666667,4.326875,4.39585714285714,6.95058333333333,4.6355,4.8035,6.83270833333333,3.64691666666667,5.85995833333333,3.77266666666667,4.67283333333333,5.06975,5.09833333333333,5.41583333333333,5.88445833333333,5.82841666666667,4.638375,5.79391666666667,2.45683333333333,10.219
2024-03-19,4.803375,5.010875,5.914875,5.39404166666667,7.60225,6.65095833333333,5.79795833333333,3.33429166666667,4.44475,3.50441666666667,4.57941666666667,4.65120833333333,3.20454166666667,6.25008333333333,5.59466666666667,6.07704166666667,6.11725,4.84175,3.80045454545455,3.45520833333333,5.739,4.887,3.62033333333333,3.551375,5.11008333333333,5.42554166666667,4.11858333333333,4.00754166666667,3.90991304347826,6.79241666666667
2024-03-20,9.15679166666667,8.18795833333333,7.92758333333333,8.14366666666667,7.36629166666667,6.03679166666667,6.25783333333333,4.834875,4.11066666666667,7.79579166666667,7.98554166666667,8.9515,4.59020833333333,6.35120833333333,10.2831666666667,12.0549583333333,7.27108333333333,5.796,5.34204166666667,9.50886956521739,9.72783333333333,9.0055,10.2595833333333,10.675125,9.58929166666667,3.79716666666667,6.84641666666667,10.5169166666667,5.03845833333333,9.62958333333333
2024-03-21,11.3189583333333,10.1592916666667,8.64204166666667,16.5449166666667,10.1572916666667,12.2966666666667,10.4422083333333,10.3823333333333,7.47841666666667,8.04254166666667,11.5007083333333,5.850125,10.1562916666667,6.220625,9.952875,9.6885,8.093625,8.914125,9.42316666666667,7.01658333333333,7.066625,11.1891666666667,9.55195833333333,9.19620833333333,11.673625,7.21604166666667,6.39445833333333,8.6725,5.86379166666667,11.0220416666667
2024-03-22,5.788125,5.761625,8.42475,6.15858333333333,10.6171666666667,4.75816666666667,6.872125,5.022625,4.72483333333333,6.813125,6.60870833333333,5.12091666666667,4.97454166666667,7.77625,6.18033333333333,5.820625,6.83470833333333,6.23904166666667,5.21229166666667,6.526125,7.87341666666667,5.39791666666667,7.28383333333333,8.60458333333333,5.99258333333333,5.49925,5.88141666666667,7.6465,4.35533333333333,5.78220833333333
2024-03-23,3.59483333333333,4.92525,6.73745833333333,4.87420833333333,8.98683333333333,4.30716666666667,6.80925,3.843375,4.896875,3.86204166666667,3.89454166666667,4.47916666666667,4.069375,5.750875,5.06195833333333,4.72883333333333,5.835375,5.82654166666667,4.4075,4.06545833333333,7.41841666666667,5.34404166666667,3.871875,3.76179166666667,5.0905,4.713125,3.20758333333333,3.53866666666667,3.55733333333333,5.44420833333333
2024-03-24,4.856625,5.66341666666667,7.11195833333333,5.43241666666667,8.092625,8.68504166666667,4.50379166666667,5.16516666666667,5.33429166666667,5.36954166666667,5.568,6.15570833333333,5.22404166666667,5.78429166666667,6.04858333333333,5.55620833333333,5.277125,3.69108333333333,7.75058333333333,5.82166666666667,7.64258333333333,7.39879166666667,6.54479166666667,6.26779166666667,5.436375,4.35825,4.49583333333333,5.51095833333333,3.160375,7.02525
2024-03-25,6.75320833333333,8.34116666666667,5.717375,6.36404166666667,6.954625,7.09420833333333,3.27441666666667,5.65745833333333,5.21916666666667,5.58758333333333,6.0525,5.66133333333333,5.70854166666667,5.14741666666667,8.45420833333333,8.19375,4.398625,3.36683333333333,6.62358333333333,12.5040833333333,6.05941666666667,6.9645,8.47479166666667,7.63279166666667,9.488,2.63566666666667,7.98945833333333,7.85566666666667,2.57191666666667,6.660875
2024-03-26,6.57733333333333,16.2657916666667,14.7278333333333,11.1154166666667,16.3345833333333,14.1521666666667,1.24804166666667,9.80545833333333,6.23629166666667,6.1095,5.18966666666667,13.437625,9.682625,2.66225,16.2520416666667,14.0507916666667,4.55283333333333,1.21458333333333,12.698625,6.477,14.8281666666667,12.667125,10.0944166666667,9.666,16.3139583333333,2.59725,10.594625,9.99316666666667,1.25983333333333,13.2606666666667
2024-03-27,3.89441666666667,7.54316666666667,3.96816666666667,3.43454166666667,5.03045833333333,2.721125,1.78358333333333,2.53060869565217,2.933375,2.676875,3.59570833333333,3.015,2.57279166666667,4.201125,6.15795833333333,6.60766666666667,4.76504166666667,1.644125,2.89508333333333,7.51579166666667,4.13816666666667,3.20270833333333,3.05820833333333,2.93729166666667,8.10933333333333,2.82225,2.983,3.558375,1.32922727272727,3.14270833333333
2024-03-28,7.13945833333333,3.80995833333333,2.93829166666667,2.76733333333333,3.401125,2.23958333333333,4.78083333333333,2.23758333333333,2.98654166666667,4.1795,6.30695833333333,2.34483333333333,2.20620833333333,7.79866666666667,3.16633333333333,3.02766666666667,5.743875,4.71020833333333,2.22966666666667,7.28570833333333,2.36541666666667,2.48533333333333,4.86241666666667,6.65,4.78391666666667,2.42333333333333,3.22520833333333,5.94241666666667,3.93966666666667,2.292625
2024-03-29,4.48704166666667,2.37920833333333,3.09854166666667,3.215375,3.33333333333333,3.14370833333333,2.92066666666667,2.74866666666667,3.72741666666667,4.23058333333333,5.56595833333333,3.19670833333333,2.59245833333333,6.985,3.03070833333333,2.567875,9.595125,2.60908333333333,2.520625,3.19679166666667,3.00904166666667,3.13379166666667,4.01741666666667,5.02354166666667,3.15745833333333,4.82708333333333,3.11029166666667,4.341625,1.33745833333333,3.00904166666667
2024-03-30,5.14358333333333,5.16125,4.28058333333333,6.398375,4.813375,5.58570833333333,3.61154166666667,4.928375,4.81825,4.5735,4.98916666666667,4.63545833333333,4.96466666666667,6.18516666666667,7.59241666666667,5.41475,7.25533333333333,3.24979166666667,4.463625,6.15179166666667,4.73966666666667,5.17404166666667,4.897875,4.465375,5.79991666666667,3.86408333333333,4.13729166666667,4.14025,1.79741666666667,5.48645833333333
2024-03-31,8.38045833333333,7.24445833333333,6.471125,7.93925,7.199375,7.13741666666667,4.29929166666667,8.51904166666667,7.527625,14.207,8.15941666666667,6.8965,8.079875,5.45104166666667,10.0579583333333,9.14208333333333,6.68441666666667,4.30429166666667,7.52170833333333,9.18533333333333,6.12329166666667,6.52825,18.6715,18.5389166666667,6.90258333333333,5.95420833333333,15.0827083333333,13.8689583333333,3.27541666666667,6.54191666666667
2024-04-01,3.359875,4.21779166666667,2.786,5.05008333333333,2.34283333333333,4.68758333333333,3.61729166666667,4.39170833333333,3.64683333333333,3.53879166666667,3.632125,4.21179166666667,4.24529166666667,4.27966666666667,4.354375,3.65579166666667,4.3475,3.603625,4.29945833333333,4.39770833333333,3.08583333333333,3.37854166666667,4.25320833333333,2.75554166666667,7.75158333333333,2.39483333333333,6.05241666666667,3.16625,3.06604166666667,3.12891666666667
2024-04-02,5.67225,6.36508333333333,7.90591666666667,5.09929166666667,8.42770833333333,7.75958333333333,1.48883333333333,3.049375,3.46116666666667,2.965875,4.63245833333333,3.25470833333333,3.00495833333333,8.84933333333333,6.204875,7.31329166666667,4.29933333333333,1.540875,3.95245833333333,17.6798333333333,5.08554166666667,5.63970833333333,3.04641666666667,3.31958333333333,9.28275,3.91308333333333,2.6465,4.057625,3.262625,4.77604166666667
2024-04-03,5.36754166666667,3.22725,3.7785,3.32458333333333,3.79620833333333,3.03458333333333,1.42979166666667,1.90258333333333,3.68520833333333,2.808625,4.05070833333333,2.959875,1.95958333333333,6.93820833333333,3.17020833333333,3.31566666666667,3.98191666666667,1.34445833333333,2.358375,6.40825,3.735375,2.92258333333333,2.57458333333333,2.583625,4.045875,2.45679166666667,2.22,3.17616666666667,2.15995833333333,3.13583333333333
2024-04-04,11.3885833333333,4.835875,6.136,5.04825,7.06183333333333,4.6845,2.31716666666667,3.38458333333333,5.52183333333333,4.90570833333333,9.529375,3.41195833333333,3.27829166666667,15.107125,8.25370833333333,6.18608333333333,3.41391666666667,2.1845,3.85416666666667,2.57970833333333,3.45329166666667,4.10183333333333,5.57391666666667,5.395,4.97645833333333,5.53366666666667,3.19975,5.50425,2.038125,4.250875
2024-04-05,6.23916666666667,5.393125,5.43641666666667,7.208125,9.456625,5.66729166666667,2.610125,6.34829166666667,8.83066666666667,7.14625,8.498375,5.579,6.15666666666667,17.3309166666667,5.89529166666667,6.70595833333333,8.99758333333333,2.65333333333333,5.79416666666667,6.20591666666667,6.23441666666667,5.6525,6.44254166666667,6.12420833333333,6.18916666666667,12.6572083333333,5.573,6.761125,2.388875,5.75375
2024-04-06,6.47408333333333,4.98433333333333,3.692,5.687875,5.67029166666667,5.38616666666667,7.310375,5.36654166666667,8.12895833333333,5.62016666666667,7.56475,4.26695833333333,5.18075,15.5896666666667,5.12279166666667,6.75704166666667,11.967375,7.08725,4.85266666666667,4.937125,4.1765,4.86241666666667,5.24370833333333,5.44720833333333,5.6585,9.76220833333333,4.41429166666667,6.22054166666667,4.658125,4.90270833333333
2024-04-07,7.23275,5.118,4.80058333333333,6.08195833333333,9.30341666666667,5.10029166666667,5.227,7.59820833333333,8.46316666666667,8.18595833333333,10.1219166666667,4.54108333333333,7.33679166666667,18.3736666666667,3.919,4.36125,4.53220833333333,4.71016666666667,6.87291666666667,4.807375,5.05216666666667,4.17058333333333,7.69270833333333,6.80325,5.36958333333333,11.9683333333333,6.06633333333333,6.95466666666667,3.561375,4.81620833333333
2024-04-08,5.45991666666667,8.04658333333333,4.81825,7.20616666666667,6.21758333333333,6.51245833333333,4.89870833333333,6.31095833333333,6.9645,5.71741666666667,6.79241666666667,5.353875,6.23816666666667,10.3224166666667,5.95029166666667,7.14033333333333,5.21725,4.66191666666667,6.458375,5.95329166666667,5.32625,5.69375,6.08495833333333,6.77275,8.18595833333333,5.88833333333333,6.47995833333333,7.14720833333333,3.584875,5.32525
2024-04-09,4.58041666666667,4.39470833333333,5.396,3.93770833333333,7.272125,3.70675,2.58658333333333,2.64345833333333,2.84208333333333,2.85879166666667,4.12358333333333,3.334375,2.664125,5.685,4.067375,4.92733333333333,3.99570833333333,2.051875,3.07004166666667,3.63108333333333,6.51920833333333,4.10179166666667,2.97170833333333,3.41683333333333,4.76216666666667,4.13333333333333,2.22279166666667,3.37470833333333,1.63908333333333,4.290375
2024-04-10,5.43241666666667,3.3255,2.77316666666667,4.53725,4.46741666666667,3.22554166666667,2.88820833333333,2.990375,4.01925,3.98883333333333,4.97445833333333,2.29270833333333,2.82825,7.77125,3.278375,4.51258333333333,3.3835,2.582625,3.00229166666667,3.338375,2.41254166666667,2.89204166666667,4.35920833333333,4.437875,4.38779166666667,2.97566666666667,3.68029166666667,4.54825,1.50266666666667,2.604125
2024-04-11,3.94554166666667,2.52258333333333,2.90979166666667,3.17116666666667,4.70616666666667,1.666625,6.86420833333333,1.54279166666667,2.17870833333333,2.88616666666667,4.376,2.17270833333333,1.481,6.704125,2.21504166666667,2.43320833333333,6.62441666666667,6.41604166666667,1.65191666666667,3.731375,2.130375,1.771875,3.372625,3.24583333333333,3.24791666666667,1.690375,2.10504166666667,3.51,4.234625,1.889875
2024-04-12,4.46829166666667,3.92208333333333,4.20395833333333,7.08925,7.2495,4.827125,3.23708333333333,5.00108333333333,7.15616666666667,4.70908333333333,5.403,4.05370833333333,4.82508333333333,9.16670833333333,3.674375,3.638,3.07295833333333,2.93633333333333,4.94795833333333,2.52654166666667,3.69404166666667,3.85333333333333,4.30816666666667,3.95845833333333,4.824125,6.55370833333333,4.42625,4.50466666666667,1.079,4.55983333333333
2024-04-13,5.88058333333333,4.25908333333333,4.29245833333333,6.911375,4.74066666666667,4.98041666666667,5.281125,5.39904166666667,7.23675,4.72495833333333,5.883375,2.82725,5.580625,6.20283333333333,4.35454166666667,3.86495833333333,4.76120833333333,4.69145833333333,5.67108333333333,1.98608333333333,2.82145833333333,4.808375,4.7445,4.04583333333333,4.99016666666667,4.48604166666667,3.888625,4.32595833333333,2.63266666666667,4.775
2024-04-14,4.21779166666667,4.52929166666667,6.67154166666667,4.62475,7.28679166666667,3.80895833333333,4.55783333333333,3.78141666666667,4.47716666666667,4.11954166666667,5.28504166666667,3.58191666666667,3.73133333333333,6.592,4.42608333333333,4.05375,4.92733333333333,4.12641666666667,3.87575,3.85716666666667,4.20204166666667,3.56229166666667,3.99375,3.828625,5.109125,4.22170833333333,3.15745833333333,3.53779166666667,2.65729166666667,3.98191666666667
2024-04-15,4.23254166666667,2.954,5.30566666666667,4.9145,7.71720833333333,3.44641666666667,2.57375,3.131875,4.78875,3.16329166666667,4.0665,3.71658333333333,2.98458333333333,7.379125,3.39133333333333,3.313625,4.74454166666667,2.13054166666667,3.282125,1.96945833333333,6.04266666666667,4.19029166666667,3.651875,2.79766666666667,3.22145833333333,5.41875,2.501,2.87154166666667,0.981791666666667,4.30420833333333
2024-04-16,2.86058333333333,3.64683333333333,4.2885,5.01683333333333,5.757625,3.64104166666667,2.77133333333333,4.22470833333333,3.940625,3.377625,4.00658333333333,4.89970833333333,3.97708333333333,5.66241666666667,3.24795833333333,2.87833333333333,5.1455,2.25829166666667,3.62225,2.74770833333333,6.09283333333333,5.20833333333333,3.58895833333333,2.67495833333333,3.472875,5.13666666666667,2.83120833333333,2.4705,1.41229166666667,5.06591666666667
2024-04-17,3.0455,3.53191666666667,3.24583333333333,3.83654166666667,3.969125,2.69645833333333,2.95208333333333,3.45225,2.87245833333333,2.73870833333333,3.02575,3.524,2.89795833333333,4.8625,3.2075,3.233125,4.01529166666667,2.614,2.899125,3.28233333333333,3.84229166666667,3.72345833333333,3.10545833333333,3.079875,3.22908333333333,3.817,2.82916666666667,3.39125,2.23670833333333,3.49841666666667
2024-04-18,2.54816666666667,4.067375,5.35575,4.597,6.771875,3.04933333333333,3.316625,3.60454166666667,4.43591666666667,3.216375,3.25870833333333,2.73970833333333,3.42958333333333,3.805125,4.04183333333333,4.10483333333333,4.70416666666667,2.81354166666667,3.77941666666667,2.42533333333333,4.06441666666667,4.639375,3.07795833333333,2.75445833333333,4.18545833333333,3.531875,2.84491666666667,2.85091666666667,1.56158333333333,3.71754166666667
2024-04-19,3.51020833333333,4.88520833333333,3.602625,3.98779166666667,5.46383333333333,3.31770833333333,2.97066666666667,3.28420833333333,2.73195833333333,3.56816666666667,3.50933333333333,4.06358333333333,2.85470833333333,4.07820833333333,4.24429166666667,3.79420833333333,3.57216666666667,2.61791666666667,3.387375,5.167125,5.96504166666667,3.96233333333333,4.1195,4.03308333333333,4.154,2.85183333333333,3.59670833333333,3.80404166666667,2.533375,4.09791666666667
2024-04-20,4.879125,6.16354166666667,6.18225,6.24408333333333,5.78025,4.49970833333333,4.72483333333333,4.83204166666667,5.91775,5.16508333333333,6.000375,4.67479166666667,4.53520833333333,5.20254166666667,7.30845833333333,5.69770833333333,6.82104166666667,4.150875,5.065875,6.11441666666667,5.18383333333333,6.37575,5.66420833333333,5.04520833333333,6.538,5.28795833333333,4.733625,5.52470833333333,3.13375,6.13508333333333
2024-04-21,4.85458333333333,5.06579166666667,6.0545,5.64754166666667,5.96695833333333,5.52383333333333,5.30666666666667,5.450125,7.80070833333333,4.59316666666667,5.58770833333333,6.47995833333333,5.09141666666667,6.76108333333333,5.89425,5.41175,9.377,4.96566666666667,5.09933333333333,5.08854166666667,5.44033333333333,6.19791666666667,5.25541666666667,5.04125,5.434375,4.46545833333333,4.80641666666667,5.60441666666667,4.18241666666667,6.32854166666667
2024-04-22,4.17366666666667,5.627,7.08429166666667,8.295125,7.00470833333333,7.60129166666667,2.96975,5.53170833333333,8.68420833333333,4.39566666666667,5.31641666666667,5.44020833333333,5.36058333333333,6.111625,9.56270833333333,7.72708333333333,3.22520833333333,2.54520833333333,6.00141666666667,7.32404166666667,5.37341666666667,9.48808333333333,6.088875,4.49004166666667,5.16190909090909,6.043625,5.06095833333333,4.11258333333333,4.09108333333333,9.55783333333333
2024-04-23,4.54,5.902125,6.12125,6.82691666666667,6.83570833333333,5.33516666666667,5.45116666666667,6.92416666666667,8.87583333333333,5.99945833333333,7.21408333333333,6.29329166666667,6.31483333333333,7.57179166666667,6.83075,6.28058333333333,7.25716666666667,5.18479166666667,6.70604166666667,8.2655,6.59783333333333,6.25495833333333,5.959125,4.68170833333333,6.66775,5.71441666666667,4.41720833333333,3.90529166666667,5.97008333333333,6.30208333333333
2024-04-24,4.58045833333333,5.231,5.21720833333333,6.77191666666667,5.64175,6.371875,5.685,5.7625,8.714625,5.47166666666667,8.11725,6.04954166666667,5.68695833333333,8.35791666666667,6.72075,6.785625,9.04579166666667,5.06195833333333,6.140875,5.95329166666667,5.58775,6.01220833333333,5.18083333333333,4.994,6.68333333333333,6.04466666666667,4.5805,4.16958333333333,5.02854166666667,6.05233333333333
2024-04-25,6.362125,4.68754166666667,3.69891666666667,8.35208333333333,4.05454166666667,5.459875,2.85475,7.747625,6.713,8.944625,7.78204166666667,4.24733333333333,7.411625,7.67591666666667,6.503625,5.91947826086957,4.824125,2.54716666666667,6.66866666666667,3.79333333333333,4.1745,6.02704166666667,8.90329166666667,7.80766666666667,5.35883333333333,5.40783333333333,6.23720833333333,6.49766666666667,2.275875,5.037375
2024-04-26,7.28383333333333,3.38433333333333,4.31216666666667,5.60741666666667,4.19220833333333,4.12745833333333,2.743625,4.37504166666667,6.69529166666667,9.09491666666667,11.2579166666667,5.61825,4.53220833333333,6.13708333333333,5.848125,5.08641666666667,3.85316666666667,2.48525,4.31904166666667,3.76183333333333,4.356375,4.62466666666667,6.85141666666667,5.44908333333333,3.98304166666667,6.86629166666667,4.193125,3.54466666666667,1.989125,4.945875
2024-04-27,9.72695833333333,5.83820833333333,4.96775,6.56554166666667,5.54829166666667,5.48354166666667,4.37108333333333,4.95483333333333,5.16525,5.11608333333333,6.63920833333333,8.79233333333333,4.69641666666667,5.82441666666667,9.19125,6.80920833333333,7.00179166666667,3.93270833333333,5.038375,6.18808333333333,7.8785,6.89966666666667,6.85541666666667,7.74758333333333,5.07866666666667,5.31241666666667,4.73866666666667,6.64016666666667,2.692625,7.26816666666667
2024-04-28,4.17758333333333,2.615875,4.06341666666667,4.73666666666667,4.372,3.84433333333333,4.766125,3.58591666666667,5.59454166666667,3.378625,3.59079166666667,4.41041666666667,3.30379166666667,6.67945833333333,3.72158333333333,3.25375,8.76479166666667,4.21766666666667,3.38933333333333,2.897,3.98295833333333,4.48108333333333,4.16279166666667,5.00395833333333,2.68975,5.84708333333333,3.19970833333333,4.642375,3.10841666666667,4.81920833333333
2024-04-29,5.01958333333333,3.81683333333333,3.08675,5.109125,3.200625,3.644875,2.51970833333333,3.83354166666667,4.64716666666667,3.828625,4.313125,2.51575,3.769625,7.23083333333333,4.20016666666667,5.68595833333333,3.916125,2.37525,4.02908333333333,3.82975,2.71433333333333,3.675375,4.79179166666667,4.59016666666667,4.86441666666667,3.79808333333333,4.86633333333333,4.86145833333333,1.56066666666667,3.591875
2024-04-30,6.383625,6.52908333333333,3.244875,5.184875,3.533875,3.61841666666667,3.21533333333333,3.60254166666667,3.75191666666667,4.37,4.6305,3.31475,3.66745833333333,5.28008333333333,5.30075,5.25558333333333,4.35933333333333,3.02975,3.94458333333333,9.38383333333333,3.70383333333333,4.085125,7.66904166666667,6.70608333333333,8.87783333333333,3.10054166666667,6.75604166666667,7.47345833333333,3.54370833333333,3.93570833333333
2024-05-01,11.9772916666667,21.9262916666667,12.6513333333333,13.6340416666667,11.5292916666667,13.4856666666667,16.1724166666667,14.2964583333333,5.29975,13.7314166666667,5.926625,4.64829166666667,13.8031666666667,4.70816666666667,18.9968333333333,17.0804583333333,5.33408333333333,16.3905416666667,15.0412083333333,22.5628333333333,6.01229166666667,14.9765,16.6785416666667,15.2163333333333,22.620875,2.78804166666667,15.8766666666667,13.817875,13.6734583333333,11.7837083333333
2024-05-02,18.1614166666667,18.71575,15.21525,27.0334166666667,16.8347083333333,19.4212916666667,15.399125,25.8275416666667,12.5472916666667,18.1654583333333,11.5546666666667,18.4887083333333,25.553375,2.81345833333333,21.3090416666667,19.3475416666667,17.3280416666667,15.2417916666667,21.3415416666667,19.3278333333333,14.7200416666667,18.0345833333333,23.875875,24.5215833333333,19.62275,2.21308333333333,21.3974583333333,25.7332083333333,11.1213333333333,17.1216666666667
2024-05-03,3.186,17.098125,13.4935833333333,9.04379166666667,15.597625,13.62825,11.9940416666667,2.79091666666667,2.98745833333333,2.87166666666667,3.33925,4.99991666666667,2.77229166666667,3.690125,16.144875,16.062375,14.6432916666667,11.9703333333333,13.4837916666667,18.7422083333333,10.9454583333333,15.1042916666667,3.50233333333333,3.918125,20.6112916666667,2.352625,9.552875,3.83841666666667,12.3535833333333,12.3134166666667
2024-05-04,5.66733333333333,4.57154166666667,5.29391666666667,5.64954166666667,3.55945833333333,4.47829166666667,14.61475,3.16825,3.7205,4.67670833333333,5.4875,2.26416666666667,3.20558333333333,4.93416666666667,3.46795833333333,3.91604166666667,15.4335,14.6059583333333,3.64979166666667,7.92945833333333,3.64483333333333,4.129375,6.88683333333333,8.46804166666667,6.98320833333333,2.55116666666667,5.80091666666667,8.70291666666667,4.454625,5.75675
2024-05-05,7.63566666666667,7.32316666666667,7.40479166666667,7.663125,6.12129166666667,6.18908333333333,5.74991666666667,3.68420833333333,4.280625,5.24958333333333,8.71270833333333,4.42808333333333,4.33975,5.58079166666667,5.8845,8.20258333333333,8.04241666666667,5.020625,6.04370833333333,3.90725,6.425,5.86975,7.16595833333333,7.391,11.3530833333333,3.37558333333333,8.17725,8.434625,3.176,8.20154166666667
2024-05-06,7.47054166666667,11.5311666666667,7.26116666666667,10.621125,7.54433333333333,9.20208333333333,5.57379166666667,5.932625,5.3755,8.125,6.76008333333333,5.65845833333333,6.96058333333333,3.98195833333333,10.85,9.36420833333333,5.78625,5.55716666666667,7.35170833333333,8.64191666666667,7.22683333333333,12.4017916666667,14.7091666666667,17.9530833333333,14.1873333333333,3.64591666666667,14.6757916666667,19.316125,4.53116666666667,10.0078333333333
2024-05-07,10.5808333333333,10.30975,7.44408333333333,14.1215416666667,11.2461666666667,11.2354166666667,7.34379166666667,10.263375,13.5102083333333,10.7282083333333,11.5133333333333,11.92225,12.1994166666667,8.179125,11.814125,8.88375,6.99604166666667,7.18375,11.1222916666667,8.55845833333333,10.4029166666667,12.446125,12.2917916666667,12.3880833333333,9.8535,7.07154166666667,10.6286956521739,11.18325,6.25483333333333,11.675625
2024-05-08,7.37033333333333,7.68579166666667,12.699625,9.38004166666667,11.9055,10.58,8.47791666666667,6.91329166666667,13.0571666666667,12.2122916666667,12.0677083333333,9.956875,8.297,11.142,11.9055416666667,10.5878333333333,8.866,7.97283333333333,6.87408333333333,12.0647916666667,11.560625,12.3753333333333,11.6942916666667,7.73491666666667,12.5785833333333,7.71416666666667,8.26179166666667,5.2565,5.2015,12.1817083333333
2024-05-09,9.48120833333333,12.23775,10.4708333333333,10.2555416666667,10.4519583333333,11.0564166666667,7.0725,8.77790909090909,11.6785416666667,11.0967083333333,12.1669166666667,10.1857083333333,9.40645833333333,13.1397083333333,10.282,9.24541666666667,9.81625,6.768875,12.563875,9.143125,9.529375,13.6046666666667,13.2548333333333,9.9145,11.796,8.416,11.663875,7.86841666666667,4.91058333333333,15.3931666666667
2024-05-10,15.2595833333333,15.9405,12.5108333333333,13.64,17.0165416666667,11.3385416666667,8.571125,10.9179166666667,10.96,10.7714583333333,16.2275,11.5744166666667,11.3610416666667,17.4607916666667,10.222125,10.966,13.1653333333333,7.87245833333333,10.6093333333333,12.3407916666667,18.139875,12.6052083333333,13.1683333333333,15.4382916666667,16.66975,9.4125,10.9965,12.658375,5.14641666666667,14.6915
2024-05-11,22.5325416666667,11.2746666666667,10.6525416666667,15.4363333333333,13.2027083333333,12.2160833333333,8.07491666666667,15.6595833333333,15.5582916666667,19.940125,19.6561666666667,13.749,15.5345833333333,24.3711666666667,13.0189166666667,11.2057916666667,17.819375,7.46075,14.0850833333333,9.17745833333333,14.5185416666667,12.044125,26.073125,20.7625833333333,10.6771666666667,16.1449166666667,14.0105,15.6280416666667,6.52620833333333,12.0725833333333
2024-05-12,21.3079583333333,17.2239166666667,16.3385833333333,16.9685,18.9259166666667,13.958375,12.7929583333333,14.9892916666667,21.6913333333333,17.184625,19.647,16.23725,14.7612916666667,21.862375,17.8912083333333,16.1263333333333,22.54425,12.2435833333333,12.2750416666667,14.5618333333333,17.5590416666667,15.0089166666667,20.7822916666667,24.8192916666667,15.7351666666667,20.866875,13.4207916666667,20.1022083333333,12.7712916666667,15.605375
2024-05-13,7.36154166666667,13.0229583333333,9.13229166666667,10.845125,11.9605833333333,11.3855833333333,13.0110833333333,8.93779166666667,4.39370833333333,7.31929166666667,5.72520833333333,7.26420833333333,8.96620833333333,4.85266666666667,11.3069583333333,12.0637083333333,9.41665217391304,13.5192083333333,10.5700416666667,22.1413333333333,9.36720833333333,9.85654166666667,11.0142916666667,14.357375,15.0255416666667,3.20841666666667,14.8507916666667,16.933,11.09375,8.90916666666667
2024-05-14,5.25458333333333,15.757125,5.94541666666667,6.77279166666667,6.935,7.28875,18.8443333333333,6.326625,3.8955,4.33866666666667,4.97354166666667,4.32295833333333,6.36695833333333,6.71,10.040375,9.29245833333333,6.93591666666667,19.672875,7.95704166666667,27.1600416666667,6.57729166666667,7.442125,7.41431818181818,6.897625,18.20375,4.10470833333333,8.89345833333333,8.14275,14.0606666666667,6.33454166666667
2024-05-15,5.165125,7.25429166666667,7.79191666666667,6.64891666666667,9.478125,6.169375,17.9816666666667,5.01858333333333,4.343625,4.324875,5.02858333333333,8.20070833333333,5.07279166666667,5.99454166666667,9.75720833333333,7.318125,11.3227083333333,19.59225,7.73979166666667,10.09925,6.91925,7.40366666666667,6.50558333333333,8.12204166666667,6.76095833333333,4.66883333333333,7.45591666666667,6.878,12.2760833333333,7.22583333333333
2024-05-16,7.10495833333333,15.9061666666667,9.99508333333333,11.743375,11.7257083333333,10.1740833333333,13.2430833333333,8.70970833333333,5.43045833333333,6.18608333333333,5.33708333333333,10.2399166666667,8.7245,5.04420833333333,17.783125,15.709625,12.7801666666667,13.8042083333333,9.78491666666667,12.54925,13.014125,13.1929583333333,10.621125,6.82491666666667,16.3885,4.7445,6.3325,5.31445833333333,10.756375,12.8115416666667
2024-05-17,3.18595833333333,14.0841666666667,14.4772916666667,9.64041666666667,17.607125,8.4965,14.7672083333333,5.666375,5.92770833333333,4.909625,5.18175,8.14679166666667,5.52083333333333,5.50516666666667,17.152125,14.5303333333333,16.5006666666667,14.73175,8.828625,15.6250416666667,14.4635,8.19958333333333,5.15333333333333,3.91895833333333,16.09575,4.271875,7.28979166666667,4.739625,16.69725,7.63458333333333
2024-05-18,7.85470833333333,11.6795416666667,13.2539166666667,16.2264583333333,16.553625,15.4502916666667,19.1019166666667,16.7925,10.56325,11.5369166666667,9.52629166666667,13.0729583333333,16.1941666666667,7.67979166666667,18.5515416666667,14.7072916666667,8.911125,18.907375,15.049125,14.87825,19.7485833333333,15.9728333333333,11.957625,11.71875,11.49475,9.13272727272727,10.858,11.2125833333333,12.0184166666667,20.9897083333333
2024-05-19,13.9701666666667,13.877875,10.1130833333333,10.7400833333333,13.9780833333333,9.47825,14.2640833333333,11.7757916666667,11.921375,12.3812083333333,12.3280416666667,10.0226666666667,11.645125,13.415875,13.9427083333333,13.798125,3.37279166666667,14.284625,12.3792916666667,7.15225,12.2602083333333,9.32195833333333,14.3160416666667,14.90075,13.25375,9.67179166666667,14.0419583333333,13.847375,6.43975,10.7076666666667
2024-05-20,9.84675,7.04016666666667,5.35479166666667,12.1679583333333,6.85533333333333,8.58295833333333,3.98691666666667,10.1828333333333,13.54375,11.1841666666667,12.976625,14.0654166666667,9.95095833333333,13.08475,9.264875,7.521625,9.23158333333333,4.10679166666667,9.55295833333333,3.61229166666667,11.464375,9.98041666666667,12.625875,11.3060833333333,5.85795833333333,10.72525,7.94320833333333,9.609,2.74466666666667,11.9044583333333
2024-05-21,7.59333333333333,11.627375,7.24654166666667,12.08925,6.34241666666667,8.99475,6.191,10.9542916666667,8.19395833333333,8.944625,7.62679166666667,10.5287916666667,10.5100833333333,11.4987083333333,10.6073333333333,8.96829166666667,9.18233333333333,6.194,12.2150833333333,8.344125,9.28858333333333,9.41329166666667,9.87020833333333,9.381,9.644375,12.3614166666667,8.58595833333333,10.197625,6.44458333333333,10.8382916666667
2024-05-22,9.5765,3.63208333333333,8.41391666666667,6.65191666666667,10.9670833333333,4.39770833333333,6.76508333333333,6.215625,6.46429166666667,8.1545,6.86325,4.40454166666667,6.324625,7.422375,4.982375,5.57679166666667,7.02941666666667,6.37679166666667,4.72391666666667,4.43204166666667,7.02233333333333,6.658,8.636,8.16933333333333,3.78441666666667,10.165125,3.02879166666667,4.05958333333333,4.04183333333333,6.27358333333333
2024-05-23,6.709,2.01258333333333,4.25029166666667,2.72404166666667,5.742,1.2815,1.83170833333333,2.355625,4.71891666666667,4.50375,6.0515,1.308,2.347625,5.397,1.63729166666667,1.27541666666667,6.35108333333333,1.160625,2.07145833333333,4.19229166666667,6.08108333333333,1.71191666666667,4.996125,4.76720833333333,2.28666666666667,4.765125,2.499,4.20995833333333,0.267375,2.02345833333333
2024-05-24,4.45386956521739,4.42220833333333,4.576625,8.77370833333333,4.942,4.492,4.550875,5.116,5.25845833333333,5.52379166666667,5.38320833333333,4.49591666666667,5.06391666666667,5.432375,5.29883333333333,4.76320833333333,5.56404166666667,3.99179166666667,5.10820833333333,3.12208333333333,4.33179166666667,4.57645833333333,5.36166666666667,4.43391666666667,5.74004166666667,4.07341666666667,3.149625,4.41533333333333,1.77870833333333,4.954875
2024-05-25,5.38133333333333,7.62970833333333,8.02775,9.29141666666667,8.65179166666667,6.31779166666667,5.13575,5.96695833333333,6.76291666666667,6.827875,5.55041666666667,6.705,6.019125,7.3545,8.75204166666667,8.42179166666667,6.40625,5.02358333333333,6.514375,9.725875,8.15933333333333,7.14129166666667,7.562875,6.257875,11.2027916666667,5.37733333333333,6.22141666666667,5.75083333333333,4.222625,7.20908333333333
2024-05-26,5.907125,6.03866666666667,5.77933333333333,4.62366666666667,6.61458333333333,4.35341666666667,5.00295833333333,3.99079166666667,4.330875,3.80608333333333,5.02275,4.13433333333333,4.00166666666667,5.20445833333333,6.561625,5.68691666666667,8.75295833333333,5.09333333333333,4.757375,8.176125,5.11504166666667,5.29775,4.47333333333333,4.15195833333333,7.20708333333333,4.377,3.58208333333333,3.97904166666667,3.51220833333333,5.48554166666667
2024-05-27,4.673875,2.14920833333333,3.36979166666667,4.483125,4.15183333333333,2.65420833333333,3.71575,3.125,4.463625,2.725,3.76970833333333,2.48729166666667,3.15054166666667,4.16079166666667,2.298625,2.328,3.53679166666667,3.46020833333333,2.967875,2.01754166666667,2.57079166666667,2.70245833333333,3.51020833333333,3.186875,2.863625,3.84616666666667,2.20029166666667,2.952125,1.86708333333333,2.32708333333333
2024-05-28,4.565625,2.475375,3.58491666666667,3.5525,5.47070833333333,2.57383333333333,3.14666666666667,1.847375,2.21308333333333,2.63366666666667,3.639,2.74179166666667,1.82775,5.83925,3.331375,4.41041666666667,4.13325,2.91079166666667,2.42720833333333,3.81091666666667,2.89895833333333,3.3325,3.65958333333333,3.39520833333333,3.63504166666667,2.84195833333333,3.02095833333333,3.586,2.062875,2.90391666666667
2024-05-29,5.54645833333333,3.29308333333333,4.32391666666667,4.004625,5.11108333333333,2.920625,3.415875,3.243,4.51158333333333,3.61829166666667,4.36420833333333,2.441125,3.00995833333333,6.15658333333333,3.602625,3.42375,3.268375,2.57075,3.24683333333333,2.07458333333333,3.40608333333333,3.63908333333333,3.62829166666667,3.50329166666667,3.21341666666667,4.18145833333333,2.90095833333333,3.12120833333333,1.64016666666667,3.343125
2024-05-30,2.57375,3.48075,4.690375,5.19654166666667,5.90795833333333,3.71366666666667,3.14958333333333,4.15879166666667,3.27141666666667,2.960875,3.25383333333333,5.17883333333333,3.65275,4.839875,3.58391666666667,3.316625,5.27516666666667,2.723125,4.24733333333333,4.26891666666667,6.413125,5.574875,3.10545833333333,3.11620833333333,3.593875,4.35729166666667,3.01195833333333,3.074875,2.57175,5.37441666666667
2024-05-31,4.08425,7.51483333333333,13.8483333333333,13.7245,10.8402083333333,10.7684583333333,11.3886666666667,11.3847083333333,7.92366666666667,7.21304166666667,6.29425,9.353375,11.1222916666667,13.393375,12.74575,12.63175,11.7414583333333,10.5355833333333,10.696875,11.9349583333333,8.4365,12.77625,5.912,5.27420833333333,8.18495833333333,13.1889166666667,6.12716666666667,5.120875,15.4540416666667,11.7286666666667
2024-06-01,7.88125,7.181625,12.0382083333333,8.133,13.5397083333333,8.76966666666667,8.30479166666667,7.85866666666667,18.3944583333333,8.71654166666667,9.775,15.0335,7.370375,27.0470833333333,8.79220833333333,7.10008333333333,10.0344166666667,7.93445833333333,6.95166666666667,7.79091666666667,11.8110833333333,10.2389166666667,7.8775,8.34229166666667,7.87941666666667,18.279375,6.60779166666667,7.98445833333333,6.13216666666667,12.193375
2024-06-02,9.707125,10.30075,7.34775,9.86941666666667,6.883875,7.71920833333333,3.71266666666667,8.01991666666667,10.6722083333333,6.70591666666667,7.51283333333333,5.8245,7.61791666666667,18.524,6.92616666666667,6.57429166666667,4.92529166666667,3.06108333333333,7.39879166666667,8.71670833333333,6.75320833333333,10.9925416666667,11.7295833333333,11.329625,9.17645833333333,11.4613333333333,8.69004166666667,9.97845833333333,3.08279166666667,10.52975
2024-06-03,6.98516666666667,2.93045833333333,4.18933333333333,5.97095833333333,4.80341666666667,5.90808333333333,2.028375,4.955875,3.68520833333333,4.361375,4.042875,3.12,4.601,6.99495833333333,2.76241666666667,2.54616666666667,2.197375,1.57920833333333,4.69054166666667,1.596,4.57066666666667,6.762,6.35220833333333,6.225375,3.01991666666667,4.93320833333333,4.72104166666667,6.443625,1.096625,6.15758333333333
2024-06-04,7.31829166666667,4.51175,4.995125,6.18608333333333,6.44454166666667,4.92045833333333,4.5175,5.602375,4.86733333333333,4.661875,4.75145833333333,4.64725,5.260375,4.70508333333333,5.01579166666667,5.44225,4.96958333333333,4.01425,5.89820833333333,3.97025,4.20895833333333,4.98033333333333,6.15170833333333,5.729125,5.63875,5.46283333333333,4.651125,5.99541666666667,2.78395652173913,5.14945833333333
2024-06-05,9.147125,6.254875,6.66179166666667,9.81641666666667,7.81541666666667,9.17458333333333,7.00191666666667,8.982,10.44125,8.61541666666667,8.56233333333333,7.91479166666667,8.71754166666667,11.15175,6.91916666666667,6.723375,8.17029166666667,6.44070833333333,8.98283333333333,5.54345833333333,7.459875,8.739375,9.544,8.09558333333333,6.7955,9.64520833333333,7.20465217391304,7.2475,4.995125,8.92304166666667
2024-06-06,9.45275,12.5875,10.2497916666667,9.19529166666667,11.5242916666667,10.0835,5.63183333333333,8.8435,7.843,9.34470833333333,9.0665,8.3785,8.74916666666667,7.63366666666667,9.41333333333333,9.15208333333333,12.1894166666667,5.08166666666667,11.2884166666667,7.852875,9.67375,9.78483333333333,10.8294166666667,11.463375,10.8108333333333,5.94641666666667,8.82379166666667,10.744125,4.01141666666667,9.696375
2024-06-07,6.45933333333333,6.328625,7.271125,7.30058333333333,8.92804166666667,5.36554166666667,7.60216666666667,5.27716666666667,5.968,6.22933333333333,7.452875,4.61475,5.31545833333333,7.58070833333333,5.78725,6.09079166666667,8.873875,6.81508333333333,5.91983333333333,7.2435,5.041375,5.791125,7.924625,7.366375,7.06366666666667,4.63358333333333,6.15054166666667,7.366375,6.14975,5.86483333333333
2024-06-08,3.97916666666667,3.859125,4.73766666666667,4.365125,5.53558333333333,4.01429166666667,6.14479166666667,4.67275,3.090625,3.67929166666667,2.88120833333333,3.47195833333333,3.747125,2.55604166666667,3.85708333333333,3.54070833333333,6.77470833333333,5.40783333333333,4.44966666666667,4.16570833333333,4.29445833333333,4.33083333333333,4.31616666666667,4.64333333333333,4.451625,3.31866666666667,3.52,4.33470833333333,3.982,4.45358333333333
2024-06-09,4.78675,4.51158333333333,6.378625,4.76625,7.13845833333333,3.99766666666667,3.05241666666667,4.070375,5.25258333333333,5.08745833333333,5.46491666666667,3.63595833333333,3.88570833333333,5.53954166666667,5.364625,5.3725,5.06483333333333,2.75741666666667,4.27770833333333,3.41883333333333,4.97854166666667,4.344625,5.31841666666667,4.92825,4.54316666666667,5.448125,3.7825,4.007625,2.346625,4.54995833333333
2024-06-10,2.83608333333333,3.55754166666667,2.604125,3.01783333333333,3.17516666666667,2.56291666666667,2.61216666666667,2.94520833333333,5.08466666666667,2.9275,3.531875,2.78779166666667,2.61883333333333,4.145125,3.02375,3.54170833333333,5.27716666666667,2.15016666666667,3.107375,3.336375,3.18495833333333,3.28616666666667,3.506375,3.43941666666667,3.41591666666667,4.17454166666667,3.25575,3.74016666666667,2.026375,2.975625
2024-06-11,4.55691666666667,2.92070833333333,3.17995833333333,4.95875,3.637,3.70095833333333,2.523625,4.50366666666667,5.446125,3.544625,3.43358333333333,4.5745,4.09608333333333,5.16904166666667,3.15741666666667,5.09433333333333,4.27383333333333,2.069625,3.91016666666667,2.79391666666667,3.93566666666667,4.43104166666667,4.17058333333333,3.28320833333333,3.27158333333333,4.91154166666667,3.061125,3.18591666666667,1.628375,3.78045833333333
2024-06-12,4.23441666666667,5.02266666666667,4.44195833333333,5.85995833333333,4.08716666666667,4.894875,4.04683333333333,4.77991666666667,4.7975,5.35670833333333,4.8535,3.72545833333333,4.57058333333333,5.28604166666667,4.93708333333333,5.138625,5.95625,3.711625,5.32633333333333,4.98825,3.79720833333333,5.68791666666667,6.33658333333333,4.17745833333333,5.91979166666667,4.73366666666667,5.97983333333333,3.71070833333333,3.46691666666667,4.79558333333333
2024-06-13,4.93904166666667,5.29491666666667,4.83691666666667,6.25104166666667,5.7725,5.05408333333333,4.31983333333333,4.27666666666667,5.32529166666667,4.878125,5.506125,4.77495833333333,4.22366666666667,6.37875,5.986625,7.719125,5.07570833333333,4.16570833333333,4.97654166666667,6.15175,4.76816666666667,5.74783333333333,5.491375,5.26345833333333,6.65395833333333,4.56366666666667,5.19654166666667,5.577,3.653625,5.18475
2024-06-14,4.49604166666667,2.636625,3.92204166666667,4.31908333333333,3.97808333333333,2.81933333333333,3.117125,2.07941666666667,3.42466666666667,2.71420833333333,4.00054166666667,2.50408333333333,2.03129166666667,5.74395833333333,3.03854166666667,3.33333333333333,3.11325,2.88916666666667,2.17770833333333,3.191875,2.83804166666667,3.02179166666667,3.08175,3.32941666666667,3.08079166666667,3.69991666666667,2.301375,3.41295833333333,0.921791666666667,2.68675
2024-06-15,7.51379166666667,2.88820833333333,4.11158333333333,4.21291666666667,3.13,2.76825,3.675375,3.487625,4.91254166666667,4.08120833333333,6.00245833333333,2.56875,3.35891666666667,9.21883333333333,3.03366666666667,3.19675,4.08116666666667,3.47583333333333,3.39529166666667,3.861,2.55408333333333,2.89695833333333,4.72483333333333,4.26308333333333,4.42525,5.07183333333333,2.89304166666667,4.06745833333333,2.50208333333333,4.50279166666667
2024-06-16,5.97295833333333,3.13879166666667,4.43208333333333,3.034625,4.36025,2.31033333333333,3.293125,3.31766666666667,3.589875,4.95283333333333,5.26241666666667,2.955,3.12795833333333,6.029,3.35504166666667,3.37170833333333,4.60783333333333,2.69754166666667,3.22416666666667,2.05679166666667,3.152625,3.96141666666667,5.31858333333333,5.08754166666667,3.76583333333333,3.14375,3.640875,4.996,1.87504166666667,3.26366666666667
2024-06-17,3.927875,4.22075,4.35141666666667,5.10225,5.20629166666667,4.10779166666667,2.95904166666667,3.858,4.71008333333333,3.217375,3.71270833333333,4.189375,3.771625,4.67775,4.834875,4.47925,4.313125,2.396875,4.46945833333333,2.79583333333333,4.04283333333333,4.311125,3.63995833333333,3.51816666666667,4.07425,3.546625,3.54954166666667,4.27783333333333,2.13354166666667,4.551875
2024-06-18,4.67866666666667,5.24370833333333,4.21570833333333,6.49179166666667,3.4415,4.76116666666667,1.96641666666667,5.937625,4.35045833333333,4.94766666666667,5.34691666666667,3.359875,5.45416666666667,4.213875,4.75625,4.221875,3.969125,1.83770833333333,5.353875,3.13675,2.99325,5.12670833333333,6.33654166666667,6.32470833333333,4.72091666666667,3.530875,4.8575,6.21766666666667,1.665625,4.314125
2024-06-19,5.00004166666667,3.600625,4.95675,5.98183333333333,5.220125,4.32883333333333,3.22329166666667,3.351125,4.04875,3.51020833333333,5.4295,4.94408333333333,3.37358333333333,7.360375,5.29570833333333,5.39795833333333,5.630875,3.01795833333333,3.41295833333333,4.468375,5.752875,4.68854166666667,4.86641666666667,4.99420833333333,3.63904166666667,5.20933333333333,2.551125,5.48025,2.495125,5.04229166666667
2024-06-20,4.697375,4.34854166666667,7.106,6.43270833333333,7.8045,5.39966666666667,5.77625,3.849375,4.713,3.369625,3.19379166666667,6.04475,3.68420833333333,4.51054166666667,5.49920833333333,6.63425,9.39279166666667,5.444125,3.71266666666667,6.99004166666667,7.10304166666667,6.25295833333333,5.043375,4.17941666666667,5.72716666666667,5.037375,3.19170833333333,4.76025,4.12645833333333,9.227625
2024-06-21,7.11879166666667,5.37733333333333,6.96841666666667,7.90979166666667,7.29466666666667,6.76304166666667,6.04166666666667,6.17833333333333,6.89266666666667,5.84316666666667,6.216625,5.688875,5.853125,6.57441666666667,6.2185,7.41754166666667,7.12066666666667,5.92579166666667,5.64854166666667,6.04554166666667,5.96616666666667,6.67358333333333,6.52125,6.471125,6.54970833333333,5.11116666666667,4.86254166666667,6.26470833333333,4.9715,6.76104166666667
2024-06-22,3.940625,4.67775,4.00758333333333,4.30525,4.69929166666667,4.035125,3.96425,3.90933333333333,4.13320833333333,3.05041666666667,3.727375,3.32645833333333,3.89933333333333,5.91483333333333,4.91741666666667,4.61679166666667,5.08358333333333,3.13383333333333,4.12054166666667,3.85325,4.325875,4.61875,3.730375,3.53670833333333,4.84370833333333,3.92204166666667,3.59854166666667,3.27733333333333,1.91829166666667,4.424125
2024-06-23,3.76575,6.08095833333333,4.85370833333333,3.56233333333333,5.56595833333333,3.51025,2.46958333333333,3.073875,4.65020833333333,3.78058333333333,4.04283333333333,3.97308333333333,2.944125,4.66695833333333,5.28104166666667,5.38916666666667,4.25116666666667,2.21504166666667,3.41504166666667,3.91020833333333,4.266,3.50616666666667,5.82933333333333,5.160125,4.6885,3.23708333333333,3.78045833333333,4.77004166666667,1.7305,4.14695833333333
2024-06-24,4.30233333333333,5.49233333333333,6.54183333333333,6.540875,7.37516666666667,8.00708333333333,4.58329166666667,4.30429166666667,4.28954166666667,4.86541666666667,4.919375,5.24670833333333,4.39175,3.45129166666667,5.91879166666667,6.502625,7.97183333333333,4.46445833333333,4.93408333333333,5.7105,6.50945833333333,6.075125,5.89220833333333,6.26966666666667,5.44725,4.923375,5.002875,7.410625,3.06908333333333,6.81895833333333
2024-06-25,7.04508333333333,9.78683333333333,6.24808333333333,7.13933333333333,5.21516666666667,6.73554166666667,4.486,6.334625,5.81470833333333,7.29366666666667,8.23804166666667,6.49366666666667,6.9585,4.71716666666667,10.3715416666667,10.4727083333333,4.76120833333333,4.2895,6.83175,8.01595833333333,5.662375,10.446125,9.02525,10.122875,9.57358333333333,4.1215,7.158,8.65075,3.33733333333333,8.75433333333333
2024-06-26,11.4879166666667,8.822875,11.424,11.7452916666667,11.4986666666667,10.3529166666667,7.03420833333333,9.97454166666667,10.363625,9.847625,11.816,11.0122083333333,9.787875,7.53641666666667,18.0219583333333,15.4619583333333,6.45345833333333,7.367375,10.7577916666667,8.43654166666667,10.3841666666667,12.9098333333333,14.4183333333333,12.7102916666667,8.08379166666667,6.50454166666667,8.61245833333333,10.9375,4.51158333333333,11.6707083333333
2024-06-27,13.586,5.36258333333333,3.84254166666667,6.25108333333333,4.87616666666667,5.21529166666667,2.82729166666667,6.72375,7.23175,7.26433333333333,8.96220833333333,6.57625,6.65683333333333,6.42504166666667,5.42854166666667,5.76241666666667,3.74895833333333,2.68270833333333,5.84325,4.12641666666667,3.60654166666667,4.37004166666667,9.53620833333333,10.3234166666667,6.81891666666667,5.28016666666667,8.11133333333333,10.844125,2.10108333333333,4.2955
2024-06-28,5.23275,3.48358333333333,5.10816666666667,4.606875,5.9345,3.05229166666667,4.63641666666667,3.51916666666667,4.67083333333333,4.59916666666667,5.46195833333333,4.01145833333333,3.34725,6.55170833333333,3.60745833333333,3.912125,5.01575,4.21879166666667,3.31570833333333,3.46004166666667,3.99670833333333,3.00908333333333,4.83108333333333,4.57158333333333,3.55354166666667,4.55483333333333,3.33433333333333,4.180375,2.681875,3.261625
2024-06-29,5.03545833333333,5.36658333333333,3.76570833333333,5.08545833333333,3.39529166666667,4.97358333333333,5.1445,5.06983333333333,5.15433333333333,4.70708333333333,6.40629166666667,3.02083333333333,4.74458333333333,5.36170833333333,4.00154166666667,4.33183333333333,6.04479166666667,4.64908333333333,4.686625,4.081125,2.83016666666667,4.39954166666667,6.242125,5.59458333333333,5.98858333333333,3.871875,4.385875,5.52770833333333,3.35983333333333,4.069375
2024-06-30,4.77491666666667,4.09295833333333,5.61425,4.940125,6.40629166666667,4.35441666666667,5.62604166666667,5.05120833333333,3.331375,4.09095833333333,4.27770833333333,4.54104166666667,4.30720833333333,4.27079166666667,4.56066666666667,4.74745833333333,4.65320833333333,5.3725,4.21483333333333,5.89229166666667,5.01870833333333,5.29983333333333,4.838875,4.63841666666667,4.41141666666667,2.963875,4.30229166666667,5.24770833333333,4.62745833333333,5.347875
2024-07-01,4.35445833333333,3.919,4.27679166666667,4.92273913043478,5.18770833333333,3.63404166666667,3.75695833333333,3.87483333333333,3.48858333333333,3.54570833333333,4.19129166666667,2.84404166666667,3.63691666666667,4.20008333333333,3.66058333333333,3.49745833333333,5.62883333333333,3.473875,4.272875,2.85383333333333,3.85916666666667,4.25508333333333,4.430125,4.47520833333333,4.11558333333333,3.76079166666667,4.00845833333333,4.5235,2.34570833333333,3.96225
2024-07-02,3.53779166666667,4.33679166666667,6.69616666666667,7.84995833333333,8.51125,6.32483333333333,6.18816666666667,6.95554166666667,5.4285,5.59158333333333,6.03975,6.76195833333333,6.60779166666667,7.108,5.46583333333333,5.00795833333333,5.76266666666667,5.857875,5.51495833333333,4.39658333333333,8.13583333333333,7.74270833333333,5.47172727272727,4.70908333333333,4.599125,7.00179166666667,4.47829166666667,4.49008333333333,4.37795833333333,8.004125
2024-07-03,5.28695833333333,3.55254166666667,4.203,3.95375,5.166125,2.87345833333333,2.88233333333333,3.20066666666667,4.907625,3.9465,5.00395833333333,2.93829166666667,3.333375,5.94925,3.685125,4.06645833333333,3.83878260869565,2.60708333333333,3.13379166666667,2.30933333333333,3.97225,3.08175,5.82141666666667,5.2555,4.72091666666667,3.13970833333333,3.88554166666667,4.483125,1.51452173913043,3.35795833333333
2024-07-04,5.91208333333333,4.68066666666667,6.24020833333333,5.23,7.87254166666667,4.63131818181818,5.509125,4.45858333333333,5.88841666666667,4.78966666666667,4.84475,5.17983333333333,4.43195833333333,6.99004166666667,5.3155,5.402875,4.94595833333333,5.12579166666667,4.512625,4.02908333333333,5.4305,5.37929166666667,4.717,4.41729166666667,5.09341666666667,5.81083333333333,4.44875,4.69133333333333,3.40025,5.73804166666667
2024-07-05,3.93875,4.42325,4.69441666666667,4.938125,4.96175,3.457125,3.92095833333333,2.52354166666667,2.51779166666667,2.59045833333333,3.25679166666667,4.40358333333333,2.39875,2.56483333333333,4.68741666666667,5.0295,4.572625,3.38941666666667,3.10441666666667,3.506375,3.830625,4.78379166666667,3.12504166666667,3.202625,4.90275,1.64904166666667,2.45483333333333,3.642,2.52458333333333,5.14741666666667
2024-07-06,3.938625,3.19775,4.30029166666667,3.61629166666667,4.53220833333333,3.25179166666667,2.82920833333333,3.19383333333333,2.42041666666667,1.96729166666667,2.37920833333333,2.36545833333333,3.17129166666667,4.14208333333333,3.27341666666667,3.258625,2.86366666666667,2.37808333333333,3.67241666666667,2.64841666666667,2.72504166666667,3.42470833333333,1.94970833333333,1.85141666666667,3.41795833333333,2.54425,2.78408333333333,2.05291666666667,1.60575,3.87579166666667
2024-07-07,7.34966666666667,2.59825,3.14283333333333,2.92354166666667,3.15641666666667,2.29454166666667,2.42333333333333,2.37516666666667,2.54133333333333,2.39791666666667,3.72354166666667,1.79545833333333,2.19729166666667,3.74616666666667,2.50783333333333,2.31133333333333,2.8735,1.97525,2.405625,2.41454166666667,1.97220833333333,2.34566666666667,3.00325,3.04045833333333,3.0365,2.89904166666667,2.48416666666667,2.959875,1.77766666666667,2.11679166666667
2024-07-08,3.24583333333333,4.34745833333333,3.26458333333333,3.93391666666667,3.574125,3.33825,2.31525,2.80458333333333,2.91075,3.24879166666667,3.47979166666667,2.40479166666667,2.95704166666667,3.02579166666667,2.81445833333333,3.39816666666667,4.066375,2.07458333333333,2.85083333333333,3.31758333333333,2.555,3.60158333333333,3.592875,3.40016666666667,4.39566666666667,2.10604166666667,2.95908333333333,3.244,1.612625,3.21341666666667
2024-07-09,3.25079166666667,5.66341666666667,2.64745833333333,3.19004545454545,3.56525,2.27495833333333,2.846,2.52754166666667,2.11679166666667,3.7185,3.94758333333333,2.44695833333333,2.60808333333333,5.975875,3.26941666666667,4.61391666666667,4.226625,2.93429166666667,2.81254166666667,5.26625,2.51295454545455,2.05583333333333,4.57554166666667,4.277625,6.25104166666667,1.55966666666667,4.143,4.50279166666667,1.86630434782609,1.94383333333333
2024-07-10,3.350125,1.88291666666667,2.49904347826087,2.37225,3.63608333333333,1.25395833333333,0.889333333333333,1.65779166666667,2.08729166666667,2.25122727272727,2.679875,1.18116666666667,1.56541666666667,3.53470833333333,2.00958333333333,2.94716666666667,2.67204166666667,0.864666666666667,1.62445833333333,2.29458333333333,1.73554166666667,1.425875,2.34995454545455,2.36541666666667,2.77225,2.08825,2.22095833333333,2.449,0.464791666666667,1.319875
2024-07-11,3.925,4.32595833333333,2.59925,4.48216666666667,2.89904166666667,2.31829166666667,2.45183333333333,2.61404166666667,3.01304166666667,3.68916666666667,4.8625,2.98441666666667,2.56891666666667,3.91508333333333,4.42416666666667,3.67529166666667,4.552875,2.27208333333333,2.461625,2.89108333333333,2.67495833333333,2.46070833333333,3.69895833333333,3.60066666666667,4.18145833333333,2.26229166666667,2.22783333333333,3.04641666666667,2.557125,2.65133333333333
2024-07-12,4.90770833333333,4.24629166666667,4.66008333333333,6.1105,4.38583333333333,4.67475,2.59345833333333,5.462875,4.46941666666667,4.488,5.34291666666667,5.08354166666667,5.14445833333333,4.03020833333333,5.401,5.371625,4.201,2.291625,4.894875,3.523,3.93179166666667,5.45704166666667,5.07083333333333,4.93425,4.548,2.308375,4.265875,4.73070833333333,1.88766666666667,5.84029166666667
2024-07-13,4.59129166666667,2.76045833333333,4.344625,5.719375,3.96716666666667,5.14645833333333,3.28925,5.18583333333333,5.25358333333333,4.29733333333333,5.75475,3.431625,4.80345833333333,4.12941666666667,3.69591666666667,3.76183333333333,5.99158333333333,3.192875,4.509625,2.67295833333333,3.60654166666667,5.85991666666667,4.551875,4.07925,2.70158333333333,3.25375,4.61779166666667,3.75108695652174,2.72120833333333,5.02954166666667
2024-07-14,4.25808333333333,1.73641666666667,3.617375,4.72595833333333,3.81583333333333,4.17841666666667,5.07858333333333,4.767125,4.786875,4.385875,4.45366666666667,3.816,4.480125,3.89654166666667,3.20858333333333,2.82920833333333,5.85,4.83883333333333,3.878875,2.82429166666667,2.45966666666667,3.96429166666667,4.422125,4.12929166666667,2.05183333333333,4.53316666666667,4.84879166666667,4.834875,2.899,3.84433333333333
2024-07-15,7.77820833333333,7.08725,6.114375,10.1965833333333,6.80620833333333,5.768625,3.89158333333333,5.691875,4.95779166666667,5.279125,5.94641666666667,5.89825,5.43925,5.175,5.67508333333333,5.79308333333333,6.428875,3.639875,5.86683333333333,6.94583333333333,6.54679166666667,5.93166666666667,6.077,6.58120833333333,8.19783333333333,4.36020833333333,5.475625,7.54141666666667,3.6065,5.363625
2024-07-16,5.06191666666667,5.21533333333333,5.69770833333333,5.57995833333333,6.98608333333333,5.20308695652174,4.97545833333333,4.87016666666667,4.678,3.979875,4.79170833333333,4.89883333333333,4.383875,4.609875,7.80954166666667,8.29804166666667,5.42558333333333,4.66495833333333,6.42295833333333,6.28345833333333,5.95020833333333,5.289,3.69508333333333,3.99958333333333,5.88745833333333,5.76754166666667,4.83983333333333,3.582,5.70266666666667,5.71841666666667
2024-07-17,6.158625,4.13329166666667,5.53558333333333,7.501125,5.396125,5.6015,3.37958333333333,5.16516666666667,6.02983333333333,5.87654166666667,6.60383333333333,4.71504166666667,5.122875,4.73654166666667,5.07079166666667,5.14741666666667,5.396125,3.23704166666667,5.40595833333333,3.0985,5.223125,6.5655,6.198875,5.840125,4.64525,3.805125,5.732125,6.41020833333333,2.41941666666667,5.56995833333333
2024-07-18,8.903375,5.40195833333333,6.57125,7.54533333333333,5.592625,5.89820833333333,2.34283333333333,4.83791666666667,6.67258333333333,5.42239130434783,8.41391666666667,4.854625,4.79070833333333,6.742375,5.8765,7.48429166666667,4.9775,2.14725,4.980375,6.11245833333333,6.34341666666667,6.90045833333333,6.886875,7.02833333333333,6.55954166666667,5.395125,6.559625,12.36925,2.46170833333333,6.52029166666667
2024-07-19,8.12895833333333,7.44691666666667,5.52970833333333,8.34516666666667,6.13891666666667,6.83558333333333,1.32175,7.42929166666667,8.414875,6.81604347826087,8.45908333333333,4.32495833333333,7.22091666666667,6.90841666666667,7.11775,8.06516666666667,7.92466666666667,1.31191666666667,6.608875,6.5645,5.57491666666667,6.69825,9.24133333333333,10.0452916666667,9.81529166666667,4.21091666666667,6.63625,16.534,1.65191666666667,6.135125
2024-07-20,3.34020833333333,4.7475,3.27825,3.29308333333333,3.06516666666667,2.81645833333333,2.996375,2.88720833333333,2.85979166666667,2.98441666666667,2.80658333333333,1.46916666666667,2.95508333333333,2.73883333333333,2.52075,2.83995833333333,4.13041666666667,2.64145833333333,3.05029166666667,4.52729166666667,1.85525,2.72108333333333,4.93733333333333,5.743,6.28141666666667,1.78170833333333,5.84516666666667,6.53604166666667,1.11733333333333,2.37820833333333
2024-07-21,2.83220833333333,2.861625,3.11420833333333,3.06604166666667,3.088625,3.32845833333333,3.585,2.93429166666667,2.54220833333333,2.631625,2.92558333333333,2.14441666666667,2.69266666666667,3.51816666666667,3.39129166666667,2.79770833333333,3.740125,3.35204166666667,3.217375,2.25620833333333,2.37420833333333,2.87533333333333,2.665125,2.78008333333333,2.42233333333333,2.50983333333333,2.723125,2.86854166666667,2.26720833333333,2.73595833333333
2024-07-22,4.56066666666667,2.636625,2.91475,3.867875,3.29278260869565,2.92158333333333,3.15645833333333,2.902,2.896875,3.18104166666667,3.78045833333333,2.281875,2.73970833333333,3.31183333333333,2.85875,3.09860869565217,3.11029166666667,2.70645833333333,2.88925,4.038875,2.322125,2.35458333333333,3.69120833333333,3.75795833333333,3.32754166666667,2.65233333333333,3.26854166666667,3.52108333333333,2.37820833333333,2.509875
2024-07-23,3.876875,6.967375,3.97808333333333,3.52883333333333,3.88275,3.58391666666667,5.526875,3.580875,4.48908333333333,3.56425,3.47591666666667,3.049375,3.60654166666667,3.578125,4.36322727272727,5.28308333333333,3.50933333333333,5.34891666666667,3.67733333333333,5.02158333333333,4.02425,4.10183333333333,4.19820833333333,3.84333333333333,4.095,2.75254166666667,3.485625,4.29054166666667,3.72545833333333,4.072375
2024-07-24,5.95908333333333,4.90183333333333,4.60191666666667,6.19004166666667,3.85425,4.72866666666667,2.61016666666667,4.711125,4.65904166666667,4.18333333333333,3.80895833333333,5.95229166666667,4.59804166666667,2.71916666666667,4.6335,4.47520833333333,4.72591666666667,2.533375,4.35045833333333,6.02008333333333,2.73679166666667,4.96417391304348,6.43479166666667,5.704625,5.66329166666667,2.01845833333333,4.67460869565217,5.03154166666667,2.123625,4.70320833333333
2024-07-25,3.70770833333333,2.91575,2.63266666666667,4.38095833333333,2.62679166666667,2.67595833333333,2.77120833333333,2.069625,2.26225,2.44408333333333,3.50820833333333,4.32683333333333,1.94675,2.65929166666667,2.64254166666667,2.89604166666667,4.196125,2.5855,2.28579166666667,2.10508333333333,2.08145833333333,2.55430434782609,2.842125,2.50304166666667,4.07733333333333,2.93145833333333,2.54416666666667,2.54329166666667,1.89375,2.07845833333333
2024-07-26,4.98829166666667,4.25116666666667,4.36033333333333,6.01920833333333,5.17491666666667,4.02029166666667,4.33958333333333,4.25616666666667,5.11891666666667,4.86245833333333,5.71245833333333,3.22225,3.966125,6.21458333333333,4.68654166666667,4.71716666666667,4.556875,4.125375,4.3455,3.0975,4.16075,3.77945833333333,5.58966666666667,5.28983333333333,5.56029166666667,4.697375,4.97541666666667,5.19458333333333,2.86070833333333,3.84041666666667
2024-07-27,4.64133333333333,3.88479166666667,4.668875,5.307625,5.280125,4.29054166666667,4.19525,4.26591666666667,4.68258333333333,4.20591666666667,4.489,4.26495833333333,4.33266666666667,4.94708333333333,4.22966666666667,4.27870833333333,5.62795833333333,3.83754166666667,4.6895,4.06641666666667,4.36725,4.89670833333333,5.393125,4.48204166666667,5.018625,3.22720833333333,3.40591666666667,4.50775,2.84879166666667,4.35629166666667
2024-07-28,4.22858333333333,5.48558333333333,5.27120833333333,7.29770833333333,6.25891666666667,8.03070833333333,3.79025,5.06,4.47029166666667,4.60791666666667,5.79695833333333,4.993125,5.04129166666667,4.61375,5.289,5.48454166666667,4.2935,3.626125,5.65645833333333,4.1165,4.54120833333333,6.43870833333333,5.73516666666667,4.09491666666667,4.8005,3.01483333333333,4.1755,3.98004166666667,3.04158333333333,5.20741666666667
2024-07-29,6.47904166666667,5.13958333333333,5.17395833333333,7.79683333333333,5.24366666666667,7.27491666666667,4.41820833333333,5.30854166666667,5.95620833333333,6.32079166666667,7.59234782608696,4.3445,5.54745833333333,6.53434782608696,6.23333333333333,7.7025,4.79452380952381,4.16475,5.45508333333333,5.21041666666667,5.065,6.29333333333333,8.13291666666667,8.00808333333333,5.877625,3.72854545454545,5.6545,10.3243333333333,2.98833333333333,5.94633333333333
2024-07-30,8.81879166666667,6.36608695652174,5.302625,6.32370833333333,5.21620833333333,5.741875,4.49279166666667,8.586875,6.79941666666667,9.2915,10.0895833333333,4.35141666666667,8.38933333333333,5.966,7.85279166666667,9.71908333333333,5.80083333333333,4.16966666666667,7.52858333333333,4.38879166666667,4.05170833333333,5.02570833333333,12.6023333333333,12.3399166666667,6.88027272727273,3.07779166666667,8.56825,10.306625,3.534875,5.20145833333333
2024-07-31,8.25966666666667,5.75179166666667,8.521,8.49854166666667,8.40325,7.76925,5.91559090909091,8.701875,8.29808333333333,8.107375,11.5172916666667,7.58854166666667,8.62525,10.2240833333333,7.76054166666667,7.52354166666667,7.692625,5.67025,7.91170833333333,6.04266666666667,7.21795833333333,8.06316666666667,8.864,7.980625,5.46083333333333,6.39577272727273,6.9675,6.273625,4.835,8.94070833333333
2024-08-01,10.5413636363636,7.241625,8.7805,10.5237916666667,7.33072727272727,9.485125,6.24808333333333,9.02116666666667,11.4956666666667,8.41108333333333,9.05554166666667,7.56591666666667,9.06645833333333,7.91870833333333,10.0462916666667,9.37795833333333,7.406625,5.8294347826087,8.46704166666667,10.04325,6.91133333333333,9.372125,9.41029166666667,8.15941666666667,7.212125,5.64079166666667,6.87695833333333,7.0185,4.87129166666667,8.53091666666667
2024-08-02,12.5765833333333,8.06020833333333,7.57866666666667,9.30033333333333,6.58520833333333,8.03066666666667,5.63770833333333,8.802125,6.06559090909091,10.4176666666667,6.827875,5.42454166666667,9.03795833333333,5.58954166666667,7.22383333333333,8.177125,7.47445833333333,5.391125,8.84825,8.62916666666667,5.51591666666667,7.42629166666667,14.8231666666667,11.2599166666667,9.501875,5.13558333333333,8.704875,10.3812916666667,4.72675,7.92358333333333
2024-08-03,7.839125,5.68883333333333,6.15970833333333,5.91491666666667,6.12720833333333,6.56545833333333,6.30116666666667,5.72829166666667,6.88283333333333,5.53754166666667,6.00241666666667,5.33704166666667,5.50416666666667,7.557,5.65841666666667,5.513,6.5635,6.13016666666667,6.20779166666667,5.10229166666667,5.98566666666667,6.34533333333333,5.98279166666667,5.79008333333333,5.739,6.00145833333333,4.92233333333333,5.437375,4.30225,6.54291666666667
2024-08-04,6.18525,5.023625,5.25754166666667,6.05945833333333,4.58129166666667,5.90125,3.60658333333333,5.27920833333333,6.63720833333333,5.41666666666667,6.61270833333333,5.50504166666667,5.07770833333333,7.66708333333333,5.63191666666667,5.34104166666667,6.33558333333333,3.58108333333333,5.24466666666667,4.59820833333333,5.2035,5.48745833333333,6.16358333333333,6.57729166666667,5.95129166666667,6.36,5.005875,6.598,2.54133333333333,5.67225
2024-08-05,6.30604166666667,4.25616666666667,3.40408333333333,7.729875,3.21745833333333,5.74,1.684375,4.85752173913043,6.67070833333333,5.69875,6.045625,2.54516666666667,4.87472727272727,8.929875,4.86645833333333,5.22208333333333,3.47004166666667,1.40420833333333,4.72983333333333,3.76375,2.810625,4.794625,6.49375,6.59191666666667,5.48358333333333,4.233625,4.654125,6.68841666666667,0.446083333333333,4.13720833333333
2024-08-06,5.55329166666667,3.74616666666667,3.72745833333333,4.6885,4.24429166666667,3.64775,3.60666666666667,3.79033333333333,4.41633333333333,4.48416666666667,4.78183333333333,3.089625,3.87870833333333,4.572625,3.4895,3.71075,4.76808333333333,3.429625,3.84972727272727,3.24204166666667,3.23904166666667,3.4415,4.70508333333333,4.77704166666667,4.31704166666667,4.62083333333333,3.56333333333333,4.5755,2.59733333333333,3.39129166666667
2024-08-07,4.86369565217391,4.05170833333333,5.767625,6.03875,6.98020833333333,4.861375,4.15979166666667,5.05795833333333,6.252,4.75545833333333,5.71145833333333,4.41041666666667,4.78291666666667,7.60120833333333,4.72970833333333,5.13958333333333,3.504375,3.93191666666667,4.5255,4.40058333333333,5.10608333333333,4.58241666666667,4.752375,4.73370833333333,5.3285652173913,6.14783333333333,3.711625,4.36520833333333,2.318125,4.741625
2024-08-08,5.61320833333333,4.10570833333333,3.60070833333333,4.8545,4.81729166666667,4.10383333333333,3.44725,4.28754166666667,3.90920833333333,5.057,6.46516666666667,2.95104166666667,3.93981818181818,7.162,3.41783333333333,4.367125,3.985875,3.30975,4.35729166666667,4.19816666666667,3.044375,3.642875,5.27516666666667,5.35470833333333,5.12183333333333,2.81090909090909,4.482125,5.45095833333333,1.7945,3.19779166666667
2024-08-09,5.04820833333333,3.129,5.16704166666667,3.30183333333333,6.161625,2.76933333333333,5.59258333333333,2.78995833333333,4.70229166666667,3.688125,4.383875,3.70095833333333,2.51475,7.11870833333333,3.53779166666667,3.431625,6.04070833333333,5.275125,2.750625,3.52008333333333,4.5745,3.13291666666667,3.577125,3.65275,3.59570833333333,5.64958333333333,2.31920833333333,3.26154166666667,3.07183333333333,3.39729166666667
2024-08-10,5.39895833333333,5.03833333333333,7.49216666666667,5.8275,6.86029166666667,5.600625,6.63333333333333,5.43341666666667,5.26829166666667,5.59945833333333,7.30745833333333,4.524375,4.947,7.16008333333333,5.19066666666667,5.01866666666667,6.91141666666667,6.12033333333333,5.35783333333333,6.26379166666667,5.35570833333333,5.69970833333333,6.04566666666667,5.77533333333333,5.63975,2.937375,4.68070833333333,8.01404166666667,4.57358333333333,5.54445833333333
2024-08-11,5.22416666666667,6.88970833333333,7.071625,6.785625,5.94745833333333,5.58470833333333,5.11495833333333,5.11504166666667,4.571625,5.52958333333333,5.39704166666667,4.72491666666667,5.20925,4.56466666666667,5.75179166666667,5.716375,6.866125,4.98820833333333,5.596625,5.32908333333333,6.18708333333333,5.52975,5.69179166666667,5.89029166666667,6.54770833333333,4.03404545454545,4.24529166666667,6.30875,3.915125,6.30995833333333
2024-08-12,6.473125,9.19233333333333,5.40683333333333,7.17170833333333,5.03645833333333,6.26775,4.70029166666667,6.43670833333333,5.28775,5.95129166666667,6.15966666666667,4.42416666666667,6.36995833333333,6.89175,8.644,8.09954166666667,5.85891666666667,4.38179166666667,6.84066666666667,6.758125,4.98329166666667,6.87408333333333,7.57083333333333,8.32345833333333,9.27291666666667,4.45066666666667,6.5665,9.38595833333333,4.08604166666667,6.136125
2024-08-13,3.6675,3.67629166666667,4.46058333333333,5.94145833333333,4.4615,3.99270833333333,4.65016666666667,4.116625,4.85358333333333,4.014375,4.24445833333333,3.98979166666667,4.09495833333333,4.886,3.94841666666667,4.09295833333333,5.26541666666667,4.23045833333333,3.89445833333333,3.98975,4.35729166666667,4.43583333333333,3.95841666666667,4.14508333333333,4.17558333333333,3.36,3.75891666666667,5.774375,2.92645833333333,4.390875
2024-08-14,3.27629166666667,5.45708333333333,5.34604166666667,6.01904166666667,5.58958333333333,4.49095833333333,6.15670833333333,5.74495833333333,3.67333333333333,4.620625,3.90620833333333,5.62991666666667,5.46775,4.255125,5.70645833333333,5.993625,6.53895833333333,5.74091666666667,6.69029166666667,6.2285,5.88258333333333,5.76058333333333,4.85458333333333,4.87233333333333,5.918875,3.98591666666667,4.8715,5.31066666666667,4.936125,5.91391666666667
2024-08-15,3.69495833333333,3.54730434782609,3.08475,5.64179166666667,3.16625,3.62129166666667,3.28125,3.410875,5.48258333333333,3.86108333333333,4.358375,1.927125,3.43645833333333,4.81725,2.73491666666667,3.81975,3.94170833333333,2.836125,4.09727272727273,2.64945833333333,2.33691666666667,3.14083333333333,3.79320833333333,4.34370833333333,4.44970833333333,3.28225,5.47929166666667,4.20891666666667,1.92716666666667,2.894125
2024-08-16,2.12066666666667,4.21675,3.82658333333333,5.05508333333333,3.29408333333333,4.64629166666667,5.24954166666667,4.0055,4.25116666666667,3.19095833333333,4.96941666666667,3.178125,4.18145833333333,4.595125,4.42316666666667,4.48016666666667,5.32920833333333,4.51754166666667,4.409375,3.65958333333333,3.47975,4.98525,4.658,3.58091666666667,4.64920833333333,3.26458333333333,4.39666666666667,2.87745833333333,3.23120833333333,4.13129166666667
2024-08-17,4.356375,5.6585,5.166125,4.994125,5.007875,5.00395833333333,6.64404166666667,3.64083333333333,7.91966666666667,4.060625,5.17191666666667,4.92929166666667,3.53570833333333,4.77991666666667,6.49283333333333,5.46683333333333,7.00770833333333,5.89333333333333,4.52933333333333,5.34691666666667,5.16704166666667,5.08654166666667,5.562125,5.82066666666667,6.289375,3.86608333333333,5.34004166666667,6.539,3.84529166666667,5.427375
2024-08-18,5.71945833333333,9.96179166666667,11.6932083333333,9.90666666666667,11.98425,9.54104166666667,10.8314166666667,9.10279166666667,13.8553333333333,8.488625,8.728375,10.3017916666667,9.24225,12.564875,10.6692916666667,10.4658333333333,13.6202916666667,10.0146666666667,9.35641666666667,10.38725,11.289375,10.0472916666667,8.32554166666667,7.26416666666667,11.1449583333333,12.4313333333333,9.10966666666667,7.08429166666667,8.03566666666667,10.7509166666667
2024-08-19,16.21375,17.63475,12.902,17.649375,12.781125,16.5154166666667,8.82873913043478,15.75175,15.9720416666667,19.0989583333333,17.5747083333333,11.606875,16.2873333333333,13.506375,15.545375,18.6861666666667,12.5137083333333,8.85416666666667,16.9095,16.0279166666667,12.731,15.4374545454545,20.5346666666667,20.0370434782609,19.494,12.9805,19.9392916666667,19.502,7.79775,15.2516666666667
2024-08-20,5.3105,3.59083333333333,4.10579166666667,3.359875,4.9685,3.02383333333333,4.27179166666667,2.53741666666667,4.06841666666667,3.66458333333333,3.93379166666667,3.10725,2.591375,5.530625,3.22908333333333,3.49645833333333,4.78179166666667,3.68516666666667,2.91754166666667,2.62579166666667,4.19325,3.33729166666667,5.02366666666667,5.75279166666667,4.38470833333333,4.42408333333333,4.72983333333333,5.853,2.20025,3.86895833333333
2024-08-21,4.25404166666667,4.664875,4.26008333333333,5.82158333333333,6.17845833333333,4.596125,4.68075,4.56966666666667,5.64570833333333,4.777,5.09445833333333,3.54454166666667,4.72691666666667,6.445625,4.37409090909091,4.69517391304348,5.75970833333333,4.20983333333333,4.63841666666667,4.82908333333333,3.994625,3.84333333333333,4.61875,4.52145833333333,5.595625,4.975375,4.65908333333333,4.187375,2.75758333333333,3.8305
2024-08-22,5.059875,6.32183333333333,4.99016666666667,5.451125,5.81570833333333,4.07920833333333,6.03975,4.001625,5.395125,3.44529166666667,4.85166666666667,3.72016666666667,4.00058333333333,6.69220833333333,5.112125,5.35775,4.602,4.54804166666667,3.98883333333333,3.41783333333333,5.15620833333333,4.67679166666667,3.56916666666667,3.67929166666667,6.10654166666667,4.98045833333333,4.05758333333333,3.71470833333333,2.87645833333333,4.50678260869565
2024-08-23,4.76116666666667,4.05370833333333,3.92783333333333,4.19616666666667,5.00395833333333,3.76670833333333,3.06116666666667,3.602,5.00495833333333,4.15895833333333,5.46979166666667,4.41929166666667,3.56725,7.273,3.47095833333333,4.50575,3.4995,2.40570833333333,3.52891666666667,3.490625,4.10875,3.55541666666667,3.93083333333333,4.0055,4.012375,4.21691666666667,4.1795,3.885625,1.39245833333333,3.741125
2024-08-24,2.57658333333333,3.62908333333333,4.00854166666667,3.98791666666667,4.05758333333333,3.953375,5.117125,3.4415,3.90633333333333,4.034,3.61841666666667,2.97258333333333,3.138875,5.58570833333333,3.75391666666667,4.02529166666667,5.636875,4.38675,3.606625,4.19020833333333,3.57120833333333,3.535875,5.65258333333333,4.15483333333333,4.33270833333333,3.885625,5.62404166666667,4.00641666666667,3.22433333333333,3.25566666666667
2024-08-25,4.93033333333333,4.34454166666667,7.71116666666667,5.349875,10.6200833333333,5.246625,5.00795833333333,4.67675,5.78429166666667,4.566625,5.61729166666667,7.46958333333333,4.65504166666667,7.79279166666667,5.861875,5.17983333333333,9.10091666666667,4.16866666666667,4.35729166666667,7.99141666666667,8.29791666666667,5.79995833333333,4.398625,4.8645,5.286,8.13308333333333,4.8595,4.525375,2.82133333333333,7.0175
2024-08-26,5.91891666666667,12.1580833333333,13.9927916666667,15.5405416666667,14.16175,17.274125,5.57491666666667,12.407625,12.712375,8.61058333333333,8.55254166666667,15.2329166666667,12.3300416666667,10.125875,16.95575,16.372875,9.63741666666667,5.12866666666667,12.8872916666667,9.99808333333333,14.6365,16.04175,7.952125,7.11091666666667,14.1717083333333,11.8957083333333,11.726625,7.397875,4.20908333333333,17.548125
2024-08-27,5.70270833333333,7.620875,5.60629166666667,8.46504166666667,5.57879166666667,7.40075,3.24791666666667,6.96341666666667,6.26479166666667,6.74733333333333,6.58325,5.4835,6.86425,5.706625,7.224875,8.06216666666667,4.485125,2.57075,7.75954166666667,8.05613043478261,5.41083333333333,6.29620833333333,6.63133333333333,6.865125,9.114625,4.93120833333333,8.95145833333333,6.52125,0.9355,5.91883333333333
2024-08-28,9.21579166666667,10.550375,5.119875,8.77558333333333,5.360625,9.16379166666667,2.88816666666667,7.92945833333333,7.74775,9.74066666666667,9.82016666666667,4.90966666666667,7.640625,7.665125,8.302875,8.44554166666667,4.994125,2.50995833333333,9.01733333333333,5.76869565217391,5.00791666666667,7.59229166666667,8.08966666666667,9.1039,11.4387916666667,3.611375,10.1120833333333,11.4377083333333,1.75808333333333,7.07845833333333
2024-08-29,4.951875,7.14533333333333,7.12370833333333,9.91354166666667,8.02875,7.9835,7.61204166666667,9.82020833333333,10.16025,7.93866666666667,6.87991666666667,8.437625,9.47629166666667,10.6437916666667,7.19141666666667,7.67883333333333,10.650625,6.71,7.823375,5.83625,6.86325,7.809625,5.61720833333333,5.36258333333333,9.16270833333333,8.81191666666667,5.92279166666667,4.72779166666667,4.98420833333333,7.62883333333333
2024-08-30,7.49616666666667,11.702,13.8209166666667,9.956875,13.5869583333333,9.72195833333333,14.5430833333333,10.758625,8.248875,12.228875,12.4794166666667,13.298,10.3557083333333,13.1937916666667,12.9570416666667,11.7935416666667,19.39275,13.4110416666667,9.775125,14.3298333333333,14.6355416666667,10.382375,9.13129166666667,9.092125,14.1460416666667,6.937,9.482125,8.065,11.6175416666667,14.046875
2024-08-31,7.48729166666667,11.611625,12.5039583333333,15.0137916666667,12.0637916666667,14.1805416666667,14.6413333333333,13.5535,11.5025833333333,11.3955833333333,11.0995833333333,13.6359583333333,13.4679583333333,12.14825,14.0773333333333,14.0221666666667,18.840625,14.45075,13.592875,9.70616666666667,14.3475416666667,12.8873333333333,11.0535833333333,11.1202083333333,13.661625,10.1759583333333,15.3253333333333,10.6634583333333,12.3192083333333,14.6687916666667
2024-09-01,13.841375,12.63075,9.64133333333333,15.0787083333333,9.78283333333333,13.7756666666667,7.55995833333333,13.4140833333333,15.0699166666667,14.2964166666667,16.6992083333333,12.74475,13.1397083333333,20.4776666666667,14.4527083333333,12.7929166666667,11.88975,7.59533333333333,13.2212916666667,9.34070833333333,13.5850416666667,12.1777083333333,13.565375,13.0060833333333,13.17525,13.5162083333333,14.3504166666667,12.269125,5.52279166666667,14.1853333333333
2024-09-02,5.683875,12.8057916666667,7.98166666666667,12.3831666666667,7.45579166666667,14.92825,4.197125,9.98525,12.11475,10.1445833333333,7.06821739130435,9.98629166666667,9.632625,8.638,13.3049583333333,11.6943333333333,8.23208333333333,3.60458333333333,14.1539166666667,10.55725,11.385625,11.4947916666667,8.24291666666667,9.664,15.5297916666667,10.936625,10.26825,8.6105,1.54479166666667,11.830875
2024-09-03,3.01108333333333,6.56158333333333,4.84670833333333,6.21075,4.32679166666667,5.80695833333333,6.03683333333333,5.5425,4.84883333333333,3.33620833333333,4.43091304347826,4.95940909090909,5.72616666666667,3.74016666666667,5.283,5.49241666666667,6.54291666666667,5.66145833333333,8.07783333333333,4.437875,4.41425,6.61458333333333,2.991375,3.83654166666667,6.13108333333333,3.97804166666667,6.699125,4.30925,3.68608333333333,6.41908333333333
2024-09-04,5.020625,6.853375,4.25208333333333,6.79354166666667,4.77104166666667,5.91875,4.7415,5.72820833333333,4.22570833333333,4.68941666666667,5.517,4.5215,5.50816666666667,4.782875,5.17104166666667,5.164125,4.512625,4.75045833333333,5.865875,5.13566666666667,4.88108333333333,5.85695833333333,5.85691666666667,6.461375,6.31970833333333,4.004625,6.668625,6.62741666666667,3.81109090909091,5.52183333333333
2024-09-05,4.88020833333333,11.8662083333333,4.496,10.874625,4.89091666666667,8.34025,3.55254166666667,11.9379583333333,7.68091666666667,8.905375,4.33175,6.059375,11.6932083333333,3.94354166666667,8.582,7.02141666666667,5.05104166666667,3.51408333333333,12.1354583333333,5.49429166666667,5.05104166666667,7.45883333333333,12.1540416666667,12.0921666666667,10.44125,5.69375,13.8089583333333,13.361,3.01208333333333,6.032875
2024-09-06,2.03720833333333,25.462875,16.76,28.1654583333333,17.114,24.7524583333333,15.3567083333333,27.9069166666667,14.6639583333333,9.29741666666667,3.507125,22.3389166666667,27.3449583333333,4.414375,27.1856666666667,24.5145833333333,14.9822916666667,15.5916666666667,26.5557083333333,24.3565,20.892375,22.9472083333333,14.4970416666667,17.4164583333333,26.5410416666667,10.3086666666667,30.73125,18.9210833333333,6.59691666666667,22.0254166666667
2024-09-07,5.57791666666667,19.676625,14.2277083333333,21.5772916666667,14.2729583333333,21.0879583333333,14.482125,26.5125,7.51766666666667,9.95679166666667,7.21004166666667,22.1374583333333,25.1445,4.38479166666667,22.9236666666667,19.5678333333333,17.945375,14.8005,22.7515833333333,17.9010833333333,17.9275416666667,17.486375,10.342,8.43458333333333,20.3410416666667,5.852125,13.6457916666667,10.50225,7.483375,20.0070416666667
2024-09-08,2.42529166666667,9.23341666666667,10.6565833333333,8.750125,10.6476666666667,9.63158333333333,16.6293333333333,6.31783333333333,3.87579166666667,4.40845833333333,5.08845833333333,7.57666666666667,6.06816666666667,6.42691666666667,12.5029166666667,10.8668333333333,11.4525,16.3552083333333,6.08308333333333,7.26125,13.5270833333333,7.651375,4.39470833333333,5.24083333333333,10.9835833333333,6.305,7.03325,4.80258333333333,5.19458333333333,7.11975
2024-09-09,4.04079166666667,4.49191666666667,6.15766666666667,6.6795,6.2855,6.52216666666667,5.20254166666667,6.46133333333333,6.48479166666667,5.87558333333333,5.59641666666667,6.38070833333333,6.101625,7.18070833333333,4.34266666666667,4.626625,7.1865,4.87129166666667,5.81766666666667,4.50675,6.65291666666667,6.99683333333333,6.41508333333333,6.03966666666667,4.53420833333333,6.94183333333333,5.29775,5.020625,2.973625,6.823875
2024-09-10,5.42545833333333,4.68166666666667,5.408875,6.123375,5.76854166666667,5.32325,3.37554166666667,5.681,6.20283333333333,5.37245833333333,5.172,4.268875,5.454,6.7385,4.924375,4.98133333333333,4.353375,2.95995833333333,5.59170833333333,3.087625,5.26633333333333,4.46441666666667,5.36554166666667,5.66825,5.18875,5.28104166666667,5.64166666666667,5.61716666666667,1.90641666666667,4.42508333333333
2024-09-11,2.11875,2.00570833333333,2.986375,3.188875,3.70870833333333,2.57366666666667,2.33,2.71620833333333,3.03658333333333,2.71325,3.00416666666667,2.81933333333333,2.49016666666667,4.22175,2.20029166666667,2.168875,3.67825,1.87691666666667,2.82629166666667,1.73841666666667,4.07045833333333,2.976625,2.617875,2.50291666666667,2.26816666666667,3.03066666666667,2.71225,2.33695833333333,1.19991666666667,2.953
2024-09-12,2.19141666666667,3.44754166666667,2.87541666666667,3.04241666666667,2.3595,2.949125,2.65629166666667,2.68079166666667,2.44004166666667,2.03420833333333,2.49904166666667,2.08041666666667,2.334,2.98345833333333,2.99525,3.53970833333333,3.96133333333333,2.31330434782609,3.21433333333333,2.76670833333333,2.19725,2.382,2.16179166666667,2.63525,3.34404166666667,2.732875,2.85579166666667,2.653375,1.30016666666667,2.06458333333333
2024-09-13,3.22825,4.16583333333333,4.43195833333333,6.65095833333333,3.76483333333333,5.51795833333333,4.05166666666667,4.885125,4.07929166666667,4.826125,3.50045833333333,3.16233333333333,5.07179166666667,4.45858333333333,4.78183333333333,5.69866666666667,4.49783333333333,3.63795833333333,5.73016666666667,3.012,3.220375,4.82508333333333,5.68395833333333,3.82866666666667,4.990125,2.72508333333333,3.353,4.42304166666667,2.26125,4.90766666666667
2024-09-14,3.828625,4.66295833333333,3.95045833333333,6.27370833333333,5.07970833333333,4.85854166666667,3.31070833333333,4.10495833333333,5.48545833333333,4.591375,4.99908333333333,3.62620833333333,3.73725,4.30720833333333,4.029125,4.287625,3.75695833333333,2.7525,4.42408333333333,3.71766666666667,3.73525,3.81979166666667,6.17925,6.21379166666667,6.1085,3.20175,4.442,5.66129166666667,1.38166666666667,3.744125
2024-09-15,3.79129166666667,3.03354166666667,3.78341666666667,5.47954166666667,3.26554166666667,4.658,3.90625,4.57845833333333,4.18733333333333,4.04579166666667,5.550375,2.341875,4.440875,4.64033333333333,2.58454166666667,2.39091666666667,3.68025,3.38729166666667,4.93416666666667,1.09179166666667,2.62279166666667,3.71475,3.679375,4.82208333333333,4.46045833333333,2.26329166666667,4.75441666666667,6.13908333333333,2.073625,3.05520833333333
2024-09-16,3.75583333333333,3.23208333333333,6.17625,6.54391666666667,4.396625,4.94795833333333,4.68554166666667,4.058625,4.87825,3.43758333333333,4.57158333333333,3.91320833333333,3.872875,3.80791666666667,4.19725,7.67895833333333,5.98454166666667,4.32291666666667,3.43845833333333,3.63891666666667,6.25008333333333,5.3705,4.469375,4.68641666666667,5.33995833333333,2.86658333333333,3.7275,4.206875,2.47645833333333,5.75275
2024-09-17,3.22233333333333,4.69833333333333,7.15025,6.923125,7.39975,5.04933333333333,4.60495833333333,3.77066666666667,5.19370833333333,3.59870833333333,5.053125,6.16845833333333,3.62608333333333,5.21620833333333,4.59316666666667,6.11241666666667,6.51333333333333,3.942625,3.47779166666667,5.03933333333333,7.894125,3.546625,3.31770833333333,3.30283333333333,8.77558333333333,4.30916666666667,3.08958333333333,3.208625,2.28283333333333,4.78875
2024-09-18,10.5611666666667,5.368625,6.42495833333333,7.24354166666667,7.09025,6.69720833333333,5.26254166666667,6.67370833333333,8.31766666666667,8.93275,9.30233333333333,7.31633333333333,6.50854166666667,11.3257083333333,8.07108333333333,7.48925,12.6985416666667,5.28116666666667,5.95820833333333,3.53479166666667,7.048875,5.2565,9.717,9.64920833333333,5.67804166666667,7.16783333333333,8.71675,8.650875,3.09358333333333,6.64120833333333
2024-09-19,24.779,17.2102916666667,7.313375,18.865125,6.02208333333333,14.6129583333333,6.10254166666667,16.776875,18.1210833333333,23.3246666666667,21.9360416666667,13.4483333333333,16.3228333333333,22.32225,14.2266666666667,12.03925,10.9582083333333,6.352125,16.17925,4.41641666666667,8.885625,13.5442727272727,25.464,26.7463333333333,12.9030416666667,14.6532083333333,24.0689523809524,26.6825416666667,5.04816666666667,13.829652173913
2024-09-20,21.8928333333333,20.800125,16.7080416666667,24.443,17.7772083333333,21.437875,8.859,23.1929166666667,20.9512916666667,21.393625,21.992,23.17325,22.827375,23.02075,22.5688333333333,19.9705416666667,13.349125,8.7795,23.1349583333333,16.827,18.9955909090909,21.4859583333333,24.650375,25.2752916666667,22.0304583333333,18.3874166666667,22.835125,24.3160416666667,7.98445833333333,19.6197083333333
2024-09-21,12.9490833333333,24.38,18.1123333333333,20.765625,18.4032083333333,19.8320833333333,13.5377916666667,19.8379166666667,19.1835,18.8877083333333,14.2974583333333,18.81,19.5019166666667,19.0822083333333,24.983375,20.93075,18.4219166666667,13.3864166666667,20.1720416666667,21.4309583333333,21.1115416666667,18.1872916666667,23.0505,24.4811666666667,25.8648333333333,20.1397083333333,22.511875,24.3319166666667,12.636625,17.838125
2024-09-22,7.28095833333333,15.7665416666667,16.7474166666667,15.5838333333333,16.1842916666667,16.0446666666667,12.3378333333333,14.6600416666667,14.5244166666667,14.781,7.94716666666667,19.5696666666667,14.2561666666667,8.72454166666667,24.033125,20.1405416666667,17.138375,12.070625,15.002,21.6245,20.085625,16.3464166666667,15.680125,18.8826666666667,19.488125,10.0305833333333,23.1162083333333,17.5452916666667,13.6214166666667,16.956625
2024-09-23,6.47116666666667,17.6396666666667,7.71033333333333,15.5524166666667,7.663125,12.6651666666667,20.5916666666667,14.592375,6.44554166666667,6.46420833333333,7.41354166666667,11.4799583333333,14.319125,8.77754166666667,17.4657916666667,16.3032083333333,13.2547083333333,19.445875,15.1121666666667,20.6456666666667,10.3362083333333,11.5526666666667,7.00875,6.39929166666667,19.046875,9.321,12.7634583333333,6.60475,15.8314166666667,9.93616666666667
2024-09-24,4.35333333333333,5.72033333333333,4.47725,6.076125,4.00254166666667,5.31845833333333,9.355375,5.89720833333333,6.36795833333333,6.60179166666667,6.33558333333333,4.55691666666667,5.84420833333333,7.566875,5.26829166666667,5.32820833333333,3.50229166666667,9.46341666666667,6.48970833333333,9.88395833333333,4.19316666666667,5.247625,6.65108333333333,6.67366666666667,6.46908333333333,4.61975,6.793375,5.72620833333333,5.24175,5.34983333333333
2024-09-25,3.369625,5.48645833333333,4.63733333333333,6.11454166666667,4.54408333333333,4.60795833333333,2.09120833333333,3.90333333333333,5.08258333333333,4.03216666666667,3.81875,4.609875,3.86004166666667,5.62591666666667,5.25745833333333,5.11695833333333,3.89841666666667,2.04616666666667,4.30525,2.42420833333333,4.04579166666667,4.72979166666667,3.94266666666667,3.78158333333333,5.53066666666667,3.99379166666667,4.54608333333333,3.53479166666667,1.24033333333333,3.73033333333333
2024-09-26,4.38279166666667,6.13104166666667,4.410375,3.72245833333333,4.47616666666667,5.64366666666667,2.28283333333333,2.78504166666667,2.410625,3.18591666666667,3.61725,5.813625,2.52645833333333,4.199125,8.68620833333333,8.25470833333333,4.34766666666667,2.23954166666667,3.70091666666667,6.48779166666667,5.965,5.77829166666667,3.30591666666667,3.20658333333333,4.32395833333333,1.19991666666667,3.18295833333333,3.28016666666667,2.466625,8.04054166666667
2024-09-27,3.03158333333333,4.50370833333333,3.229125,3.256625,2.098125,3.01304166666667,1.92995833333333,3.557375,2.33304166666667,2.68879166666667,3.08575,2.62870833333333,2.662125,3.091625,4.299375,4.18529166666667,3.151625,1.48975,3.87870833333333,4.016375,2.61404166666667,3.84033333333333,3.49054166666667,2.98445833333333,4.98425,2.644375,2.99820833333333,3.13879166666667,1.138,2.4785
2024-09-28,2.86366666666667,2.67295833333333,3.88075,5.24570833333333,2.62683333333333,4.58820833333333,3.46795833333333,3.975,3.9535,5.23991666666667,5.13275,2.591375,3.56516666666667,4.387875,3.911125,3.81183333333333,5.70070833333333,3.00216666666667,4.49095833333333,2.14041666666667,3.163375,4.49095833333333,6.80829166666667,4.39166666666667,2.77320833333333,2.07358333333333,3.184,3.36770833333333,1.5655,3.34033333333333
2024-09-29,3.48466666666667,4.55575,3.533875,5.41166666666667,3.846375,5.00883333333333,2.905875,3.714625,3.40995833333333,5.43141666666667,5.664375,3.88866666666667,3.73229166666667,6.55279166666667,4.97545833333333,6.99395833333333,5.744,2.805625,3.669375,4.20108333333333,3.97508333333333,4.71708333333333,4.67383333333333,4.40633333333333,5.24775,2.91570833333333,3.94175,4.08120833333333,2.38504166666667,4.46333333333333
2024-09-30,3.40904166666667,5.67525,3.414875,2.60416666666667,2.59925,1.56258333333333,6.27945833333333,0.982708333333333,1.251,1.172375,2.33491666666667,1.476,1.062375,3.96029166666667,3.294,3.02283333333333,3.81379166666667,6.15766666666667,1.1635,9.29141666666667,2.63075,2.18554166666667,1.35216666666667,2.210125,5.814625,1.62745833333333,1.45729166666667,2.64154166666667,5.37354166666667,1.66475
2024-10-01,1.711875,6.31091666666667,4.52441666666667,4.70820833333333,4.90575,3.59779166666667,7.47941666666667,3.22633333333333,3.06025,2.05975,2.36145833333333,4.86245833333333,2.82241666666667,4.71704166666667,5.42358333333333,5.29975,8.82279166666667,7.24054166666667,3.04925,12.1099166666667,5.41079166666667,5.41566666666667,2.82241666666667,2.81054166666667,6.135,4.6305,3.99766666666667,2.75166666666667,7.61983333333333,4.29445833333333
2024-10-02,2.54133333333333,5.449125,4.79270833333333,5.21229166666667,3.769625,4.056625,4.5695,4.17558333333333,3.86395833333333,3.74225,3.31370833333333,4.81925,3.88270833333333,4.65520833333333,5.93758333333333,5.30558333333333,7.05679166666667,4.56166666666667,4.66683333333333,7.63958333333333,4.811375,4.141125,3.58108333333333,3.590875,6.3395,2.949125,4.42720833333333,3.22529166666667,3.90141666666667,4.537125
2024-10-03,3.15058333333333,3.99275,4.24141666666667,5.63883333333333,3.83266666666667,4.47720833333333,4.5735,4.228625,5.60841666666667,4.43591666666667,4.74841666666667,6.18604166666667,4.03695833333333,5.49333333333333,5.48545833333333,5.17591666666667,5.22408333333333,3.92191666666667,3.88466666666667,3.59770833333333,5.59354166666667,4.70920833333333,5.180875,4.13125,7.60725,3.91720833333333,3.44441666666667,3.447375,1.96158333333333,5.40095833333333
2024-10-04,4.716125,4.44191666666667,5.38525,9.4055,6.3405,7.60025,4.858625,6.15366666666667,7.81933333333333,7.36825,7.25533333333333,9.54016666666667,5.87558333333333,6.275625,7.74775,10.61325,8.08866666666667,4.72875,6.375875,6.65595833333333,8.96129166666667,7.844,8.86808333333333,4.78975,8.65275,5.8835,4.904625,2.99133333333333,3.369625,7.73204166666667
2024-10-05,4.47804166666667,11.534,8.73441666666667,9.17845833333333,9.76425,9.93116666666667,5.97791666666667,8.78241666666667,8.61445833333333,7.721,6.1625,9.97754166666667,8.58983333333333,6.90554166666667,12.503,11.271625,9.67091666666667,5.654625,8.92016666666667,13.8769166666667,9.8655,10.2702916666667,9.1825,7.99833333333333,12.6759583333333,6.884,10.1268333333333,8.842375,6.38470833333333,9.387875
2024-10-06,3.841375,6.3875,5.837375,5.94333333333333,5.88354166666667,7.11591666666667,8.357,4.77195833333333,4.56766666666667,4.264875,3.62233333333333,5.84116666666667,4.81829166666667,5.12183333333333,7.37529166666667,6.65983333333333,5.18079166666667,8.47104166666667,5.03633333333333,8.94858333333333,6.429875,6.03191666666667,4.414375,4.07041666666667,8.130875,3.26558333333333,4.497875,4.88120833333333,7.80758333333333,5.95133333333333
2024-10-07,5.18475,6.22458333333333,5.15920833333333,7.02545833333333,5.16691666666667,5.799875,7.839,5.224125,6.24129166666667,4.52441666666667,5.20825,5.58570833333333,4.99108333333333,9.725875,6.66079166666667,8.582,9.692375,7.780125,5.1405,5.97979166666667,4.4055,5.29275,4.878125,4.581375,7.16291666666667,7.31729166666667,4.49883333333333,4.8645,4.11379166666667,4.75929166666667
2024-10-08,4.99608333333333,4.36116666666667,6.14779166666667,4.870375,6.04570833333333,5.449125,3.360875,4.09995833333333,4.99616666666667,4.31108333333333,6.11741666666667,5.33904166666667,4.1205,10.8865,7.111,6.478875,6.06816666666667,3.49645833333333,4.032,7.24554166666667,5.08158333333333,5.558125,4.97241666666667,4.509625,5.59841666666667,3.49058333333333,4.05766666666667,5.23583333333333,1.721625,5.14141666666667
2024-10-09,3.48075,5.00204166666667,2.00270833333333,5.23195833333333,1.32075,3.32633333333333,1.44258333333333,3.97804166666667,2.523625,2.9835,3.32054166666667,3.523,3.572125,3.757875,3.85225,3.62025,2.85870833333333,1.362,3.40604166666667,4.655125,2.51675,2.60904166666667,2.86575,2.678875,5.32916666666667,2.42833333333333,2.61595833333333,3.03558333333333,1.850375,3.117125
2024-10-10,4.489,4.51058333333333,4.61179166666667,4.84083333333333,3.30883333333333,4.75045833333333,3.274375,4.88608333333333,3.41983333333333,4.46641666666667,4.17258333333333,3.751,4.11454166666667,3.274375,4.83691666666667,5.36954166666667,4.32,2.91175,4.80445833333333,4.04695833333333,4.12945833333333,5.55825,5.35775,4.70625,6.02795833333333,1.7875,4.029125,3.97791666666667,2.194375,4.38779166666667
2024-10-11,4.13329166666667,5.8785,5.30754166666667,9.56266666666667,2.87141666666667,6.7875,2.99525,6.06041666666667,5.35191666666667,5.380375,5.55920833333333,4.01145833333333,6.97425,5.62495833333333,5.5395,6.32379166666667,4.724875,2.5895,6.72766666666667,2.14820833333333,2.89804166666667,6.145875,7.60229166666667,4.58716666666667,5.358625,2.93963636363636,5.549375,3.70183333333333,1.498625,4.769125
2024-10-12,2.612125,3.69195833333333,4.84366666666667,5.26045833333333,5.341,4.99904166666667,2.561875,3.768625,4.64216666666667,3.59583333333333,3.39329166666667,3.71758333333333,3.49541666666667,4.79358333333333,5.02654166666667,5.69675,4.45854166666667,2.008625,3.84333333333333,3.658625,4.74558333333333,5.47566666666667,4.27679166666667,3.03275,4.67870833333333,3.52308333333333,3.4415,2.78508333333333,0.776375,8.57316666666667
2024-10-13,3.064125,3.27633333333333,5.00383333333333,6.11045833333333,4.95083333333333,5.23391666666667,3.82270833333333,5.03441666666667,5.677125,6.185125,4.88404166666667,6.63629166666667,5.14541666666667,4.84475,5.664375,4.68158333333333,6.53204166666667,2.99829166666667,5.18870833333333,3.40108333333333,5.014875,6.36395833333333,8.824875,4.781875,3.02279166666667,5.97491666666667,3.636,4.45554166666667,1.71975,7.00970833333333
2024-10-14,5.05104166666667,5.75179166666667,7.41745833333333,7.39295833333333,6.54975,5.33995833333333,4.32191666666667,5.52583333333333,5.86583333333333,6.40433333333333,4.939125,7.69545833333333,5.3185,3.37266666666667,6.894625,5.29783333333333,6.85245833333333,3.92483333333333,4.61283333333333,8.80795833333333,6.074125,5.79308333333333,5.83329166666667,4.40254166666667,8.22233333333333,3.61941666666667,5.07758333333333,3.12708333333333,1.729625,5.44916666666667
2024-10-15,9.207,9.098875,9.324125,13.3118333333333,10.095375,10.5141666666667,6.74333333333333,11.4417916666667,10.18575,13.6322083333333,8.7,14.8859583333333,11.2077916666667,6.97341666666667,14.2678333333333,12.40375,7.57279166666667,6.6175,10.172,15.0414583333333,13.0925416666667,12.795875,18.1369166666667,17.6081666666667,10.1169583333333,6.37675,11.8062083333333,12.5010416666667,7.97358333333333,12.1050416666667
2024-10-16,6.77479166666667,13.178125,6.913375,12.391,7.84104166666667,11.55275,5.32725,10.9747916666667,7.48241666666667,8.573125,7.45683333333333,8.21354166666667,10.5652083333333,8.31758333333333,13.919,14.2050833333333,4.97860869565217,5.857,11.6107083333333,15.2211666666667,10.0679166666667,11.449625,8.28216666666667,7.793875,15.3695833333333,2.86845833333333,9.93629166666667,8.85316666666667,2.337875,10.570125
2024-10-17,4.5155,3.87183333333333,4.04879166666667,6.97420833333333,4.87829166666667,5.76554166666667,4.71586956521739,5.320375,6.50058333333333,5.3735,6.49379166666667,4.80341666666667,4.5205,8.175125,4.36529166666667,5.061,6.48004166666667,4.47490476190476,5.0905,4.04083333333333,3.87375,4.5185,5.75475,5.01479166666667,5.617125,6.90741666666667,4.15895833333333,4.42704166666667,2.1355,3.86104166666667
2024-10-18,3.42475,4.52141666666667,4.55875,5.45595833333333,4.542125,5.98175,2.5875,4.01633333333333,5.43741666666667,3.944625,5.17091666666667,4.04875,3.58008333333333,8.985,5.00195833333333,6.62245833333333,5.940375,2.34158333333333,4.04775,5.23779166666667,4.02129166666667,5.29283333333333,7.291625,6.44566666666667,7.790875,5.28791666666667,4.368125,6.19408333333333,1.60275,4.31895833333333
2024-10-19,4.59525,5.39895833333333,6.41229166666667,6.5575,6.879,7.903875,8.922,4.81916666666667,7.3635,5.85308333333333,6.33054166666667,5.33908333333333,4.47325,8.988875,7.30645833333333,6.90154166666667,9.75929166666667,8.60645833333333,5.63204166666667,7.334,6.15083333333333,5.43045833333333,5.739,5.04825,6.60575,8.29804166666667,4.16383333333333,4.5675,5.07070833333333,5.82845833333333
2024-10-20,6.81508333333333,6.42404166666667,7.73504166666667,7.80470833333333,10.3086666666667,7.56970833333333,6.33654166666667,7.55708333333333,10.0374166666667,7.57079166666667,8.70775,7.40270833333333,7.341875,13.4699583333333,7.46070833333333,8.190875,7.01154166666667,5.92479166666667,6.88875,7.268125,8.08566666666667,7.63866666666667,7.169875,6.67158333333333,7.497125,11.4229583333333,6.950625,7.07645833333333,4.666875,7.80183333333333
2024-10-21,5.89833333333333,9.52113043478261,7.22095833333333,12.4931666666667,8.54166666666667,11.6794583333333,6.29525,11.4859166666667,11.1125,10.3047083333333,9.086125,7.048,10.975875,12.5807083333333,7.51079166666667,7.89216666666667,6.43966666666667,6.09079166666667,11.253,4.90383333333333,5.97626086956522,9.32395833333333,8.946625,8.33229166666667,11.3050833333333,9.35829166666667,10.3271739130435,9.571625,3.405125,7.615
2024-10-22,4.2305,7.0215,6.46329166666667,8.561375,7.02629166666667,6.869125,6.103625,5.06895833333333,6.402375,5.190625,6.91220833333333,4.05858333333333,4.95091666666667,8.9575,6.273625,7.82629166666667,6.68533333333333,5.74983333333333,6.318875,5.36170833333333,6.81908333333333,6.27945833333333,5.94345833333333,5.60345833333333,7.49259090909091,6.88583333333333,4.63045833333333,5.83520833333333,3.71275,5.21629166666667
2024-10-23,3.88958333333333,6.032875,5.8315,8.12216666666667,6.11633333333333,7.55608333333333,4.16358333333333,5.28,6.57433333333333,5.62216666666667,6.37383333333333,5.57036363636364,4.68954166666667,6.25095833333333,6.625375,9.602,5.62504166666667,3.88570833333333,5.66445833333333,8.17029166666667,6.06533333333333,7.24982608695652,6.83966666666667,6.14583333333333,8.50933333333333,4.9755,6.43579166666667,5.72629166666667,2.63270833333333,6.01004347826087
2024-10-24,5.52766666666667,7.73104166666667,6.64808333333333,7.638,6.669625,7.34966666666667,4.822125,6.58308333333333,7.1855,6.61566666666667,6.27554166666667,7.26145833333333,6.27166666666667,9.05445454545455,8.80804166666667,9.08025,7.5265,4.6395,7.289875,12.3594583333333,7.17979166666667,8.11716666666667,7.46458333333333,6.53708333333333,8.95145833333333,6.67058333333333,8.458125,8.22233333333333,4.04175,8.18704166666667
2024-10-25,6.56158333333333,15.9395,10.9228333333333,13.0474583333333,11.141875,11.7561666666667,13.2115833333333,10.6747826086957,8.983,10.0412083333333,8.52795833333333,12.3044166666667,10.9654166666667,9.23941666666667,17.0165416666667,14.893,14.4054583333333,12.9363333333333,11.26575,15.3145833333333,11.6342083333333,13.0276666666667,10.3499166666667,9.26591666666667,16.1705416666667,6.104625,9.81720833333333,8.76866666666667,11.7747916666667,12.1159166666667
2024-10-26,7.56983333333333,7.97075,6.92516666666667,9.30529166666667,7.37416666666667,9.78583333333333,7.80470833333333,6.546875,7.99329166666667,8.05233333333333,7.91379166666667,5.437375,6.796375,10.75475,7.014625,6.60179166666667,8.07795833333333,6.95845833333333,8.180125,7.18075,6.21366666666667,8.299,10.3381666666667,9.91054166666667,10.75375,6.88295833333333,5.74095833333333,6.22158333333333,4.14504166666667,7.64045833333333
2024-10-27,4.08041666666667,4.537125,4.48216666666667,5.46875,4.93416666666667,4.87229166666667,3.99958333333333,5.09441666666667,4.54995833333333,5.403875,7.15029166666667,4.62858333333333,4.54795833333333,7.89320833333333,3.87583333333333,3.78933333333333,6.006375,3.84529166666667,4.583375,4.19129166666667,4.40845833333333,5.104125,7.86954166666667,6.69716666666667,4.70920833333333,4.81341666666667,5.18875,5.51204166666667,2.53041666666667,4.45758333333333
2024-10-28,3.14066666666667,3.63891666666667,3.04529166666667,4.26104166666667,4.33375,3.39225,2.06966666666667,2.87641666666667,3.16729166666667,3.56229166666667,4.043875,1.83370833333333,2.32120833333333,4.74733333333333,1.53695833333333,1.69908695652174,3.03066666666667,1.74345833333333,3.17908333333333,2.13241666666667,1.89958333333333,2.77604166666667,3.644,3.21745833333333,5.46970833333333,2.18158333333333,3.44545833333333,3.575125,0.650666666666667,1.40629166666667
2024-10-29,2.50395833333333,3.92295833333333,3.41095833333333,6.79154166666667,2.80266666666667,4.03,1.86120833333333,6.33529166666667,6.25591666666667,4.19029166666667,3.48491304347826,2.549125,5.70070833333333,3.40308333333333,3.37260869565217,3.97416666666667,5.15920833333333,1.15766666666667,5.14941666666667,1.83670833333333,3.09954166666667,5.60154166666667,4.89004166666667,4.42808333333333,4.48991666666667,3.18295833333333,4.432,3.875875,0.49925,4.096
2024-10-30,8.56929166666667,6.367,7.078375,10.6447916666667,5.94441666666667,7.51470833333333,2.19529166666667,9.78970833333333,7.17570833333333,7.95608333333333,7.52858333333333,4.64529166666667,8.88966666666667,5.3685,4.42525,4.09691666666667,8.666625,1.77666666666667,7.83804166666667,2.41858333333333,6.15191666666667,8.0455,11.0260416666667,9.98329166666667,7.02433333333333,3.45325,7.62483333333333,11.537,0.8765,7.82625
2024-10-31,11.9134166666667,8.644875,4.85266666666667,16.3227916666667,3.73420833333333,11.2874166666667,4.21308333333333,14.3336666666667,12.283875,17.8292916666667,18.82875,7.63858333333333,13.4404583333333,10.3144583333333,7.11383333333333,6.19904166666667,5.038375,3.89754166666667,14.2391739130435,3.03458333333333,7.09116666666667,10.0667916666667,15.2791666666667,13.3455909090909,9.99220833333333,9.62858333333333,12.8057391304348,12.6091666666667,0.689833333333333,7.88333333333333
2024-11-01,10.6820833333333,8.59183333333333,7.93825,11.6185833333333,5.04908333333333,10.6865833333333,4.97158333333333,12.1642916666667,8.96720833333333,12.20125,16.363875,7.11779166666667,11.1920416666667,10.9552916666667,10.8717083333333,8.35391666666667,6.849625,2.69170833333333,13.1034166666667,3.11820833333333,5.71058333333333,11.6205833333333,17.32325,14.8546666666667,8.009,9.597125,15.2457083333333,13.62425,1.24808333333333,7.81554166666667
2024-11-02,8.28820833333333,7.421375,12.4007916666667,11.9409583333333,12.4842083333333,19.7445416666667,4.26783333333333,7.34283333333333,13.0071666666667,11.539,11.814125,12.4508333333333,7.06866666666667,12.7673333333333,14.208125,9.68166666666667,10.0088333333333,3.6095,6.47204166666667,5.20245833333333,17.4391666666667,11.333625,9.06841666666667,6.34141666666667,5.70175,10.4687916666667,6.3465,5.17304166666667,4.62370833333333,15.368625
2024-11-03,9.02725,8.26641666666667,13.467,11.2097916666667,15.4000416666667,16.8004166666667,3.15941666666667,9.56370833333333,13.811,14.9125416666667,12.553125,16.7139166666667,9.5245,11.2490416666667,12.5777083333333,9.97945833333333,9.89191666666667,3.01604166666667,9.47629166666667,11.9074583333333,14.7022916666667,12.6013333333333,14.5873333333333,13.5151666666667,8.69108333333333,9.40354166666667,12.2680833333333,9.21591666666667,0.996458333333333,13.8797916666667
2024-11-04,15.368625,16.4201666666667,22.6365833333333,21.716875,22.3831666666667,23.4897083333333,7.81945833333333,21.0319166666667,15.4334583333333,18.7372916666667,14.4605833333333,23.8837916666667,20.2782083333333,15.907125,24.2915416666667,20.8353333333333,12.3467916666667,7.876375,17.3330416666667,14.9824166666667,22.6367083333333,23.3069166666667,18.620375,17.3546666666667,19.0989166666667,11.951625,19.000625,14.5214583333333,8.0975,22.8349166666667
2024-11-05,26.1292916666667,27.3389583333333,25.3795,21.177375,31.7719166666667,30.0670416666667,24.6916666666667,20.58775,26.6136666666667,28.5968333333333,24.38,25.5524166666667,19.5647916666667,19.502875,27.338875,27.1010833333333,19.4645416666667,26.883875,26.27075,31.4890416666667,25.372625,25.5396666666667,33.337375,27.4057916666667,36.3661666666667,14.9715833333333,22.9314583333333,21.8455833333333,13.7589166666667,22.1433333333333
2024-11-06,15.4620416666667,19.7505,18.7245416666667,16.4328333333333,22.3664583333333,16.83175,12.4734583333333,11.697125,18.6204166666667,11.026,10.8737083333333,15.89825,11.0064166666667,12.1639583333333,18.468,21.575375,9.07629166666667,12.780125,11.9153333333333,23.6547916666667,16.5941666666667,24.0715,28.7540416666667,16.2912916666667,30.1299166666667,14.1108333333333,15.4825833333333,20.96025,5.44516666666667,19.3779583333333
2024-11-07,13.7314583333333,14.9430833333333,9.63445833333333,14.774,10.5219583333333,15.2162916666667,5.93854166666667,14.6267083333333,12.7240833333333,16.0997083333333,17.1738333333333,8.74808333333333,14.4320833333333,17.6425416666667,13.1594583333333,12.26125,9.940125,5.52966666666667,13.502375,15.98575,10.407,12.9500833333333,20.3864285714286,23.6685833333333,15.3213333333333,15.5425,21.7415,21.2687916666667,4.61579166666667,12.4872083333333
2024-11-08,15.2437083333333,19.3504583333333,23.6959583333333,24.8979166666667,23.3638333333333,25.4373333333333,11.571375,23.25775,17.9432916666667,24.7927083333333,18.7402916666667,23.6213333333333,22.996375,12.1050416666667,25.3577916666667,22.5935,16.99,11.3552083333333,22.2957083333333,28.7922916666667,23.3855,25.7744583333333,23.0268333333333,18.114375,22.4342083333333,10.9611666666667,21.5685,19.5227142857143,12.7997916666667,25.5023333333333
2024-11-09,15.24075,18.7058333333333,27.0332916666667,29.5559583333333,30.9297916666667,29.036125,17.3723333333333,25.139625,34.0322083333333,23.754,22.082375,32.616125,23.7864166666667,19.6796666666667,21.81325,22.0332916666667,31.5784583333333,16.7836666666667,23.5977916666667,8.870875,34.047,32.3615416666667,25.4089166666667,23.419875,12.553125,22.29375,24.3780416666667,20.3322916666667,10.5179166666667,35.794125
2024-11-10,15.398,23.997875,19.8682916666667,18.2155416666667,20.6525833333333,20.9709583333333,12.4430833333333,18.8100833333333,25.4452916666667,19.7151666666667,14.247375,12.4254166666667,18.1318333333333,12.3496666666667,18.3650416666667,20.1101666666667,11.7797916666667,11.8790416666667,20.751875,8.608625,19.1057916666667,22.4058333333333,21.33275,22.712375,27.8952083333333,8.47491666666667,21.2245416666667,21.2598333333333,6.67266666666667,18.8041666666667
2024-11-11,8.797125,6.53408333333333,10.6270416666667,10.5995416666667,9.193125,9.02133333333333,9.50679166666667,9.02625,9.37116666666667,8.68525,7.34379166666667,8.388375,8.49654166666667,10.5209583333333,9.24245833333333,7.50304166666667,12.9354166666667,9.1825,9.45366666666667,7.27308333333333,9.88504166666667,11.419,9.16675,8.25870833333333,7.70541666666667,6.39445833333333,7.96983333333333,8.16529166666667,5.86770833333333,10.425625
2024-11-12,4.79175,10.6800833333333,13.447375,10.4540833333333,10.1709166666667,8.86408333333333,10.3361666666667,8.22533333333333,7.97070833333333,6.686375,6.80033333333333,9.22570833333333,7.464625,6.68345833333333,10.7017083333333,10.6752083333333,19.4615833333333,10.282125,8.718625,10.5346666666667,13.420875,12.6139583333333,6.423,5.52579166666667,10.789125,5.95129166666667,5.95420833333333,4.9354347826087,3.02879166666667,13.1034166666667
2024-11-13,9.50079166666667,12.341875,16.556625,15.9975,11.4219583333333,11.8720833333333,3.69591666666667,15.121,12.012625,9.79720833333333,8.10241666666667,8.184,13.8237083333333,11.0202083333333,8.03466666666667,10.9189166666667,8.79729166666667,2.935375,15.326375,5.6575,8.30775,14.9323333333333,9.88995833333333,9.49295833333333,15.5100833333333,6.918375,9.9175,8.10145833333333,1.68433333333333,15.4412916666667
2024-11-14,14.483125,9.44191666666667,7.91966666666667,12.705375,11.0495,9.90179166666667,5.29983333333333,9.218875,10.188875,10.959125,12.9256666666667,10.0560416666667,8.18491666666667,8.12504166666667,10.56025,10.5503333333333,4.354375,4.22558333333333,9.4675,9.16279166666667,13.1152083333333,11.697125,14.11175,12.6514583333333,10.9660416666667,5.51495833333333,11.693375,10.342,2.19920833333333,13.0121666666667
2024-11-15,10.0484583333333,11.9762916666667,9.77791666666667,15.15725,7.55604166666667,13.1565,1.963375,13.6115,13.9505833333333,14.9606666666667,11.91725,11.7187083333333,12.71725,12.54825,11.2579583333333,10.7647083333333,5.32229166666667,1.537125,12.5806666666667,2.71825,6.68920833333333,14.0546666666667,14.1392083333333,10.9217916666667,16.1902083333333,8.63995833333333,10.89325,9.25125,0.8225,11.229375
2024-11-16,8.97608333333333,5.97679166666667,5.14441666666667,7.55108333333333,5.72029166666667,5.551375,6.30116666666667,9.59025,10.960125,11.569375,10.3665833333333,3.429625,9.032125,10.3244166666667,4.33470833333333,3.83558333333333,7.3105,5.22108333333333,6.997875,4.04083333333333,4.41825,5.19566666666667,12.9914166666667,12.8046666666667,6.53795833333333,3.867,9.10283333333333,12.1158333333333,3.79325,4.99504166666667
2024-11-17,3.2725,3.530875,4.04295833333333,4.03491666666667,3.220375,3.779625,5.0305,4.00458333333333,4.329875,4.07241666666667,3.75008333333333,3.68420833333333,4.61979166666667,5.012875,2.47933333333333,2.949125,3.89041666666667,4.54804166666667,3.85129166666667,3.6665,4.96166666666667,5.24575,4.316125,4.15,3.69783333333333,3.36283333333333,3.67345833333333,3.64875,2.272,5.05991666666667
2024-11-18,2.56595833333333,6.671625,8.60947826086957,7.87145833333333,5.84908695652174,6.32179166666667,7.52266666666667,7.59833333333333,3.32254166666667,3.90133333333333,2.68079166666667,5.201625,7.31133333333333,3.98783333333333,5.76941666666667,5.49133333333333,4.60108333333333,7.50208333333333,6.17433333333333,7.446,6.15279166666667,8.19970833333333,5.574,4.613875,7.93054166666667,1.64604166666667,7.48625,5.40391666666667,2.50691666666667,8.35308333333333
2024-11-19,3.117125,3.587875,6.31095833333333,6.997875,2.9815,5.91008333333333,6.30116666666667,6.15866666666667,3.03466666666667,5.17429166666667,4.372,5.738125,5.46395833333333,4.87820833333333,6.49666666666667,6.46033333333333,6.116375,5.03841666666667,5.918875,5.06091666666667,4.24241666666667,6.97720833333333,3.96220833333333,2.908875,4.42116666666667,1.85013043478261,3.26566666666667,2.236625,2.20716666666667,5.573875
2024-11-20,3.682125,3.93370833333333,7.54625,4.84570833333333,1.92216666666667,4.913625,3.74216666666667,4.73566666666667,5.158875,3.8895,4.83295833333333,2.83916666666667,4.74,6.81008333333333,3.15254166666667,3.5515,5.26829166666667,2.72204166666667,5.00291666666667,2.8145,2.850875,4.94204166666667,4.8625,4.44770833333333,5.215125,2.37225,3.76958333333333,2.84879166666667,1.6795,4.50475
2024-11-21,4.71891666666667,5.34691666666667,5.969125,12.3162916666667,5.45108333333333,6.41308333333333,2.71325,8.26654166666667,6.19404166666667,5.91495833333333,5.86666666666667,3.649875,7.37133333333333,4.57654166666667,4.29445833333333,5.31445833333333,5.49245833333333,2.04591666666667,7.708375,2.078375,4.71208333333333,6.660875,7.40170833333333,7.66716666666667,6.64029166666667,2.55008333333333,6.02,5.52970833333333,1.10158333333333,4.99504166666667
2024-11-22,3.676375,4.50570833333333,5.89333333333333,4.59220833333333,4.46245833333333,4.2395,3.89254166666667,4.39270833333333,10.1985416666667,5.406,7.35545833333333,4.065625,4.68554166666667,7.18554166666667,4.303375,4.23745833333333,7.104,3.05620833333333,4.31804166666667,5.67525,4.880125,4.29633333333333,5.68791666666667,4.852625,5.3685,3.95429166666667,3.42670833333333,3.58381818181818,1.38570833333333,4.31808333333333
2024-11-23,7.41758333333333,3.779125,3.53583333333333,3.84833333333333,4.57058333333333,3.33525,3.69208333333333,3.277375,6.45829166666667,4.93125,7.70825,3.18195833333333,3.35595833333333,19.1442916666667,3.75104166666667,4.110625,6.46525,3.58983333333333,2.72308333333333,5.00491666666667,3.258625,3.67533333333333,5.61316666666667,5.10125,5.04029166666667,8.36179166666667,3.98966666666667,6.15283333333333,1.90458333333333,2.99233333333333
2024-11-24,9.05958333333333,3.15354166666667,4.36525,4.06941666666667,6.98516666666667,3.08966666666667,5.49820833333333,4.8575,6.70104166666667,10.8353333333333,12.8920416666667,4.134375,4.67083333333333,18.1633333333333,1.872,2.013625,5.54545833333333,5.2025,4.08520833333333,3.82870833333333,4.34066666666667,2.33983333333333,10.0550833333333,9.54895833333333,3.33929166666667,8.76279166666667,8.99175,11.5222916666667,3.82179166666667,2.79870833333333
2024-11-25,5.30954166666667,4.09691666666667,5.72633333333333,5.288875,7.41458333333333,4.315125,4.2285,4.8625,5.98275,5.95329166666667,6.68141666666667,4.63145833333333,4.60595833333333,8.88270833333333,4.15191666666667,4.49591666666667,4.81920833333333,3.87391666666667,4.47129166666667,4.83891666666667,3.93766666666667,4.33183333333333,5.93941666666667,4.892875,5.40195833333333,5.14341666666667,4.43404166666667,5.33116666666667,2.45966666666667,4.59904166666667
2024-11-26,6.14983333333333,5.304625,10.5945833333333,11.2687083333333,6.58808333333333,8.75204166666667,6.51833333333333,5.46391666666667,6.40041666666667,7.15520833333333,6.9655,6.56445833333333,5.05116666666667,5.99058333333333,6.76983333333333,7.84,11.8642083333333,5.504125,6.16154166666667,5.562,6.88379166666667,5.74395833333333,7.90104166666667,6.286375,6.87208333333333,2.90875,5.32820833333333,4.83491666666667,1.41808333333333,6.14495833333333
2024-11-27,4.45566666666667,5.18275,15.4864583333333,9.210875,7.79575,10.3450833333333,5.9375,9.30625,6.48691666666667,5.57795833333333,5.40891666666667,9.259125,8.81379166666667,5.11895833333333,9.66295833333333,10.4314583333333,24.42025,5.54045833333333,8.85229166666667,5.87858333333333,8.842375,10.6938333333333,6.45054166666667,5.05016666666667,8.65279166666667,3.387375,5.29191666666667,4.355375,1.82004166666667,9.84670833333333
2024-11-28,10.18275,7.44895833333333,8.507375,17.06675,8.578,14.1294166666667,6.12433333333333,16.1920833333333,9.640375,17.1177916666667,9.35729166666667,7.51875,15.4992083333333,8.01891666666667,9.54016666666667,9.16479166666667,11.244125,6.27066666666667,14.1775,7.20333333333333,11.9262083333333,12.2150833333333,18.4553333333333,11.0839583333333,9.16091666666667,5.06579166666667,11.073125,10.4304583333333,1.95566666666667,14.5460416666667
2024-11-29,4.48308333333333,5.50725,6.18025,7.75154166666667,7.02054166666667,9.082125,5.52391666666667,5.28008333333333,6.36008333333333,7.88633333333333,5.348875,6.85541666666667,4.83104166666667,11.0249583333333,8.34916666666667,10.0806666666667,8.47183333333333,5.60629166666667,6.13416666666667,10.8815416666667,7.126625,8.04241666666667,7.95995833333333,5.45208333333333,6.486875,5.70270833333333,6.02408333333333,5.369625,3.20258333333333,8.28529166666667
2024-11-30,7.90779166666667,8.44545833333333,5.81270833333333,8.45920833333333,5.71825,8.18995833333333,3.408,7.194375,9.12341666666667,8.82075,9.809375,4.43591666666667,6.63529166666667,16.791625,7.71429166666667,9.87633333333333,7.15904166666667,3.511125,7.56483333333333,7.95020833333333,5.25845833333333,8.41595833333333,11.1162916666667,12.3005833333333,10.7617083333333,7.961,10.9219166666667,10.6446666666667,1.31095833333333,6.41804166666667
2024-12-01,7.67304166666667,6.55470833333333,4.07233333333333,4.69445833333333,4.30525,8.68133333333333,4.565625,4.31408333333333,5.51895833333333,5.55825,6.63520833333333,3.81591666666667,4.17645833333333,9.572625,3.95054166666667,7.02941666666667,5.12575,4.05658333333333,4.46154166666667,4.60591666666667,3.67625,3.80808333333333,7.69266666666667,8.87779166666667,7.821375,3.7195,7.86566666666667,10.819625,1.359125,3.431625
2024-12-02,2.54329166666667,3.62320833333333,4.20304166666667,3.74016666666667,4.03791666666667,3.50433333333333,2.96870833333333,2.58058333333333,2.23083333333333,2.98345833333333,2.793875,2.19429166666667,2.436125,5.8195,3.85908333333333,3.17804166666667,4.54991666666667,2.623875,3.126,3.81195833333333,3.816875,3.40904166666667,3.07791666666667,2.84308333333333,4.34945833333333,3.6655,2.39775,2.74183333333333,1.45254166666667,2.56095833333333
2024-12-03,10.7675833333333,6.90458333333333,6.40041666666667,14.3180416666667,5.97,9.9755,3.74404166666667,9.31016666666667,8.1545,7.39291666666667,8.60070833333333,5.962,9.495875,11.97825,8.06695833333333,9.04975,11.06825,3.37566666666667,9.08020833333333,6.75229166666667,7.425375,11.1528333333333,10.7469583333333,8.70970833333333,7.75941666666667,3.148625,6.41316666666667,7.034125,2.32316666666667,9.66795833333333
2024-12-04,7.09808333333333,11.6440416666667,6.958625,9.89491666666667,7.40770833333333,9.813375,4.34458333333333,8.37658333333333,8.84925,8.01508333333333,10.6781666666667,5.24870833333333,7.92858333333333,6.08891666666667,8.71170833333333,9.56670833333333,5.98270833333333,4.40154166666667,9.421375,8.18495833333333,5.21325,8.84345833333333,9.44975,8.83070833333333,13.28225,2.239625,9.52445833333333,7.99641666666667,2.54320833333333,5.46683333333333
2024-12-05,3.66945833333333,2.96983333333333,5.49529166666667,2.42441666666667,6.615625,2.00575,5.79025,1.58716666666667,2.84191666666667,1.91816666666667,3.660625,2.789875,1.45245833333333,7.294625,2.72595833333333,3.56233333333333,7.1335,5.49529166666667,1.93504166666667,4.38779166666667,4.69045833333333,2.95991666666667,2.12654166666667,2.51866666666667,4.16083333333333,4.16779166666667,1.597875,3.731375,2.961875,2.71229166666667
2024-12-06,4.84766666666667,5.74583333333333,6.878,7.35254166666667,7.16595833333333,6.71491666666667,4.39179166666667,6.02983333333333,6.73154166666667,5.31829166666667,6.457375,6.274625,5.51395833333333,9.36620833333333,6.75416666666667,6.305125,6.19695833333333,4.15391666666667,7.02054166666667,5.80891666666667,8.13083333333333,7.45583333333333,6.03,6.125125,6.797375,6.35904166666667,6.32866666666667,6.20879166666667,3.189875,6.68733333333333
2024-12-07,3.94558333333333,2.70833333333333,1.90166666666667,2.43316666666667,4.311125,1.56054166666667,0.951333333333333,2.749625,3.671375,2.332,3.905375,4.43004166666667,2.17675,11.2126666666667,1.30404166666667,1.2235,5.62004166666667,0.638708333333333,1.71191666666667,3.753,6.97129166666667,2.84395833333333,2.04004166666667,2.039125,3.01204166666667,7.50960869565217,1.35908333333333,2.59925,0.452958333333333,3.00520833333333
2024-12-08,1.52020833333333,6.934875,2.46366666666667,2.38795833333333,2.25625,2.550125,1.3975,2.51479166666667,2.200375,2.08916666666667,1.71783333333333,3.74120833333333,2.20804166666667,5.14358333333333,3.694,3.79725,3.804125,1.09075,3.04245833333333,9.4635,3.83258333333333,2.60708333333333,3.06604166666667,3.508375,5.61725,4.624625,4.59420833333333,3.42275,1.46233333333333,2.60720833333333
2024-12-09,3.7805,5.947375,3.79620833333333,5.59658333333333,3.01895833333333,5.10520833333333,4.01241666666667,4.94595833333333,3.93870833333333,4.20495833333333,3.72533333333333,4.81520833333333,4.51354166666667,3.70779166666667,5.52191666666667,4.663875,5.623125,3.918125,5.11104166666667,5.832375,4.44191666666667,4.19425,5.550375,5.28108333333333,7.09220833333333,2.667125,5.09441666666667,5.24770833333333,3.63804166666667,4.173625
2024-12-10,3.87866666666667,4.50570833333333,3.93766666666667,5.54833333333333,4.02420833333333,4.68754166666667,12.0469583333333,4.56475,4.20304166666667,3.55929166666667,3.51029166666667,5.33616666666667,4.13520833333333,4.436875,7.43320833333333,5.16020833333333,7.99441666666667,13.110375,4.677625,3.78058333333333,4.595125,4.60295833333333,4.01345833333333,4.36029166666667,6.01520833333333,3.42970833333333,4.27275,3.87579166666667,4.87720833333333,4.75933333333333
2024-12-11,9.84466666666667,4.40641666666667,5.97095833333333,5.05120833333333,6.78754166666667,5.06883333333333,10.01675,3.921,5.39408695652174,4.45266666666667,5.01483333333333,9.71108333333333,3.755,6.77779166666667,6.40720833333333,6.1695,8.20466666666667,10.07975,3.98775,6.89866666666667,6.93204166666667,7.46666666666667,4.84670833333333,4.75920833333333,5.82941666666667,6.20183333333333,4.08408333333333,3.77458333333333,3.013,15.81375
2024-12-12,14.631625,2.31129166666667,8.59079166666667,7.562,9.83295833333333,7.02933333333333,11.373,5.913875,6.06329166666667,5.42545833333333,6.170375,14.0989583333333,5.39891666666667,12.286875,10.2849583333333,9.67570833333333,17.8666666666667,12.2887916666667,5.21529166666667,12.4853333333333,16.4534166666667,8.02683333333333,7.637625,7.82825,3.98091666666667,7.63366666666667,4.41633333333333,3.59179166666667,5.93945833333333,11.0357916666667
2024-12-13,20.7390416666667,7.12954166666667,7.22879166666667,9.04679166666667,7.1945,10.8825,9.891875,8.63508333333333,7.46758333333333,12.9325,12.562,10.6771666666667,8.804125,10.6780833333333,8.68120833333333,9.95875,17.2564166666667,8.67333333333333,6.82979166666667,6.28545833333333,12.3182916666667,9.83304166666667,24.31225,26.7572083333333,9.52929166666667,4.833,10.742,19.93225,2.91270833333333,8.275375
2024-12-14,5.95716666666667,5.98179166666667,4.21979166666667,5.31545833333333,4.35233333333333,5.53470833333333,3.59683333333333,6.08691666666667,3.873875,7.32508333333333,6.139,2.61595833333333,5.622125,6.688375,3.700875,3.47983333333333,6.49275,2.809625,7.39395833333333,2.70345833333333,3.52883333333333,4.796625,10.4129166666667,10.3715416666667,6.57633333333333,2.99433333333333,7.6455,9.778125,1.39745833333333,4.5225
2024-12-15,3.20179166666667,2.40470833333333,5.107125,1.33654166666667,6.52525,1.337375,1.82975,1.696125,1.97904166666667,1.91333333333333,2.24554166666667,1.088,1.70308333333333,2.95891666666667,2.30645833333333,1.536875,2.083375,1.47991666666667,1.56845833333333,0.7145,2.93525,1.74333333333333,2.60629166666667,2.985375,2.153125,2.869625,1.69129166666667,3.680375,0.536541666666667,2.343625
2024-12-16,1.86320833333333,2.46658333333333,5.92079166666667,3.47095833333333,7.46958333333333,2.99225,4.38091666666667,2.54820833333333,3.48470833333333,2.11083333333333,3.27841666666667,2.78295833333333,2.27791666666667,3.54466666666667,2.773125,3.39029166666667,5.737125,4.16275,2.55708333333333,2.123625,2.71529166666667,2.82816666666667,2.165875,1.9635,3.35491666666667,3.78929166666667,1.74233333333333,2.43225,2.14133333333333,3.15733333333333
2024-12-17,3.75020833333333,4.905625,4.61966666666667,6.38466666666667,4.74354166666667,5.584625,3.757875,4.87029166666667,7.43425,5.07966666666667,5.28491666666667,4.039875,4.43291666666667,9.34941666666667,5.891375,7.01341666666667,6.4535,3.603625,5.59354166666667,6.55270833333333,3.93379166666667,5.74683333333333,5.44420833333333,5.2015,6.29233333333333,4.67083333333333,5.623,5.0265,2.18858333333333,4.97645833333333
2024-12-18,6.77091666666667,2.83904166666667,4.56766666666667,3.39733333333333,5.65154166666667,3.05041666666667,3.090625,3.27833333333333,6.11045833333333,4.24620833333333,7.34966666666667,2.35258333333333,2.91558333333333,13.6055416666667,2.84495833333333,3.22429166666667,3.789375,2.55025,2.90295833333333,2.16779166666667,3.52983333333333,2.728875,4.76033333333333,4.93904166666667,3.91895833333333,6.49670833333333,3.79720833333333,5.75383333333333,1.32570833333333,2.39783333333333
2024-12-19,2.75554166666667,2.03220833333333,3.79620833333333,3.62620833333333,4.06841666666667,3.33629166666667,3.73920833333333,3.109375,3.06308333333333,2.78004166666667,2.88033333333333,3.59079166666667,2.58158333333333,6.51141666666667,2.62670833333333,2.555,5.34404166666667,2.92045833333333,3.43854166666667,2.81641666666667,4.919375,4.78679166666667,3.231125,3.01883333333333,2.67195833333333,4.77879166666667,2.52170833333333,2.48429166666667,1.53883333333333,3.6655
2024-12-20,3.74625,4.780875,5.088375,5.75966666666667,6.70891666666667,4.39866666666667,5.15429166666667,4.78770833333333,5.751875,4.02920833333333,4.71804166666667,3.54958333333333,4.28366666666667,8.62820833333333,4.51858333333333,5.23383333333333,6.50454166666667,4.37104166666667,4.19125,3.26945833333333,6.08391666666667,4.663875,4.768125,4.41625,5.53654166666667,5.07770833333333,4.30141666666667,4.14708333333333,2.35741666666667,3.976125
2024-12-21,6.814125,4.97558333333333,7.286875,4.88016666666667,9.98333333333333,5.04520833333333,7.052,5.53066666666667,7.31733333333333,6.07995833333333,6.64908333333333,4.682625,5.08270833333333,9.59020833333333,5.38216666666667,5.32616666666667,6.6795,6.29708333333333,4.85754166666667,4.920375,7.13054166666667,5.250625,6.25391666666667,6.37979166666667,5.9955,8.60666666666667,4.594125,6.18116666666667,3.77845833333333,5.15533333333333
2024-12-22,4.54604166666667,4.54208333333333,8.356,6.95070833333333,9.78195833333333,7.21104166666667,7.56783333333333,6.66079166666667,6.364,5.47370833333333,5.66725,7.202375,6.12425,8.39033333333333,6.99770833333333,6.51933333333333,7.50195833333333,6.94183333333333,6.41608333333333,4.64029166666667,10.61425,8.45416666666667,6.08091666666667,6.073125,5.39604166666667,6.83375,5.49041666666667,5.407875,3.730375,8.03566666666667
2024-12-23,6.84941666666667,7.05195833333333,7.25541666666667,7.86266666666667,6.76304166666667,8.33333333333333,4.93816666666667,7.582625,6.21466666666667,7.31629166666667,6.41516666666667,5.00195833333333,7.2495,8.25266666666667,6.42975,7.46566666666667,5.27616666666667,4.61379166666667,7.73291666666667,5.87366666666667,6.538,7.82045833333333,8.82079166666667,7.79679166666667,8.57216666666667,4.541125,7.03816666666667,6.72375,2.82733333333333,6.47108333333333
2024-12-24,4.47333333333333,5.78604166666667,4.986375,5.52483333333333,5.05220833333333,5.631875,1.7305,6.60479166666667,3.37558333333333,5.593625,3.91708333333333,1.66570833333333,6.42891666666667,2.99625,5.24475,4.59808333333333,2.97070833333333,1.65195833333333,6.18225,1.16258333333333,9.03,3.013,8.34520833333333,8.63316666666667,6.7315,2.46175,5.94741666666667,8.2105,0.515041666666667,4.43104166666667
2024-12-25,5.11504166666667,6.13208333333333,4.053625,3.77854166666667,2.93929166666667,6.6755,1.341375,4.31408333333333,1.95758333333333,2.818375,1.82191666666667,3.35691666666667,5.34091666666667,2.00083333333333,7.17570833333333,6.301125,2.10291666666667,1.27058333333333,5.21625,3.47679166666667,12.0372083333333,4.040875,7.51583333333333,10.860875,8.76866666666667,1.12033333333333,4.950875,9.438875,0.64075,5.22408333333333
2024-12-26,4.18141666666667,7.70345833333333,10.9070833333333,4.35725,11.3935833333333,5.05608333333333,2.01458333333333,3.619375,4.25525,4.21475,4.17645833333333,4.714125,3.45225,2.84008333333333,12.8549166666667,10.8255,5.96404166666667,1.95270833333333,4.2295,6.55266666666667,17.4923333333333,6.41629166666667,5.9945,6.818,12.88825,0.688833333333333,6.84954166666667,6.37295833333333,0.563166666666667,4.62375
2024-12-27,6.70495833333333,2.88733333333333,7.38891666666667,4.856625,6.12133333333333,4.49495833333333,3.83745833333333,5.39320833333333,7.10704166666667,4.488,7.28575,10.2870416666667,5.00104166666667,6.68245833333333,17.6828333333333,8.80108333333333,6.15470833333333,3.696,3.190875,11.252,35.8885,6.841625,7.673,4.52441666666667,9.76725,2.54820833333333,11.022,2.35820833333333,0.669208333333333,5.78820833333333
2024-12-28,11.0111666666667,6.99095833333333,7.73108333333333,4.90566666666667,7.52558333333333,6.48195833333333,4.65508333333333,6.40345833333333,8.38058333333333,4.609,9.08425,8.31270833333333,5.95225,10.8963333333333,12.5572083333333,11.1517083333333,7.175875,4.43791666666667,6.658875,4.497875,13.7991666666667,7.046,8.8955,7.02545833333333,10.0392916666667,5.57395833333333,5.427625,4.09591666666667,1.15370833333333,6.676625
2024-12-29,5.13658333333333,5.38129166666667,3.90825,3.2135,5.24283333333333,3.91120833333333,4.26595833333333,3.53570833333333,7.83120833333333,3.72358333333333,3.7785,2.49316666666667,3.49258333333333,4.1205,3.25770833333333,3.018,5.18779166666667,3.90441666666667,4.12345833333333,2.155125,3.070875,2.81745833333333,6.39158333333333,6.61370833333333,5.204375,3.0445,4.78679166666667,5.407,2.24754166666667,2.6465
2024-12-30,2.47741666666667,1.71779166666667,3.57320833333333,1.95758333333333,6.14195833333333,1.78358333333333,3.31370833333333,1.529125,1.973375,1.75225,2.15308333333333,1.37091666666667,1.50045833333333,2.91575,1.727625,1.57329166666667,3.7175,3.04829166666667,1.61758333333333,3.52591666666667,2.836,1.73845833333333,2.62970833333333,2.48133333333333,3.56133333333333,1.65091666666667,2.04195833333333,3.468,1.871125,1.524125
2024-12-31,6.12125,1.7365,2.070625,2.62579166666667,6.28729166666667,2.15304166666667,4.2305,2.14720833333333,3.13495833333333,3.147625,5.41179166666667,1.56154166666667,2.17575,6.21954166666667,1.2825,1.360125,4.30916666666667,4.011375,2.097125,1.253,1.73058333333333,1.67945833333333,4.37108333333333,4.044875,2.28291666666667,5.578875,2.3005,4.325875,1.97425,1.752125
