"date","EB","IMGM","PRES","BIRR","BLC2","BOTR","GHSR","LEAM","NPT3","REA1","SOUT","WREX","LEAR","PLYM","SHDG","SHE","BEL2","GLKP","LECU","SUN2","TRAN","STOK","BEX","SEND","HUL2","PEMB","WFEN","OSY","ACTH","COPP"
2025-01-01,5.44916666666667,2.14425,3.46608333333333,3.08166666666667,4.50575,2.14533333333333,3.2615,3.24979166666667,5.124875,3.05825,4.99908333333333,1.77079166666667,3.19383333333333,7.40375,2.51679166666667,2.30941666666667,3.67445833333333,3.34708333333333,2.437125,2.51283333333333,3.08570833333333,1.85729166666667,3.14079166666667,3.34033333333333,2.95008333333333,5.87675,2.14629166666667,3.801125,2.0966,2.00475
2025-01-02,5.249625,3.26270833333333,8.52208333333333,6.9075,4.44495833333333,6.85141666666667,3.3835,7.70441666666667,8.22725,5.56508333333333,5.58670833333333,4.64725,7.31325,6.35220833333333,3.38845833333333,3.73629166666667,4.035125,2.981625,5.82845833333333,2.77316666666667,4.74845833333333,11.528125,5.49520833333333,5.16016666666667,4.15970833333333,1.97525,4.1795,3.98483333333333,1.84066666666667,7.68279166666667
2025-01-03,5.93358333333333,6.65879166666667,6.714,5.24666666666667,4.59216666666667,5.83333333333333,5.06975,7.738875,10.04125,7.52354166666667,11.9448333333333,2.51579166666667,7.47258333333333,11.161625,5.5415,4.57641666666667,7.39579166666667,4.38783333333333,7.083375,5.27129166666667,3.70954166666667,5.845125,9.43795833333333,8.14079166666667,8.01,2.38408333333333,6.91425,5.606375,2.068625,5.457
2025-01-04,7.49991666666667,11.9182916666667,5.81175,11.1037083333333,5.75075,14.4605833333333,5.88458333333333,8.72741666666667,10.6899583333333,15.6466666666667,13.5024166666667,8.49841666666667,8.18995833333333,6.05245833333333,10.3046666666667,11.261,12.8154583333333,5.80883333333333,8.918125,8.97508333333333,6.367,9.38183333333333,8.16033333333333,8.03366666666667,14.2865416666667,2.948125,9.87916666666667,6.785625,1.97520833333333,8.462125
2025-01-05,5.06591666666667,3.24783333333333,2.41945833333333,4.62270833333333,2.42245833333333,4.76029166666667,4.83395833333333,4.99808333333333,3.64391666666667,2.11970833333333,3.07108333333333,4.664,3.86495833333333,8.335375,4.029125,3.79316666666667,3.154625,4.85266666666667,2.62679166666667,4.90666666666667,3.90029166666667,3.02275,2.68870833333333,2.60229166666667,2.54129166666667,0.884541666666667,1.09721739130435,3.05508333333333,2.16691666666667,4.41925
2025-01-06,3.99866666666667,1.91229166666667,2.37333333333333,2.720125,2.44104166666667,1.82991666666667,2.121625,1.76195833333333,2.87920833333333,2.35358333333333,3.58691666666667,2.158,1.92216666666667,3.628125,1.74920833333333,2.48920833333333,2.69854166666667,1.52720833333333,2.07841666666667,1.88183333333333,2.906875,2.72008333333333,2.87341666666667,3.40408333333333,2.20429166666667,2.68879166666667,1.66170833333333,4.50075,0.729166666666667,2.52845833333333
2025-01-07,2.80666666666667,4.78691666666667,3.88183333333333,4.13329166666667,3.34225,3.19191666666667,3.01195833333333,3.55741666666667,4.66104166666667,3.41004166666667,3.50129166666667,2.90575,3.66366666666667,6.66679166666667,3.158375,4.17258333333333,4.469375,2.33791666666667,4.250125,1.87295833333333,3.447375,3.15054166666667,3.88366666666667,3.82575,4.80333333333333,3.03666666666667,3.08479166666667,3.04329166666667,1.52425,2.643375
2025-01-08,3.23304166666667,8.850125,7.33108333333333,14.053625,8.46691666666667,11.771875,6.39545833333333,9.21975,8.39929166666667,9.232625,6.64504166666667,12.382125,8.98795833333333,3.79125,10.8696666666667,14.50675,18.815875,5.44129166666667,11.5104583333333,6.89570833333333,13.8218333333333,9.96070833333333,6.38770833333333,5.39520833333333,16.6450833333333,3.416875,8.38833333333333,5.39125,2.905875,12.5522083333333
2025-01-09,6.06825,6.945875,15.369625,11.0359583333333,9.948875,9.55879166666667,7.71733333333333,13.131875,9.13720833333333,11.2569166666667,9.83095833333333,5.54741666666667,12.7722916666667,8.11720833333333,7.29854166666667,9.69641666666667,17.5344583333333,6.71883333333333,11.038875,4.82116666666667,12.7929583333333,11.3285416666667,12.519625,8.63020833333333,9.56570833333333,3.85804166666667,12.0686666666667,7.47154166666667,3.29695833333333,18.8414583333333
2025-01-10,12.0076666666667,8.27925,13.5368333333333,18.7579166666667,15.9465416666667,23.693125,9.54804166666667,23.335375,11.4495833333333,19.79075,14.2315,14.3898333333333,23.8455,4.16966666666667,16.9115,12.5600416666667,16.1567083333333,8.93770833333333,32.1070416666667,7.279875,28.3129166666667,21.0859583333333,26.584125,19.5784583333333,12.9364166666667,3.2685,17.6327916666667,13.0106956521739,3.55841666666667,30.6350416666667
2025-01-11,20.4069583333333,15.6339583333333,9.18741666666667,39.0519166666667,10.432375,33.6243333333333,10.822625,30.4542083333333,27.6219166666667,33.6940833333333,18.1821666666667,26.3669583333333,27.77025,5.34691666666667,23.5182083333333,19.9490416666667,11.1054583333333,10.460875,42.519875,14.7720416666667,30.408875,18.5211666666667,43.8051666666667,22.5945,23.3471666666667,9.36329166666667,27.8441666666667,20.113125,2.093125,39.4006666666667
2025-01-12,22.9030833333333,16.6715,14.0174583333333,17.28975,19.430125,29.1305416666667,9.37020833333333,17.4745,20.6102083333333,36.8682916666667,16.3768333333333,21.7227916666667,16.4917083333333,5.26145833333333,15.8579583333333,22.46275,12.2945833333333,9.26495833333333,19.45075,13.805,20.5081666666667,21.8869166666667,26.4977083333333,20.4039166666667,25.2565416666667,7.88916666666667,18.3657916666667,15.19275,4.833,22.2318333333333
2025-01-13,14.0595416666667,7.501125,6.598875,7.63958333333333,7.253375,7.77425,3.246,7.47054166666667,9.1184347826087,12.276,5.38916666666667,5.40104166666667,6.83279166666667,4.45066666666667,7.17775,7.31925,3.91804166666667,3.255625,7.84108333333333,6.69325,5.93758333333333,7.53829166666667,9.82316666666667,7.36841666666667,9.8964347826087,7.35945833333333,9.548,5.78916666666667,0.945458333333333,7.0845
2025-01-14,11.4025,8.57504166666667,4.87620833333333,10.1925833333333,4.5785,10.58675,5.63875,9.78475,10.1130416666667,11.1636956521739,13.795375,5.690875,8.76466666666667,11.0437083333333,9.03995833333333,9.0075,4.16575,5.450125,9.635375,3.15554166666667,5.49041666666667,6.70004166666667,12.905,14.1244583333333,10.9670416666667,5.43145833333333,9.78583333333333,13.3962083333333,2.49508333333333,7.50008333333333
2025-01-15,8.50141666666667,9.82952173913043,10.1701666666667,11.6116666666667,9.44195833333333,11.5960416666667,4.36025,12.184625,10.1279166666667,8.601625,12.4440833333333,10.893375,11.067125,17.7481739130435,13.521125,16.4958333333333,8.48475,3.61245833333333,9.70425,5.41679166666667,15.4344583333333,9.951,12.323125,13.3982916666667,15.05525,7.165,10.0530833333333,12.95725,1.91925,10.6840416666667
2025-01-16,7.38704166666667,13.6487916666667,11.804375,13.8925416666667,13.4768333333333,12.6995833333333,7.94504166666667,10.1946666666667,15.8855,10.1475416666667,13.095625,11.5507916666667,9.42816666666667,11.7187916666667,12.3997916666667,18.87675,8.05529166666667,6.77479166666667,11.77975,5.85495833333333,16.0701666666667,17.26325,10.15725,12.63075,18.20875,8.88558333333333,15.8688333333333,9.66791666666667,5.58666666666667,14.2562083333333
2025-01-17,14.248125,16.9005416666667,15.8009583333333,15.483625,17.3693333333333,15.803875,5.92579166666667,13.769625,14.4939166666667,14.2256666666667,11.624375,14.210875,12.8469583333333,13.5869166666667,15.3449583333333,15.3017916666667,8.01204166666667,5.859875,14.1284166666667,8.48075,15.0501666666667,14.93525,19.355375,15.9906666666667,22.69375,9.432,19.19325,14.42525,4.61179166666667,15.8165833333333
2025-01-18,17.4353333333333,21.5989583333333,18.0267916666667,22.455875,19.3760833333333,22.7704166666667,7.92354166666667,20.6357916666667,17.15225,22.4982083333333,18.6822916666667,15.8913333333333,19.2276666666667,17.0834583333333,22.2680416666667,21.351375,10.0510833333333,7.748625,20.5042083333333,19.1872916666667,18.0415833333333,20.9543333333333,24.9922916666667,21.3729583333333,27.6406666666667,12.4145416666667,23.9112083333333,17.66125,7.154125,19.1362916666667
2025-01-19,16.74825,19.0350416666667,19.7534166666667,19.2964166666667,24.6630833333333,20.3597083333333,10.723375,17.399,20.3096666666667,19.3800416666667,14.2836666666667,17.0814583333333,16.697125,16.9429166666667,18.963375,18.480875,14.364375,10.2329166666667,15.0215416666667,18.109375,21.1999166666667,20.856,24.2219166666667,19.4202916666667,21.8614166666667,20.5435833333333,23.0641666666667,18.445375,7.59729166666667,24.4605833333333
2025-01-20,15.0482083333333,16.9792083333333,16.55875,21.4025,19.2679583333333,20.1790833333333,8.69004166666667,19.2601666666667,18.605625,19.0645833333333,17.7565,18.627125,17.7104166666667,8.79425,12.9756666666667,16.0183043478261,13.9977083333333,8.93083333333333,17.7565,14.3700416666667,20.2310416666667,22.4569166666667,19.4182916666667,16.6992083333333,20.6675,15.347652173913,21.4102916666667,13.6008333333333,5.23395833333333,21.8152083333333
2025-01-21,16.167625,16.0525,13.4679583333333,18.3255416666667,12.4725416666667,17.63475,6.5095,16.92425,20.1357916666667,18.1653333333333,20.7547916666667,11.8102083333333,15.3174583333333,14.2365416666667,12.4667727272727,13.3590416666667,9.52145833333333,6.13608333333333,17.7379166666667,9.034,13.1623333333333,17.8449583333333,21.6470833333333,19.5530833333333,19.9884347826087,11.6648333333333,17.0882916666667,16.4869583333333,3.27154166666667,14.6176086956522
2025-01-22,17.1158333333333,22.335125,16.1704166666667,26.519375,16.4762083333333,24.6845833333333,8.43854166666667,25.8217083333333,22.4440416666667,25.69775,18.9594583333333,13.3186666666667,23.0689583333333,14.5282916666667,17.641625,21.1135416666667,5.28108333333333,8.84625,25.9897083333333,14.3543913043478,23.4297916666667,26.0990869565217,26.7325909090909,20.9189583333333,24.6345416666667,13.1212916666667,29.4193333333333,22.5442916666667,2.672875,26.5046666666667
2025-01-23,8.92695833333333,10.01275,4.63741666666667,8.752,4.832,8.68029166666667,5.492375,8.77470833333333,7.22279166666667,9.322875,9.19204347826087,3.80359090909091,8.32070833333333,10.57,6.85141666666667,8.102375,5.85895833333333,5.22020833333333,9.262875,6.65291666666667,4.48995833333333,7.9885,10.58175,10.9955416666667,11.5979166666667,5.57583333333333,11.2393333333333,12.2760416666667,2.65972727272727,5.40265217391304
2025-01-24,9.2315,8.22429166666667,9.39858333333333,10.5710416666667,10.9474166666667,9.75725,5.92970833333333,9.73958333333333,12.501,10.635875,11.3650416666667,13.210625,8.93779166666667,17.4873333333333,7.85975,8.70979166666667,5.23683333333333,5.58466666666667,9.21983333333333,6.46033333333333,8.48379166666667,8.90429166666667,10.0354583333333,9.01833333333333,9.54795833333333,10.206375,9.37704166666667,9.56166666666667,3.2744,8.91329166666667
2025-01-25,6.66279166666667,5.28395833333333,5.41279166666667,7.23066666666667,5.92283333333333,6.39654166666667,2.87929166666667,5.51595833333333,7.54325,6.56945833333333,7.467625,5.22795833333333,4.81133333333333,6.95854166666667,5.87370833333333,6.055375,5.13954166666667,2.64633333333333,6.937875,3.915,4.95083333333333,5.88441666666667,9.33570833333333,6.31383333333333,6.06141666666667,4.34154166666667,5.75375,4.116625,1.43870833333333,6.024125
2025-01-26,7.27891666666667,4.522375,3.587875,4.46645833333333,3.98991666666667,4.382,3.22033333333333,4.33866666666667,4.56470833333333,6.620625,6.34345833333333,4.16279166666667,4.11658333333333,10.33525,5.57991666666667,5.06979166666667,8.64291666666667,3.25375,4.19516666666667,6.00629166666667,3.75483333333333,4.70425,6.21458333333333,6.53904166666667,4.99025,6.541875,5.21320833333333,7.25045833333333,2.03220833333333,4.85654166666667
2025-01-27,6.00529166666667,4.56259090909091,4.44683333333333,5.68104166666667,4.27279166666667,4.84370833333333,3.535875,4.598125,7.5345,5.67216666666667,6.75516666666667,4.791625,4.13929166666667,14.0585416666667,4.9195,5.83329166666667,9.62466666666667,3.726375,4.35245833333333,6.230375,4.41716666666667,5.21033333333333,5.06308333333333,5.12970833333333,5.87179166666667,12.2789583333333,3.92430434782609,6.49770833333333,3.63795833333333,5.18579166666667
2025-01-28,6.00820833333333,5.42066666666667,3.82475,4.53263636363636,3.94758333333333,3.85025,3.800125,3.88670833333333,3.60458333333333,3.985875,5.34295833333333,3.95345833333333,3.54758333333333,7.00570833333333,5.44908333333333,4.808375,5.07575,2.90683333333333,4.24245833333333,3.49741666666667,5.07483333333333,4.439875,4.89783333333333,5.01370833333333,6.080125,4.37895833333333,4.889,6.55270833333333,2.42933333333333,4.38
2025-01-29,3.86382608695652,3.693,6.768,6.826875,4.86541666666667,5.134625,4.54608333333333,4.80345833333333,4.80845833333333,5.21320833333333,6.41216666666667,3.85320833333333,4.00358333333333,5.747,4.663,3.7265,5.18966666666667,3.20266666666667,4.55783333333333,2.27208333333333,5.48245833333333,6.57041666666667,6.34054166666667,6.12820833333333,4.47625,4.74945833333333,4.239375,5.17483333333333,1.79213636363636,4.61283333333333
2025-01-30,5.01879166666667,3.81095833333333,5.82154166666667,7.59329166666667,4.8615,6.37517391304348,3.53970833333333,5.854,5.435375,5.50708333333333,5.01283333333333,4.42220833333333,5.08554166666667,6.92886956521739,3.827625,5.418625,5.78913636363636,3.261625,5.67695833333333,3.28029166666667,5.35670833333333,6.04658333333333,6.08095833333333,5.53466666666667,5.24079166666667,4.85466666666667,4.64333333333333,4.22166666666667,1.92316666666667,5.02954166666667
2025-01-31,3.81,8.64591666666667,4.93808333333333,8.92016666666667,7.24758333333333,6.75420833333333,9.71704166666667,8.454375,9.40258333333333,5.55520833333333,5.03145833333333,11.9674166666667,7.06366666666667,10.8765833333333,6.22745833333333,6.52316666666667,15.9095217391304,9.58045833333333,7.099125,8.024875,15.831375,8.43854166666667,4.79170833333333,4.32783333333333,10.0187083333333,9.318125,7.20716666666667,4.13625,2.44795833333333,7.11479166666667
2025-02-01,7.183625,14.0026666666667,10.7890833333333,11.89775,12.0421666666667,10.7842916666667,6.95170833333333,9.66795833333333,8.65479166666667,6.46725,3.90920833333333,10.0619583333333,9.25808333333333,8.29695833333333,11.8397083333333,11.1951666666667,13.9416666666667,7.276,10.15825,13.6458333333333,12.442,13.0542916666667,12.264125,6.66275,16.30425,6.03375,7.611125,5.56991666666667,5.13395833333333,14.5597916666667
2025-02-02,14.0792916666667,13.7894166666667,7.79879166666667,8.137875,8.28820833333333,9.25904166666667,4.05266666666667,9.49695833333333,9.63158333333333,13.6035833333333,10.6810833333333,8.834625,8.80895833333333,6.477125,8.68516666666667,10.878625,7.468625,3.55741666666667,11.95275,9.722875,8.42766666666667,7.31716666666667,19.2022916666667,15.1829166666667,15.249625,4.87620833333333,16.2668333333333,12.8312083333333,2.59716666666667,8.22929166666667
2025-02-03,13.1555416666667,10.7803333333333,5.16216666666667,10.807875,5.81804545454545,10.5984583333333,3.91229166666667,9.76816666666667,10.1140833333333,13.2379166666667,12.2357083333333,4.82895833333333,8.79429166666667,5.44325,5.34504166666667,8.749125,5.23870833333333,3.83354166666667,10.1965833333333,5.04133333333333,5.566,7.917625,16.592125,17.5856666666667,14.81825,5.14458333333333,17.2995416666667,15.2084583333333,1.80529166666667,7.026375
2025-02-04,4.839875,3.96704166666667,4.354,5.205375,4.77691666666667,4.40841666666667,2.79913043478261,4.34454166666667,6.39258333333333,4.89983333333333,5.44429166666667,3.18016666666667,3.929875,8.72558333333333,4.19320833333333,5.14845833333333,4.67666666666667,2.40954166666667,4.036875,3.21641666666667,3.68520833333333,4.89779166666667,6.02208333333333,5.39704166666667,5.53454166666667,7.23958333333333,6.200875,5.53266666666667,0.723375,4.602
2025-02-05,7.77129166666667,5.57883333333333,7.82045833333333,11.0220416666667,7.849875,9.957875,4.32579166666667,10.1513333333333,8.53475,10.334125,8.755875,6.72275,9.11013636363636,8.39625,6.986125,7.44979166666667,8.24095833333333,3.89054166666667,10.168652173913,4.84079166666667,7.69213043478261,8.33141666666667,9.19595238095238,7.95295833333333,7.76254166666667,5.681125,6.10370833333333,7.72204166666667,2.66618181818182,9.19229166666667
2025-02-06,6.35129166666667,8.67929166666667,8.870875,15.858,10.5041666666667,15.2433636363636,6.02804166666667,11.1099130434783,7.88125,8.83921739130435,7.58354166666667,12.5042727272727,11.0466666666667,7.155125,14.444875,17.5638333333333,13.851375,7.28977272727273,15.2840833333333,6.96745833333333,16.921375,10.5582916666667,10.228,8.52104166666667,10.196625,4.727875,11.3552083333333,7.433125,3.53573913043478,15.2389583333333
2025-02-07,10.8314166666667,7.848875,5.24579166666667,8.45045833333333,5.053125,7.396875,7.11875,8.418875,7.613125,9.19975,8.74795833333333,9.19816666666667,8.08275,6.991125,8.331375,7.88420833333333,10.3125,7.32704166666667,8.327625,6.87295833333333,7.40775,7.38808333333333,13.184125,11.9075,8.562375,5.792,11.1715,11.4584583333333,4.300375,6.680375
2025-02-08,14.0841666666667,23.0582916666667,12.9413333333333,22.3704583333333,11.837625,21.3444166666667,5.190625,24.8970416666667,18.4985,19.9628333333333,17.031375,19.2906666666667,23.4160833333333,17.0628333333333,21.8034166666667,19.48025,8.63495833333333,5.04633333333333,23.4207916666667,16.8003333333333,17.7281666666667,21.9536666666667,22.8068333333333,18.1790416666667,24.470375,11.4466666666667,26.631375,16.4829583333333,6.29033333333333,18.5033333333333
2025-02-09,5.88925,32.6515,17.722125,30.0649583333333,16.3846666666667,30.267375,12.9227083333333,30.35975,25.7637083333333,17.1925833333333,9.58933333333333,26.9104583333333,28.750125,12.8774166666667,32.5727916666667,31.9940416666667,16.6686666666667,12.5699166666667,31.2009166666667,23.676375,22.2690833333333,25.9915833333333,18.9740833333333,17.3801666666667,35.9642083333333,16.5863333333333,31.8859583333333,19.53625,14.90775,24.4330416666667
2025-02-10,33.793375,17.1443333333333,9.19033333333333,18.1102916666667,8.01691666666667,15.1877083333333,6.21175,20.5326666666667,18.7863333333333,31.09875,27.8342083333333,11.3070833333333,19.4702916666667,17.1552083333333,15.46975,15.38425,9.40154166666667,6.060375,20.6958333333333,12.7937916666667,9.78075,10.5630833333333,42.111,36.6176666666667,18.0160833333333,10.6152083333333,32.3576666666667,34.16875,5.597375,9.54904166666667
2025-02-11,21.033875,28.7295,15.78125,23.4277916666667,14.9862916666667,21.0437083333333,11.1980869565217,24.9902916666667,19.1245,23.318625,19.7368333333333,19.9842916666667,23.3505,16.7149583333333,25.6329583333333,25.2536666666667,13.28425,11.139,25.5759583333333,19.072380952381,18.2273333333333,17.1444166666667,31.9852083333333,29.845875,32.3360833333333,11.8999130434783,32.2130833333333,29.6345833333333,10.8294583333333,17.4058333333333
2025-02-12,18.2350416666667,28.4740416666667,18.6204166666667,26.3523333333333,18.4849130434783,25.5887083333333,9.78979166666667,24.9175416666667,20.3705416666667,18.9142083333333,18.2863333333333,24.3013333333333,23.0061666666667,17.17475,29.8635,29.401625,13.3324583333333,9.51866666666667,24.7594166666667,17.5915,22.939375,24.4065416666667,22.421625,19.6187916666667,31.661875,13.146625,20.1934782608696,16.9870416666667,9.05070833333333,22.66125
2025-02-13,18.367875,7.95216666666667,8.34120833333333,16.3801363636364,10.8178333333333,11.1399166666667,4.55875,16.561625,20.6034583333333,21.7375,21.703125,16.262875,15.9005,16.1665833333333,9.58625,9.4605,11.0006666666667,4.31895833333333,12.9275,5.43333333333333,12.3905909090909,14.2247083333333,26.04575,22.080625,8.619375,17.2130833333333,19.0242083333333,20.1690833333333,3.21154166666667,12.4037083333333
2025-02-14,20.4246666666667,12.883375,12.6759166666667,17.274125,15.7273333333333,16.3464583333333,9.547,17.046,19.675875,19.21675,20.468875,19.9499583333333,16.6323333333333,16.9280833333333,14.9018333333333,14.1362083333333,17.046125,8.47783333333333,16.8386666666667,9.76220833333333,17.9392916666667,17.3172916666667,23.7737916666667,24.1245,13.17025,18.7824166666667,19.7700833333333,18.990875,7.67195833333333,17.326125
2025-02-15,18.17725,28.749125,26.220625,27.26825,30.8374166666667,28.2656666666667,14.8605416666667,29.4586666666667,24.4644583333333,25.6968333333333,21.9349583333333,26.0545833333333,28.496625,13.1663333333333,27.5512083333333,27.0559583333333,16.5929583333333,13.923125,27.8352083333333,30.56525,26.3905416666667,25.660375,28.1959166666667,24.2915,30.295875,12.9667916666667,28.9476666666667,22.105125,13.4032083333333,25.633
2025-02-16,17.104125,17.2721666666667,12.5805833333333,21.4436666666667,15.01575,19.4390416666667,10.738,21.5478333333333,23.06025,20.8089166666667,19.4890833333333,25.9730416666667,20.5680416666667,18.3352916666667,19.9430833333333,18.6940416666667,17.8439583333333,9.73858333333333,18.9515,14.9205,19.78775,19.73175,22.4842916666667,16.1115,16.8407083333333,20.0403333333333,19.301375,13.1318333333333,11.146875,21.30225
2025-02-17,15.1848333333333,10.6948333333333,13.7904166666667,17.2121666666667,17.1000416666667,14.0635833333333,16.7797916666667,16.3837083333333,22.0127083333333,19.9921666666667,17.840125,20.8963333333333,15.9031666666667,21.9949583333333,13.9279166666667,13.0484583333333,21.942875,15.6545,14.1795416666667,12.770375,18.0415833333333,16.3552916666667,19.170625,15.5532916666667,9.92241666666667,19.1928181818182,14.7041666666667,13.7971666666667,13.7795833333333,17.4125833333333
2025-02-18,19.6522083333333,21.1367916666667,18.754125,22.89125,21.8210833333333,20.2448333333333,15.7254166666667,22.7635416666667,24.9086666666667,25.7567916666667,20.70175,26.8839583333333,21.8544583333333,24.7671666666667,22.605375,21.538,26.246125,16.0475,21.249125,23.966375,22.7054583333333,22.5137916666667,30.7116666666667,23.6479583333333,23.279375,21.9841666666667,23.832625,21.31975,15.90325,23.519125
2025-02-19,26.3177272727273,31.8269166666667,25.2025416666667,30.2733043478261,30.7274166666667,30.2290416666667,23.7265,30.1377083333333,24.4055833333333,29.7171666666667,23.3274583333333,34.67875,28.7414166666667,16.8878333333333,34.3830416666667,32.9100833333333,19.3239583333333,23.8799166666667,29.8115,36.1706666666667,32.1660416666667,31.311,34.8705,30.6083333333333,33.2852083333333,14.13625,32.2681666666667,27.9393333333333,22.6326666666667,32.0490833333333
2025-02-20,7.81445833333333,9.45445833333333,6.3935,4.40158333333333,8.18504166666667,5.221125,4.51554166666667,3.75295833333333,4.91345833333333,3.75583333333333,4.43891666666667,5.39804166666667,3.59679166666667,13.128,6.23920833333333,8.75991666666667,7.0195,4.3415,4.82608333333333,13.1702916666667,5.77145833333333,5.37054166666667,7.00470833333333,9.05179166666667,10.3203333333333,5.99841666666667,9.70925,11.89275,3.51904166666667,5.75679166666667
2025-02-21,11.2609166666667,4.32195833333333,4.164625,4.72283333333333,5.25554166666667,4.95479166666667,4.09991666666667,4.372,7.39683333333333,5.7115,7.41941666666667,4.73358333333333,4.18241666666667,17.8744166666667,4.78783333333333,7.60520833333333,6.74058333333333,4.02316666666667,4.04779166666667,5.31454166666667,4.05070833333333,5.31254166666667,9.90966666666667,11.2255,4.77508333333333,8.99758333333333,8.15554166666667,13.290125,2.94225,4.56166666666667
2025-02-22,8.56825,6.43966666666667,7.66516666666667,7.94620833333333,7.95008333333333,9.13820833333333,7.34979166666667,7.34775,10.4490833333333,6.33554166666667,8.49658333333333,7.10595833333333,6.968375,12.9540833333333,5.99945833333333,6.189125,8.55354166666667,6.38458333333333,6.97925,5.51891666666667,6.62541666666667,7.60616666666667,8.286125,8.471875,7.62879166666667,9.03108333333333,6.54875,8.32358333333333,3.94066666666667,6.88291666666667
2025-02-23,7.12079166666667,4.45954166666667,3.96420833333333,4.39558333333333,4.81916666666667,5.109125,4.54395833333333,4.18833333333333,6.218625,5.44025,7.18470833333333,3.45904166666667,3.88958333333333,13.4434166666667,3.87195833333333,6.379625,7.42233333333333,4.39858333333333,4.03104166666667,4.35533333333333,3.29791666666667,4.51954166666667,6.02975,6.23929166666667,5.72229166666667,7.52758333333333,5.88933333333333,7.62879166666667,2.902,4.09891666666667
2025-02-24,8.15845833333333,3.276375,5.43733333333333,5.10508333333333,9.33979166666667,4.27383333333333,7.44495833333333,3.85216666666667,5.69379166666667,3.81883333333333,6.660875,5.04916666666667,3.65666666666667,9.75345833333333,4.49783333333333,5.024625,7.54129166666667,7.217,3.57520833333333,5.74191666666667,5.52570833333333,4.65404166666667,4.54395833333333,4.5715,5.25066666666667,9.54904166666667,2.91958333333333,5.20933333333333,4.88895833333333,4.72195833333333
2025-02-25,5.63483333333333,5.233875,5.63373913043478,6.60179166666667,7.54329166666667,5.205375,4.69145833333333,5.10229166666667,5.90604166666667,4.513625,4.523,4.56858333333333,5.119,5.4895,4.372,5.27025,5.98275,4.18145833333333,6.096625,3.959375,4.85954166666667,5.373375,6.35616666666667,6.12516666666667,6.30208333333333,6.586125,5.87954166666667,5.72716666666667,2.39683333333333,4.53416666666667
2025-02-26,4.65234782608696,4.49979166666667,3.78241666666667,4.55579166666667,4.48108333333333,4.56175,4.065375,3.913125,4.45658333333333,3.78741666666667,5.11208695652174,2.88241666666667,3.588875,5.99454166666667,3.78541666666667,5.175,4.02325,4.03004166666667,4.13725,5.447125,3.38445833333333,3.82470833333333,4.72091666666667,4.58625,5.91579166666667,5.25631818181818,3.6635,4.86333333333333,2.34675,3.12991666666667
2025-02-27,4.40245833333333,7.92666666666667,5.36754166666667,5.397,5.42845833333333,4.33566666666667,5.46339130434783,5.174,2.85291666666667,4.429,3.98666666666667,4.64125,4.09591666666667,5.75775,3.72058333333333,4.15683333333333,5.86083333333333,4.48704166666667,4.128375,6.03675,4.97054166666667,7.54029166666667,5.35754166666667,4.445,6.272625,4.12945833333333,4.23941666666667,4.13233333333333,2.24258333333333,5.82554166666667
2025-02-28,8.65175,9.69441666666667,12.39,15.2485833333333,10.8765416666667,11.4524583333333,6.24116666666667,13.694,6.11341666666667,11.1282083333333,9.45266666666667,8.67345833333333,12.7034583333333,7.31820833333333,10.1511818181818,11.241125,7.60916666666667,5.56320833333333,15.2359166666667,6.05058333333333,11.051625,14.2080833333333,12.09125,7.27016666666667,10.689875,3.21633333333333,9.49091666666667,6.52420833333333,3.005125,13.6145
2025-03-01,5.47454166666667,15.1495416666667,12.66225,17.5619583333333,13.1839583333333,15.1307083333333,7.504,15.5307083333333,10.5759166666667,16.1930416666667,14.8880416666667,7.14129166666667,17.609125,12.0155833333333,11.0133333333333,12.8892916666667,12.12475,6.15091666666667,19.64225,6.94479166666667,13.3334583333333,17.516875,13.1919166666667,8.28533333333333,19.5646666666667,6.59795833333333,12.561,7.994375,3.61645833333333,17.269125
2025-03-02,17.737875,10.340125,7.93941666666667,21.0770833333333,8.82575,17.0794583333333,6.71679166666667,17.243625,11.799375,16.6716666666667,22.8537916666667,4.6895,18.6410416666667,10.3862916666667,8.40908333333333,11.8897916666667,11.2569583333333,6.43479166666667,20.2595,5.176,7.70841666666667,13.926875,19.2099583333333,13.225375,11.9065833333333,6.58816666666667,9.59420833333333,11.0908333333333,2.956,10.0344583333333
2025-03-03,25.3083333333333,9.61683333333333,5.51795833333333,13.3756666666667,5.15329166666667,15.6899166666667,3.69879166666667,13.2350833333333,13.88175,16.4063333333333,24.56675,4.209875,13.1250833333333,13.4297083333333,8.42675,9.21491666666667,7.35466666666667,3.66454166666667,17.981625,4.14408333333333,5.10420833333333,9.606125,29.0685416666667,22.8795,11.3465,6.0535,18.4414166666667,16.608625,2.28291666666667,7.233625
2025-03-04,33.1329583333333,11.3835833333333,7.5795,16.2697083333333,5.90016666666667,14.0999583333333,5.72620833333333,15.0422916666667,17.557125,22.4422083333333,31.3945,6.678375,15.0325,18.8571666666667,8.5575,11.3582083333333,7.17079166666667,5.337125,15.4382916666667,4.13429166666667,6.25604166666667,9.66565217391304,28.0150416666667,27.1110416666667,13.9230416666667,5.07375,19.1579166666667,31.8072916666667,2.85770833333333,7.48720833333333
2025-03-05,36.7985,12.0676666666667,8.45029166666667,21.2029166666667,11.5998333333333,16.6548333333333,4.728875,19.7975833333333,30.7272916666667,34.3633333333333,39.7495833333333,9.19416666666667,18.4974583333333,34.6345833333333,8.75883333333333,10.7214166666667,6.989,4.881125,20.0995,6.60583333333333,7.20525,11.8975833333333,36.4506666666667,34.164875,12.91375,16.087875,25.0845833333333,34.3064583333333,1.68833333333333,9.7525
2025-03-06,17.761625,19.78775,18.7884583333333,24.690625,22.3929166666667,23.39425,11.1840833333333,23.2765,26.4200833333333,25.7076666666667,18.1377916666667,24.7063333333333,22.2054166666667,20.7517916666667,22.2720833333333,24.6344583333333,16.926125,11.7945833333333,21.1607916666667,19.4900416666667,23.0385833333333,24.322,23.9309583333333,25.7254583333333,24.1825416666667,20.1140833333333,24.4812916666667,22.9010454545455,11.3965416666667,23.3805833333333
2025-03-07,10.95625,14.669875,12.630875,13.22525,15.4148333333333,13.8050416666667,7.125625,12.4627083333333,14.616875,12.23175,13.5702916666667,13.90825,12.397875,12.9511666666667,16.30025,17.831375,12.751625,7.87358333333333,12.8715833333333,19.6944166666667,13.3902916666667,13.3490833333333,13.48675,11.7778333333333,16.2107916666667,8.38929166666667,13.1740416666667,14.0450434782609,4.85958333333333,13.8217916666667
2025-03-08,16.8583333333333,26.8357916666667,16.0771666666667,17.6887916666667,17.2121666666667,16.382625,17.1276666666667,18.4543333333333,13.2174583333333,15.7605833333333,16.150875,19.1255,18.0316666666667,12.6435,21.26375,20.8814166666667,18.3934166666667,19.0577083333333,17.2720833333333,25.5995,16.430875,16.4692083333333,26.1511,24.8910416666667,26.623625,10.5514166666667,24.3259583333333,24.6964583333333,16.0525833333333,16.95175
2025-03-09,20.2900833333333,48.3040833333333,34.56875,32.844125,36.3062083333333,36.0259583333333,35.3470416666667,32.347875,24.830125,27.3694583333333,18.5605416666667,31.4279166666667,30.9140416666667,17.1561666666667,44.6887083333333,43.2234583333333,28.860125,38.3208333333333,34.4932083333333,42.289,32.704625,33.2910833333333,45.298875,39.9845,44.876375,18.5035,37.1316666666667,38.2735416666667,24.5175833333333,32.0707083333333
2025-03-10,40.208375,33.8799583333333,27.9108333333333,48.3620416666667,28.289125,43.8848333333333,15.846125,49.96875,47.0540833333333,53.1940833333333,53.0456666666667,39.2130833333333,47.4530416666667,21.485875,40.804,40.0590833333333,18.7687083333333,17.331125,43.31875,25.98275,35.382375,37.175875,70.9909166666667,58.1615833333333,32.9129166666667,31.9035,59.5187916666667,53.1192916666667,10.281,37.0462083333333
2025-03-11,12.9079583333333,5.07166666666667,4.45958333333333,6.26879166666667,3.359875,4.69929166666667,3.67633333333333,5.94929166666667,9.02420833333333,9.455625,14.856625,5.18875,5.217125,19.30725,5.6515,5.472625,3.977125,2.51954166666667,5.378375,3.75691666666667,4.42816666666667,5.43241666666667,12.3232083333333,9.570625,5.45608333333333,12.2554166666667,5.63458333333333,8.73333333333333,1.44945833333333,4.61966666666667
2025-03-12,5.82654166666667,3.39129166666667,3.678375,4.80641666666667,2.182625,4.78091666666667,3.42870833333333,4.10970833333333,3.72733333333333,4.19520833333333,6.472125,2.55408333333333,3.6125,5.22804166666667,3.44154166666667,3.37809090909091,4.79166666666667,1.66766666666667,4.905625,3.19191666666667,2.42525,4.238375,5.74695833333333,5.397125,3.24679166666667,2.46566666666667,3.87986363636364,4.70720833333333,0.976791666666667,3.56825
2025-03-13,4.38479166666667,3.99866666666667,3.82666666666667,6.03383333333333,2.268125,4.27379166666667,4.140125,5.79804166666667,4.83008333333333,5.49625,6.76691666666667,2.76720833333333,5.27125,5.288,4.26004166666667,3.91804166666667,4.077375,2.99333333333333,4.70786956521739,3.65375,3.30691666666667,5.724375,6.20679166666667,4.72183333333333,3.999625,2.52758333333333,4.21979166666667,3.77658333333333,2.28975,3.35591666666667
2025-03-14,6.18125,4.44579166666667,6.09083333333333,7.920625,5.791125,5.71141666666667,4.311125,9.12641666666667,8.32158333333333,6.90645833333333,9.376125,5.38520833333333,8.65575,8.071,5.43441666666667,5.42558333333333,5.15241666666667,3.47095833333333,8.32945833333333,4.39570833333333,5.00891666666667,6.73554166666667,8.699,5.504125,4.42225,5.578875,5.45208333333333,5.59541666666667,2.672,4.79270833333333
2025-03-15,3.78245833333333,5.79204166666667,6.89466666666667,6.024,3.856,4.71104166666667,5.81070833333333,5.75279166666667,7.554125,4.01041666666667,6.28445833333333,5.109125,5.347875,6.40833333333333,5.32333333333333,4.89391666666667,9.33579166666667,5.14058333333333,4.323875,5.93358333333333,4.282625,5.853875,5.82545833333333,4.87120833333333,6.45345833333333,4.17158333333333,3.94270833333333,4.69141666666667,3.28325,5.20241666666667
2025-03-16,3.04445833333333,4.86629166666667,5.8845,6.69725,5.16908333333333,6.28745833333333,5.00795833333333,5.91204166666667,8.53875,3.26658333333333,5.13079166666667,5.95125,5.54545833333333,3.744125,6.74033333333333,6.966375,3.92004166666667,5.167,6.39254166666667,6.20479166666667,7.22,5.81166666666667,4.037,3.26154166666667,5.17108333333333,6.32275,5.282125,3.04341666666667,3.59175,6.82204166666667
2025-03-17,6.82583333333333,6.29120833333333,5.86883333333333,7.15916666666667,5.81666666666667,5.86283333333333,4.262,6.71191666666667,5.94729166666667,6.955625,8.69404166666667,8.23020833333333,6.22327272727273,6.73454166666667,6.90945833333333,6.08308333333333,6.5635,4.606,5.93854166666667,6.16258333333333,5.984625,6.99391666666667,8.87591666666667,7.31820833333333,7.60620833333333,4.75629166666667,7.47569565217391,7.15508333333333,3.52295833333333,6.49670833333333
2025-03-18,11.139,8.49754166666667,11.141,10.1651666666667,11.955375,8.98691666666667,9.21679166666667,10.5375416666667,12.676,11.2900869565217,15.2035833333333,12.62775,10.3859583333333,17.0962083333333,12.8144583333333,11.2815833333333,17.0970833333333,9.70029166666667,8.97216666666667,9.14216666666667,11.3915833333333,10.4059583333333,12.5079583333333,9.57758333333333,10.5080416666667,14.1009583333333,10.9965,9.074375,9.11266666666667,10.5945
2025-03-19,15.6821666666667,24.213875,23.395375,27.0500416666667,26.5498333333333,24.5873333333333,20.5631666666667,26.0683333333333,24.9302916666667,19.1687083333333,22.5187083333333,26.4269583333333,24.9038333333333,22.3212083333333,26.7227083333333,26.8289166666667,27.247625,20.8285833333333,30.1416666666667,23.2882083333333,26.4938333333333,27.0424090909091,19.2650416666667,16.1065833333333,26.9400416666667,21.166625,23.6597916666667,16.8956666666667,16.04575,27.226875
2025-03-20,14.456625,38.079,24.808375,25.1415833333333,28.546625,24.587375,25.6968333333333,15.4737083333333,17.0844166666667,10.5965833333333,15.5465416666667,22.5472083333333,15.830375,13.8522916666667,27.6386666666667,32.3330416666667,38.0397083333333,26.9262083333333,21.1774583333333,38.227375,30.9690416666667,24.3495416666667,22.3664583333333,21.0298333333333,46.8644166666667,13.5958333333333,16.7070833333333,27.583625,24.095,27.5481666666667
2025-03-21,12.8665416666667,37.8510833333333,26.8899583333333,19.9037916666667,27.7595416666667,21.7738333333333,28.9062916666667,21.6500434782609,14.204125,16.7965,14.4271666666667,21.2137916666667,21.9419166666667,11.560625,34.3654166666667,33.1350416666667,26.049625,30.8070416666667,21.1056666666667,45.2163333333333,20.0002083333333,21.099625,28.29025,21.63625,39.1737916666667,13.361,23.6607083333333,24.032125,29.8124583333333,19.895
2025-03-22,9.10666666666667,26.3070833333333,13.3304166666667,11.5605833333333,14.2847916666667,12.4990833333333,20.439375,9.88704166666667,12.9275416666667,11.1429166666667,11.21375,14.1383333333333,10.117125,9.58245833333333,25.4639166666667,20.7409583333333,12.17475,21.971375,10.4187083333333,31.01925,15.4235833333333,12.778125,12.8419583333333,14.502875,25.405,7.42641666666667,15.41075,15.4972916666667,15.9375833333333,13.674375
2025-03-23,11.987125,28.701,20.2605,25.8679583333333,20.2937916666667,26.2520416666667,15.8520833333333,22.0774583333333,16.291375,20.533625,17.483375,19.233625,22.1247083333333,12.7495833333333,28.6892916666667,27.7448333333333,3.618375,17.0343333333333,25.2359583333333,27.9593333333333,19.2256666666667,22.7743333333333,33.6557916666667,29.6139583333333,30.4580833333333,12.441125,31.12925,30.9130416666667,16.7670416666667,23.304
2025-03-24,29.518625,19.3789166666667,18.1682916666667,32.2800833333333,19.50775,25.3038333333333,6.81004166666667,34.318125,35.8904583333333,34.2473333333333,35.5514583333333,26.6157083333333,34.97275,29.554,20.8953333333333,21.5605833333333,4.61975,6.53120833333333,29.199125,11.1920416666667,21.531125,25.7990416666667,40.507125,36.878125,20.0787083333333,19.3230833333333,34.5618333333333,32.8628333333333,7.19641666666667,23.4542083333333
2025-03-25,24.941125,7.24758333333333,6.29420833333333,11.1940833333333,5.791125,8.631125,3.284125,18.9475,13.4337083333333,18.39625,17.3399166666667,5.664375,18.551625,7.3675,4.38783333333333,6.47604166666667,4.99804166666667,2.22379166666667,14.4654583333333,4.267875,4.97641666666667,7.75745833333333,30.554375,28.1900416666667,6.70604166666667,3.496375,21.8455416666667,25.8894583333333,1.60079166666667,7.616
2025-03-26,10.1965,11.4180416666667,6.45341666666667,10.3921666666667,5.10420833333333,10.21225,7.562875,10.127875,8.46016666666667,10.7989583333333,12.0864166666667,5.82945833333333,10.128875,7.65725,10.550375,12.6032916666667,8.5575,7.490125,14.93625,7.33883333333333,7.48241666666667,9.8555,9.91370833333333,4.98425,16.277625,5.28995833333333,8.28825,4.38983333333333,6.04466666666667,10.9444583333333
2025-03-27,8.63308333333333,8.431625,2.71429166666667,4.71995833333333,2.335875,2.78495833333333,4.11066666666667,6.75716666666667,3.02270833333333,10.8530416666667,11.7709583333333,1.15075,6.98508333333333,7.69654166666667,3.53975,5.42158333333333,4.34845833333333,4.11058333333333,5.11204166666667,2.03708333333333,1.622375,2.71429166666667,11.8397083333333,11.1331666666667,8.09858333333333,0.917875,13.0807083333333,13.784375,2.09916666666667,1.98020833333333
2025-03-28,3.530875,3.4955,5.382375,4.23829166666667,7.00966666666667,3.04345833333333,4.14016666666667,3.68516666666667,3.83358333333333,4.09795833333333,4.55279166666667,3.35895833333333,3.162375,6.24808333333333,3.84729166666667,4.12929166666667,5.07070833333333,3.85704166666667,3.14458333333333,3.16629166666667,5.017625,3.78620833333333,5.074625,4.604,4.36608333333333,5.05304166666667,4.86054166666667,5.29083333333333,2.36133333333333,3.46016666666667
2025-03-29,4.24820833333333,5.3735,6.03479166666667,4.57841666666667,7.26120833333333,4.00066666666667,8.303875,4.37808333333333,4.29241666666667,4.44370833333333,5.41675,4.10483333333333,4.15935714285714,6.058375,5.30179166666667,5.0895,8.233125,8.29208333333333,4.658,5.451125,4.836,4.466375,5.23975,4.53416666666667,6.25879166666667,4.279625,5.12295833333333,4.76504166666667,4.952875,4.44091666666667
2025-03-30,5.87858333333333,7.16291666666667,11.795375,7.99641666666667,12.5689166666667,8.60558333333333,7.3055,7.506,7.38991666666667,6.47504166666667,7.37829166666667,8.91525,7.26204545454545,10.3587083333333,10.079625,9.93920833333333,8.831625,6.69804166666667,8.65858333333333,7.33983333333333,11.758125,11.0829166666667,7.46470833333333,6.586125,7.86166666666667,10.32525,7.24354166666667,7.10883333333333,4.47616666666667,10.1602083333333
2025-03-31,5.56704166666667,6.04270833333333,10.4019583333333,9.3465,12.2376666666667,8.2745,7.38216666666667,7.806625,8.21645833333333,5.32920833333333,7.81454166666667,8.413,8.106375,8.55745833333333,8.499375,10.8126666666667,7.48133333333333,7.08529166666667,8.62033333333333,8.742125,9.271875,8.840625,6.882875,4.65216666666667,7.68775,7.809625,4.70908333333333,5.10708333333333,4.05458333333333,9.24345833333333
2025-04-01,8.83066666666667,6.24808333333333,5.502125,6.315875,5.13079166666667,5.973875,6.81025,5.89333333333333,8.49166666666667,7.693625,9.73191666666667,7.62279166666667,6.10645833333333,11.89475,6.81008333333333,6.05354166666667,11.1261666666667,7.38708333333333,5.13958333333333,5.53070833333333,6.261875,6.14983333333333,10.1690416666667,8.73725,6.022,8.66454166666667,7.45975,8.469125,5.33383333333333,6.21770833333333
2025-04-02,10.058125,8.99970833333333,9.19316666666667,8.70630434782609,9.82616666666667,7.53941666666667,6.07320833333333,8.8895,9.05675,10.9070416666667,11.758125,8.12891666666667,8.77758333333333,12.1364583333333,10.6702916666667,10.0118333333333,11.2471666666667,6.526125,8.06991666666667,6.654875,8.249,7.675,14.1235416666667,11.9920416666667,9.58933333333333,8.03558333333333,12.2946666666667,12.108,8.66454166666667,7.43425
2025-04-03,15.8707916666667,17.6514166666667,14.3151666666667,18.3433333333333,15.5789583333333,18.9023333333333,8.11625,18.2322083333333,16.2069166666667,19.9067083333333,16.0722083333333,20.0610416666667,18.4002916666667,13.8492916666667,20.5396666666667,19.037,13.2017083333333,8.79133333333333,19.2502916666667,11.4780416666667,17.7772083333333,20.7242916666667,26.8200833333333,22.897125,19.0802916666667,12.4598333333333,23.9367916666667,22.0952083333333,7.226875,20.0822173913043
2025-04-04,15.332125,12.086375,11.766,16.9841666666667,12.5177916666667,14.3710416666667,9.48025,18.929875,21.7267083333333,22.4087083333333,21.5614583333333,20.3509166666667,18.8670833333333,12.1699166666667,13.825625,13.1211666666667,14.906625,10.682125,15.8422916666667,10.0885,16.3365416666667,16.0337916666667,31.0182083333333,25.6162916666667,12.8539583333333,13.57725,22.190625,21.802375,8.3855,17.1315833333333
2025-04-05,8.26754166666667,7.71825,7.24545833333333,9.18045833333333,7.42141666666667,7.85479166666667,7.23370833333333,7.40466666666667,7.56879166666667,6.56741666666667,7.73883333333333,8.526,7.24166666666667,12.9490833333333,9.56179166666667,8.89158333333333,9.977375,7.97954166666667,7.013625,9.85166666666667,6.819125,8.02083333333333,8.22725,7.81354166666667,8.659625,6.33258333333333,8.84245833333333,8.07195833333333,7.494125,6.823875
2025-04-06,5.478625,5.57491666666667,5.62604166666667,5.76945833333333,5.85783333333333,4.995125,6.80033333333333,5.11695833333333,5.50416666666667,5.771375,6.55758333333333,6.65104166666667,5.11208333333333,8.22525,6.56558333333333,6.83266666666667,8.8985,7.96975,4.79558333333333,6.271625,6.48883333333333,6.97325,6.55675,5.74483333333333,6.372875,5.65341666666667,6.11725,5.58279166666667,5.80583333333333,6.016125
2025-04-07,7.27108333333333,4.713,7.19054166666667,6.07604166666667,9.24725,5.397125,9.02616666666667,5.49329166666667,7.43425,9.1235,9.63941666666667,7.325125,5.44908333333333,9.51070833333333,6.15670833333333,6.310875,10.3695,9.76720833333333,4.90075,5.816625,7.49904166666667,5.71154166666667,9.15879166666667,7.06575,5.685,8.914125,6.79733333333333,7.395875,5.52279166666667,6.65791666666667
2025-04-08,10.9295833333333,6.17045833333333,10.7764166666667,9.73170833333333,12.4618333333333,8.08183333333333,10.0344583333333,8.83545833333333,10.7489583333333,13.8659583333333,20.4295416666667,13.2410833333333,9.03995833333333,16.3207916666667,8.786375,9.78183333333333,16.971375,10.4314166666667,7.27495833333333,9.13241666666667,13.3805416666667,11.15275,15.192625,10.566125,10.2300416666667,13.2370833333333,12.843,7.77916666666667,8.59483333333333,12.5923333333333
2025-04-09,4.91845833333333,6.95754166666667,9.599125,12.1974166666667,10.1719583333333,12.0146666666667,10.944375,9.26004166666667,12.63375,6.173375,10.3910416666667,18.0504166666667,9.35254166666667,14.39175,13.8139583333333,13.4591666666667,16.97925,11.897625,9.78875,7.38116666666667,15.790125,14.4625416666667,8.02691666666667,6.34833333333333,8.90416666666667,23.1211666666667,6.37483333333333,5.181875,9.46995652173913,17.49925
2025-04-10,6.79845833333333,12.1894583333333,15.0827083333333,18.8295833333333,16.8299166666667,27.0755833333333,13.2509166666667,14.7829166666667,15.95125,10.707625,13.4847083333333,17.051125,15.7792916666667,14.5343333333333,16.084,16.0052916666667,17.2985833333333,14.0291666666667,15.6731666666667,9.225625,15.169125,16.4398333333333,9.47725,7.84595833333333,14.8104166666667,13.39925,7.83408333333333,6.82891666666667,9.95375,16.2343333333333
2025-04-11,8.17708333333333,15.8205833333333,17.2690833333333,17.34675,23.5279166666667,15.712625,13.3077916666667,15.9719166666667,17.6219166666667,13.7883333333333,18.424875,13.5977083333333,16.5724583333333,10.9395833333333,12.4724583333333,14.9283333333333,20.9139583333333,14.1686666666667,13.8561666666667,13.8207916666667,17.4235,16.8319166666667,17.3389166666667,18.094625,17.1795416666667,17.624875,19.8085,20.198625,13.1210833333333,20.1238333333333
2025-04-12,17.9039583333333,27.4627916666667,13.5879166666667,15.2605416666667,16.1605416666667,15.4687916666667,11.8494166666667,14.4242083333333,13.24,15.5630833333333,16.3876666666667,13.3570416666667,13.9515416666667,12.3035,15.0954166666667,15.9071666666667,17.3005,12.7428333333333,17.963875,21.3611666666667,18.6232916666667,15.232,35.7510416666667,37.5374583333333,34.5440833333333,11.5742083333333,NA,37.913875,10.4560416666667,16.52025
2025-04-13,9.97458333333333,5.372375,5.13958333333333,7.82529166666667,5.05995833333333,5.73108333333333,3.29704166666667,6.43583333333333,6.34825,8.12204166666667,8.36183333333333,4.68266666666667,6.434625,5.48054166666667,4.94395833333333,4.827,3.38145833333333,3.00120833333333,8.095625,3.89054166666667,4.20004166666667,5.72916666666667,10.35375,8.74420833333333,7.31433333333333,3.50041666666667,NA,10.18975,2.84183333333333,5.213375
2025-04-14,6.97341666666667,4.18241666666667,4.12841666666667,5.169,3.60854166666667,4.96958333333333,1.89075,3.758875,4.82408333333333,5.19858333333333,7.0235,3.82570833333333,3.627125,4.52145833333333,5.21429166666667,5.90608333333333,3.3205,1.957625,3.99370833333333,4.50179166666667,3.53379166666667,4.18241666666667,7.366375,6.62154166666667,5.80383333333333,3.56425,NA,8.69673913043478,1.14875,4.00266666666667
2025-04-15,7.60125,9.49591666666667,5.849125,8.68516666666667,5.35383333333333,8.16141666666667,3.00116666666667,8.36770833333333,8.00620833333333,8.65775,8.320625,5.512,8.306875,2.439,11.1506666666667,10.593625,3.971125,3.02670833333333,7.51079166666667,10.78525,6.10179166666667,8.577125,12.158125,13.5554583333333,11.7226666666667,1.56820833333333,NA,16.1735,2.55016666666667,8.388375
2025-04-16,5.22025,3.92891666666667,2.81745833333333,4.03883333333333,3.488625,3.441375,2.964875,2.94529166666667,3.47791666666667,2.86570833333333,4.545,3.01979166666667,2.59141666666667,3.56729166666667,3.74520833333333,4.48791666666667,2.99529166666667,3.232125,2.708375,5.35179166666667,2.44895833333333,2.833125,3.93479166666667,3.67045833333333,4.895875,2.254375,NA,4.32883333333333,2.6084347826087,2.53345833333333
2025-04-17,6.59991666666667,4.19420833333333,2.93833333333333,4.81225,2.97175,4.242375,2.54820833333333,3.70479166666667,4.49879166666667,4.054625,7.29754166666667,4.25604166666667,3.63591666666667,3.05425,4.08029166666667,5.03141666666667,3.94654166666667,2.14625,3.49454166666667,2.47645833333333,3.1525,4.18429166666667,6.45041666666667,5.032375,5.35679166666667,2.99434782608696,NA,4.16658333333333,1.32770833333333,3.89733333333333
2025-04-18,7.08145833333333,7.57179166666667,6.96929166666667,7.01354166666667,7.053,7.071625,3.7695,6.376875,5.26441666666667,7.045125,8.14270833333333,6.48379166666667,6.59504166666667,4.56570833333333,9.203125,8.562375,8.50633333333333,4.25904166666667,8.029625,7.46566666666667,6.08583333333333,7.53633333333333,9.99220833333333,11.89275,8.74916666666667,2.46270833333333,NA,14.4095,3.68320833333333,6.87508333333333
2025-04-19,7.99729166666667,5.02466666666667,7.287875,12.318125,8.08375,9.43395833333333,3.48866666666667,12.4214583333333,8.80408333333333,6.46029166666667,5.786125,11.1969583333333,12.3692916666667,9.17170833333333,7.82033333333333,6.43575,9.14125,3.96325,10.1327083333333,4.692375,9.397625,10.1189583333333,10.8687083333333,9.62454166666667,5.22895833333333,5.812625,NA,7.89608333333333,2.90283333333333,10.0667916666667
2025-04-20,9.33191666666667,3.60654166666667,6.98208333333333,6.23033333333333,8.31866666666667,6.22745833333333,3.08866666666667,5.4265,7.97666666666667,7.78504166666667,11.49975,10.7900833333333,5.47070833333333,10.0079583333333,6.64216666666667,6.214625,10.0521666666667,3.50345833333333,4.772,4.16383333333333,9.522375,7.21991666666667,7.17375,5.36858333333333,4.72670833333333,5.90125,NA,4.62458333333333,3.04545833333333,8.25770833333333
2025-04-21,12.6534166666667,4.77958333333333,7.14433333333333,7.73483333333333,5.50116666666667,7.286875,6.19983333333333,7.31129166666667,6.89758333333333,9.92729166666667,12.7947916666667,5.99945833333333,7.1915,6.504625,9.358375,8.91425,7.32020833333333,6.69416666666667,9.24929166666667,8.72545833333333,5.75766666666667,6.65491666666667,12.7123333333333,13.9545,5.795,3.84145833333333,NA,10.3814166666667,4.94891666666667,6.11841666666667
2025-04-22,4.29041666666667,7.78208333333333,5.038375,5.33808333333333,4.55191666666667,5.04729166666667,3.84325,4.56375,4.97845833333333,4.48095833333333,5.22504166666667,4.26975,4.41733333333333,6.19591666666667,6.196,5.943375,4.66404166666667,4.04591666666667,4.708125,4.29741666666667,3.85416666666667,5.117,5.29866666666667,4.57941666666667,9.816375,4.54104166666667,NA,5.44325,2.80070833333333,4.55883333333333
2025-04-23,4.950875,9.383875,8.39433333333333,7.17775,8.501375,5.82145833333333,6.917375,5.16116666666667,3.74804166666667,3.27241666666667,4.19816666666667,6.74508333333333,5.308625,3.418875,9.13629166666667,9.05375,8.183,7.806625,6.43183333333333,11.0889166666667,5.42354166666667,6.48675,4.81129166666667,4.367125,11.66275,2.88425,NA,7.54429166666667,8.74904166666667,5.64958333333333
2025-04-24,11.8398333333333,4.99504166666667,8.35791666666667,11.768875,10.8580416666667,9.499875,5.67029166666667,9.25220833333333,12.6150416666667,11.637125,16.2441666666667,18.1614583333333,9.098,9.78083333333333,9.56170833333333,9.94895833333333,17.4921666666667,6.429875,6.953625,5.16116666666667,15.64475,12.11675,12.5511666666667,9.00166666666667,5.69970833333333,9.35625,NA,7.29470833333333,4.869375,14.2424166666667
2025-04-25,7.83604166666667,6.492875,7.0145,11.997875,8.75291666666667,7.57870833333333,6.84366666666667,9.74841666666667,13.9602916666667,11.806375,17.627875,15.9642083333333,9.910625,16.2412083333333,8.44245833333333,8.72741666666667,14.7249583333333,7.67695833333333,7.558,7.389,11.01125,7.82925,10.1495833333333,7.86758333333333,9.46445833333333,11.7169166666667,NA,7.042125,5.89625,8.13583333333333
2025-04-26,13.9879583333333,11.616625,19.9627916666667,17.4765833333333,19.8614583333333,17.465625,9.80745833333333,18.9103333333333,16.730625,17.0017916666667,15.5553333333333,17.0214166666667,19.2335833333333,13.191875,16.418125,15.1839166666667,5.71058333333333,11.1567083333333,20.3480416666667,16.3649583333333,16.7522916666667,17.0018333333333,19.7249583333333,16.3925416666667,13.4139166666667,5.36258333333333,NA,16.4141666666667,9.83304166666667,17.7545416666667
2025-04-27,11.828875,11.970375,7.106,8.04258333333333,4.44283333333333,11.914375,4.23154166666667,9.97745833333333,4.94983333333333,13.3982916666667,14.3898333333333,4.23141666666667,9.88116666666667,6.231375,7.751625,9.27770833333333,4.9205,4.29741666666667,12.994375,7.54908333333333,3.82479166666667,5.69570833333333,19.6385,12.2386666666667,13.7942916666667,3.71479166666667,NA,12.529625,3.30583333333333,4.79558333333333
2025-04-28,8.745125,7.14725,4.66391666666667,7.33883333333333,5.45604166666667,6.55866666666667,6.176375,4.33370833333333,6.62741666666667,9.560625,11.4967916666667,4.70229166666667,4.751375,7.489375,3.5495,6.01029166666667,6.59875,6.96541666666667,5.51108333333333,4.79479166666667,5.18866666666667,4.936125,12.0834166666667,12.8685833333333,8.19175,5.85204166666667,NA,18.3520416666667,4.658,4.662
2025-04-29,12.396875,12.3635,10.338125,13.6636666666667,14.0674166666667,11.3640434782609,6.47995833333333,12.23675,12.4263333333333,15.10325,16.88675,10.5110416666667,12.1866666666667,15.7155,10.1405833333333,14.2580416666667,9.10870833333333,8.772625,12.1345833333333,11.1261666666667,13.3284583333333,13.1309166666667,18.3294166666667,19.438,18.9525,12.3595416666667,NA,16.0976666666667,3.87475,12.0774583333333
2025-04-30,13.6753333333333,10.732125,16.92425,14.207,19.7081666666667,13.5997916666667,11.7315833333333,11.0554583333333,14.8929583333333,14.027125,18.751125,13.107375,11.8229583333333,19.59525,9.8025,10.4885833333333,16.380875,13.761875,11.6599166666667,19.7455,23.4444166666667,11.4573333333333,21.5763333333333,17.4932916666667,11.3305833333333,11.870125,NA,19.6432916666667,5.64666666666667,13.4778333333333
2025-05-01,17.3075,12.5000416666667,13.3756666666667,14.5313333333333,20.2949166666667,15.0659166666667,9.90370833333333,12.5845416666667,11.5310416666667,15.533625,18.4474583333333,11.2470416666667,12.3506666666667,17.796875,13.1201666666667,14.3653333333333,13.9455833333333,11.4633333333333,13.2921666666667,15.49725,19.396625,15.0728333333333,35.2045,33.6990416666667,17.5974166666667,8.69204166666667,NA,35.6605416666667,8.22816666666667,15.6221666666667
2025-05-02,12.1777083333333,6.668625,5.341,8.76091666666667,4.77491666666667,6.72766666666667,5.707625,12.395875,7.65520833333333,12.3280833333333,19.0930416666667,4.17645833333333,12.296625,8.876875,7.12675,6.37966666666667,6.599875,6.246125,11.182375,3.50141666666667,4.20408333333333,6.60870833333333,16.4466666666667,15.7509166666667,6.7315,5.92479166666667,NA,25.8639583333333,3.73820833333333,5.14154166666667
2025-05-03,6.56058333333333,9.66104166666667,5.46191666666667,6.762,5.52870833333333,6.32383333333333,2.45383333333333,6.93391666666667,4.17358333333333,7.5325,10.8875,5.05704166666667,6.4485,10.4491666666667,5.14266666666667,5.221125,4.87429166666667,2.797625,5.61120833333333,4.9155,5.5415,6.18025,12.669125,8.11816666666667,6.886875,4.582375,NA,6.50454166666667,2.66316666666667,5.5335
2025-05-04,2.98745833333333,5.14754166666667,3.006125,3.56529166666667,2.92645833333333,3.25866666666667,2.13641666666667,3.45429166666667,3.66833333333333,3.99854166666667,4.70620833333333,3.88758333333333,3.25675,4.17558333333333,4.092,4.08125,3.462,2.39291666666667,3.52104166666667,3.99179166666667,3.093625,3.19279166666667,4.88604166666667,3.73333333333333,4.23641666666667,3.40116666666667,NA,3.56525,2.250375,3.1555
2025-05-05,3.43458333333333,4.63254166666667,4.25120833333333,4.42804166666667,3.96220833333333,4.18729166666667,4.65804166666667,4.35241666666667,3.86795833333333,4.45954166666667,5.00095833333333,4.83004166666667,3.96320833333333,4.02229166666667,5.10125,4.715125,4.597125,5.21029166666667,4.22758333333333,5.27129166666667,4.201125,4.877125,4.62666666666667,4.096,5.09054166666667,3.46404166666667,NA,4.180375,3.7765,4.61191666666667
2025-05-06,3.47783333333333,4.41525,5.64945833333333,6.384625,5.31845833333333,5.436375,4.79366666666667,5.675125,6.70204166666667,4.57445833333333,5.623125,6.76391666666667,5.552375,5.17095833333333,6.12829166666667,6.32083333333333,7.68483333333333,4.95191666666667,5.437375,4.79175,5.28404166666667,6.657875,4.72095833333333,4.25320833333333,5.21820833333333,4.32283333333333,NA,4.1745,3.51708333333333,6.62633333333333
2025-05-07,3.21245833333333,4.89291666666667,6.49175,9.71904166666667,6.203875,8.68129166666667,4.79466666666667,6.87804166666667,7.13754166666667,4.25216666666667,5.33504166666667,5.17108333333333,7.14233333333333,5.39220833333333,8.1545,8.46895833333333,6.76204166666667,5.754875,5.67320833333333,3.80220833333333,4.72583333333333,10.687,4.90566666666667,3.98979166666667,6.18725,5.41079166666667,NA,4.004625,4.803625,7.054875
2025-05-08,4.020125,4.72783333333333,4.61283333333333,5.19845833333333,4.88220833333333,5.339,5.46983333333333,4.12245833333333,4.35629166666667,4.42316666666667,5.909125,8.33833333333333,3.844375,5.83425,5.38029166666667,5.07183333333333,6.46716666666667,5.96991666666667,3.78245833333333,6.1125,5.36954166666667,5.95029166666667,5.82558333333333,4.78275,5.02058333333333,4.39275,NA,4.80154166666667,4.16379166666667,6.53404166666667
2025-05-09,6.3385,6.06420833333333,9.27870833333333,6.72658333333333,9.53420833333333,6.8495,6.30504166666667,5.80979166666667,6.13508333333333,7.174625,8.333375,9.88695833333333,6.04270833333333,7.392875,8.22141666666667,8.19875,11.146875,7.06958333333333,5.3665,7.39295833333333,9.12258333333333,7.25329166666667,8.60841666666667,6.91420833333333,7.39279166666667,5.82454166666667,NA,6.29825,4.17745833333333,8.02779166666667
2025-05-10,5.851125,7.45783333333333,6.76108333333333,6.701125,10.6270833333333,6.954625,7.525625,5.53958333333333,6.85741666666667,6.401375,7.32208333333333,8.55933333333333,5.62704166666667,7.49608333333333,7.23075,7.762375,11.013125,8.90033333333333,4.76125,7.385125,8.776625,6.35825,9.24141666666667,7.55108333333333,8.627125,6.235375,NA,8.42570833333333,5.75758333333333,6.462375
2025-05-11,6.17829166666667,12.8283333333333,8.19775,7.278875,9.34158333333333,6.34133333333333,6.91616666666667,6.50554166666667,7.68483333333333,6.22641666666667,9.37016666666667,7.50391666666667,6.44945833333333,9.67079166666667,8.959375,9.53920833333333,14.3317916666667,8.459125,5.875625,10.0501666666667,7.59629166666667,6.63916666666667,13.7932916666667,10.6369166666667,11.319875,5.54154166666667,NA,9.99116666666667,6.57441666666667,6.66375
2025-05-12,4.01341666666667,12.4204583333333,9.14408333333333,9.20304166666667,9.207,9.486,11.2127916666667,8.36195833333333,6.324625,4.381875,7.27008333333333,10.7851666666667,8.26258333333333,8.88470833333333,14.1174583333333,13.0995,12.8597083333333,14.3122916666667,7.18854166666667,12.312375,10.9620833333333,8.32258333333333,11.199,8.76966666666667,15.124875,5.674125,NA,10.1730833333333,10.6220833333333,8.34816666666667
2025-05-13,7.07454166666667,9.836875,6.20975,7.06758333333333,6.14304166666667,7.225875,9.02916666666667,6.99791666666667,8.15945833333333,7.93720833333333,7.04208333333333,7.725125,6.89175,6.08204166666667,9.44091666666667,10.7282083333333,8.585875,11.3375,6.75820833333333,9.55670833333333,6.616625,6.81995833333333,12.000875,10.407875,15.7076666666667,3.8345,NA,8.92,9.60395833333333,6.53495833333333
2025-05-14,7.24554166666667,9.72583333333333,8.24691666666667,10.9748333333333,9.02720833333333,10.682,6.627375,9.05558333333333,7.40675,7.2985,9.29245833333333,10.4755416666667,8.93779166666667,10.4050416666667,11.1694583333333,10.4520416666667,9.82325,7.976625,9.86345833333333,9.33666666666667,8.57508333333333,10.30075,9.57941666666667,7.71045833333333,10.6977083333333,NA,NA,7.63070833333333,6.88291666666667,9.67379166666667
2025-05-15,7.69858333333333,12.2356666666667,9.33379166666667,10.512,8.34220833333333,9.3425,7.44595833333333,10.1435416666667,10.362625,9.29254166666667,10.4422916666667,9.720125,9.548125,10.115875,10.5082083333333,10.3910833333333,6.81608333333333,8.69120833333333,9.73866666666667,11.0535,8.35191666666667,9.99120833333333,10.6289166666667,8.78645833333333,12.1404166666667,NA,NA,8.64108333333333,5.97283333333333,11.270625
2025-05-16,7.611125,12.4519583333333,7.64345833333333,8.96125,7.897,9.06654166666667,7.09516666666667,10.6545416666667,8.81395833333333,10.1514583333333,9.65208333333333,8.47583333333333,10.207375,10.4648333333333,10.3382083333333,11.2667083333333,6.44854166666667,8.36083333333333,10.2625,9.96570833333333,7.94916666666667,9.46245833333333,11.1832083333333,9.39575,11.6185416666667,NA,NA,9.19620833333333,6.29133333333333,9.47233333333333
2025-05-17,6.59295833333333,9.31808333333333,9.435,10.0000416666667,9.57941666666667,8.050375,7.115875,8.83558333333333,11.4111666666667,7.609125,9.92345833333333,10.01775,8.55841666666667,11.366,9.66108333333333,8.33825,7.38025,7.93933333333333,8.48083333333333,10.277125,8.675375,9.17654166666667,8.12904166666667,7.94720833333333,10.4127083333333,NA,NA,9.031125,5.78329166666667,9.05570833333333
2025-05-18,8.52304166666667,10.83825,8.005125,11.0809583333333,8.01495833333333,10.4982916666667,5.69479166666667,12.6563333333333,10.4128333333333,11.8515416666667,12.8921666666667,9.95579166666667,12.1432916666667,10.24075,11.033875,10.382375,6.6785,6.195,12.064875,10.0619583333333,8.80020833333333,10.673125,11.6587916666667,9.51654166666667,11.099625,NA,NA,9.16379166666667,6.3905,10.5729583333333
2025-05-19,6.78470833333333,8.66566666666667,7.25054166666667,9.98629166666667,6.94379166666667,8.631,7.28083333333333,8.91608333333333,9.687625,9.154,10.9642083333333,11.3739583333333,8.677375,11.6500416666667,9.26491666666667,9.19616666666667,6.539875,8.643875,7.97270833333333,9.809375,8.08766666666667,9.71108333333333,9.79966666666667,7.84883333333333,8.471875,10.5492857142857,NA,7.97958333333333,9.2995,10.2742916666667
2025-05-20,3.77654166666667,10.4697916666667,9.73075,8.68525,11.2736666666667,8.78625,6.76991666666667,8.243875,8.40004166666667,4.85854166666667,5.58470833333333,9.42216666666667,8.08466666666667,10.1385833333333,9.25720833333333,8.75491666666667,11.9860416666667,7.66708333333333,9.042,9.96766666666667,10.846125,8.86195833333333,6.407125,4.259,11.984125,9.04979166666667,NA,6.958625,7.171875,10.0865
2025-05-21,6.194,11.1429583333333,11.2933333333333,11.3651666666667,10.1563333333333,10.3597083333333,7.35166666666667,10.2496666666667,8.17325,7.85966666666667,9.270875,8.410125,9.91266666666667,8.292,10.3469583333333,10.2615416666667,9.02529166666667,8.48279166666667,9.379,8.58695833333333,9.35541666666667,13.4818333333333,9.48908333333333,7.963875,12.904875,7.83895833333333,NA,9.15295833333333,6.923125,11.7836666666667
2025-05-22,7.65920833333333,5.94541666666667,5.51695833333333,9.29341666666667,5.77933333333333,6.45641666666667,4.355375,8.32054166666667,8.785375,9.076375,12.4705,9.47533333333333,7.936375,9.171625,6.648,6.48883333333333,7.92554166666667,4.978375,6.29329166666667,4.68954166666667,7.03920833333333,7.94716666666667,8.3255,6.58025,6.25304166666667,8.44154166666667,NA,6.16258333333333,3.512125,8.43845833333333
2025-05-23,5.002,5.93454166666667,6.47420833333333,6.90841666666667,6.74825,5.93741666666667,6.23233333333333,5.3725,8.60454166666667,7.88133333333333,9.6905,4.95083333333333,5.07770833333333,8.23804166666667,5.54925,5.79408333333333,8.47779166666667,6.99983333333333,6.84454166666667,5.10708333333333,5.22895833333333,7.051875,8.298125,5.26441666666667,6.34429166666667,5.80979166666667,NA,5.036375,4.355375,6.35520833333333
2025-05-24,6.424875,5.59158333333333,5.362625,5.5435,7.24554166666667,5.3705,3.17016666666667,4.81525,4.65416666666667,4.99033333333333,5.304625,4.12345833333333,4.75820833333333,5.18758333333333,5.51404166666667,5.27316666666667,5.208375,2.98541666666667,5.31841666666667,3.45316666666667,4.010375,5.23383333333333,6.63916666666667,6.44954166666667,6.85545833333333,6.1745,NA,6.71479166666667,1.08291666666667,4.63445833333333
2025-05-25,6.45833333333333,3.411,4.874125,3.81591666666667,5.74004166666667,3.472875,3.36875,3.77858333333333,6.22541666666667,3.827625,4.99708333333333,3.72445833333333,3.52491666666667,6.533125,3.72745833333333,3.65079166666667,3.231125,3.40791666666667,3.3285,2.65625,4.12245833333333,3.99270833333333,4.1785,3.40408333333333,4.13525,6.11941666666667,NA,3.98195833333333,1.87604166666667,3.730375
2025-05-26,6.587,3.06904166666667,4.53233333333333,4.05866666666667,5.83820833333333,3.40404166666667,3.242,4.38095833333333,6.11825,4.82416666666667,6.559625,3.158375,4.10375,7.40470833333333,3.10733333333333,3.247875,3.66158333333333,3.75,3.86995833333333,2.53933333333333,3.00708333333333,3.59675,5.91979166666667,8.94075,3.89741666666667,6.00433333333333,NA,6.19695833333333,1.93979166666667,3.31558333333333
2025-05-27,6.911375,3.133875,3.296,3.705875,3.01191666666667,2.68483333333333,3.175125,3.083875,6.026,3.81391666666667,5.78029166666667,2.11083333333333,3.01991666666667,9.045875,2.32816666666667,2.99341666666667,4.20604166666667,3.28133333333333,2.90479166666667,2.2455,1.97020833333333,3.13975,4.67370833333333,4.780875,3.74016666666667,6.60679166666667,1.9528,5.45304166666667,2.09508333333333,2.58641666666667
2025-05-28,6.86225,4.67075,4.94108333333333,3.5545,4.38683333333333,3.25366666666667,2.751625,3.288125,6.195,3.73729166666667,3.86495833333333,2.58058333333333,2.95495833333333,7.89408333333333,2.29066666666667,3.318625,4.58133333333333,2.88720833333333,3.18004166666667,2.93245833333333,2.94520833333333,4.25904166666667,3.82875,3.807,5.73704166666667,6.44070833333333,3.28016666666667,3.25079166666667,1.94666666666667,3.63795833333333
2025-05-29,4.8045,2.86745833333333,2.96870833333333,3.41091666666667,7.83416666666667,3.91225,3.06220833333333,3.133875,3.1605,3.689,5.43929166666667,1.89370833333333,2.9315,5.95616666666667,2.447875,3.58979166666667,3.1495,3.17316666666667,3.02383333333333,2.397875,1.948625,3.190875,5.07083333333333,4.39383333333333,3.58295833333333,4.74175,3.49354166666667,4.69045833333333,2.06954166666667,2.20420833333333
2025-05-30,2.663,2.76629166666667,3.32458333333333,3.069,4.25425,2.48825,3.90825,2.93045833333333,4.20891666666667,2.93729166666667,4.43595833333333,1.33945833333333,2.67395833333333,6.67454166666667,2.65716666666667,3.31666666666667,4.09095833333333,4.092,2.833125,1.80425,1.87104166666667,1.90345833333333,5.22008333333333,4.21483333333333,3.39716666666667,3.31083333333333,3.16229166666667,5.10408333333333,2.23470833333333,1.797375
2025-05-31,3.83645833333333,3.12108333333333,3.78741666666667,4.09991666666667,5.24966666666667,3.407125,4.10679166666667,3.42370833333333,4.93125,3.58883333333333,6.061375,3.373625,3.34320833333333,8.94066666666667,3.06608333333333,3.03170833333333,5.40691666666667,4.14504166666667,3.47579166666667,3.16716666666667,3.48958333333333,3.48075,5.137625,5.22508333333333,5.80783333333333,5.27820833333333,3.39033333333333,5.25354166666667,2.53241666666667,3.11029166666667
2025-06-01,7.27891666666667,4.21183333333333,5.28795833333333,5.267375,6.30595833333333,4.580375,4.09891666666667,5.42845833333333,6.545875,5.0315,6.572375,4.68458333333333,4.98733333333333,8.302875,4.49895833333333,4.44770833333333,4.89475,4.24241666666667,4.73375,4.04683333333333,4.603875,4.81916666666667,6.741375,5.85495833333333,4.92529166666667,5.61625,5.218125,5.92679166666667,2.35645833333333,4.72983333333333
2025-06-02,4.421125,4.1745,5.16225,5.20541666666667,5.74495833333333,4.66491666666667,4.69329166666667,4.460625,5.23495833333333,4.60891666666667,5.3155,4.828125,4.21775,6.64708333333333,4.563625,4.610875,6.218625,5.574875,4.89983333333333,3.78641666666667,5.16908333333333,5.452125,5.01570833333333,4.19708333333333,5.01866666666667,5.60441666666667,4.55191666666667,4.32491666666667,3.805,5.14841666666667
2025-06-03,5.15533333333333,3.500375,4.81720833333333,4.378,5.38816666666667,3.55454166666667,5.66133333333333,4.70041666666667,5.603375,4.56675,6.68433333333333,3.64591666666667,3.93579166666667,6.402375,3.72354166666667,4.74058333333333,6.13316666666667,6.18316666666667,3.975,4.03308333333333,3.72354166666667,4.003625,5.96704166666667,4.82991666666667,4.46454166666667,5.52283333333333,4.57845833333333,4.97545833333333,3.33816666666667,3.810875
2025-06-04,4.33279166666667,4.02516666666667,5.35679166666667,6.00933333333333,6.1695,5.10129166666667,4.210875,5.125875,6.005375,3.99775,4.78479166666667,4.81616666666667,4.84570833333333,4.77008333333333,4.72683333333333,5.072625,5.171,4.62270833333333,4.85075,4.431,4.74045833333333,5.422625,5.18470833333333,4.607875,5.550375,5.93075,4.50370833333333,5.27320833333333,2.76720833333333,5.21141666666667
2025-06-05,4.38183333333333,2.23766666666667,2.30341666666667,2.68975,2.51079166666667,1.996,4.68070833333333,2.335875,3.32541666666667,3.14466666666667,4.92725,1.58216666666667,2.171875,4.98325,1.823875,2.413625,5.39804166666667,5.11691666666667,2.40475,2.51375,1.5105,2.24454166666667,4.35920833333333,3.688125,3.39133333333333,2.93045833333333,3.03075,3.804,3.41291666666667,1.88583333333333
2025-06-06,4.37104166666667,2.82920833333333,2.95104166666667,3.11525,3.157375,2.43208333333333,3.809,2.84695833333333,3.60154166666667,2.66708333333333,3.720625,2.78508333333333,2.507875,3.89254166666667,3.08970833333333,3.20370833333333,4.07429166666667,4.1215,2.97470833333333,2.739875,2.703375,2.996375,3.62041666666667,3.05629166666667,3.27345833333333,3.474875,2.46066666666667,3.02870833333333,2.28970833333333,3.01491666666667
2025-06-07,2.71529166666667,2.31925,2.5345,2.87245833333333,2.56383333333333,2.50391666666667,3.24004166666667,2.57566666666667,1.9035,1.86120833333333,3.235,2.34683333333333,2.20925,3.33925,2.74383333333333,4.90270833333333,3.459,3.35995833333333,2.70358333333333,2.126625,2.11970833333333,3.20758333333333,2.7005,2.33875,3.41975,1.49683333333333,2.34083333333333,2.751625,1.797375,2.64641666666667
2025-06-08,3.41104166666667,4.39858333333333,6.48683333333333,7.167,7.167875,6.45541666666667,4.48320833333333,5.84208333333333,5.947375,4.84679166666667,4.27479166666667,7.002875,5.86283333333333,6.36208333333333,6.16645833333333,5.83533333333333,12.8429166666667,4.66495833333333,6.89075,3.24683333333333,6.143,6.7875,5.05895833333333,4.152,4.9145,7.93833333333333,5.224125,4.212,3.54858333333333,6.54383333333333
2025-06-09,11.7079166666667,22.939375,18.5594166666667,21.5487083333333,19.912625,21.6304583333333,19.5117083333333,21.993,17.8537916666667,20.8315416666667,18.5535833333333,19.1687083333333,22.0274166666667,10.2015416666667,24.6277083333333,23.902375,22.3448333333333,22.401875,21.5518333333333,22.1129166666667,18.7805416666667,21.47525,23.8758333333333,14.6966666666667,27.91675,16.2647916666667,23.6637083333333,19.4204166666667,21.8142083333333,20.1327916666667
2025-06-10,5.592625,4.23541666666667,8.25966666666667,5.43733333333333,8.662625,6.92025,5.13170833333333,5.809875,2.44695833333333,3.67933333333333,3.86791666666667,6.13408333333333,5.37933333333333,3.19479166666667,7.16204166666667,6.998875,9.47233333333333,5.52375,6.04070833333333,4.18733333333333,6.65295833333333,6.6765,5.310625,NA,5.13354166666667,3.8425,7.89408333333333,5.93754166666667,4.57941666666667,6.368875
2025-06-11,6.29133333333333,7.06270833333333,10.1003333333333,8.05333333333333,10.800875,9.36516666666667,7.96191666666667,7.51283333333333,5.81854166666667,6.50654166666667,6.72175,9.56170833333333,7.655375,4.76316666666667,10.3057916666667,11.23525,10.0629166666667,9.21879166666667,7.62479166666667,10.9454583333333,10.6840833333333,9.954875,10.1729583333333,NA,8.11029166666667,6.73454166666667,7.8685,8.61541666666667,9.518625,9.91558333333333
2025-06-12,9.94204166666667,12.878375,8.56229166666667,9.62554166666667,9.08904166666667,9.11458333333333,10.9189583333333,9.13625,9.22954166666667,9.88804166666667,10.2525416666667,9.73970833333333,9.092,11.6509583333333,9.58145833333333,9.857625,12.853875,12.9785833333333,8.90141666666667,13.923,9.29245833333333,9.8605,14.3555,NA,14.5057083333333,8.871875,11.2472083333333,12.836125,10.919875,9.78083333333333
2025-06-13,7.73395833333333,8.4445,7.503,7.43320833333333,7.29854166666667,7.12941666666667,5.834375,7.5245,7.21120833333333,9.68758333333333,9.764125,7.24645833333333,7.444,10.1740833333333,7.18258333333333,8.3815,8.51216666666667,6.51829166666667,6.98604166666667,6.63529166666667,6.80433333333333,7.03904166666667,8.97808333333333,NA,8.770625,7.06379166666667,7.9095,8.90586956521739,5.61720833333333,6.90158333333333
2025-06-14,7.57375,8.42470833333333,5.872625,5.64654166666667,5.34395833333333,5.607375,4.50675,5.55720833333333,4.73270833333333,6.94979166666667,8.57616666666667,4.57745833333333,6.00729166666667,6.60479166666667,6.34333333333333,6.61358333333333,7.27004166666667,5.32241666666667,5.48054166666667,7.01366666666667,4.26004166666667,6.39245833333333,8.69895833333333,NA,10.0088333333333,4.82016666666667,7.094125,7.81154166666667,4.16566666666667,5.43629166666667
2025-06-15,6.737375,4.08516666666667,5.173,4.18625,5.44520833333333,4.01041666666667,4.40245833333333,4.414375,6.11729166666667,5.56220833333333,6.38183333333333,3.611375,4.22479166666667,6.9595,4.84875,4.5235,5.83833333333333,4.69341666666667,4.24833333333333,3.39633333333333,4.19220833333333,4.59425,6.54479166666667,NA,5.10116666666667,5.24466666666667,4.49391666666667,5.0855,2.98645833333333,4.30316666666667
2025-06-16,3.28029166666667,5.92279166666667,6.9565,5.33320833333333,7.26629166666667,5.71941666666667,7.68975,4.48908333333333,7.68470833333333,5.16604166666667,4.58429166666667,6.26466666666667,4.47333333333333,5.207375,6.47904166666667,6.42008333333333,10.1592916666667,9.022375,5.12775,8.078875,6.45645833333333,6.29329166666667,5.20054166666667,NA,7.331,7.029375,5.343875,4.45658333333333,7.0755,6.49179166666667
2025-06-17,4.23558333333333,10.480625,7.37616666666667,9.116625,7.964875,8.96525,6.366,8.68720833333333,5.108125,5.76066666666667,6.97825,7.37825,8.64295833333333,5.75375,10.164125,10.8756666666667,8.31079166666667,7.10108333333333,9.43891666666667,6.49079166666667,7.27395833333333,8.81979166666667,6.607625,NA,11.7236666666667,6.53295833333333,6.86420833333333,6.73358333333333,5.87958333333333,6.8515
2025-06-18,7.40958333333333,8.04941666666667,6.18025,6.54783333333333,5.16404166666667,6.25104166666667,3.96620833333333,5.79604166666667,7.849875,5.962125,5.82545833333333,6.09666666666667,5.74204166666667,7.11766666666667,6.74025,7.07158333333333,5.29775,4.28754166666667,6.03191666666667,4.10183333333333,5.54245833333333,7.1325,7.61408333333333,9.5844,7.61691666666667,6.885875,7.95804166666667,8.23704166666667,3.36370833333333,7.02733333333333
2025-06-19,7.96495833333333,7.22391666666667,7.25425,8.699875,7.61104166666667,7.40954166666667,4.69529166666667,7.904,8.792375,9.15695833333333,8.84741666666667,9.86141666666667,8.012,8.604625,7.81741666666667,7.646375,5.93945833333333,5.51975,7.444,5.743875,9.45270833333333,7.596375,11.6195833333333,10.5169583333333,7.28,8.32845833333333,10.454125,11.688375,4.09104166666667,8.66254166666667
2025-06-20,8.82079166666667,7.26120833333333,11.9575833333333,10.5926666666667,12.5845416666667,10.6574583333333,9.20504166666667,10.7390833333333,10.6269166666667,9.99129166666667,10.9001666666667,11.888875,10.8186666666667,12.0322916666667,11.4997083333333,10.422625,11.758125,10.607375,9.64433333333333,10.7293333333333,12.3909583333333,12.1807916666667,14.206,9.6415,8.68908333333333,11.1165,7.79291666666667,8.59975,9.17158333333333,11.6078333333333
2025-06-21,6.32875,6.883875,11.9467916666667,9.11370833333333,16.9300833333333,8.98191666666667,8.78354166666667,8.58491666666667,10.2476666666667,7.96979166666667,8.08375,11.5419583333333,8.72745833333333,12.3959166666667,9.74745833333333,8.84333333333333,15.3232916666667,10.569,7.40170833333333,10.3115833333333,13.5387916666667,10.5042083333333,9.18245833333333,7.78208333333333,8.53004166666667,10.2547083333333,6.48991666666667,9.98433333333333,8.76875,10.8599166666667
2025-06-22,7.45583333333333,4.83195833333333,5.08554166666667,5.17104166666667,6.29333333333333,4.339625,4.57054166666667,5.47075,5.09533333333333,5.535625,7.19154166666667,3.515125,5.36358333333333,7.219875,5.149375,5.03041666666667,3.188,5.14741666666667,5.15925,5.04225,3.64583333333333,4.35133333333333,6.82795833333333,6.28254166666667,5.57883333333333,5.173,5.79995833333333,6.54191666666667,4.28175,4.31516666666667
2025-06-23,5.51404166666667,3.405,5.10520833333333,3.77554166666667,6.06133333333333,2.96079166666667,3.62520833333333,3.50525,4.79954166666667,3.67429166666667,4.579375,3.77354166666667,3.128875,6.67745833333333,3.72158333333333,4.1235,4.633625,4.04479166666667,3.03170833333333,3.220375,4.736625,3.76483333333333,3.89945833333333,3.67529166666667,4.087125,4.68366666666667,3.241,3.47575,2.145375,3.82079166666667
2025-06-24,6.16554166666667,3.12891666666667,3.82666666666667,3.94945833333333,6.3365,2.819375,3.11908333333333,3.14766666666667,3.260625,4.229625,6.94383333333333,1.79429166666667,3.06125,6.89283333333333,2.96291666666667,3.3235,3.115125,3.316625,3.32645833333333,2.69945833333333,1.81604166666667,2.51875,6.39545833333333,6.12329166666667,4.4085,3.08366666666667,3.98975,5.62116666666667,1.867125,1.94870833333333
2025-06-25,3.91520833333333,3.79333333333333,2.88029166666667,1.88579166666667,2.94325,1.34925,2.89404166666667,1.39345833333333,1.83179166666667,2.75545833333333,3.33041666666667,1.40229166666667,1.31379166666667,2.72008333333333,2.677875,3.02179166666667,3.1698,3.07979166666667,1.47608333333333,1.987,1.966375,2.01558333333333,4.8625,5.27025,3.63204166666667,2.104875,2.69658333333333,5.601375,1.80520833333333,1.7925
2025-06-26,5.523875,3.16720833333333,3.96529166666667,3.69891666666667,4.22179166666667,2.993375,3.882625,3.58191666666667,4.66979166666667,4.31708333333333,5.364625,2.96091666666667,3.3225,6.26875,2.98545833333333,3.70065217391304,NA,4.27183333333333,3.19383333333333,2.96975,3.52104166666667,3.25083333333333,5.01183333333333,4.37995833333333,4.36229166666667,4.50958333333333,4.80058333333333,4.552,2.07254166666667,3.14175
2025-06-27,3.37945833333333,3.91408333333333,3.20554166666667,4.46154166666667,5.06404166666667,4.05183333333333,4.26108333333333,4.039,4.84566666666667,4.05670833333333,5.14054166666667,3.21345833333333,3.79904166666667,5.12770833333333,4.28166666666667,4.430125,4.11721428571429,4.690375,3.88458333333333,2.781125,2.72220833333333,4.434,4.07233333333333,3.26945833333333,5.33320833333333,4.55875,4.32195833333333,3.77954166666667,2.21495833333333,3.83654166666667
2025-06-28,3.16633333333333,2.81158333333333,4.036,2.633625,6.9055,4.488,7.37908333333333,2.664125,3.28233333333333,2.57470833333333,3.45620833333333,2.94425,2.572875,4.55675,3.27145833333333,3.1454347826087,6.11045833333333,8.4405,2.50895833333333,2.04904166666667,3.36570833333333,3.45033333333333,4.69341666666667,3.96529166666667,3.38545833333333,5.74095833333333,2.57070833333333,3.94754166666667,5.058125,3.17704166666667
2025-06-29,4.81829166666667,4.71595833333333,4.42595833333333,3.26058333333333,4.47329166666667,2.68870833333333,6.64608333333333,2.9275,3.462,3.84041666666667,5.1995,2.27695833333333,2.872375,6.83475,3.25183333333333,3.18691666666667,7.28483333333333,7.73883333333333,3.00204166666667,7.17766666666667,3.94358333333333,3.41979166666667,4.866375,4.56375,5.53466666666667,3.40316666666667,3.55341666666667,5.507125,5.382375,4.16966666666667
2025-06-30,10.6005833333333,6.11245833333333,6.591,5.30258333333333,5.45495833333333,5.53466666666667,2.19433333333333,5.17891666666667,5.55620833333333,5.436375,10.876625,5.69383333333333,5.20541666666667,7.35754166666667,5.517,7.80170833333333,3.02375,2.50595833333333,5.30954166666667,5.81370833333333,5.13754166666667,5.683,8.06995833333333,9.22266666666667,8.06116666666667,6.95858333333333,6.62741666666667,11.4495416666667,1.94079166666667,5.68004166666667
2025-07-01,10.238875,6.048625,5.436375,8.27241666666667,3.91016666666667,6.36495833333333,1.72270833333333,8.35204166666667,5.15820833333333,6.79741666666667,9.469375,3.47283333333333,7.94429166666667,4.661,5.50520833333333,5.16908333333333,2.81441666666667,2.035125,5.73595833333333,4.30416666666667,3.38733333333333,6.3885,11.7374583333333,12.6228333333333,6.02891666666667,3.88766666666667,9.19425,19.5755,1.49866666666667,5.69475
2025-07-02,6.33845833333333,3.93175,3.23108333333333,4.52445833333333,2.92358333333333,4.385875,2.566875,4.80645833333333,2.14329166666667,4.90858333333333,5.316375,2.74470833333333,4.21095833333333,5.10808333333333,4.36416666666667,4.691375,2.46275,2.58545833333333,5.89341666666667,3.25383333333333,3.068,4.22270833333333,7.00091666666667,7.45495833333333,3.94458333333333,2.97758333333333,5.28108333333333,7.28491666666667,1.600875,3.15054166666667
2025-07-03,1.98804166666667,2.17954166666667,2.84495833333333,3.13879166666667,2.99333333333333,2.30145833333333,3.30875,2.4795,2.74,1.91729166666667,2.970625,2.051875,2.4105,3.15654166666667,3.03658333333333,2.92954166666667,4.972625,3.75991666666667,2.439,2.067625,2.24741666666667,2.67195833333333,2.97966666666667,2.149125,2.64933333333333,2.724,2.36529166666667,2.5325,1.82683333333333,2.69954166666667
2025-07-04,3.75095833333333,4.257125,5.46783333333333,5.35483333333333,7.69258333333333,4.62854166666667,4.07225,4.5145,5.80983333333333,4.65316666666667,4.98925,5.102125,4.302375,5.096375,5.371375,5.67016666666667,5.00183333333333,4.69241666666667,4.23545833333333,4.51366666666667,4.832875,5.35475,4.11958333333333,3.50429166666667,6.111375,5.803875,4.24904166666667,3.59775,2.45866666666667,5.187625
2025-07-05,5.96104166666667,2.43916666666667,4.24920833333333,2.16391666666667,5.20341666666667,2.08533333333333,1.72466666666667,2.33,2.48716666666667,3.259625,5.398,2.16291666666667,2.155125,5.914,2.14329166666667,2.13545833333333,3.00620833333333,1.34333333333333,2.36445833333333,1.76891666666667,2.407625,2.22291666666667,4.98433333333333,4.43195833333333,3.08279166666667,3.38745833333333,2.91870833333333,4.39466666666667,0.644708333333333,1.877875
2025-07-06,30.7076666666667,3.12991666666667,3.33533333333333,2.98058333333333,3.296125,3.03166666666667,1.54779166666667,3.28125,2.565875,2.56579166666667,2.97575,2.79383333333333,2.78304166666667,2.3055,3.04554166666667,3.00708333333333,2.67304166666667,1.596875,2.904875,2.8695,3.375625,3.95929166666667,3.94266666666667,3.71958333333333,3.691,2.65433333333333,2.94325,3.30391666666667,1.77566666666667,3.38245833333333
2025-07-07,6.95554166666667,4.17758333333333,4.315,4.88904166666667,4.08227272727273,4.57458333333333,4.29045833333333,4.91445833333333,3.56233333333333,3.63808333333333,3.53375,4.90658333333333,4.51058333333333,6.932,3.91604166666667,3.88175,4.95079166666667,4.869375,4.50179166666667,4.13529166666667,4.89583333333333,5.162125,4.50483333333333,3.96716666666667,4.4555,4.45070833333333,4.70716666666667,4.62179166666667,3.16529166666667,4.78283333333333
2025-07-08,4.464375,6.4545,5.49113043478261,4.71995833333333,5.22808333333333,6.46916666666667,7.14733333333333,4.85554166666667,3.475875,4.30030434782609,4.59916666666667,3.21441666666667,4.543,5.52679166666667,5.17304166666667,5.62216666666667,1.34,8.30395833333333,4.93216666666667,5.92675,3.95154166666667,5.121875,6.23433333333333,5.98458333333333,7.38404166666667,2.532375,6.16554166666667,6.287375,5.64608695652174,4.51945833333333
2025-07-09,3.851125,3.69791666666667,3.42275,4.524375,3.45908333333333,4.57454166666667,2.026375,3.68325,4.322875,3.17616666666667,4.415375,3.01104166666667,3.36470833333333,2.98808695652174,2.57070833333333,3.03845833333333,4.50481818181818,1.71970833333333,4.44875,1.65191666666667,2.9884347826087,5.07475,4.26491666666667,3.39329166666667,3.30875,3.68820833333333,4.16083333333333,5.24866666666667,1.19204166666667,4.12354166666667
2025-07-10,4.262,3.71854166666667,5.95329166666667,5.04129166666667,5.379375,3.419875,3.37070833333333,4.10470833333333,4.36520833333333,3.374625,4.531125,4.54020833333333,4.03577777777778,4.9185,3.325375,4.41820833333333,5.18575,3.32654166666667,3.465,3.15541666666667,5.8195,5.24075,4.724875,3.57216666666667,4.41920833333333,3.33241666666667,3.17433333333333,4.29054166666667,3.05533333333333,6.35420833333333
2025-07-11,3.26454166666667,6.39258333333333,4.55783333333333,6.31391666666667,4.565625,5.13958333333333,3.52204166666667,5.33708333333333,4.56766666666667,4.40145833333333,5.46479166666667,4.53516666666667,NA,4.66004166666667,5.965125,6.06829166666667,7.15508333333333,4.10883333333333,4.49295833333333,3.361875,4.88708333333333,5.16416666666667,6.15958333333333,4.01829166666667,8.49645833333333,2.68483333333333,3.60954166666667,5.142625,2.50391666666667,5.69475
2025-07-12,3.18504166666667,3.875875,4.88220833333333,3.692,4.81720833333333,3.91216666666667,3.91125,4.11454166666667,5.15033333333333,4.36904166666667,4.99025,4.90666666666667,NA,5.13766666666667,6.578375,7.10104166666667,10.41475,4.94695833333333,3.23408333333333,3.73625,4.79666666666667,4.39766666666667,7.20533333333333,4.16475,4.39466666666667,3.74904166666667,4.75933333333333,5.10320833333333,3.91216666666667,4.08216666666667
2025-07-13,5.59058333333333,7.20333333333333,5.41575,7.11579166666667,5.822625,6.52229166666667,2.93929166666667,6.38675,4.96854166666667,5.214375,6.55558333333333,5.61420833333333,7.2355,7.30733333333333,6.65983333333333,6.31791666666667,4.23654166666667,3.67733333333333,7.022375,4.66983333333333,5.46491666666667,6.14391666666667,9.20208333333333,7.91870833333333,7.08733333333333,5.43816666666667,7.65041666666667,9.37895833333333,2.59333333333333,5.94741666666667
2025-07-14,7.18254166666667,6.081,6.32279166666667,6.085,6.736375,5.76558333333333,4.75341666666667,5.27625,6.475,5.78529166666667,8.42383333333333,5.55433333333333,5.06060869565217,6.34629166666667,6.58020833333333,6.92708333333333,6.238125,5.8865,5.39108333333333,7.122625,5.41379166666667,6.04370833333333,6.84160869565217,7.48620833333333,9.282625,5.28566666666667,7.895125,8.42775,4.06845833333333,5.601375
2025-07-15,6.616625,3.4365,4.0105,4.550875,4.82704166666667,3.75191666666667,3.25191666666667,4.19816666666667,7.31533333333333,5.36354166666667,7.84983333333333,3.26854166666667,3.89445833333333,8.26166666666667,3.401125,3.903375,3.13095833333333,4.146,3.801125,3.3775,2.98829166666667,3.91516666666667,5.90016666666667,5.7745,4.57058333333333,6.50158333333333,4.223625,5.40095833333333,2.74475,3.76775
2025-07-16,4.95575,4.32395833333333,3.85125,5.20741666666667,3.92095833333333,4.638375,3.96816666666667,4.41125,3.95841666666667,3.77673913043478,4.66291666666667,4.113625,3.91695833333333,4.19020833333333,2.842,2.950125,4.46741666666667,4.76316666666667,4.19804166666667,4.5755,3.978,5.89525,4.39083333333333,4.42808333333333,4.87425,3.403,3.89054166666667,3.68420833333333,4.396625,4.379
2025-07-17,3.49158333333333,5.96595833333333,7.17486363636364,4.04966666666667,4.60404166666667,3.487625,4.5785,3.34904166666667,2.72704166666667,2.68470833333333,4.66991666666667,2.97958333333333,2.95695833333333,5.911875,5.80483333333333,6.36108333333333,4.5369375,5.41975,3.41595833333333,6.58320833333333,3.6635,4.0095,4.74066666666667,4.60004166666667,8.23316666666667,4.04779166666667,4.603875,4.887,3.86204166666667,4.05070833333333
2025-07-18,2.1335,11.0938333333333,4.49840909090909,3.54166666666667,3.57116666666667,3.67333333333333,2.5354,3.48666666666667,3.525,3.475875,4.37008333333333,3.14466666666667,3.065125,4.2855,3.716625,4.52345833333333,3.617,3.17225,2.84404166666667,6.4525,2.88320833333333,3.401125,5.05116666666667,3.66166666666667,12.9295,3.16333333333333,4.094875,3.79525,2.23233333333333,3.069125
2025-07-19,3.36875,9.45754166666667,6.1685,6.52225,4.90570833333333,6.29925,3.64338095238095,4.89191666666667,3.90829166666667,4.07529166666667,3.8425,5.39020833333333,4.71016666666667,4.39966666666667,8.473875,7.741875,4.85654166666667,4.67870833333333,5.235875,9.187375,4.95483333333333,7.016625,3.71075,4.77691666666667,14.1058333333333,3.23108333333333,5.02754166666667,8.18204166666667,3.280375,5.909
2025-07-20,3.190875,6.19504166666667,5.48545833333333,3.6065,5.9975,3.77266666666667,7.29384615384615,3.05425,2.76533333333333,3.25275,4.10958333333333,3.83841666666667,2.92075,5.21129166666667,5.74683333333333,5.90016666666667,5.61029166666667,8.98683333333333,3.07004166666667,10.8343333333333,3.714625,3.85616666666667,3.10929166666667,3.35495833333333,7.85483333333333,3.23608333333333,4.84675,3.13979166666667,5.93520833333333,3.28029166666667
2025-07-21,2.92645833333333,4.24,4.13033333333333,3.80304166666667,2.7035,4.16866666666667,3.50333333333333,2.97175,2.57813636363636,2.721125,3.804125,2.87341666666667,2.76933333333333,4.017375,4.18145833333333,5.08626086956522,2.67004166666667,4.747375,3.4955,6.68533333333333,2.62875,5.67516666666667,2.76733333333333,2.28875,5.23104166666667,2.62779166666667,2.83220833333333,2.28083333333333,2.06270833333333,4.83591666666667
2025-07-22,3.33529166666667,3.969125,3.34420833333333,3.16225,2.951125,3.761,9.64404545454546,3.06125,2.106,2.432125,3.41495833333333,1.99291666666667,2.73083333333333,3.55145833333333,2.64321739130435,2.90695833333333,12.4234166666667,10.27525,3.88270833333333,2.49408333333333,2.28183333333333,4.26,3.27041666666667,3.14375,4.331875,1.94579166666667,3.23016666666667,2.40070833333333,5.33425,2.81733333333333
2025-07-23,6.596,11.6126666666667,19.3289583333333,12.6415416666667,17.5737916666667,13.05525,16.712875,13.4110416666667,8.605625,10.6535833333333,9.89139130434783,13.0229166666667,12.849875,9.10866666666667,14.05275,14.30725,20.3163333333333,19.3965454545455,13.1811666666667,11.885,16.3266666666667,13.7869130434783,11.66675,7.12758333333333,13.7874166666667,9.61079166666667,13.7048333333333,7.24154166666667,13.2478333333333,13.9612916666667
2025-07-24,8.046625,7.4225,16.9712916666667,19.043875,18.2538333333333,14.9607916666667,17.0375,16.712,12.9678333333333,10.5650833333333,13.0680416666667,19.5618333333333,16.2552173913043,17.09425,12.507875,12.485375,19.1284583333333,19.6227083333333,10.2418333333333,8.1035,20.5032083333333,23.7461666666667,8.223375,8.25570833333333,8.68325,16.0122916666667,7.7304347826087,7.20925,15.7852916666667,19.6954166666667
2025-07-25,6.15958333333333,14.650375,13.8993333333333,14.9194583333333,12.302625,16.2362916666667,8.62120833333333,16.971375,12.9825833333333,10.75575,14.8685,12.8165,16.5282916666667,13.5132916666667,15.776375,16.2707083333333,8.0954347826087,9.69054166666667,16.0653333333333,11.704125,12.9304583333333,16.4485833333333,9.284625,7.54916666666667,18.1142916666667,8.88966666666667,10.3517916666667,6.26975,8.02566666666667,16.23425
2025-07-26,6.10354166666667,5.04416666666667,4.92641666666667,3.39916666666667,4.481125,3.52783333333333,5.63295833333333,3.943625,2.86070833333333,4.59908333333333,5.948375,3.48945833333333,3.31666666666667,3.45329166666667,4.542125,4.22566666666667,6.67058333333333,5.99354166666667,3.33820833333333,4.63154166666667,3.911125,4.37008333333333,6.11233333333333,7.19933333333333,5.32229166666667,3.72841666666667,4.65995833333333,5.67225,4.25720833333333,4.208875
2025-07-27,4.98033333333333,4.37695833333333,6.34829166666667,6.510375,6.367875,6.04758333333333,5.58870833333333,6.144875,5.887375,5.022625,6.36591666666667,5.95325,5.571,8.58583333333333,6.56345833333333,5.958125,5.65045833333333,6.01325,5.35966666666667,5.50029166666667,5.61129166666667,6.3925,5.51491666666667,5.191625,5.31058333333333,6.76204166666667,4.98920833333333,5.0285,4.28554166666667,6.10370833333333
2025-07-28,6.254,4.21675,4.25516666666667,4.71804166666667,3.604625,4.45075,2.45095833333333,5.36721739130435,4.886125,5.73995833333333,6.415,3.674375,5.19718181818182,6.41020833333333,3.75,3.85020833333333,4.35329166666667,2.667125,4.74354166666667,2.6955,3.51420833333333,5.40679166666667,7.21466666666667,5.7665,4.59778260869565,3.49678260869565,4.70029166666667,4.76620833333333,1.84945833333333,4.59133333333333
2025-07-29,3.78633333333333,3.81565217391304,5.70175,4.22179166666667,4.19608333333333,4.78379166666667,4.28854166666667,4.041,2.41258333333333,4.07586956521739,3.47291666666667,2.90983333333333,3.75104166666667,3.927875,4.79636363636364,5.25418181818182,3.21641666666667,4.66008333333333,5.1425,3.90133333333333,3.18204166666667,5.41366666666667,5.00004166666667,4.625625,4.63345833333333,2.18554166666667,3.80686363636364,4.19133333333333,3.15645833333333,4.341625
2025-07-30,5.168,5.53670833333333,3.37954166666667,3.969125,2.77620833333333,4.102875,2.72308333333333,4.24041666666667,3.83154166666667,3.99966666666667,4.08216666666667,2.1965,3.97895833333333,5.279125,3.24679166666667,3.472,4.06058333333333,2.84791666666667,5.57990909090909,4.580125,2.54033333333333,5.15041666666667,5.92379166666667,5.371,5.920875,3.24779166666667,4.7975,4.51854166666667,2.45281818181818,3.15541666666667
2025-07-31,3.582,4.79458333333333,4.56075,4.78675,4.59316666666667,5.17691666666667,2.39483333333333,5.27808333333333,3.21441666666667,3.866,4.11458333333333,4.79945833333333,4.830125,3.36283333333333,6.13404166666667,4.91358333333333,4.32979166666667,2.22482608695652,5.53454166666667,3.25475,5.235,5.95229166666667,4.50083333333333,4.67083333333333,5.32616666666667,3.25475,5.18570833333333,4.23445833333333,1.66466666666667,5.40191666666667
2025-08-01,4.27570833333333,2.898,2.98733333333333,3.82479166666667,2.83516666666667,3.12108333333333,2.16483333333333,3.826625,2.52558333333333,3.79329166666667,4.06458333333333,2.99141666666667,3.078875,4.95675,3.57408333333333,2.97479166666667,2.8105,1.84258333333333,2.75845833333333,2.98258333333333,3.00116666666667,4.28854166666667,4.37116666666667,4.29145833333333,3.06854545454545,2.140375,3.65383333333333,3.81195833333333,1.2815,2.96679166666667
2025-08-02,3.005125,4.19220833333333,4.038875,3.45816666666667,3.60954166666667,3.79720833333333,3.372625,3.86895833333333,3.463,3.107375,3.56325,3.615375,3.33833333333333,3.76191666666667,3.84833333333333,3.14958333333333,5.81958333333333,3.81483333333333,3.75304166666667,3.04641666666667,3.65658333333333,4.9165,3.88758333333333,3.43954166666667,3.702875,3.35295833333333,3.13083333333333,3.03066666666667,3.2095,4.097875
2025-08-03,5.11195833333333,4.54591666666667,5.39791666666667,3.8955,4.81629166666667,3.97716666666667,3.6546,4.03966666666667,4.01341666666667,4.266,5.307625,2.75945833333333,3.64591666666667,3.67333333333333,4.78383333333333,4.19808333333333,4.33279166666667,3.30779166666667,4.98529166666667,3.836625,3.638,4.53320833333333,5.15325,5.01766666666667,5.72420833333333,2.98354166666667,4.17245833333333,4.78670833333333,2.95204166666667,4.445875
2025-08-04,3.87191666666667,3.8975,5.185625,4.1785,6.10470833333333,3.867,4.95769565217391,3.68904166666667,3.54858333333333,3.07791666666667,4.52625,3.51229166666667,3.55054166666667,4.2925,4.34070833333333,4.343625,4.28666666666667,4.420125,3.64595833333333,4.65716666666667,4.44866666666667,4.24525,3.761875,3.125,4.95091666666667,2.54873333333333,3.25666666666667,3.25766666666667,2.93333333333333,4.28170833333333
2025-08-05,3.54275,5.12883333333333,7.02341666666667,4.70825,9.70529166666667,5.21033333333333,7.05747058823529,4.537125,4.90570833333333,4.153,5.90608333333333,4.47363636363636,4.39531818181818,6.78366666666667,5.677125,5.30466666666667,7.106,6.61458333333333,4.213875,4.79766666666667,6.38379166666667,4.808375,4.20208333333333,3.88170833333333,5.63575,6.06130769230769,4.08316666666667,4.02316666666667,4.806375,4.87520833333333
2025-08-06,3.955375,7.352625,8.27245833333333,7.31520833333333,8.22429166666667,7.89516666666667,10.0569166666667,5.041125,7.07654166666667,5.32045833333333,6.708,6.99591666666667,6.73154166666667,8.39720833333333,9.15395833333333,8.124125,8.45429166666667,7.79295833333333,6.68229166666667,6.79745833333333,7.53745833333333,7.64581818181818,5.45595833333333,5.15440909090909,8.445375,7.31133333333333,5.887375,5.46191666666667,6.219625,7.50204166666667
2025-08-07,5.379375,7.22213043478261,6.313875,7.43908333333333,5.910125,6.38166666666667,5.223125,NA,6.78066666666667,7.082375,8.17808333333333,7.06375,5.31341666666667,7.57079166666667,7.71033333333333,7.37808333333333,3.87879166666667,4.58341666666667,6.35820833333333,6.23816666666667,5.25358333333333,6.72166666666667,6.86725,6.671625,8.40408333333333,5.32420833333333,6.15570833333333,6.45641666666667,3.376625,6.15147826086957
2025-08-08,5.40736363636364,5.24091666666667,4.06354166666667,5.35279166666667,4.80166666666667,5.00691666666667,7.08041666666667,NA,4.935125,6.40820833333333,7.33495833333333,3.50029166666667,5.477625,5.2515,4.12445833333333,3.98279166666667,7.63766666666667,6.27454166666667,6.21666666666667,3.93083333333333,3.19675,4.42904166666667,7.94425,8.49358333333333,5.929625,3.3185,5.148375,8.757875,4.50866666666667,3.824625
2025-08-09,4.59316666666667,6.06320833333333,7.6555,7.71316666666667,8.51716666666667,6.70508333333333,7.082375,NA,6.35325,5.04229166666667,6.5085,7.74279166666667,7.925625,4.92241666666667,7.00483333333333,6.61858333333333,6.47404166666667,6.31495833333333,7.24941666666667,5.63191666666667,7.30245833333333,7.05495833333333,5.16504166666667,5.15920833333333,7.31816666666667,7.17479166666667,7.2355,4.84279166666667,4.49695833333333,7.804625
2025-08-10,8.20666666666667,10.5690833333333,8.469,12.4479166666667,7.01370833333333,12.3446666666667,5.92083333333333,NA,13.76875,13.1662916666667,13.4995,8.40029166666667,15.6742916666667,8.94175,12.88525,11.818,7.58054166666667,5.47270833333333,14.5333333333333,4.76525,7.82433333333333,10.3961666666667,12.9087083333333,10.98175,11.5270833333333,8.94375,11.423125,9.96166666666667,4.13425,10.408875
2025-08-11,10.5934347826087,11.6037916666667,7.60716666666667,14.7102272727273,6.04558333333333,13.1495,5.691875,NA,15.374375,13.746125,15.4649583333333,6.870125,17.0992083333333,15.2959166666667,9.92333333333333,10.8726666666667,5.29091666666667,5.79504166666667,16.1164583333333,5.37745833333333,8.15166666666667,12.1187916666667,14.2689166666667,11.8445833333333,13.8847083333333,13.4435416666667,11.318,11.3375416666667,6.08491666666667,9.13529166666667
2025-08-12,14.2639583333333,13.872875,13.2911666666667,12.74175,13.33925,11.7688333333333,NA,NA,14.171625,12.8115416666667,14.4488333333333,13.278375,12.2799583333333,14.3641666666667,17.8882916666667,14.8762083333333,12.400875,7.11975,11.5114583333333,17.9668333333333,13.3687083333333,13.4207916666667,15.986625,14.87525,17.0028333333333,13.757875,10.919875,14.983375,8.17808333333333,15.0797083333333
2025-08-13,12.7182916666667,13.125125,15.1583333333333,13.901375,14.4527083333333,12.7565833333333,NA,NA,14.0830833333333,15.5169583333333,14.027125,13.455,13.5427916666667,11.98325,14.8684583333333,14.3955833333333,23.8189583333333,14.575625,12.0922083333333,15.7172727272727,14.116625,13.8895833333333,14.7249166666667,19.0459583333333,17.2446666666667,10.214125,12.8046666666667,18.7657916666667,14.886,14.2257083333333
2025-08-14,5.42845833333333,4.81433333333333,4.206875,5.25758333333333,4.71995833333333,3.83954166666667,12.041,NA,3.3835,5.175875,5.27625,2.28770833333333,4.20891666666667,3.970125,4.032,3.82754166666667,16.534,12.108,5.04333333333333,9.72491666666667,3.41779166666667,4.70208333333333,7.73983333333333,7.980625,4.88404166666667,2.75245833333333,5.62108333333333,8.85591666666667,11.9547083333333,4.14804166666667
2025-08-15,4.10866666666667,8.54558333333333,6.29820833333333,7.05879166666667,5.44520833333333,6.33895454545455,5.36870833333333,NA,5.11008333333333,4.70129166666667,3.832625,3.76583333333333,6.91641666666667,3.96033333333333,8.16433333333333,6.64991666666667,5.59745833333333,4.54204166666667,6.52816666666667,5.10716666666667,4.55491666666667,7.11091666666667,5.44029166666667,5.40875,8.09158333333333,4.10279166666667,6.3795,6.35620833333333,5.79204166666667,5.47179166666667
2025-08-16,6.83979166666667,6.81016666666667,11.8722083333333,7.710375,15.4315,9.11954166666667,8.26158333333333,NA,8.85425,8.181125,10.0255416666667,12.8242916666667,6.95770833333333,9.36425,7.72895833333333,7.210125,10.5533333333333,7.61008333333333,6.20283333333333,4.49979166666667,9.86833333333333,11.3610833333333,7.437125,6.84845833333333,6.195,10.2064166666667,5.976875,6.25783333333333,5.79595833333333,9.702375
2025-08-17,4.453625,6.527125,9.319,5.65841666666667,10.2722916666667,5.5425,5.988625,NA,5.21916666666667,5.31545833333333,7.06958333333333,7.63754166666667,5.32920833333333,8.07783333333333,9.47716666666667,8.11425,11.3040833333333,5.67016666666667,5.07566666666667,5.69966666666667,8.48179166666667,6.984125,5.36554166666667,5.5945,6.09583333333333,5.97004166666667,4.43983333333333,5.14645833333333,5.306625,7.865625
2025-08-18,3.19679166666667,5.39804166666667,8.60054166666667,4.83181818181818,8.81491666666667,4.356375,5.23583333333333,NA,5.190625,3.428625,3.76079166666667,6.374875,4.89779166666667,6.86020833333333,6.39658333333333,5.09345833333333,11.0004583333333,5.107125,3.95833333333333,3.78829166666667,6.88,5.31254166666667,3.38045833333333,3.54075,4.67183333333333,8.18595833333333,5.377375,3.23604166666667,5.05895833333333,5.69679166666667
2025-08-19,5.37341666666667,2.97075,2.86658333333333,4.60504166666667,2.51383333333333,3.1585,2.78304166666667,NA,5.34683333333333,5.68291666666667,6.591,4.27575,3.45420833333333,7.92758333333333,5.18479166666667,4.08616666666667,4.81652173913043,2.86841666666667,2.726,3.11620833333333,4.16466666666667,3.55041666666667,5.95529166666667,6.34141666666667,3.2175,7.72708333333333,5.12,5.63383333333333,2.54420833333333,3.77066666666667
2025-08-20,5.42070833333333,7.05979166666667,3.83070833333333,6.20279166666667,3.28908333333333,5.33708333333333,3.7755,NA,4.18341666666667,4.26016666666667,5.28518181818182,4.17954166666667,4.75929166666667,4.67575,6.03975,5.72129166666667,3.6705,3.62325,5.1955,5.230875,3.36475,4.57841666666667,4.901625,5.22991666666667,6.67054166666667,3.229125,4.847625,5.06283333333333,3.12195833333333,4.03004347826087
2025-08-21,5.15429166666667,4.27870833333333,3.88470833333333,5.41966666666667,3.522,4.062625,4.51941666666667,NA,5.55333333333333,4.67183333333333,6.27845833333333,4.04983333333333,4.28366666666667,8.14375,4.62558333333333,4.33070833333333,6.86533333333333,4.28754166666667,4.12841666666667,3.07983333333333,3.55341666666667,4.09770833333333,4.58325,5.102125,3.85704166666667,5.75283333333333,3.22820833333333,4.48120833333333,3.74708333333333,4.10766666666667
2025-08-22,2.73083333333333,4.87329166666667,5.4835,7.07645833333333,4.69741666666667,5.9375,3.88558333333333,NA,6.62841666666667,4.60208333333333,5.335125,4.79566666666667,4.659125,6.859375,4.93116666666667,4.44679166666667,6.40133333333333,3.41883333333333,5.7695,4.04779166666667,4.606875,6.71891666666667,3.754,3.12116666666667,6.36691666666667,4.94991666666667,3.544625,2.68770833333333,3.64008333333333,6.387625
2025-08-23,4.71020833333333,3.93875,8.62825,9.72591666666667,8.82175,10.3597083333333,4.820125,NA,6.53204166666667,5.17595833333333,8.17125,7.42541666666667,6.58825,6.32291666666667,7.19333333333333,6.49866666666667,9.09208333333333,4.65416666666667,6.11554166666667,4.55883333333333,9.402625,9.46941666666667,4.83491666666667,4.08420833333333,5.03445833333333,6.26975,4.113625,3.59179166666667,4.88408333333333,9.72191666666667
2025-08-24,4.28858333333333,8.6655,12.0283333333333,8.23995833333333,11.7325833333333,7.4135,7.67979166666667,NA,7.378125,3.64679166666667,6.44945833333333,8.5495,6.38570833333333,8.70679166666667,9.750375,8.48083333333333,6.90054166666667,7.02254166666667,6.09866666666667,10.110125,10.7095416666667,8.26654166666667,4.15495833333333,3.73916666666667,7.97966666666667,7.0755,3.98291666666667,3.04545833333333,5.69091666666667,8.98979166666667
2025-08-25,5.08545833333333,3.31458333333333,9.26404166666667,5.24858333333333,10.229,4.73179166666667,6.958625,NA,5.624,4.77,5.59558333333333,9.48120833333333,3.91408333333333,7.7625,5.919875,7.72108333333333,9.356375,6.41029166666667,3.65954166666667,8.68525,7.6435,5.67316666666667,4.88995833333333,4.3515,4.904625,6.08295833333333,3.95054166666667,4.287625,6.144875,6.24216666666667
2025-08-26,6.088875,4.75725,5.94645833333333,6.26713636363636,5.95516666666667,4.89191666666667,3.96345833333333,NA,6.0565,5.54345833333333,7.86070833333333,5.856875,5.06779166666667,7.42445833333333,5.03041666666667,5.70266666666667,5.06783333333333,3.67245833333333,4.75541666666667,5.13470833333333,5.407,4.99604166666667,6.085,5.65645833333333,6.813125,5.514875,4.61770833333333,5.61033333333333,2.96075,4.81716666666667
2025-08-27,5.3125,4.14516666666667,4.61095833333333,5.47686956521739,5.04229166666667,4.87520833333333,4.072375,NA,4.89779166666667,5.14258333333333,7.27104166666667,3.84322727272727,4.35329166666667,6.202875,5.04133333333333,5.735125,4.00941666666667,3.815875,4.44475,4.70820833333333,3.96772727272727,4.88320833333333,5.36954166666667,5.70170833333333,5.589625,4.90079166666667,4.84975,5.50125,3.14704347826087,4.34554166666667
2025-08-28,4.027125,2.38608333333333,3.519125,5.02654166666667,3.75295833333333,3.68325,2.3295652173913,NA,4.32195833333333,3.25970833333333,5.39695833333333,3.071875,2.803625,5.77920833333333,3.15154166666667,3.97416666666667,3.298,2.20525,3.01691666666667,3.132875,3.02375,3.389375,3.860125,4.61575,3.53675,4.32895833333333,2.62870833333333,4.18545833333333,1.62245833333333,2.88720833333333
2025-08-29,3.40891666666667,4.30920833333333,4.38295833333333,4.17254166666667,4.143125,4.05075,2.7005,NA,3.2095,3.53770833333333,3.88658333333333,2.60804166666667,3.20558333333333,4.43691666666667,4.53520833333333,4.05566666666667,3.74125,2.51375,3.468,3.44141666666667,3.00604166666667,4.37308333333333,2.80270833333333,3.05625,5.632875,2.844,3.27929166666667,2.6945,1.6765,4.065375
2025-08-30,3.685125,2.496125,3.843375,3.43166666666667,3.98579166666667,2.87929166666667,2.749625,NA,4.39858333333333,3.08079166666667,4.888,2.67,2.73095833333333,6.68929166666667,3.518125,2.96975,4.225625,2.56383333333333,2.48333333333333,2.65429166666667,2.959,3.33633333333333,2.92854166666667,3.53383333333333,3.84625,5.07579166666667,2.92754166666667,3.71658333333333,1.887,2.9275
2025-08-31,6.206875,4.09791666666667,5.23204166666667,6.05741666666667,5.38125,5.242875,5.04129166666667,NA,6.256875,5.13075,7.40275,4.85745833333333,4.89295833333333,7.23866666666667,5.28195833333333,4.51066666666667,5.309625,5.025625,4.61479166666667,4.587375,4.72883333333333,5.15925,5.64466666666667,6.06825,5.12775,6.803375,4.97545833333333,5.90345833333333,3.85916666666667,4.87225
2025-09-01,4.97941666666667,3.37366666666667,3.95829166666667,4.74154166666667,4.12058333333333,4.50970833333333,2.451,NA,5.23791666666667,3.67533333333333,6.28929166666667,2.93829166666667,4.09195833333333,6.62245833333333,3.999625,3.94170833333333,3.456125,2.36245833333333,3.84729166666667,3.503375,2.95779166666667,4.05766666666667,4.34354166666667,4.61866666666667,4.980375,4.85954166666667,3.18995833333333,4.37108333333333,1.74233333333333,3.78733333333333
2025-09-02,4.33175,3.813875,4.25116666666667,4.65508333333333,3.94566666666667,4.08216666666667,3.55245833333333,NA,3.57708333333333,3.12008333333333,4.727875,3.408,3.39133333333333,4.398625,4.480125,4.91054166666667,3.84880952380952,3.30575,3.58791666666667,4.02520833333333,3.616375,4.49579166666667,3.58891666666667,3.98583333333333,5.15229166666667,2.47545833333333,3.26954166666667,3.96029166666667,1.673625,3.96029166666667
2025-09-03,6.52020833333333,2.556125,3.52891666666667,2.539375,4.6974347826087,2.23754166666667,3.053375,NA,2.39783333333333,3.33629166666667,6.760125,1.87895833333333,1.86325,6.40529166666667,2.737875,3.81395833333333,2.72116666666667,2.902,2.11675,4.15395833333333,2.47245833333333,2.59920833333333,3.98591666666667,4.38691666666667,3.703875,1.891875,2.28679166666667,4.53033333333333,1.72870833333333,3.17320833333333
2025-09-04,4.38875,2.62283333333333,4.7985,3.11620833333333,2.21395833333333,2.650375,2.05483333333333,NA,2.930375,2.68775,3.815875,1.608625,2.256375,4.50170833333333,3.26845833333333,3.60058333333333,3.31770833333333,1.773875,2.38316666666667,1.98338095238095,1.738375,3.36483333333333,3.05029166666667,3.52795833333333,3.47875,2.31045833333333,2.26129166666667,3.1545,1.41804166666667,2.9454347826087
2025-09-05,3.17025,4.51358333333333,3.40225,4.34858333333333,3.38345833333333,3.74995833333333,2.88129166666667,NA,3.015875,3.64979166666667,5.06879166666667,1.86729166666667,2.82629166666667,4.72783333333333,4.24729166666667,4.14304166666667,4.21,2.84991666666667,3.57504166666667,2.20033333333333,2.39,3.56529166666667,3.58495833333333,3.59570833333333,5.82554166666667,2.46275,2.32116666666667,3.15645833333333,1.764875,2.99529166666667
2025-09-06,4.13129166666667,4.43483333333333,3.71758333333333,4.73575,4.42608333333333,4.61970833333333,2.88533333333333,NA,3.84333333333333,4.036,5.0275,3.502375,4.16079166666667,5.21625,4.21483333333333,4.44091666666667,5.11895833333333,2.62279166666667,3.71170833333333,5.74879166666667,3.63991666666667,4.45570833333333,4.46158333333333,4.58941666666667,7.63558333333333,4.543125,3.96920833333333,4.62954166666667,2.55704166666667,3.974125
2025-09-07,4.85458333333333,5.052125,3.70879166666667,4.312125,3.639,3.83254166666667,3.62329166666667,NA,4.90666666666667,3.84729166666667,5.58675,3.413,3.31170833333333,6.46129166666667,5.12283333333333,4.37895833333333,5.00291666666667,3.62220833333333,3.23308333333333,10.6889583333333,3.68616666666667,4.10966666666667,3.527,4.70520833333333,7.362375,6.27070833333333,4.27675,5.34883333333333,3.58883333333333,4.20008333333333
2025-09-08,3.41675,2.69854166666667,3.58016666666667,4.109625,3.85416666666667,3.75382608695652,3.40395833333333,NA,3.57316666666667,3.30675,5.01375,2.88820833333333,2.50279166666667,4.94991666666667,3.39029166666667,7.579625,4.55975,3.51725,2.6355,3.19866666666667,2.67691666666667,3.27441666666667,NA,3.82479166666667,4.19129166666667,3.162375,3.12208333333333,3.69795833333333,2.10308695652174,3.54066666666667
2025-09-09,3.33525,2.8765,2.89791666666667,4.25416666666667,3.11820833333333,3.72058333333333,2.97270833333333,NA,3.743125,4.138375,5.61225,2.975625,3.23504166666667,4.79658333333333,4.01641666666667,11.5154166666667,4.3704,2.865625,3.22391304347826,5.08945833333333,2.729,3.830625,NA,4.50954166666667,4.296375,3.297875,3.28625,4.22854166666667,2.26904166666667,3.35883333333333
2025-09-10,3.439625,2.834125,3.59666666666667,4.00154166666667,3.69991666666667,2.94573913043478,5.648625,NA,3.53975,2.88029166666667,3.85908333333333,2.66608333333333,2.678875,4.486125,3.61045833333333,4.79454166666667,3.14014285714286,5.430375,2.83208333333333,4.63158333333333,2.78695833333333,3.30395833333333,NA,3.39816666666667,3.98583333333333,3.136875,2.778125,3.53783333333333,2.08916666666667,3.13683333333333
2025-09-11,5.2015,2.47054166666667,3.81083333333333,4.07041666666667,4.896875,3.944625,3.06308333333333,NA,4.80745833333333,4.22075,5.74879166666667,2.64154166666667,3.545625,7.79879166666667,2.81654166666667,2.778125,3.60166666666667,2.908875,3.47579166666667,2.52058333333333,2.71333333333333,2.88325,NA,4.17058333333333,4.01433333333333,4.59816666666667,3.19566666666667,4.148,1.37891666666667,2.65129166666667
2025-09-12,4.84375,2.150125,3.74504166666667,3.90654545454545,4.67775,3.45920833333333,3.127,NA,3.75191666666667,2.94608333333333,5.205375,2.842875,2.57766666666667,5.856875,2.774125,2.877375,3.60570833333333,3.12016666666667,2.81058333333333,2.539375,2.81841666666667,3.07095833333333,4.1915,4.07045833333333,3.71558333333333,4.262875,2.18554166666667,3.87283333333333,1.918375,2.71425
2025-09-13,3.83945833333333,3.017875,3.40116666666667,4.16570833333333,3.725375,3.30583333333333,2.791875,NA,4.11754166666667,3.34520833333333,4.22079166666667,2.44108333333333,2.89104166666667,6.73545833333333,3.13970833333333,3.09158333333333,4.00945833333333,2.55804166666667,3.012125,2.517625,2.46645833333333,4.73458333333333,3.43170833333333,3.05033333333333,3.45908333333333,4.38975,2.86570833333333,3.15941666666667,1.26470833333333,2.83308333333333
2025-09-14,4.32791666666667,2.898,3.95929166666667,6.11145833333333,4.75741666666667,4.38970833333333,2.549125,NA,5.53654166666667,3.769625,5.86770833333333,3.10920833333333,4.25025,8.22329166666667,3.98183333333333,3.44733333333333,5.12391666666667,2.67495833333333,4.10679166666667,3.20458333333333,3.41683333333333,4.10775,3.87966666666667,3.99270833333333,4.265,6.10458333333333,3.51025,4.18041666666667,1.65783333333333,3.644875
2025-09-15,9.206,2.9325,6.258875,5.17391666666667,8.74520833333333,3.96325,2.51183333333333,NA,8.40804166666667,5.89125,7.725125,2.73591666666667,4.84379166666667,9.6405,3.953375,3.079875,2.02925,2.200375,4.51854166666667,2.152125,4.27979166666667,3.60070833333333,5.52291666666667,5.76345833333333,3.76275,7.84891666666667,5.12683333333333,6.42895833333333,1.51920833333333,3.02791666666667
2025-09-16,5.333125,2.8065,5.38329166666667,3.53770833333333,6.08195833333333,2.938375,3.44633333333333,NA,4.19716666666667,3.563125,6.03391666666667,2.719125,3.10929166666667,5.45018181818182,NA,3.190875,3.23208333333333,3.17616666666667,3.23316666666667,2.35766666666667,4.67670833333333,3.16141666666667,3.927,3.78533333333333,3.378625,3.86791666666667,2.98245833333333,3.690125,1.86904166666667,3.35795833333333
2025-09-17,4.21779166666667,1.53408333333333,3.0355,2.11379166666667,5.37541666666667,1.51795652173913,4.58920833333333,NA,1.41608333333333,2.89316666666667,5.14345833333333,1.52716666666667,1.23829166666667,6.711,1.136,2.03229166666667,5.59641666666667,4.53520833333333,1.40041666666667,3.186875,2.166875,1.65425,2.63766666666667,2.84983333333333,2.662125,1.45241666666667,2.36045833333333,3.14275,2.54025,1.39641666666667
2025-09-18,2.81258333333333,1.22841666666667,4.14304166666667,2.660125,6.188125,1.98504166666667,6.22554166666667,NA,2.82525,2.8675,4.30229166666667,2.62583333333333,1.599875,7.41454166666667,2.193375,2.29854166666667,6.77095833333333,6.10558333333333,1.59983333333333,4.30820833333333,3.373625,2.22092857142857,3.278375,2.641625,2.77716666666667,2.72104166666667,2.044125,3.2685,3.11904166666667,2.19045833333333
2025-09-19,5.130875,4.21775,3.162375,6.05641666666667,2.94029166666667,5.43820833333333,4.01633333333333,NA,5.47866666666667,5.51191666666667,7.60225,2.28870833333333,4.759375,5.90016666666667,4.14816666666667,4.60495833333333,4.69045833333333,3.91520833333333,5.46479166666667,1.742375,1.85341666666667,4.376875,5.397,5.76458333333333,6.10941666666667,4.74058333333333,4.82316666666667,4.89879166666667,1.457375,3.53970833333333
2025-09-20,6.40933333333333,3.94366666666667,2.272,6.66566666666667,1.40825,5.207375,3.54375,NA,5.12683333333333,5.1995,6.50058333333333,1.36991666666667,4.79566666666667,6.76883333333333,2.991375,3.189875,4.14604166666667,3.54758333333333,5.63870833333333,3.20075,1.65879166666667,4.61383333333333,6.53304166666667,7.29858333333333,5.09341666666667,1.54970833333333,6.18320833333333,7.57508333333333,2.74570833333333,2.899875
2025-09-21,2.66020833333333,3.48066666666667,4.08020833333333,2.55016666666667,2.214125,2.25625,2.36045833333333,NA,2.114875,1.97145833333333,3.063125,2.74858333333333,2.07758333333333,3.34708333333333,3.58991666666667,4.180375,3.35595833333333,2.09704166666667,2.75554166666667,3.18895833333333,2.77908333333333,2.780125,2.68866666666667,2.948125,3.93283333333333,2.36145833333333,2.55208333333333,3.17133333333333,1.41908333333333,3.61741666666667
2025-09-22,3.901375,4.173625,5.2555,4.484125,3.50125,5.893375,3.90041666666667,NA,3.28720833333333,3.35783333333333,4.52413043478261,2.309375,3.61933333333333,3.772625,4.13908333333333,4.37991666666667,3.457125,3.64883333333333,4.35925,3.05525,4.22458333333333,4.05666666666667,5.176875,4.1775,5.71145833333333,2.12654166666667,3.87979166666667,3.811875,1.79941666666667,6.30020833333333
2025-09-23,2.909875,4.858625,5.74204166666667,6.62241666666667,4.767125,5.99254166666667,4.50866666666667,NA,4.46433333333333,3.65279166666667,4.92729166666667,2.33583333333333,4.66395833333333,4.72591666666667,4.98233333333333,5.4325,4.76029166666667,4.53029166666667,5.209375,4.32008333333333,3.66454166666667,5.68691666666667,6.01029166666667,3.403125,6.4465,2.76825,4.056625,2.75445833333333,2.51383333333333,7.73691666666667
2025-09-24,2.41358333333333,2.94920833333333,4.216875,6.94866666666667,3.93975,8.47395833333333,4.21770833333333,NA,5.79208333333333,3.006125,5.48641666666667,4.47816666666667,4.48216666666667,5.42266666666667,5.84033333333333,5.54441666666667,6.08091666666667,4.07333333333333,5.04525,4.01141666666667,5.856,4.509625,2.791,2.72208333333333,4.92141666666667,3.63008333333333,2.351625,2.43516666666667,1.99004166666667,5.49725
2025-09-25,3.89058333333333,3.94758333333333,3.83058333333333,5.552375,3.75291666666667,4.36208333333333,2.98545833333333,NA,4.11070833333333,2.90291666666667,5.64966666666667,4.005375,3.57908333333333,5.81870833333333,6.05345833333333,6.33358333333333,6.48779166666667,2.71133333333333,4.502875,4.01045833333333,4.93320833333333,3.87670833333333,3.70679166666667,4.11075,5.112125,2.92354166666667,3.11708333333333,3.46108333333333,1.71583333333333,4.40058333333333
2025-09-26,6.81895833333333,4.90958333333333,5.22104166666667,8.234125,6.989,5.99058333333333,3.61633333333333,NA,5.63679166666667,6.01325,9.004625,5.5425,5.69279166666667,6.32279166666667,8.13975,7.42241666666667,6.174375,3.48958333333333,5.90895833333333,4.9145,6.34154166666667,6.08308333333333,6.87504166666667,8.17320833333333,5.78920833333333,3.87275,4.34158333333333,6.41508333333333,2.93041666666667,6.60870833333333
2025-09-27,6.31491666666667,7.51275,9.14704166666667,12.2081666666667,10.3360416666667,13.2635833333333,5.747875,NA,8.84929166666667,9.1795,13.5025416666667,9.842875,12.527625,6.37091666666667,12.46275,10.3989166666667,6.10745833333333,5.917875,10.3243333333333,9.20995833333333,9.78783333333333,11.0574166666667,9.12354166666667,9.6995,10.229,3.981875,8.19283333333333,10.15925,6.49683333333333,10.55425
2025-09-28,6.077125,9.86841666666667,8.37075,7.29575,7.10016666666667,7.19445833333333,3.64195833333333,NA,3.73033333333333,8.53783333333333,8.279375,3.16241666666667,6.476,3.50916666666667,7.21508333333333,6.889875,6.94183333333333,3.27129166666667,7.23775,6.424,3.66445833333333,7.03329166666667,9.88220833333333,7.79883333333333,13.0081666666667,3.233125,6.27070833333333,5.84516666666667,1.89858333333333,6.471125
2025-09-29,6.40133333333333,6.32570833333333,6.19491666666667,9.81529166666667,7.51770833333333,6.77875,3.30679166666667,NA,6.51533333333333,6.530125,6.88191666666667,4.27,5.95229166666667,5.338125,4.28158333333333,5.67220833333333,7.22870833333333,3.263625,7.96391666666667,3.971125,7.05783333333333,7.8655,9.98433333333333,8.28125,10.447125,4.51554166666667,4.61191666666667,5.01220833333333,1.967375,6.87695833333333
2025-09-30,6.5045,5.533625,7.3625,9.293625,7.63479166666667,7.01941666666667,5.14158333333333,NA,7.39191666666667,7.08920833333333,7.75066666666667,5.18191666666667,6.600875,5.737,6.16645833333333,8.528,4.81129166666667,3.458125,7.08725,7.36745833333333,6.06929166666667,8.61545833333333,9.98833333333333,7.30558333333333,10.010875,5.1475,4.755375,4.70416666666667,3.00704166666667,6.302125
2025-10-01,8.00620833333333,6.94375,6.10070833333333,9.16370833333333,6.02208333333333,7.60620833333333,2.99017391304348,NA,8.406125,7.85570833333333,12.2750416666667,4.93704166666667,7.26125,9.25816666666667,9.15204166666667,10.1327083333333,3.79533333333333,1.78954166666667,8.16841666666667,4.96466666666667,4.61970833333333,7.33404166666667,9.70133333333333,10.6889166666667,9.48416666666667,5.31933333333333,9.5775,7.77620833333333,0.499083333333333,6.381625
2025-10-02,8.16041666666667,10.351,8.83458333333333,13.0345416666667,8.88566666666667,10.6230833333333,2.84195833333333,NA,12.312375,10.857,14.2905,7.17866666666667,10.4000416666667,11.2607916666667,9.22375,10.9797916666667,4.73858333333333,3.04747826086957,11.214625,8.62125,7.19533333333333,10.0914583333333,10.7980833333333,10.789125,13.3903333333333,7.4774347826087,12.2847916666667,8.294,2.64741666666667,9.11358333333333
2025-10-03,5.28508333333333,3.9495,4.00158333333333,3.45133333333333,5.38429166666667,2.9255,3.39920833333333,NA,4.17054166666667,3.183125,3.95541666666667,2.05025,2.46754166666667,5.60241666666667,2.76429166666667,5.38816666666667,3.64195833333333,3.37275,3.071875,3.64,2.426375,3.48766666666667,4.037,4.952875,5.00095833333333,NA,3.929875,5.54654166666667,1.40925,2.576625
2025-10-04,5.95229166666667,3.60741666666667,7.57270833333333,5.011875,9.12645833333333,3.74995833333333,7.25141666666667,NA,6.16641666666667,5.72908333333333,6.685375,4.02616666666667,4.03795833333333,7.61795833333333,4.39170833333333,4.44579166666667,6.12020833333333,7.00775,4.170625,4.71008333333333,6.75116666666667,4.36133333333333,4.83883333333333,4.93916666666667,4.60795833333333,NA,3.730375,4.97158333333333,4.05966666666667,4.53816666666667
2025-10-05,4.34941666666667,7.18458333333333,8.853125,5.95516666666667,9.50875,5.95533333333333,8.926,NA,5.29583333333333,4.42229166666667,6.2755,5.342,5.05216666666667,6.16070833333333,7.42445833333333,7.19245833333333,6.88779166666667,8.52308333333333,6.083875,7.20033333333333,7.72404166666667,7.40658333333333,4.51254166666667,4.83791666666667,8.53683333333333,NA,5.70475,4.93329166666667,5.94733333333333,6.96154166666667
2025-10-06,5.50416666666667,4.02029166666667,6.50045833333333,5.92970833333333,7.97958333333333,4.72875,3.35491666666667,NA,5.73808333333333,5.21320833333333,6.52033333333333,4.47625,4.70720833333333,5.975875,4.47720833333333,4.57154166666667,6.594,3.62316666666667,5.31841666666667,2.65916666666667,4.07429166666667,4.84866666666667,5.68791666666667,6.062375,4.74941666666667,4.2712,3.79516666666667,5.10420833333333,1.66375,4.96370833333333
2025-10-07,4.3465,2.90295833333333,3.57308333333333,4.06345833333333,4.713,2.97179166666667,4.54895833333333,NA,4.39858333333333,4.10575,6.20183333333333,1.97029166666667,3.81691666666667,6.53895833333333,3.43166666666667,4.368125,4.263,4.22170833333333,4.200125,2.77904166666667,1.97329166666667,2.47445833333333,5.72333333333333,6.31279166666667,5.848125,3.30483333333333,3.183875,5.29970833333333,2.107875,2.74875
2025-10-08,4.75429166666667,4.26591666666667,6.064375,6.76895833333333,6.16558333333333,5.44033333333333,5.56904166666667,NA,4.282625,4.54,6.01133333333333,4.169625,4.80054166666667,7.30254166666667,4.62754166666667,4.96958333333333,7.754625,5.45304166666667,6.16654166666667,4.90275,4.84766666666667,5.74983333333333,5.621125,6.03675,5.5425,3.37854166666667,3.83941666666667,4.66679166666667,2.78518181818182,5.15716666666667
2025-10-09,7.16975,5.351875,5.855,7.14229166666667,6.21954166666667,5.44020833333333,4.00358333333333,NA,5.82641666666667,6.48291666666667,7.48233333333333,4.124375,5.96791666666667,7.27952173913043,4.27583333333333,4.79670833333333,4.84383333333333,3.54766666666667,6.71,2.878375,5.18670833333333,6.73058333333333,7.75954166666667,7.743625,6.105625,4.396625,6.425,6.388625,2.31920833333333,5.67108333333333
2025-10-10,10.3794166666667,4.28170833333333,4.08316666666667,8.046375,3.934875,9.05765217391304,2.83320833333333,NA,4.82504166666667,4.32983333333333,7.172875,3.71370833333333,6.37483333333333,NA,4.39570833333333,4.68058333333333,5.79495833333333,2.24945833333333,11.2166666666667,2.02354166666667,3.4915,7.26720833333333,11.9260416666667,9.53125,5.05404166666667,3.19470833333333,5.95920833333333,7.25241666666667,1.20383333333333,4.94404166666667
2025-10-11,11.5508333333333,9.34954166666667,8.407125,13.3166666666667,6.35416666666667,11.8592916666667,2.69958333333333,NA,9.698375,9.34845833333333,15.58375,7.2445,13.2046666666667,NA,10.1690833333333,9.69741666666667,7.057875,1.87991666666667,14.712125,4.677625,5.97783333333333,10.7390416666667,14.842875,14.1795416666667,12.7035,4.87629166666667,8.62808333333333,11.4652916666667,1.38075,9.96166666666667
2025-10-12,10.8815833333333,10.15825,15.97,22.6799166666667,16.766875,19.2434166666667,3.13395833333333,NA,20.2134166666667,17.708375,22.5020416666667,18.7402083333333,20.44625,NA,14.5735,14.8132916666667,4.68466666666667,3.25675,19.9155833333333,8.47304166666667,22.6887916666667,19.4400833333333,14.4930416666667,11.8239583333333,12.85675,15.1996666666667,16.2374166666667,10.1082083333333,1.71583333333333,19.16975
2025-10-13,1.75020833333333,3.06608333333333,10.5742173913043,11.0908333333333,14.1287391304348,8.78241666666667,7.150125,NA,12.1030833333333,5.52491666666667,7.97566666666667,8.4385,9.65154166666667,NA,11.5468333333333,10.8117916666667,11.4427083333333,7.66216666666667,8.46804166666667,9.78083333333333,11.3355833333333,7.12670833333333,3.69491666666667,3.23108333333333,3.75791666666667,8.575125,8.983,2.83116666666667,6.08004166666667,10.7047083333333
2025-10-14,2.938375,5.62804166666667,12.1551666666667,11.3432916666667,12.3015833333333,10.8589166666667,7.19729166666667,NA,6.61070833333333,4.03795833333333,4.38383333333333,14.915625,10.367625,NA,13.4827083333333,11.54875,11.5167692307692,7.75154166666667,11.0525,6.79545833333333,13.6782173913043,16.9714166666667,2.73983333333333,2.92954166666667,6.94391666666667,3.75425,2.73775,2.08733333333333,4.34745833333333,16.877
2025-10-15,2.71420833333333,2.71625,11.6992083333333,9.54408333333333,13.5829166666667,6.107625,13.4425416666667,NA,11.823875,2.38795833333333,4.595125,19.8075,5.13366666666667,NA,7.60620833333333,6.56645833333333,NA,13.2252916666667,5.11491666666667,3.87983333333333,17.2445,12.3527916666667,2.35854166666667,2.3055,3.02479166666667,16.8121666666667,1.888875,2.05391666666667,6.38070833333333,14.4868333333333
2025-10-16,2.94129166666667,5.09245833333333,9.68458333333333,7.03916666666667,12.8135,7.127625,7.35754166666667,NA,5.47270833333333,3.8375,5.24675,11.9016666666667,4.53320833333333,8.7193,7.95004166666667,9.02620833333333,9.311625,7.40366666666667,6.198,6.18525,12.5827083333333,6.0525,3.83258333333333,3.82666666666667,6.491875,8.54858333333333,4.51945833333333,3.87383333333333,9.41725,8.34329166666667
2025-10-17,2.59925,16.2657083333333,19.8232083333333,14.395625,19.6415,15.4875,6.90929166666667,NA,8.28616666666667,6.96341666666667,5.62895833333333,11.8259166666667,8.858125,7.12070833333333,21.094875,18.168375,8.223375,10.0639166666667,14.2356666666667,7.16204166666667,15.4039166666667,13.5701666666667,5.27904166666667,6.03870833333333,17.324125,4.74845833333333,11.0357083333333,6.39841666666667,6.38566666666667,13.5122083333333
2025-10-18,4.52629166666667,11.5006666666667,15.5994583333333,9.76416666666667,15.4677916666667,10.50425,8.6745,NA,6.73945833333333,9.95975,6.19983333333333,10.7812083333333,9.37316666666667,8.19491666666667,17.6445833333333,15.762625,9.239375,8.85016666666667,9.943,14.644375,13.0475,13.8523333333333,10.0904583333333,9.03416666666667,11.7767083333333,6.68833333333333,12.181625,8.862,8.982125,12.5069166666667
2025-10-19,10.5582083333333,7.70445833333333,6.96633333333333,6.65679166666667,7.88404166666667,6.899625,10.0414166666667,NA,5.47370833333333,5.88841666666667,7.76541666666667,5.84708333333333,6.13220833333333,10.264375,8.66158333333333,9.072375,6.26575,10.746875,7.02829166666667,9.611875,7.30929166666667,7.16,7.480375,8.65466666666667,10.1199166666667,5.42945833333333,7.80170833333333,8.69016666666667,8.22525,6.98508333333333
2025-10-20,5.09545833333333,6.09670833333333,7.061625,6.87216666666667,5.13470833333333,5.2005,7.04195833333333,NA,3.44925,4.77695833333333,5.18866666666667,4.10875,4.443875,7.66125,6.707,5.92966666666667,7.3655,6.67558333333333,7.35354166666667,7.614,5.18275,6.14595833333333,5.546375,5.791125,7.577625,2.676875,3.18891666666667,5.196625,2.27895833333333,4.66383333333333
2025-10-21,3.10533333333333,4.30420833333333,3.521125,3.407125,4.27091666666667,3.09641666666667,3.37766666666667,2.11146666666667,3.0975,2.558,3.44741666666667,2.05679166666667,2.42141666666667,4.87529166666667,2.93733333333333,3.24883333333333,3.39533333333333,3.54366666666667,3.93183333333333,3.06208333333333,2.76733333333333,3.00604166666667,2.48820833333333,3.218375,5.40304166666667,2.5925,3.884625,3.62616666666667,1.081,2.93345833333333
2025-10-22,3.17408333333333,4.57941666666667,4.79166666666667,5.21133333333333,4.7485,5.86875,3.249875,3.67141666666667,4.29533333333333,4.15583333333333,5.07475,4.1295,3.65866666666667,5.32233333333333,5.89133333333333,5.60633333333333,5.22408333333333,3.004125,5.21233333333333,3.73233333333333,4.315,4.89679166666667,4.22966666666667,4.76125,5.4795,3.56334782608696,4.13629166666667,5.17095833333333,1.49575,5.13075
2025-10-23,1.798375,2.62083333333333,3.91116666666667,4.34354166666667,3.37070833333333,2.97070833333333,4.41333333333333,3.03075,2.33304166666667,1.869,2.25633333333333,3.70875,2.82633333333333,3.117125,3.68129166666667,3.89841666666667,3.18683333333333,3.88179166666667,2.88620833333333,3.13375,4.01445833333333,3.6115,1.72166666666667,1.97320833333333,3.01204166666667,2.863625,2.162,2.05383333333333,1.85829166666667,3.18004166666667
2025-10-24,3.82275,3.00220833333333,3.33133333333333,4.04779166666667,3.88866666666667,3.18983333333333,3.84141666666667,3.58291666666667,4.93220833333333,3.01404166666667,4.41716666666667,2.52075,4.07529166666667,5.74691666666667,2.77420833333333,2.99729166666667,4.719,3.08370833333333,4.03108333333333,2.08333333333333,2.78204166666667,3.276375,3.51425,3.451375,3.54275,3.690125,2.73383333333333,3.46116666666667,1.32958333333333,2.97566666666667
2025-10-25,2.20820833333333,1.63720833333333,2.61104166666667,2.933375,2.43720833333333,2.33791666666667,2.43516666666667,2.69458333333333,2.73883333333333,2.24166666666667,3.29404166666667,2.564875,2.35566666666667,4.50366666666667,3.10245833333333,1.43375,3.56141666666667,1.69904166666667,2.81454166666667,1.273625,3.31266666666667,2.9315,2.71625,2.78995833333333,1.77483333333333,3.56433333333333,1.683375,1.96733333333333,0.783125,2.410625
2025-10-26,1.83775,2.04595833333333,4.26979166666667,2.62291666666667,5.42554166666667,2.71029166666667,3.73816666666667,2.07829166666667,1.98008333333333,1.882875,2.31820833333333,2.54516666666667,2.27504166666667,3.779625,2.57083333333333,2.43225,4.64620833333333,3.391375,2.91975,2.19141666666667,4.24825,3.124,2.04804166666667,2.06458333333333,3.2115,2.80666666666667,1.77679166666667,2.043125,1.85525,3.05229166666667
2025-10-27,4.50283333333333,3.697875,5.52283333333333,5.858875,6.10470833333333,5.60629166666667,2.89,5.18183333333333,5.69875,4.52345833333333,6.62945833333333,4.65704166666667,5.173125,5.47175,4.0025,4.12833333333333,5.69666666666667,2.66629166666667,5.4875,2.68579166666667,6.77775,5.97204166666667,4.634375,4.61,4.67579166666667,6.201875,4.28075,4.75829166666667,1.23145833333333,5.72429166666667
2025-10-28,4.6325,4.99608333333333,7.343875,6.10478260869565,9.22866666666667,5.171125,6.51245833333333,4.99995833333333,5.931625,4.52629166666667,5.23979166666667,5.46465217391304,5.00295833333333,6.4455,4.96266666666667,5.358625,6.92616666666667,6.26475,5.11208333333333,4.52154166666667,5.82741666666667,5.17983333333333,4.441875,4.36325,6.525125,6.36170833333333,4.28758333333333,4.50275,3.45025,5.12970833333333
2025-10-29,2.11470833333333,3.95745833333333,4.07816666666667,4.32583333333333,5.49145833333333,4.54991666666667,3.01672727272727,3.06504166666667,3.33925,2.96,3.730375,3.29195833333333,3.1545,4.93808333333333,3.669375,4.09695833333333,5.35879166666667,3.52308333333333,4.01541666666667,4.08316666666667,3.15245833333333,3.762875,3.7265,3.53575,6.28345833333333,3.19430434782609,2.72504166666667,3.200625,1.52716666666667,3.94358333333333
2025-10-30,4.12645833333333,5.610375,4.046875,5.47083333333333,4.11566666666667,4.55875,NA,4.18629166666667,4.45973913043478,4.1735,5.81666666666667,3.60158333333333,4.25408333333333,7.26429166666667,4.33875,4.752375,7.59245833333333,3.57404166666667,4.12241666666667,4.40358333333333,3.58891666666667,4.18254166666667,4.66591666666667,4.58045833333333,6.26183333333333,4.64125,3.61533333333333,4.33483333333333,2.59929166666667,3.91308333333333
2025-10-31,5.04329166666667,3.55545833333333,4.95383333333333,5.8265,4.395625,4.61475,NA,4.41233333333333,7.57079166666667,3.90433333333333,6.59108333333333,4.94608333333333,4.51858333333333,15.9011666666667,6.33454166666667,6.684375,9.266875,5.25458333333333,3.93079166666667,5.34308333333333,4.55683333333333,5.06679166666667,4.67379166666667,4.780875,4.45645833333333,10.3155,3.54858333333333,5.80583333333333,3.41795833333333,4.869375
2025-11-01,5.29679166666667,3.4375,6.60595833333333,5.23591666666667,6.333625,4.697375,NA,3.95445833333333,5.16908333333333,4.80941666666667,6.268625,3.34308333333333,3.80695833333333,7.987375,4.3455,4.99025,5.33020833333333,3.91116666666667,4.43016666666667,4.3505,4.11754166666667,4.376125,6.01816666666667,4.81820833333333,4.865375,4.59416666666667,3.12395833333333,5.35870833333333,2.44995833333333,4.267875
2025-11-02,3.390375,4.10566666666667,5.13270833333333,4.642375,5.03241666666667,5.86091666666667,NA,3.65183333333333,6.79745833333333,3.51020833333333,4.366125,4.13629166666667,3.55541666666667,6.75125,4.751375,4.53133333333333,5.431375,4.26791666666667,3.940625,5.14058333333333,3.962375,4.06745833333333,4.70133333333333,4.202,5.66045833333333,4.78183333333333,3.19870833333333,3.813875,2.440125,4.654
2025-11-03,6.448625,3.17508333333333,1.81316666666667,4.43891666666667,4.52633333333333,3.62520833333333,NA,3.918125,5.6545,5.1445,8.3795,1.32383333333333,3.56425,13.3697083333333,2.21983333333333,2.98141666666667,1.87004166666667,1.51633333333333,3.74108333333333,1.58320833333333,1.09179166666667,2.29570833333333,5.36170833333333,5.363625,4.10279166666667,7.31754166666667,3.977,5.59154166666667,0.442208333333333,1.723625
2025-11-04,5.53558333333333,3.59570833333333,2.403625,5.12975,2.56104166666667,4.068375,NA,4.15491666666667,5.15529166666667,4.74545833333333,7.17479166666667,1.69908333333333,4.07533333333333,11.7384166666667,3.38241666666667,5.67129166666667,6.85345833333333,4.19016666666667,4.423125,2.80070833333333,1.68929166666667,3.56825,5.452125,5.191875,4.777875,1.574375,3.9485,6.00233333333333,1.479,3.40416666666667
2025-11-05,6.781625,6.63225,7.781875,8.09554166666667,11.4829166666667,10.4225,NA,7.01841666666667,14.5155833333333,8.14175,9.02225,6.573,7.07441666666667,13.9427083333333,11.4485833333333,13.6547916666667,5.29779166666667,21.9007083333333,8.72658333333333,13.6302083333333,8.74904166666667,9.0665,6.399375,5.63004166666667,8.41104166666667,8.303875,6.30704166666667,5.98670833333333,1.46229166666667,7.423375
2025-11-06,4.72483333333333,12.7181666666667,13.11525,11.9144166666667,16.9606666666667,11.1930833333333,NA,8.79625,10.7577083333333,7.080375,10.4727083333333,13.3677916666667,8.97320833333333,11.7522083333333,20.9846666666667,22.8027916666667,8.31958333333333,10.78425,8.931875,27.8775,14.767125,15.8294583333333,7.358625,7.03720833333333,15.44525,8.80404545454545,7.89220833333333,5.27020833333333,8.75104166666667,12.949125
2025-11-07,4.508625,14.2523333333333,11.29425,9.47725,13.5112916666667,9.28658333333333,NA,6.88191666666667,7.18545833333333,7.46758333333333,8.36675,7.43320833333333,7.70158333333333,9.04095833333333,13.0346666666667,13.1634166666667,5.74804166666667,7.67491666666667,8.83458333333333,17.848,10.1267916666667,11.09375,8.14866666666667,7.63958333333333,16.2078333333333,6.13233333333333,9.33866666666667,7.27883333333333,5.90804166666667,10.5936666666667
2025-11-08,5.89041666666667,8.733375,11.2971666666667,14.1883333333333,12.616,12.109,NA,9.14016666666667,9.02529166666667,9.54704166666667,13.8965833333333,5.719375,9.6305,8.99870833333333,19.9027916666667,14.0379583333333,7.79091666666667,8.17616666666667,14.13525,9.091125,7.26620833333333,8.26058333333333,16.3246666666667,12.71425,12.8125833333333,NA,5.729125,7.11591666666667,5.11016666666667,10.124875
2025-11-09,6.91529166666667,10.4952916666667,7.21708333333333,8.46916666666667,9.76804166666667,11.1469583333333,NA,6.15583333333333,7.00279166666667,9.26595833333333,16.819125,5.66441666666667,6.61358333333333,8.76675,10.61025,14.1048333333333,10.0030833333333,5.95033333333333,7.17770833333333,12.2475416666667,6.55370833333333,8.23991666666667,10.95125,10.0473333333333,15.1425833333333,NA,7.81045833333333,10.1474583333333,3.44933333333333,7.39479166666667
2025-11-10,4.51654166666667,3.5535,4.23445833333333,3.9455,4.34754166666667,3.461125,2.3805,2.57079166666667,4.148125,2.89608333333333,5.22604166666667,3.94466666666667,2.54820833333333,5.421625,3.629125,4.43408333333333,6.09570833333333,3.69991666666667,3.07395833333333,5.132625,3.4925,4.20404166666667,3.72241666666667,4.01929166666667,4.19329166666667,2.96633333333333,2.76625,4.72883333333333,1.48983333333333,3.90625
2025-11-11,5.708625,4.39370833333333,3.43458333333333,4.81825,3.48854166666667,4.20891666666667,2.84104166666667,3.94354166666667,5.53754166666667,4.42020833333333,6.725625,2.906875,3.64783333333333,14.0724166666667,4.34158333333333,6.54091666666667,7.055875,2.81841666666667,3.84820833333333,4.566625,3.04929166666667,4.23341666666667,4.98433333333333,5.24083333333333,5.64375,7.98058333333333,4.13045833333333,5.72829166666667,1.432875,3.69008333333333
2025-11-12,5.73020833333333,4.07529166666667,5.72708333333333,6.04266666666667,5.9385,4.83204166666667,3.37854166666667,5.69775,7.80083333333333,6.02795833333333,8.46804166666667,5.18566666666667,5.39220833333333,12.0135833333333,4.57454166666667,6.20875,6.825,3.22133333333333,5.40875,5.72033333333333,4.366125,4.511625,6.77283333333333,5.85869565217391,4.87625,5.22595833333333,5.18483333333333,6.41808333333333,2.02841666666667,3.98004166666667
2025-11-13,7.31529166666667,5.914,4.00658333333333,9.02920833333333,4.75725,7.23070833333333,2.786875,5.66925,5.71533333333333,7.241625,9.04683333333333,6.59695833333333,5.49233333333333,11.2450416666667,7.99629166666667,7.38408333333333,3.32154166666667,2.864625,5.95025,3.72354166666667,5.10916666666667,6.708,8.156375,8.55754166666667,7.85179166666667,6.34145833333333,6.486875,7.51579166666667,2.253375,6.231375
2025-11-14,10.3636666666667,5.49329166666667,1.46425,3.39416666666667,1.201875,2.217,2.43316666666667,1.52716666666667,0.966083333333333,13.8031666666667,12.2965833333333,2.56195833333333,1.49575,11.594,4.08704166666667,4.18729166666667,3.89641666666667,2.39779166666667,2.449875,4.752375,1.43579166666667,1.615625,15.2634583333333,14.9195,5.84116666666667,0.834333333333333,1.78258333333333,12.1119166666667,2.16591666666667,1.585125
2025-11-15,6.1085,4.75929166666667,2.19633333333333,3.206625,1.74433333333333,2.55908333333333,4.4585,3.64479166666667,2.730875,5.82758333333333,7.63270833333333,3.31666666666667,3.43754166666667,7.70733333333333,4.30629166666667,3.78333333333333,6.82679166666667,4.45070833333333,2.60904166666667,7.300625,1.5605,1.36304166666667,10.935625,14.96075,5.61225,1.880875,7.27791666666667,14.0526666666667,3.832625,1.47004166666667
2025-11-16,2.85183333333333,5.4285,6.025,4.53816666666667,5.24166666666667,4.32983333333333,4.86054166666667,4.23645833333333,3.479875,3.03858333333333,4.00345833333333,4.29145833333333,3.80804166666667,4.68170833333333,5.68891666666667,6.853375,4.80345833333333,4.72975,4.38675,4.06358333333333,4.58133333333333,4.31904166666667,3.498625,3.72258333333333,4.21591666666667,2.74470833333333,3.43166666666667,3.10829166666667,3.038625,4.1225
2025-11-17,5.84916666666667,5.11,8.16041666666667,7.84683333333333,5.11995833333333,6.441625,6.30404166666667,7.16791666666667,5.85979166666667,5.84320833333333,6.50486956521739,5.51208333333333,6.36729166666667,8.468,5.51016666666667,7.17966666666667,6.55766666666667,5.09341666666667,6.49175,4.81920833333333,4.96558333333333,8.51425,6.285375,5.59758333333333,6.115375,3.39133333333333,4.666875,4.71308333333333,3.021875,8.56625
2025-11-18,6.11820833333333,6.53204166666667,5.32816666666667,5.436375,4.11566666666667,5.98770833333333,3.7235,5.9975,4.910625,6.12425,8.08479166666667,1.809125,6.30016666666667,5.47170833333333,4.464375,5.11104166666667,3.401125,3.61245833333333,6.50458333333333,3.72545833333333,3.05420833333333,4.60508333333333,7.62975,7.85483333333333,8.10645833333333,2.31241666666667,5.73416666666667,6.81704166666667,1.25891666666667,3.04054166666667
2025-11-19,2.3534347826087,3.08966666666667,3.06720833333333,3.40220833333333,1.656,2.30045833333333,2.90291666666667,3.18004166666667,2.11875,2.58954166666667,2.6985,2.76529166666667,2.37433333333333,3.10925,2.778125,3.62041666666667,3.00904166666667,2.08729166666667,2.69845833333333,2.528625,2.27095833333333,3.54758333333333,3.52591666666667,3.25283333333333,2.481375,1.855,2.80945833333333,2.60120833333333,1.21658333333333,2.83416666666667
2025-11-20,3.63108333333333,2.77033333333333,4.77795833333333,4.8697619047619,2.34466666666667,3.88166666666667,3.181,4.85858333333333,3.783375,3.67013043478261,4.777875,2.8743,3.70079166666667,3.32241666666667,3.39925,3.37266666666667,3.99283333333333,2.62675,3.63804166666667,2.33291666666667,2.9305,5.12095833333333,3.813,3.40508333333333,2.62375,2.4705,2.610125,2.45479166666667,1.10354166666667,4.042875
2025-11-21,10.30375,5.35583333333333,8.89041666666667,15.2928333333333,7.19741666666667,9.64333333333333,4.76329166666667,9.32691666666667,6.586125,10.8845416666667,12.4834166666667,NA,9.21583333333333,6.68141666666667,5.365625,6.06129166666667,8.21341666666667,4.665875,7.29258333333333,4.243375,4.4035,8.928875,10.9119583333333,9.60791666666667,7.282875,2.009625,7.45670833333333,6.18025,1.98808333333333,7.420375
2025-11-22,6.02208333333333,5.87175,10.399,6.42979166666667,6.03675,5.7725,4.03691666666667,3.73433333333333,4.76720833333333,5.90425,9.708125,NA,4.60408333333333,7.93545833333333,9.28570833333333,6.816,10.856875,4.01033333333333,3.8345,4.8595,7.615875,6.80329166666667,4.06058333333333,5.59754166666667,7.41541666666667,2.48029166666667,4.03308333333333,5.287,1.23220833333333,8.16133333333333
2025-11-23,4.32979166666667,3.00216666666667,5.41670833333333,3.58004166666667,7.41066666666667,4.06645833333333,2.47345833333333,3.07979166666667,4.38875,4.1165,5.33133333333333,NA,3.05516666666667,6.20979166666667,4.09791666666667,4.722875,4.56954166666667,2.50395833333333,3.3,5.287875,4.296375,4.08220833333333,3.55345833333333,3.57208333333333,4.51845833333333,3.67141666666667,3.230125,3.759875,1.97833333333333,4.14904166666667
2025-11-24,3.562375,4.11408695652174,3.62516666666667,4.4035,2.520625,3.39820833333333,2.01854166666667,3.81283333333333,2.03129166666667,3.03070833333333,3.583,NA,3.12195833333333,4.335625,3.77458333333333,4.27575,2.58054166666667,1.41016666666667,3.83945833333333,3.60658333333333,2.729875,3.6255652173913,4.0645,3.967125,5.386125,2.46075,3.306875,3.77454166666667,0.965,2.79452173913044
2025-11-25,4.87620833333333,3.84533333333333,6.14295833333333,5.46020833333333,5.44720833333333,4.87329166666667,6.04270833333333,5.50225,2.97858333333333,4.33770833333333,3.81175,7.9537,4.40841666666667,5.435375,5.11208333333333,4.13420833333333,7.49116666666667,5.67320833333333,4.088,2.89016666666667,8.37658333333333,6.846625,4.56379166666667,4.70625,4.53033333333333,1.74829166666667,3.31570833333333,3.91420833333333,1.624375,5.95125
2025-11-26,8.466875,5.93554166666667,8.38929166666667,9.50675,10.3322916666667,11.2874166666667,3.63908333333333,8.47926086956522,5.91095833333333,6.7925,7.88825,3.708875,9.41620833333333,5.15720833333333,6.78566666666667,7.31141666666667,4.79283333333333,3.61925,11.163625,4.69041666666667,6.25979166666667,10.95725,9.39079166666667,9.666875,8.759875,1.70895833333333,7.72704166666667,8.3275,1.46625,7.68570833333333
2025-11-27,3.26458333333333,3.20554166666667,3.79325,2.91766666666667,6.82295833333333,2.55691666666667,4.8605,2.03929166666667,3.90633333333333,1.60091666666667,2.93929166666667,2.61104166666667,1.73054166666667,6.73054166666667,2.28379166666667,2.57075,5.94054166666667,4.436,2.40990909090909,1.88979166666667,2.27983333333333,3.17316666666667,1.7845,1.79645833333333,4.93325,4.17745833333333,1.24716666666667,2.28670833333333,2.07545833333333,2.43016666666667
2025-11-28,7.42241666666667,6.23720833333333,7.84108333333333,8.88079166666667,11.2393333333333,7.55608333333333,6.89875,7.51479166666667,9.39379166666667,7.070625,10.78525,6.71279166666667,6.96841666666667,11.8456666666667,6.94966666666667,7.48920833333333,6.87416666666667,6.404375,7.29875,6.28741666666667,6.5075,7.84,8.07391666666667,6.89758333333333,8.800125,7.73879166666667,6.05258333333333,6.932,3.74904166666667,7.86870833333333
2025-11-29,4.84283333333333,3.20470833333333,5.58375,3.73808333333333,4.64920833333333,3.733375,3.08870833333333,3.23308333333333,2.83316666666667,3.296875,5.0265,2.86554166666667,3.004125,6.193,3.767625,4.04875,4.76908333333333,2.48620833333333,3.561375,4.21483333333333,3.49645833333333,3.83654166666667,4.03308333333333,4.51270833333333,4.16679166666667,2.19054166666667,3.14970833333333,5.41858333333333,2.1275,4.14808333333333
2025-11-30,2.82629166666667,2.57375,4.09595833333333,4.03195833333333,3.48858333333333,4.01920833333333,3.01395833333333,2.92558333333333,3.529875,3.395375,4.47529166666667,4.721,2.98175,5.13358333333333,3.98783333333333,3.12995833333333,6.28841666666667,2.54916666666667,3.52604166666667,3.00208333333333,3.2135,3.70675,3.72645833333333,3.682125,3.291125,3.05725,2.81254166666667,3.01895833333333,1.12233333333333,3.904375
2025-12-01,5.99654166666667,1.61854166666667,1.76991666666667,1.99411111111111,1.97633333333333,1.59883333333333,3.02191666666667,1.64995833333333,3.73333333333333,2.22291666666667,5.27425,0.935625,1.538,9.500875,1.3915,1.85929166666667,4.229625,3.02779166666667,1.49666666666667,2.18558333333333,1.08491666666667,1.71379166666667,3.57708333333333,4.34454166666667,2.168875,4.62070833333333,2.26216666666667,5.91295833333333,0.775375,1.36395833333333
2025-12-02,3.62616666666667,4.5215,4.32495833333333,NA,5.228,5.56616666666667,5.07758333333333,3.85216666666667,6.20783333333333,3.39029166666667,5.31645833333333,4.31016666666667,3.39529166666667,7.33595833333333,4.98129166666667,5.918875,7.53929166666667,4.99808333333333,4.467375,5.37154166666667,4.65120833333333,4.78575,4.14320833333333,3.72245833333333,4.923375,2.71720833333333,3.02579166666667,4.26695833333333,2.72129166666667,4.59908333333333
2025-12-03,2.83240909090909,6.37683333333333,5.62891666666667,NA,6.251,7.82141666666667,3.78829166666667,4.34066666666667,5.72433333333333,4.63833333333333,7.89104166666667,5.06391666666667,4.12245833333333,6.12529166666667,9.45645833333333,10.0089583333333,8.65366666666667,3.71854166666667,5.37345833333333,13.7087916666667,4.33366666666667,7.95904166666667,3.40016666666667,3.08079166666667,8.73629166666667,3.42775,4.25316666666667,2.948125,2.40170833333333,7.28983333333333
2025-12-04,4.998125,6.88291666666667,5.273125,7.55572727272727,6.54779166666667,5.31754166666667,5.19458333333333,4.8055,5.626,4.04179166666667,6.332625,5.06791666666667,5.46391666666667,7.32991666666667,6.41804166666667,6.18325,9.19716666666667,5.68404166666667,5.97004166666667,10.6466666666667,5.55029166666667,5.69870833333333,5.019625,5.0905,6.78845833333333,3.93675,4.07033333333333,5.05808333333333,4.44779166666667,5.19058333333333
2025-12-05,5.85795833333333,3.61245833333333,3.48266666666667,5.444125,3.82175,4.90075,2.91458333333333,4.27283333333333,6.35225,5.48745833333333,10.857875,3.90629166666667,3.977,10.2488333333333,4.6865,5.09425,8.39529166666667,2.85770833333333,4.07329166666667,4.42416666666667,3.355875,4.61479166666667,4.56758333333333,4.85366666666667,4.99016666666667,6.5075,3.97695833333333,5.736125,1.74629166666667,4.28945833333333
2025-12-06,11.49175,4.26975,4.7405,7.12654166666667,6.01216666666667,5.13570833333333,4.851625,6.38375,9.94404166666667,7.31329166666667,10.81575,3.43158333333333,6.55375,15.851125,3.53975,4.1255,7.14920833333333,4.847625,5.91979166666667,6.08795833333333,3.33533333333333,4.29933333333333,7.53141666666667,7.162,5.48845833333333,9.99225,5.89225,7.10695833333333,1.48479166666667,3.7235
2025-12-07,5.9985,4.90170833333333,5.5415,4.45470833333333,6.47308333333333,4.61883333333333,4.12445833333333,3.44141666666667,4.44295833333333,4.01433333333333,6.300125,3.582875,3.52204166666667,9.655125,4.82216666666667,4.39958333333333,6.90354166666667,4.11666666666667,4.322875,4.61383333333333,4.46245833333333,4.59804166666667,4.882125,5.21616666666667,5.86375,3.24991666666667,3.7235,5.52183333333333,1.37583333333333,4.01145833333333
2025-12-08,5.22508333333333,4.6315,7.34575,5.729,8.942625,5.89141666666667,7.05579166666667,4.96275,5.66525,5.7675,8.28625,6.50845833333333,4.666875,11.4663333333333,6.18625,6.25591666666667,11.195,7.07158333333333,5.12579166666667,6.325625,6.67366666666667,6.54766666666667,5.83345833333333,5.421625,6.88179166666667,8.71170833333333,4.77591666666667,5.506125,3.85025,6.484
2025-12-09,7.36941666666667,3.18495833333333,3.68025,3.942625,5.506125,3.399125,3.74508333333333,3.674375,6.1715,5.70179166666667,9.38295833333333,3.1515,3.494625,17.282875,3.11133333333333,3.71854166666667,7.93145833333333,3.83641666666667,3.63691666666667,4.29933333333333,3.42666666666667,3.42770833333333,5.83345833333333,5.71445833333333,4.38091666666667,8.69390909090909,3.95154166666667,6.7385,1.770875,3.43754166666667
2025-12-10,10.348,6.3905,8.44245833333333,8.65866666666667,12.57575,7.613125,9.73266666666667,8.10733333333333,10.5551666666667,8.16041666666667,12.37725,7.397875,7.44595833333333,13.943625,6.62733333333333,6.999875,10.174,9.50670833333333,7.738875,7.28383333333333,7.23666666666667,7.71820833333333,8.71854166666667,8.69891666666667,8.68329166666667,10.2250833333333,7.55016666666667,8.605625,5.27316666666667,7.50295833333333
2025-12-11,6.714875,7.38508333333333,6.247125,7.49608333333333,6.57233333333333,7.70741666666667,7.90195833333333,6.6235,6.94483333333333,6.20575,8.175125,5.39704166666667,5.93958333333333,11.2609166666667,6.62145833333333,6.884875,8.62820833333333,8.01791666666667,6.73358333333333,7.39783333333333,5.57491666666667,6.980125,7.625875,7.48629166666667,8.73825,7.579625,6.53108333333333,7.54620833333333,5.79604166666667,6.41520833333333
2025-12-12,4.26491666666667,6.58708333333333,6.37091666666667,6.38166666666667,5.32620833333333,8.437625,4.81629166666667,6.57433333333333,7.60033333333333,5.13470833333333,7.56291666666667,4.26679166666667,6.80133333333333,10.230875,6.98504166666667,7.9885,8.573125,4.63833333333333,8.30983333333333,6.06516666666667,4.55991666666667,5.92583333333333,6.0535,7.06658333333333,8.573125,3.85325,7.21016666666667,6.69920833333333,2.279875,5.99458333333333
2025-12-13,5.986625,5.84416666666667,4.93916666666667,5.98075,5.63283333333333,6.684375,4.98733333333333,4.94004166666667,7.36245833333333,7.51283333333333,11.4849583333333,3.671375,5.09529166666667,8.48758333333333,4.21975,4.90079166666667,6.46920833333333,4.758125,5.38029166666667,4.35925,3.80704166666667,6.51725,7.731875,7.6435,8.26066666666667,4.13029166666667,6.193125,6.69033333333333,2.623875,4.40166666666667
2025-12-14,6.26479166666667,3.39233333333333,3.81679166666667,4.80354166666667,3.69295833333333,4.11658333333333,1.51825,4.423125,5.511125,4.637375,6.814125,3.18979166666667,5.17791666666667,9.20991666666667,3.54658333333333,3.56525,1.80416666666667,1.29616666666667,4.43008333333333,1.78358333333333,2.803625,3.82383333333333,5.61316666666667,6.52125,4.186375,6.196,4.7455,6.52725,0.160208333333333,3.79129166666667
2025-12-15,8.81579166666667,7.04708333333333,5.11395833333333,6.65879166666667,3.94354166666667,6.77870833333333,6.26191666666667,6.65295833333333,6.60970833333333,8.64291666666667,11.5889583333333,3.16625,6.58904166666667,7.79191666666667,4.56366666666667,5.99754166666667,9.79470833333333,6.7305,7.41845833333333,4.08229166666667,3.48558333333333,5.632875,10.0039166666667,9.52145833333333,8.402125,2.22821739130435,7.91675,9.33475,1.90354166666667,4.38491666666667
2025-12-16,7.43220833333333,8.38641666666667,13.5594166666667,10.3735,10.75575,10.73125,8.245875,8.37470833333333,7.68875,6.67054166666667,7.45091666666667,6.28641666666667,7.88129166666667,8.19870833333333,7.25916666666667,12.0960833333333,12.3419166666667,8.6725,8.91516666666667,10.036375,6.24795833333333,12.141375,8.75004166666667,8.033625,12.0509583333333,3.515125,7.32604166666667,6.80925,3.11225,10.3901666666667
2025-12-17,7.10595833333333,5.13666666666667,3.65079166666667,5.13270833333333,4.07925,4.75525,3.23025,4.34754166666667,12.0715833333333,6.50254166666667,9.36808333333333,2.32516666666667,4.46633333333333,7.46458333333333,4.22958333333333,7.32978260869565,5.705625,3.16625,4.6865,4.28470833333333,2.63858333333333,4.51945833333333,8.84820833333333,8.264625,7.30345833333333,2.68779166666667,7.04995833333333,8.3815,0.970875,3.37658333333333
2025-12-18,6.49283333333333,2.42729166666667,5.834375,4.69154166666667,7.63770833333333,4.47433333333333,5.27136363636364,2.14429166666667,4.964625,2.222875,4.44383333333333,5.27908333333333,2.14525,7.803625,5.6595,5.66633333333333,6.353125,4.85266666666667,2.23266666666667,5.32041666666667,5.67908333333333,4.77304166666667,2.51175,3.95841666666667,3.48079166666667,6.12625,1.60175,5.67416666666667,3.08858333333333,4.78091666666667
2025-12-19,5.568125,4.04979166666667,5.858875,6.62241666666667,8.376625,5.84720833333333,6.52620833333333,5.213375,6.91333333333333,5.9395,8.68129166666667,5.385375,5.53954166666667,9.32204166666667,4.02320833333333,4.36220833333333,7.26225,5.51491666666667,5.13166666666667,3.66941666666667,5.35079166666667,5.00495833333333,6.45433333333333,5.77058333333333,5.434375,5.2555,4.30729166666667,5.12879166666667,2.93233333333333,4.73083333333333
2025-12-20,5.235875,8.464,5.78233333333333,7.06366666666667,6.51054166666667,7.54141666666667,4.16179166666667,6.00925,5.367625,6.85633333333333,8.32941666666667,6.96454166666667,5.996625,8.178,9.32,8.52995833333333,7.62391666666667,3.69308333333333,6.174375,7.43520833333333,6.52329166666667,7.67883333333333,7.810625,7.66216666666667,8.48479166666667,5.23791666666667,5.98966666666667,6.17633333333333,2.89308333333333,7.40279166666667
2025-12-21,8.091625,16.3287083333333,8.08283333333333,12.0017916666667,8.94858333333333,14.3632083333333,5.55033333333333,11.2391666666667,6.385625,9.889,6.48783333333333,11.3239166666667,11.6835,5.63866666666667,14.6394583333333,13.0385,9.23941666666667,5.13279166666667,10.58875,9.64420833333333,7.66025,9.05083333333333,13.4710416666667,12.8774583333333,17.2661666666667,3.81570833333333,13.8139583333333,12.2534583333333,5.00595833333333,8.00420833333333
2025-12-22,9.31804166666667,18.848375,15.2978333333333,23.3944583333333,16.57625,21.008375,10.1159583333333,20.4726666666667,7.93925,12.515875,7.41254166666667,18.3304583333333,20.81675,5.0285,21.6127916666667,19.8525833333333,12.7276,9.43204166666667,20.3282916666667,17.219,15.6064583333333,17.9992916666667,18.022875,13.2352083333333,21.4152916666667,3.36375,14.2335416666667,12.6611666666667,7.98054166666667,17.46175
2025-12-23,14.8801666666667,13.6802916666667,12.7791666666667,17.9698333333333,14.33775,14.9224583333333,12.5482916666667,16.5458333333333,17.158125,17.4686666666667,19.0350416666667,17.1069166666667,16.6284166666667,12.8784583333333,16.41625,15.045375,16.6853333333333,11.4544166666667,15.6299583333333,11.49275,14.1244166666667,14.3770416666667,18.8484166666667,17.3832083333333,15.6604583333333,12.9669166666667,16.051625,16.3739583333333,8.57720833333333,14.1765833333333
2025-12-24,7.297625,4.78679166666667,4.93220833333333,6.73058333333333,5.45595833333333,5.78725,7.8185,6.31883333333333,6.56054166666667,6.97920833333333,8.79825,6.676625,6.04070833333333,9.63154166666667,6.38758333333333,6.03375,7.88533333333333,6.77883333333333,5.94245833333333,4.82708333333333,6.07208333333333,5.98275,8.41195833333333,8.41691666666667,5.56120833333333,5.782375,6.61754166666667,7.35175,4.26595833333333,6.472
2025-12-25,8.320625,4.8605,3.258625,5.630875,2.896,5.01470833333333,5.39708333333333,5.75379166666667,4.90979166666667,5.69579166666667,8.51404166666667,5.26833333333333,5.38725,6.20391666666667,5.02075,5.43916666666667,3.3265,3.34029166666667,5.50516666666667,2.951125,4.09704166666667,4.90070833333333,7.956,8.24879166666667,5.78125,3.20558333333333,5.73416666666667,7.07166666666667,1.66279166666667,4.70620833333333
2025-12-26,17.0087916666667,5.16904166666667,4.43308333333333,7.29945833333333,3.745125,6.31008333333333,3.794125,7.35845833333333,8.26070833333333,11.4760833333333,15.3765,7.44004166666667,6.97716666666667,14.4772916666667,7.27608333333333,6.96341666666667,5.38133333333333,3.38641666666667,7.32016666666667,3.15654166666667,5.80975,5.45504166666667,14.418375,13.8757916666667,6.40625,5.97970833333333,8.527875,11.69525,1.393625,6.995
2025-12-27,8.64,4.114625,3.15633333333333,3.867,3.42579166666667,4.766125,2.87833333333333,3.932875,4.31404166666667,5.553375,8.82179166666667,6.18420833333333,3.46008333333333,9.83108333333333,4.98625,4.56175,3.96033333333333,2.58941666666667,3.89941666666667,4.45945833333333,3.42766666666667,3.31666666666667,6.97325,7.11579166666667,5.30279166666667,3.67341666666667,4.06445833333333,5.78420833333333,2.426375,4.18633333333333
2025-12-28,8.06704166666667,9.778875,9.03216666666667,8.327625,9.27583333333333,8.81779166666667,10.2045416666667,8.191875,6.75620833333333,8.16929166666667,9.18629166666667,10.6034166666667,7.52758333333333,8.02966666666667,9.993125,9.696375,10.1465833333333,9.132375,8.246875,9.86245833333333,10.0473333333333,10.6919583333333,10.0000416666667,11.4407916666667,11.2854166666667,5.64370833333333,8.80325,10.8560833333333,7.21220833333333,9.654125
2025-12-29,6.17345833333333,6.841625,8.77066666666667,7.625875,7.30158333333333,7.86966666666667,9.19429166666667,6.52316666666667,5.91,5.906125,8.751,10.012875,5.93358333333333,9.26991666666667,7.66708333333333,8.59570833333333,7.23370833333333,7.90783333333333,6.56641666666667,5.93654166666667,8.05920833333333,7.89625,6.37570833333333,6.72858333333333,6.84958333333333,6.43779166666667,5.166125,5.85404166666667,4.93041666666667,8.98483333333333
2025-12-30,5.46683333333333,4.5175,8.30383333333333,7.41358333333333,6.48591666666667,6.62241666666667,12.0675416666667,8.239,6.540875,4.92133333333333,7.242625,9.05070833333333,7.69458333333333,5.632875,6.14583333333333,6.77379166666667,14.8260833333333,10.804875,7.59733333333333,4.598125,7.749625,7.224,6.12820833333333,5.40195833333333,5.51795833333333,4.50279166666667,4.29633333333333,5.17691666666667,4.85654166666667,8.159375
2025-12-31,10.51,4.53029166666667,9.35441666666667,11.3109166666667,6.924125,7.18158333333333,5.35875,12.6080833333333,11.1607083333333,15.4108333333333,16.948875,4.59008333333333,13.3225833333333,12.48525,4.543125,3.75,17.1570416666667,3.68229166666667,7.5885,2.85383333333333,5.55920833333333,8.21641666666667,17.1699583333333,14.0615416666667,4.812375,3.81583333333333,9.05758333333333,9.30925,1.215625,10.5877916666667
