"date","EB","IMGM","PRES","BIRR","BLC2","BOTR","GHSR","LEAM","NPT3","REA1","SOUT","WREX","LEAR","PLYM","SHDG","SHE","BEL2","GLKP","LECU","SUN2","TRAN","STOK","BEX","SEND","HUL2","PEMB","WFEN","OSY","ACTH","COPP"
2022-01-01,9.84575,NA,9.72783333333333,12.043125,11.1655416666667,NA,9.54320833333333,10.5709583333333,12.821375,10,12.3860833333333,10.2230416666667,9.87220833333333,20.4610833333333,9.83883333333333,NA,10.248625,10.436375,9.64341666666667,9.296375,9.13720833333333,9.84483333333333,9.59520833333333,9.72879166666667,10.3852083333333,18.3079166666667,NA,NA,6.640125,NA
2022-01-02,10.6152083333333,NA,6.22341666666667,5.769375,8.56420833333333,NA,6.67354166666667,5.11308333333333,7.45775,4.08333333333333,5.95425,5.90716666666667,4.78183333333333,10.902125,5.37845833333333,NA,7.24558333333333,7.28520833333333,4.71991666666667,4.42016666666667,5.47866666666667,5.96120833333333,3.49845833333333,4.16570833333333,7.264,8.98875,NA,NA,4.09004166666667,NA
2022-01-03,8.17804166666667,NA,9.13520833333333,7.53445833333333,11.0427083333333,NA,3.187,7.836125,9.33270833333333,4.54166666666667,8.12704166666667,8.35204166666667,7.4655,10.804875,6.94230434782609,NA,6.132125,3.50054166666667,7.39875,4.46845833333333,8.00029166666667,7.11975,7.1305,8.67320833333333,7.17183333333333,10.0757083333333,NA,NA,2.282875,NA
2022-01-04,5.45408333333333,NA,4.70020833333333,6.10858333333333,4.88704166666667,NA,5.84516666666667,5.058,4.539125,5.625,5.92866666666667,4.47516666666667,4.34058333333333,5.8265,4.24720833333333,NA,5.0245,5.86125,4.59008333333333,4.202,4.804375,5.74891666666667,5.40491666666667,5.36158333333333,4.36708333333333,5.03829166666667,NA,NA,3.867875,NA
2022-01-05,6.730625,NA,9.06058333333333,9.354375,9.36425,NA,7.54320833333333,8.080875,8.93091666666667,6.95833333333333,7.99833333333333,9.74558333333333,7.4155,9.49,6.15758333333333,NA,8.42766666666667,7.44854166666667,7.88533333333333,5.30175,9.02325,10.3449166666667,6.7965,5.76470833333333,5.87758333333333,5.16904166666667,NA,NA,3.99854166666667,NA
2022-01-06,9.09195833333333,NA,6.52329166666667,8.70583333333333,8.2135,NA,3.15545833333333,7.29758333333333,5.89033333333333,8.21739130434782,9.38779166666667,5.24566666666667,7.017625,7.94029166666667,6.950625,NA,4.339625,3.28570833333333,7.98554166666667,5.75275,5.73316666666667,9.10291666666667,9.50475,8.073,8.96320833333333,4.915625,NA,NA,2.16975,NA
2022-01-07,4.34741666666667,NA,6.09083333333333,4.40541666666667,6.08579166666667,NA,2.75845833333333,3.79329166666667,5.90604166666667,4.83333333333333,3.98483333333333,3.60854166666667,3.72345833333333,6.64704166666667,4.45654166666667,NA,6.94775,2.62025,4.65220833333333,2.18266666666667,4.754375,8.0185652173913,4.41833333333333,4.63445833333333,5.18570833333333,3.24091666666667,NA,NA,1.26079166666667,NA
2022-01-08,6.65291666666667,NA,7.11975,6.08983333333333,8.972125,NA,5.9415,4.90779166666667,7.558,4.58333333333333,6.368875,5.66733333333333,4.62854166666667,9.312125,6.36691666666667,NA,5.82158333333333,5.63375,5.46491666666667,5.835375,7.38508333333333,7.59933333333333,5.066875,5.68995833333333,7.81645833333333,6.66875,NA,NA,2.7565,NA
2022-01-09,10.5022083333333,NA,9.31008333333333,8.69991666666667,10.6977083333333,NA,5.52383333333333,6.68520833333333,8.09266666666667,7.625,8.25670833333333,6.9665,7.4665,9.36025,7.51679166666667,NA,8.211625,5.46291666666667,7.21308333333333,5.53741666666667,7.78691666666667,7.65433333333333,8.48666666666667,7.56491666666667,7.66029166666667,6.28641666666667,NA,NA,2.26808333333333,NA
2022-01-10,15.3775,NA,8.20558333333333,12.9265416666667,8.18891666666667,NA,4.922375,10.463,7.92841666666667,21.6923076923077,12.5914583333333,6.988,9.81529166666667,6.51529166666667,10.1828333333333,NA,6.55127272727273,5.75445833333333,10.6436666666667,10.6624583333333,7.54420833333333,12.3055,15.2502608695652,14.384875,12.2140416666667,1.89866666666667,NA,NA,2.08729166666667,NA
2022-01-11,8.38541666666667,NA,10.629,14.8015833333333,10.1621666666667,NA,7.8235,9.48304166666667,6.3955,NA,6.40133333333333,10.6122916666667,8.03066666666667,7.57866666666667,NA,NA,10.4087916666667,8.337375,10.2457083333333,8.01991666666667,8.72058333333333,16.6530416666667,10.4285,13.0012083333333,13.1751666666667,6.34752173913043,NA,NA,4.99020833333333,NA
2022-01-12,13.132875,NA,10.4334583333333,20.3569166666667,8.16333333333333,NA,6.802375,12.7555416666667,10.1887083333333,NA,15.7115,8.93479166666667,12.0520416666667,11.002375,NA,NA,11.040625,7.01708333333333,18.671375,4.924375,11.80325,16.6382916666667,20.0905416666667,17.2199583333333,13.828625,6.989625,NA,NA,4.18629166666667,NA
2022-01-13,19.6935416666667,NA,8.350125,18.7077916666667,6.85254166666667,NA,3.6135,19.0773333333333,15.0394583333333,24.7333333333333,20.8117083333333,12.5658333333333,17.213125,13.3392916666667,7.39676923076923,NA,11.8445833333333,3.71308333333333,19.8949583333333,4.66395833333333,11.1782083333333,19.4193333333333,14.9017916666667,13.5985833333333,12.9835833333333,7.04495833333333,NA,NA,2.06566666666667,NA
2022-01-14,22.6199583333333,NA,9.15883333333333,29.9735833333333,7.39683333333333,NA,6.57925,25.6457083333333,16.4249166666667,30.625,30.6162916666667,17.0529166666667,23.7029473684211,10.9503333333333,22.1984166666667,NA,14.1156666666667,5.81754166666667,28.8277916666667,9.53233333333333,14.865375,23.5869583333333,29.0173333333333,22.5414166666667,16.07025,8.26554166666667,NA,NA,2.272,NA
2022-01-15,24.8084166666667,NA,19.33475,36.9194166666667,20.978875,NA,12.1542083333333,28.626375,26.7747916666667,33.3333333333333,27.3163333333333,22.1521666666667,29.1864166666667,8.84733333333333,30.8610416666667,NA,25.9768333333333,12.6464166666667,27.7270833333333,18.505375,24.205125,27.098125,31.938,28.5221666666667,23.669625,10.626875,NA,NA,7.53445833333333,NA
2022-01-16,11.2716666666667,NA,11.2432083333333,14.61475,9.076375,NA,7.331125,17.6965833333333,14.579375,20.9166666666667,12.7309583333333,9.3495,15.900125,7.52854166666667,12.9392916666667,NA,10.512,7.064,16.2481666666667,9.52641666666667,8.731375,12.509875,16.6863333333333,18.60675,17.6927916666667,7.05195833333333,NA,NA,4.89491666666667,NA
2022-01-17,15.6929583333333,NA,11.162625,18.6979583333333,10.1754347826087,NA,6.81695833333333,12.6033333333333,9.851625,15.0416666666667,12.9992083333333,13.8788333333333,12.0547916666667,11.825875,12.0215416666667,NA,18.3648333333333,6.71583333333333,12.020375,5.92979166666667,12.8941666666667,14.969625,15.47175,13.065125,9.372125,7.50883333333333,NA,NA,3.02575,NA
2022-01-18,19.729875,NA,13.2764166666667,23.8290869565217,14.9715,NA,7.90683333333333,16.8279583333333,18.9818695652174,27.5833333333333,19.2474583333333,13.9928333333333,16.2697083333333,12.835125,16.5095416666667,NA,16.929,8.2095,21.1950833333333,9.49595833333333,20.7194583333333,18.71575,21.4545416666667,18.03275,21.633375,10.1553333333333,NA,NA,4.892875,NA
2022-01-19,12.1118333333333,NA,8.15554166666667,12.726,9.151,NA,7.05966666666667,12.6141666666667,8.63020833333333,10.1666666666667,10.1975833333333,6.52416666666667,11.0859166666667,8.91504166666667,6.67066666666667,NA,6.95254166666667,6.234125,12.2642083333333,4.36539130434783,7.28160869565217,10.686,11.1832083333333,9.790625,9.99716666666667,5.39604166666667,NA,NA,2.83116666666667,NA
2022-01-20,10.111125,NA,10.5701666666667,10.7360833333333,7.15608333333333,NA,7.60125,9.17458333333333,7.811625,6.91666666666667,7.96483333333333,7.38404166666667,8.26558333333333,7.907875,6.63225,NA,9.032,7.24354166666667,7.34579166666667,4.939,8.60554166666667,14.103,7.83416666666667,6.67945833333333,7.09516666666667,6.20979166666667,NA,NA,3.08866666666667,NA
2022-01-21,9.82325,NA,6.75220833333333,9.86533333333333,4.10775,NA,2.27691666666667,12.6248333333333,12.7978333333333,11.875,10.5504583333333,3.86108333333333,11.2815416666667,8.94466666666667,5.43625,NA,6.522375,1.61620833333333,9.18145833333333,2.8145,3.67533333333333,10.0157916666667,12.8342916666667,11.8041666666667,6.66083333333333,5.93458333333333,NA,NA,0.94825,NA
2022-01-22,14.3740833333333,NA,4.103875,9.71504166666667,4.52141666666667,NA,4.47329166666667,8.67033333333333,15.0964166666667,10.0416666666667,11.1175,5.005875,8.12979166666667,9.59416666666667,5.930625,NA,8.32066666666667,4.02179166666667,7.11679166666667,1.903625,4.525375,6.95954166666667,15.6368333333333,16.445625,6.933,5.31345833333333,NA,NA,1.52225,NA
2022-01-23,20.7016666666667,NA,6.00929166666667,17.162125,5.37045833333333,NA,5.25641666666667,13.3225416666667,16.458375,16.625,20.9435,5.35770833333333,13.186,13.7775416666667,8.744125,NA,8.45625,5.19791666666667,13.2242916666667,7.01954166666667,6.872125,7.63954166666667,19.3633333333333,19.9077083333333,12.1197083333333,13.349,NA,NA,3.24004166666667,NA
2022-01-24,20.6172916666667,NA,24.661,29.4272083333333,25.4040416666667,NA,13.530875,23.1428333333333,23.4994583333333,18.9166666666667,19.3652083333333,28.7920454545455,22.2318333333333,18.8936086956522,27.0942916666667,NA,19.9608333333333,14.6845833333333,24.7662083333333,13.0406666666667,29.6325833333333,34.307375,22.3821666666667,22.4539583333333,30.8905,24.0902083333333,NA,NA,8.92691666666667,NA
2022-01-25,33.253,NA,37.0845,31.9064166666667,38.56925,NA,18.1820833333333,26.4702916666667,25.9926666666667,23.6666666666667,26.6097916666667,25.3626666666667,25.406875,25.2566666666667,28.3138333333333,NA,23.5654166666667,18.589,25.4747083333333,17.2387777777778,25.454125,28.1270833333333,28.37275,26.8996666666667,40.2802083333333,23.933625,NA,NA,12.9510416666667,NA
2022-01-26,18.6872083333333,NA,10.9916666666667,21.2892916666667,12.3644583333333,NA,5.03245833333333,22.79875,18.170375,18.875,20.10225,8.64291666666667,21.4202916666667,22.4136666666667,10.3499583333333,NA,10.3164583333333,3.79433333333333,18.6273333333333,6.60095833333333,8.60554166666667,11.8919583333333,20.538625,19.8930833333333,17.7486666666667,14.7397916666667,NA,NA,2.70841666666667,NA
2022-01-27,9.073375,NA,6.99970833333333,6.490875,8.10925,NA,5.25754166666667,5.8805,5.19570833333333,7.91666666666667,7.40670833333333,3.32741666666667,5.40191666666667,7.71225,4.10975,NA,7.29666666666667,4.43526666666667,5.58566666666667,3.44629166666667,5.20258333333333,5.23379166666667,7.822375,7.45779166666667,4.869375,2.97675,NA,NA,2.09225,NA
2022-01-28,6.98404166666667,NA,6.18525,8.970125,6.05645833333333,NA,7.52745833333333,9.06745833333333,6.82204166666667,9.125,11.1812916666667,3.33825,8.29216666666667,6.24220833333333,6.20379166666667,NA,6.90845833333333,7.27341666666667,10.0177083333333,4.49291666666667,3.58591666666667,5.51691666666667,7.948125,9.33675,10.0954583333333,2.60216666666667,NA,NA,3.623125,NA
2022-01-29,6.48191666666667,NA,9.52433333333333,5.71441666666667,11.5555833333333,NA,8.120125,4.43,4.91941666666667,3.79166666666667,4.16275,6.020125,3.68416666666667,6.96154166666667,6.73554166666667,NA,8.78845833333333,7.56825,4.941125,5.296875,8.12504166666667,7.34670833333333,3.828625,4.110625,5.72129166666667,5.58079166666667,NA,NA,3.6242380952381,NA
2022-01-30,8.66154166666667,NA,8.28320833333333,8.86204166666667,7.989375,NA,5.67216666666667,7.12175,5.978875,6.29166666666667,8.931875,9.67579166666667,6.77679166666667,8.95245833333333,6.917375,NA,8.54945833333333,5.78645833333333,8.67245833333333,5.796,7.02554166666667,8.59770833333333,9.26108333333333,8.79633333333333,7.50395833333333,6.39741666666667,NA,NA,3.55445833333333,NA
2022-01-31,5.29183333333333,NA,7.65241666666667,7.38521739130435,8.80216666666667,NA,5.118875,5.85891666666667,6.000375,4.79166666666667,6.11533333333333,6.49475,5.56020833333333,8.093625,5.68995833333333,NA,7.84779166666667,4.75141666666667,6.16954166666667,4.3435,8.685125,8.42579166666667,5.047125,5.09433333333333,5.65441666666667,6.31191666666667,NA,NA,2.41454166666667,NA
2022-02-01,6.842625,NA,7.36941666666667,3.82570833333333,9.28554166666667,NA,12.9470833333333,2.29075,3.59379166666667,3.95833333333333,5.45008333333333,1.14970833333333,2.17470833333333,6.54391666666667,4.07329166666667,NA,3.008125,11.72275,2.70833333333333,8.76479166666667,5.51104166666667,2.573625,4.20991666666667,3.83341666666667,6.95554166666667,3.70875,NA,NA,8.11720833333333,NA
2022-02-02,4.37791666666667,NA,8.11625,4.748625,8.96425,NA,3.43858333333333,3.22916666666667,4.58920833333333,4.91666666666667,4.74654166666667,3.57891666666667,3.37258333333333,5.37241666666667,5.02258333333333,NA,8.16829166666667,2.77708333333333,3.754,2.74658333333333,6.24304166666667,3.90425,5.699625,4.77691666666667,5.30858333333333,4.57841666666667,NA,NA,1.278625,NA
2022-02-03,2.68908695652174,NA,4.71495833333333,5.179875,6.999875,NA,5.00383333333333,3.90733333333333,3.233125,3.79166666666667,3.8945,3.62325,3.78833333333333,3.42975,4.38975,NA,5.01091666666667,4.45358333333333,4.67929166666667,4.09691666666667,3.461125,3.11025,4.47329166666667,4.661125,6.38470833333333,3.70704347826087,NA,NA,2.362375,NA
2022-02-04,3.97895833333333,NA,5.0905,7.55504166666667,5.67316666666667,NA,4.5145,3.35395833333333,3.67729166666667,3.66666666666667,4.498875,2.330125,3.24979166666667,6.25695833333333,3.516125,NA,4.94782608695652,3.514125,3.30091666666667,3.6105,4.74854166666667,3.72354166666667,3.85216666666667,3.86308333333333,4.07133333333333,3.61641666666667,NA,NA,2.25625,NA
2022-02-05,6.84745833333333,NA,7.62383333333333,5.26233333333333,10.5032083333333,NA,4.87733333333333,4.601,6.689375,3.33333333333333,6.442625,4.43891666666667,4.50766666666667,8.420875,4.20995833333333,NA,4.88404166666667,4.10675,4.2355,2.720125,4.81133333333333,5.15716666666667,4.89775,4.96754166666667,5.26441666666667,7.8195,NA,NA,1.72058333333333,NA
2022-02-06,7.507875,NA,5.54754166666667,3.643875,7.85391666666667,NA,3.144625,3.33629166666667,4.148,2,4.715125,4.30916666666667,3.03758333333333,8.50345833333333,3.35791666666667,NA,5.51308333333333,2.62079166666667,2.84391666666667,2.20416666666667,6.770875,4.93708333333333,2.95608333333333,3.26358333333333,2.0185,6.58804166666667,NA,NA,1.26375,NA
2022-02-07,6.157625,NA,6.11241666666667,8.20754166666667,7.56875,NA,4.93316666666667,5.618125,6.09091666666667,5.5,7.37908333333333,4.56266666666667,5.03245833333333,6.83170833333333,5.19566666666667,NA,7.0205,4.74158333333333,6.06316666666667,4.35833333333333,5.45304166666667,5.41870833333333,6.55270833333333,5.79578260869565,6.130125,6.06820833333333,NA,NA,2.780125,NA
2022-02-08,3.38829166666667,NA,4.36320833333333,4.71216666666667,7.77808333333333,NA,5.91679166666667,3.86991666666667,4.266875,NA,3.18695833333333,2.46558333333333,3.5505,3.524,2.64741666666667,NA,4.76220833333333,5.39416666666667,3.93770833333333,2.66216666666667,3.77745833333333,3.500375,2.70054166666667,2.97370833333333,4.14804166666667,6.01516666666667,NA,NA,2.89275,NA
2022-02-09,4.84679166666667,NA,5.07831818181818,7.105125,5.79872727272727,NA,4.55383333333333,3.10241666666667,3.64879166666667,4.72727272727273,4.05075,2.91979166666667,3.28725,3.96716666666667,4.16770833333333,NA,6.57729166666667,3.89254166666667,4.84966666666667,3.47295833333333,4.11954166666667,5.590625,3.84825,4.08904166666667,4.71595833333333,3.23916666666667,NA,NA,2.1255,NA
2022-02-10,4.203,NA,6.67454166666667,6.54679166666667,7.196375,NA,5.20154166666667,4.57554166666667,4.86841666666667,6.04166666666667,4.793625,4.23641666666667,4.56370833333333,6.15570833333333,5.275125,NA,5.683125,4.28945833333333,5.51695833333333,3.85516666666667,5.852,5.65745833333333,5.13366666666667,5.01083333333333,5.66041666666667,4.25408333333333,NA,NA,1.75704166666667,NA
2022-02-11,6.42391666666667,NA,6.70795833333333,9.48704166666667,6.10941666666667,NA,6.60579166666667,6.144875,6.29829166666667,7.16666666666667,9.8157,7.12958333333333,5.87166666666667,5.162125,8.68016666666667,NA,6.92120833333333,6.63041666666667,7.3035,7.60025,5.71145833333333,7.30941666666667,8.07783333333333,6.53995833333333,7.7025,4.729875,NA,NA,3.08366666666667,NA
2022-02-12,7.75641666666667,NA,4.230625,6.3375,5.16791666666667,NA,4.18029166666667,5.25554166666667,5.23779166666667,9,8.79029166666667,3.24204166666667,5.0335,6.83075,5.69083333333333,NA,5.5985,3.79720833333333,5.7085,4.2865,3.08683333333333,5.057,7.44895833333333,7.77216666666667,6.73941666666667,4.26883333333333,NA,NA,1.016125,NA
2022-02-13,10.180875,NA,3.69204166666667,3.47383333333333,3.51420833333333,NA,4.39275,2.68266666666667,3.93391666666667,4.875,7.521625,2.15995833333333,2.63858333333333,9.31525,2.502875,NA,4.23254166666667,4.30329166666667,3.23504166666667,4.95379166666667,2.28370833333333,3.05129166666667,8.05825,9.04479166666667,4.501875,2.79383333333333,NA,NA,2.11191666666667,NA
2022-02-14,4.07329166666667,NA,3.89445833333333,2.10928571428571,4.90958333333333,NA,3.30775,1.73445833333333,2.26708333333333,4.91666666666667,3.53575,2.70441666666667,1.593,5.08941666666667,2.16975,NA,4.28370833333333,1.95558333333333,2.54229166666667,1.80808333333333,4.83691666666667,4.13725,2.28379166666667,2.53729166666667,2.68483333333333,2.79,NA,NA,0.83625,NA
2022-02-15,6.98808333333333,NA,8.534875,9.077375,8.29015,NA,4.18925,4.30816666666667,5.94054166666667,4.5,7.333,6.86708333333333,4.20104166666667,9.483125,7.073625,NA,7.17966666666667,3.56525,5.67220833333333,5.15333333333333,7.13358333333333,7.39591666666667,4.44183333333333,4.66883333333333,7.49657142857143,6.98516666666667,NA,NA,2.21504166666667,NA
2022-02-16,10.1033333333333,NA,9.37352173913044,5.03441666666667,12.8204583333333,NA,6.003375,4.30233333333333,7.289875,4.70833333333333,6.59480952380952,5.33404166666667,4.067375,11.2383333333333,5.461875,NA,8.26058333333333,5.35479166666667,5.06491666666667,5.98079166666667,7.24258333333333,5.69775,4.052625,4.11654166666667,7.12275,10.685,NA,NA,2.81216666666667,NA
2022-02-17,13.8669166666667,NA,6.10954166666667,5.65558333333333,7.15904166666667,NA,4.95675,5.15341666666667,9.37795833333333,9.41666666666667,12.5865833333333,4.42620833333333,4.77595833333333,15.080625,4.58541666666667,NA,5.29679166666667,3.96229166666667,4.896875,3.49645833333333,6.38666666666667,4.58141666666667,9.088125,8.14575,4.55583333333333,7.56091666666667,NA,NA,2.25729166666667,NA
2022-02-18,9.69933333333333,NA,4.74454166666667,4.94004166666667,6.56941666666667,NA,2.33495833333333,4.51166666666667,6.135,4.91666666666667,8.23108333333333,4.01529166666667,4.20504166666667,10.564,4.22554166666667,NA,3.17708333333333,1.71583333333333,4.36425,2.197375,6.09391666666667,4.54704166666667,5.931625,6.57920833333333,4.34170833333333,6.7945,NA,NA,1.36836363636364,NA
2022-02-19,8.372625,NA,4.92733333333333,4.57070833333333,5.023625,NA,3.52691666666667,3.7785,7.43125,5.79166666666667,7.42141666666667,3.921,4.17066666666667,10.8079583333333,5.561125,NA,6.74525,3.281375,5.57291666666667,5.051125,4.39945833333333,5.23791666666667,5.61725,5.05995833333333,6.74625,8.512125,NA,NA,1.697,NA
2022-02-20,16.9143333333333,NA,7.42833333333333,4.33675,13.9505416666667,NA,8.71266666666667,4.923375,10.1347916666667,6.79166666666667,14.4064583333333,4.74645833333333,4.53920833333333,19.4290833333333,3.70583333333333,NA,5.51095833333333,8.05629166666667,4.12829166666667,3.04158333333333,6.74045833333333,5.16125,8.105375,7.901875,4.89879166666667,13.3520416666667,NA,NA,4.539125,NA
2022-02-21,7.44016666666667,NA,14.1431666666667,8.82170833333333,16.726625,NA,7.52945833333333,7.808625,9.83116666666667,8.125,11.160625,9.81629166666667,7.19733333333333,16.2706666666667,9.2915,NA,12.7682916666667,6.31095833333333,8.57620833333333,4.27183333333333,14.4978333333333,11.2480416666667,7.46458333333333,6.99795833333333,6.085875,12.5777083333333,NA,NA,2.97108333333333,NA
2022-02-22,10.7705833333333,NA,7.62183333333333,8.05320833333333,9.80541666666667,NA,6.79741666666667,6.9115,9.05175,7.45833333333333,11.37,5.46491666666667,6.64478260869565,14.3357916666667,6.26079166666667,NA,8.05625,6.21945833333333,7.15316666666667,5.73316666666667,6.99779166666667,7.53254166666667,7.90095833333333,7.36345833333333,7.933375,9.34645833333333,NA,NA,3.65654166666667,NA
2022-02-23,8.770625,NA,5.26333333333333,5.20925,8.93375,NA,6.10854166666667,4.30421739130435,5.43636363636364,4.41666666666667,8.775625,3.72158333333333,3.87479166666667,8.54370833333333,3.585,NA,6.57429166666667,5.64479166666667,5.06604347826087,4.53020833333333,4.299375,3.813875,8.15258333333333,8.15454166666667,4.61579166666667,7.336,NA,NA,3.34315,NA
2022-02-24,5.29195833333333,NA,5.690875,3.5545,6.61458333333333,NA,3.585875,2.71820833333333,3.95833333333333,3.75,4.80354166666667,2.93933333333333,2.67391666666667,6.368875,3.11520833333333,NA,4.94108333333333,2.92854166666667,2.89016666666667,4.09308333333333,4.45175,3.23895833333333,3.2665,3.53483333333333,3.59379166666667,4.40154166666667,NA,NA,1.73729166666667,NA
2022-02-25,10.6554583333333,NA,9.07229166666667,9.84075,10.270375,NA,6.48095833333333,7.61690476190476,9.59908333333333,10.375,11.55575,6.93695833333333,6.83675,11.4220833333333,7.30745833333333,NA,7.41058333333333,5.92658333333333,7.989375,5.03829166666667,9.64333333333333,8.57604166666667,9.956875,9.88995833333333,6.21870833333333,7.86458333333333,NA,NA,4.48120833333333,NA
2022-02-26,10.6899583333333,NA,7.164,9.13033333333333,7.64745833333333,NA,6.03879166666667,7.99333333333333,9.77108333333333,15.625,13.818875,8.02866666666667,7.93533333333333,9.86245833333333,9.38195833333333,NA,7.331,5.77441666666667,8.01308333333333,9.32791666666667,7.49908333333333,8.97404166666667,11.930125,9.026125,10.0237083333333,7.906875,NA,NA,4.08720833333333,NA
2022-02-27,8.43854166666667,NA,8.41983333333333,8.80704166666667,9.20904166666667,NA,8.99866666666667,7.73591666666667,9.4675,9.45833333333333,12.4429583333333,11.4622916666667,7.366375,8.65179166666667,9.11758333333333,NA,11.8897916666667,8.720625,7.07933333333333,10.2604166666667,10.1680833333333,9.41045833333333,8.19583333333333,7.102,8.56625,10.035375,NA,NA,5.93558333333333,NA
2022-02-28,11.8996666666667,NA,9.09504166666667,9.75929166666667,9.611875,NA,4.936125,8.43070833333333,5.07670833333333,9.625,10.9267916666667,8.10245833333333,8.00016666666667,7.53145833333333,9.37108333333333,NA,7.3476,4.58033333333333,10.1760416666667,10.8628333333333,8.14958333333333,8.93091666666667,11.66275,12.23475,11.8052916666667,3.42958333333333,NA,NA,2.85870833333333,NA
2022-03-01,16.1419583333333,NA,7.05295833333333,7.33791666666667,5.711625,NA,8.27241666666667,7.32616666666667,6.71879166666667,5.75,5.046125,8.15545833333333,6.70895833333333,3.74608333333333,7.7585,NA,10.9215652173913,8.134,6.84554166666667,6.66870833333333,7.00183333333333,7.72116666666667,10.4718333333333,13.65675,7.39775,5.48841666666667,NA,NA,4.33466666666667,NA
2022-03-02,24.2739166666667,NA,10.6717391304348,18.2382083333333,11.3816666666667,NA,6.54983333333333,18.9309166666667,14.728,20.375,26.2619166666667,16.1635416666667,18.2469583333333,8.77270833333333,21.19125,NA,7.79283333333333,7.09516666666667,17.1759166666667,22.460875,14.854625,8.7335,28.8916666666667,29.7967083333333,33.83075,5.02354166666667,NA,NA,7.835,NA
2022-03-03,21.6265416666667,NA,22.3231666666667,26.31,24.9834166666667,NA,7.54716666666667,24.3287916666667,16.557625,20.625,18.0494583333333,22.443125,23.4936666666667,5.01775,46.4004583333333,NA,6.990125,6.62745833333333,34.3759583333333,43.0416666666667,25.6575416666667,5.5896,25.67625,32.2436666666667,38.6312083333333,3.89545833333333,NA,NA,10.4402916666667,NA
2022-03-04,9.20608333333333,NA,4.66208333333333,4.95875,3.49058333333333,NA,4.72383333333333,5.73516666666667,3.02195833333333,7.625,4.99320833333333,4.09891666666667,3.83058333333333,5.63879166666667,6.60875,NA,5.43320833333333,3.00125,7.780125,6.90641666666667,3.92795833333333,8.315625,20.0945,26.3227916666667,24.7779166666667,3.504375,NA,NA,1.494625,NA
2022-03-05,6.652,NA,4.093875,6.92420833333333,3.21645833333333,NA,5.79408333333333,4.72191666666667,3.14758333333333,8.125,8.460125,4.41429166666667,4.39566666666667,4.118625,4.73270833333333,NA,6.66866666666667,4.37308333333333,4.11354166666667,5.19945833333333,3.64091666666667,7.41845833333333,9.04475,11.9831666666667,5.92666666666667,2.86845833333333,NA,NA,2.521625,NA
2022-03-06,7.47454166666667,NA,5.72033333333333,6.15275,4.996,NA,9.47041666666667,6.91833333333333,5.66533333333333,8.20833333333333,9.711125,7.78691666666667,6.02591666666667,7.592375,5.92275,NA,21.3365,8.37475,6.18029166666667,7.63570833333333,5.82941666666667,5.91204166666667,6.13595833333333,5.69195833333333,7.26033333333333,4.8545,NA,NA,3.935875,NA
2022-03-07,11.1624545454545,NA,9.06745833333333,8.02975,8.77154166666667,NA,7.597375,7.60033333333333,7.55804166666667,9.20833333333333,12.4755,9.41716666666667,7.37220833333333,12.492125,10.9857083333333,NA,13.3520416666667,7.4155,6.93016666666667,7.338875,9.4035,7.77916666666667,11.568375,10.2575,8.86995833333333,7.57470833333333,NA,NA,4.40941666666667,NA
2022-03-08,26.7185416666667,NA,20.8136666666667,23.010125,22.6819166666667,NA,16.3453333333333,22.2769583333333,21.3877083333333,22.304347826087,27.1727916666667,26.7797916666667,21.1400416666667,18.84825,25.537625,NA,18.646875,15.7281666666667,22.3527083333333,26.8367916666667,24.1815,24.0222916666667,29.6267083333333,27.6847916666667,25.742,18.8915416666667,NA,NA,17.4135416666667,NA
2022-03-09,11.4269166666667,NA,8.93379166666667,9.99204166666667,10.2358333333333,NA,6.47708333333333,9.93916666666667,7.160875,8.5,8.37770833333333,9.59029166666667,9.31308333333333,10.6642083333333,14.828,NA,7.61216666666667,5.81275,11.38075,18.7942916666667,9.69345833333333,9.95775,15.1572916666667,19.6729166666667,18.5456666666667,8.23995833333333,NA,NA,6.33933333333333,NA
2022-03-10,16.8436666666667,NA,6.528125,8.11325,6.17929166666667,NA,4.39658333333333,8.38154166666667,4.05466666666667,8.83333333333333,10.491375,5.62504166666667,8.66004761904762,7.00675,10.4953333333333,NA,6.42308333333333,4.07441666666667,8.985875,12.615,5.56516666666667,7.56491666666667,17.1582083333333,19.19525,16.686375,4.93220833333333,NA,NA,3.98491666666667,NA
2022-03-11,11.0525416666667,NA,9.04883333333333,8.801125,9.09583333333333,NA,7.48725,8.020875,6.24904166666667,7.20833333333333,8.371625,8.66158333333333,7.87941666666667,8.11516666666667,15.5189583333333,NA,8.95341666666667,7.27595833333333,10.635875,28.5674583333333,8.973125,10.5995833333333,11.9773333333333,11.8209583333333,24.6307916666667,6.65875,NA,NA,10.0855416666667,NA
2022-03-12,6.53120833333333,NA,3.348,3.917,3.45720833333333,NA,3.40220833333333,3.36179166666667,3.82766666666667,4.5,6.37870833333333,3.4385,3.40008333333333,8.18591666666667,4.44975,NA,6.186125,2.96379166666667,4.25904166666667,6.97525,3.59770833333333,3.85116666666667,5.55425,5.30658333333333,5.436375,5.38725,NA,NA,2.07454166666667,NA
2022-03-13,6.769875,NA,4.30825,4.77595833333333,4.44875,NA,4.47133333333333,4.38679166666667,5.85891666666667,6.45833333333333,8.43954166666667,5.03933333333333,4.330875,10.854,6.21658333333333,NA,6.231375,4.37795833333333,5.24375,9.61775,5.007875,4.57954166666667,4.91345833333333,5.43233333333333,7.88333333333333,8.789375,NA,NA,4.33470833333333,NA
2022-03-14,7.676,NA,5.09829166666667,9.2395,6.481875,NA,4.00845833333333,5.39795833333333,7.32704166666667,8.375,7.33091666666667,4.74945833333333,5.71141666666667,6.40529166666667,5.62547826086957,NA,6.626375,3.68133333333333,7.82041666666667,4.98533333333333,4.53325,5.64166666666667,6.80825,6.6225,7.07954166666667,5.2505,NA,NA,2.65629166666667,NA
2022-03-15,12.57375,NA,8.64983333333333,15.95625,9.575375,NA,5.228,9.928375,11.4692083333333,13.0416666666667,14.7385833333333,9.21095833333333,9.23945833333333,13.508375,9.84095833333333,NA,6.35416666666667,4.79166666666667,11.46125,11.3984166666667,8.90607692307692,11.5410416666667,15.0550833333333,13.6880833333333,12.4665833333333,10.263375,NA,NA,4.07729166666667,NA
2022-03-16,11.232375,NA,11.6617916666667,16.7542083333333,10.7605416666667,NA,5.593625,16.6942916666667,14.2689583333333,14.7916666666667,15.6457083333333,10.9592083333333,15.9119583333333,10.8325416666667,17.5767916666667,NA,5.20941666666667,3.67933333333333,17.3310416666667,18.7834583333333,4.10383333333333,16.8299166666667,17.29175,15.9875833333333,22.201375,9.44775,NA,NA,2.69745833333333,NA
2022-03-17,4.341625,NA,7.06170833333333,5.846125,7.43716666666667,NA,8.38845833333333,4.69729166666667,7.52854166666667,6.41666666666667,6.30016666666667,5.57491666666667,4.55004166666667,7.103,5.034375,NA,10.6505416666667,6.93495833333333,5.21329166666667,4.78583333333333,6.572375,5.98179166666667,5.43241666666667,5.19175,5.81179166666667,7.40170833333333,NA,NA,4.40841666666667,NA
2022-03-18,9.30233333333333,NA,11.3965416666667,12.550125,10.9531666666667,NA,9.999125,8.30391666666667,7.1895,9.08333333333333,10.8963333333333,10.3185,8.10633333333333,8.901375,11.9497916666667,NA,16.2304166666667,9.64133333333333,10.2300416666667,18.51925,12.7752916666667,11.3699583333333,11.2893333333333,11.2313333333333,12.425375,8.05725,NA,NA,6.5645,NA
2022-03-19,13.649875,NA,10.6505833333333,10.3223333333333,10.3204583333333,NA,9.33570833333333,10.2998333333333,11.7670833333333,15.2916666666667,16.38175,12.179625,10.1700416666667,24.2434166666667,13.90325,NA,13.9318333333333,9.51158333333333,9.71708333333333,12.414375,10.2654166666667,10.3822916666667,16.4780833333333,14.39675,12.594375,13.3529166666667,NA,NA,7.03920833333333,NA
2022-03-20,26.3248333333333,NA,22.00975,19.0233333333333,20.4471666666667,NA,10.098375,16.5449583333333,11.0132083333333,15.8333333333333,21.816125,19.763375,16.3257083333333,11.9389583333333,26.308,NA,15.3931666666667,10.6721666666667,20.7360833333333,22.7900416666667,18.7137083333333,21.1831666666667,24.6030833333333,23.4563333333333,26.4564166666667,8.72645833333333,NA,NA,11.5094166666667,NA
2022-03-21,34.2455,NA,29.6620833333333,35.636875,34.8852083333333,NA,29.0085833333333,31.6550833333333,23.2892083333333,27.9166666666667,32.2190833333333,35.5298333333333,30.7695833333333,20.4836666666667,37.7380416666667,NA,30.0807083333333,27.9502083333333,30.523,39.8526666666667,38.9565833333333,37.1975416666667,39.3751666666667,36.2375,40.30975,22.0313333333333,NA,NA,22.525625,NA
2022-03-22,29.7082916666667,NA,35.7509166666667,28.3305416666667,31.078125,NA,31.9840833333333,25.4235833333333,19.4548333333333,29.1666666666667,22.225875,38.0730833333333,25.1583333333333,19.602125,44.8409583333333,NA,39.8254166666667,32.7477916666667,27.5972916666667,44.91275,39.225875,35.7715,41.1321666666667,41.3712083333333,52.179,18.0385416666667,NA,NA,19.6424166666667,NA
2022-03-23,33.2517916666667,NA,59.4400416666667,38.15175,40.5524583333333,NA,36.890875,29.7317916666667,18.97025,31.875,32.1138333333333,27.14625,28.7629166666667,18.3717083333333,53.5467916666667,NA,36.21875,36.2502083333333,33.191,65.4239166666667,42.473625,34.3397083333333,50.7667083333333,54.7102916666667,64.506875,21.0550909090909,NA,NA,22.9629583333333,NA
2022-03-24,36.5842916666667,NA,39.3359166666667,43.7955,40.6055,NA,28.65975,31.1950833333333,24.5352916666667,26.3333333333333,28.28725,23.8366666666667,32.7694166666667,20.7647083333333,37.2319166666667,NA,26.8563333333333,26.3777916666667,36.7209166666667,48.9153333333333,36.5587916666667,44.2710416666667,45.8295833333333,63.4112083333333,54.2956666666667,45.6383913043478,NA,NA,16.654,NA
2022-03-25,35.67525,NA,36.134125,37.2457083333333,42.7497083333333,NA,25.1142083333333,29.374,29.7712083333333,33.2083333333333,33.9780416666667,28.88375,30.1829166666667,31.705125,27.1964583333333,NA,34.8370833333333,22.2819583333333,31.3618333333333,31.7199166666667,46.3710416666667,32.6869583333333,51.399625,50.1682083333333,47.8382916666667,34.4725,NA,NA,17.103125,NA
2022-03-26,32.4185416666667,NA,21.0447083333333,25.3675416666667,23.7579583333333,NA,22.7920833333333,23.0739166666667,22.3615,25.2916666666667,27.4657916666667,29.44875,23.1132916666667,31.3799166666667,26.3572083333333,NA,41.4055,21.276625,25.7312916666667,25.2320416666667,40.8384583333333,24.49,33.9938333333333,33.231375,39.5933333333333,25.47475,NA,NA,13.287125,NA
2022-03-27,9.3485,NA,14.431125,15.3891666666667,13.9456666666667,NA,21.8986666666667,13.2057916666667,13.9043333333333,14.2916666666667,17.939375,15.2054583333333,13.17525,22.2711666666667,14.8407916666667,NA,27.1090416666667,21.52425,12.445,18.7815833333333,15.3115,9.287625,9.65804166666667,6.23833333333333,10.1750833333333,18.2646666666667,NA,NA,16.700125,NA
2022-03-28,20.8685714285714,NA,19.882125,18.1034583333333,16.9439166666667,NA,19.5038333333333,13.149625,16.1802916666667,23.4583333333333,27.82925,15.3833333333333,12.8861666666667,31.206875,18.87,NA,20.3932083333333,19.0585833333333,12.683875,16.9397916666667,18.463125,16.533125,22.9757916666667,17.000875,11.447625,20.4904166666667,NA,NA,16.1390416666667,NA
2022-03-29,36.580375,NA,19.95,19.11575,20.7705416666667,NA,18.532875,14.4350416666667,21.2009166666667,21.75,30.9680833333333,23.758,14.301375,31.9999166666667,31.4800416666667,NA,23.2400416666667,19.048875,11.5152916666667,15.68,31.6952916666667,23.3659166666667,29.8272083333333,25.743125,14.5539583333333,24.1795,NA,NA,15.139625,NA
2022-03-30,29.7770833333333,NA,10.30575,14.6934583333333,7.36829166666667,NA,2.63766666666667,15.061,17.6493333333333,22.2916666666667,28.8936666666667,17.676,14.602,26.391625,18.3857777777778,NA,6.71983333333333,2.65816666666667,11.4810833333333,2.56979166666667,14.3977083333333,12.7801666666667,25.5818333333333,21.3491666666667,6.39841666666667,18.5997083333333,NA,NA,1.99783333333333,NA
2022-03-31,3.20854166666667,NA,1.90054166666667,4.58829166666667,1.63029166666667,NA,4.66679166666667,4.60591666666667,3.32273913043478,3.91666666666667,4.04475,3.49258333333333,4.27179166666667,4.43304166666667,NA,NA,3.59075,2.430125,3.289125,2.70641666666667,2.49320833333333,3.87683333333333,4.548,3.04441666666667,3.68520833333333,1.97825,NA,NA,1.724625,NA
2022-04-01,3.746125,NA,3.558375,4.18965217391304,2.14333333333333,NA,5.66141666666667,4.98920833333333,2.78891666666667,6.5,5.15916666666667,3.58683333333333,4.376,2.604125,NA,NA,3.93283333333333,3.13191666666667,5.07758333333333,3.47191666666667,2.73495833333333,5.04925,4.28858333333333,3.771625,3.71758333333333,2.07658333333333,NA,3.11616666666667,1.88875,NA
2022-04-02,5.816625,NA,6.38466666666667,7.59241666666667,7.27108333333333,NA,5.39895833333333,7.66616666666667,4.91841666666667,10.375,8.79629166666667,7.25429166666667,7.48733333333333,4.36129166666667,7.5325,NA,5.51991666666667,4.41134782608696,7.74475,6.06520833333333,5.84020833333333,8.08970833333333,5.963125,4.62466666666667,5.18091666666667,1.812125,NA,3.52108333333333,2.87545833333333,NA
2022-04-03,5.20141666666667,NA,6.78475,10.425625,7.299625,NA,5.16904166666667,10.6742083333333,10.1611666666667,10.8333333333333,8.829625,7.049875,10.975875,8.14666666666667,7.025375,NA,8.01,3.25766666666667,11.6696666666667,3.93775,7.57479166666667,9.947,8.184,6.18608333333333,5.61720833333333,5.59154166666667,NA,5.27429166666667,2.57079166666667,NA
2022-04-04,7.05495833333333,NA,4.59316666666667,3.34025,7.20416666666667,NA,2.08529166666667,2.90595833333333,2.20608333333333,5.04545454545454,5.74204166666667,1.44654166666667,2.58658333333333,3.50916666666667,1.63325,NA,1.779625,0.870625,3.3815,0.863875,4.88808333333333,2.89408333333333,4.72879166666667,4.64433333333333,2.47454166666667,2.61695833333333,NA,4.99025,0.334125,NA
2022-04-05,6.75108333333333,NA,6.71008333333333,4.22754166666667,9.58341666666667,NA,2.960875,3.236125,5.05404166666667,3.58333333333333,4.9755,3.19845833333333,3.10429166666667,5.06191666666667,3.131875,NA,5.08645833333333,2.27204166666667,3.20258333333333,1.66383333333333,6.357125,3.86508333333333,4.30820833333333,4.181375,3.366875,5.62195833333333,NA,3.45508333333333,0.816708333333333,NA
2022-04-06,7.97075,NA,4.60783333333333,3.695,7.16391666666667,NA,3.64783333333333,3.32841666666667,5.50808333333333,NA,6.60275,3.197625,3.15454166666667,8.923,2.14429166666667,NA,3.83058333333333,3.10433333333333,3.02083333333333,2.29854166666667,3.01791666666667,2.90883333333333,3.77758333333333,3.87875,3.35683333333333,6.20475,NA,4.01445833333333,1.69716666666667,NA
2022-04-07,5.942375,NA,4.51645833333333,4.397625,6.000375,NA,2.70645833333333,3.469,4.61770833333333,NA,4.77804166666667,3.3265,3.214375,5.69783333333333,2.79675,NA,3.61829166666667,1.6891875,3.42383333333333,2.57866666666667,5.19558333333333,4.05175,3.54170833333333,3.43270833333333,3.03458333333333,4.47620833333333,NA,3.73225,1.588,NA
2022-04-08,4.50275,NA,3.7815,5.22508333333333,2.78395833333333,NA,4.00845833333333,4.548,3.47283333333333,6,4.6325,3.76170833333333,4.25420833333333,4.05154166666667,3.467,NA,5.65758333333333,2.43455555555556,5.23583333333333,3.89445833333333,3.301,5.58179166666667,6.90654166666667,6.629375,4.36125,3.23116666666667,NA,4.54704166666667,1.71295833333333,NA
2022-04-09,5.38516666666667,NA,4.827125,5.12975,4.12545833333333,NA,4.50470833333333,5.13858333333333,4.942125,6.375,5.579875,4.029,4.49491666666667,5.28304166666667,4.13916666666667,NA,5.35179166666667,3.42966666666667,5.003875,5.29879166666667,4.87816666666667,7.94916666666667,7.15029166666667,6.247125,3.94745833333333,3.292125,NA,4.15491666666667,2.42420833333333,NA
2022-04-10,5.85891666666667,NA,6.92795833333333,6.914375,5.83633333333333,NA,4.318,5.572,4.59816666666667,6.375,7.649375,5.41670833333333,5.65545833333333,5.522875,6.13116666666667,NA,8.22816666666667,3.83745833333333,6.60579166666667,6.70895833333333,5.54058333333333,7.081375,8.03070833333333,7.61991666666667,8.32554166666667,5.16116666666667,NA,6.85733333333333,2.51279166666667,NA
2022-04-11,10.21625,NA,8.730375,10.475625,8.69795833333333,NA,8.17820833333333,9.990125,7.26416666666667,7.125,9.55291666666667,11.305125,10.0059583333333,9.29241666666667,11.6774166666667,NA,10.366625,8.33916666666667,9.67675,14.72975,9.99025,10.0324583333333,14.776,12.94425,14.0773333333333,9.101875,NA,11.1724166666667,8.21678260869565,NA
2022-04-12,8.77954166666667,NA,22.297625,16.78675,22.7871666666667,NA,11.9635833333333,14.1490833333333,11.4386666666667,8.54166666666667,10.0039166666667,20.8462083333333,13.5299583333333,10.8787083333333,28.9160833333333,NA,18.4287083333333,12.8410833333333,14.680625,22.0018333333333,22.0815,20.9357083333333,14.1038333333333,11.1940833333333,23.49175,9.62454166666667,NA,10.42275,12.557,NA
2022-04-13,4.83591666666667,NA,16.6510833333333,7.70245833333333,17.291625,NA,6.13208333333333,5.09141666666667,6.10358333333333,6.20833333333333,7.594375,7.03916666666667,5.03833333333333,9.94991666666667,6.13408333333333,NA,11.5192083333333,5.36866666666667,6.44154545454545,9.55104166666667,10.2093333333333,8.60075,6.63529166666667,6.587,10.402,2.87441666666667,NA,6.783625,4.512625,NA
2022-04-14,5.11795833333333,NA,10.190625,8.32354166666667,7.39975,NA,5.07366666666667,5.65354166666667,8.50141666666667,5.79166666666667,7.47345833333333,5.25845833333333,5.534625,7.42333333333333,7.419625,NA,9.65608333333333,4.98625,7.64254166666667,8.44533333333333,8.47295833333333,9.51554166666667,6.293375,7.501875,14.984375,3.72245833333333,NA,8.24979166666667,2.55408333333333,NA
2022-04-15,10.4883333333333,NA,8.52695833333333,9.94991666666667,9.55583333333333,NA,3.68225,5.81575,7.62775,6.54166666666667,7.48929166666667,8.677375,5.53066666666667,6.1065,9.72283333333333,NA,7.67904166666667,3.381625,8.84533333333333,19.3690416666667,10.0089166666667,10.4864166666667,13.659625,14.6492916666667,21.565625,6.16458333333333,NA,10.54925,4.04583333333333,NA
2022-04-16,24.4301666666667,NA,14.041,14.7661666666667,12.25925,NA,2.85083333333333,14.2198333333333,12.7359166666667,13.9583333333333,22.3369583333333,8.49345833333333,14.3092916666667,12.2435833333333,20.4414583333333,NA,7.10891666666667,2.609125,19.431125,28.7895,12.783125,17.4017083333333,31.3012083333333,26.8730416666667,24.2218333333333,7.1,NA,24.2945416666667,3.607625,NA
2022-04-17,16.8466666666667,NA,14.3210416666667,15.6015,15.2771666666667,NA,6.705125,16.4485416666667,12.1245833333333,17.875,14.0439583333333,14.824125,16.4653333333333,22.664125,14.9559166666667,NA,10.3812083333333,6.44758333333333,17.108,26.2255833333333,16.5517916666667,16.55075,20.243875,20.3940416666667,20.56025,12.8814166666667,NA,19.0262083333333,8.29204166666667,NA
2022-04-18,11.758125,NA,4.35554166666667,4.71808333333333,4.54608333333333,NA,3.49645833333333,4.39570833333333,4.53325,6.5,9.75133333333333,3.929875,4.49295833333333,4.72683333333333,4.35054166666667,NA,3.92404166666667,3.22329166666667,6.21370833333333,2.87445833333333,3.71058333333333,4.73275,10.5661666666667,12.981625,9.81441666666667,3.83654166666667,NA,13.7765,2.0135,NA
2022-04-19,9.17258333333333,NA,5.4275,7.39975,5.09445833333333,NA,4.56075,6.861375,4.61770833333333,6.16666666666667,6.82204166666667,4.29645833333333,6.60383333333333,4.33754166666667,6.73254166666667,NA,6.16754166666667,4.53908333333333,7.33791666666667,4.95379166666667,4.81145833333333,9.64645833333333,9.96470833333333,13.1958333333333,5.41678260869565,3.2105,NA,15.1594166666667,2.62683333333333,NA
2022-04-20,15.3527916666667,NA,8.43566666666667,11.403375,7.51479166666667,NA,5.71845833333333,11.5655416666667,10.9198333333333,8.79166666666667,13.152625,10.3989166666667,11.1832083333333,16.3099166666667,9.96666666666667,NA,9.91754166666667,5.93845833333333,11.3149583333333,14.0900416666667,9.309125,9.05079166666667,13.1094166666667,13.082875,11.106625,8.175125,NA,10.801,4.55979166666667,NA
2022-04-21,13.1486666666667,NA,9.73666666666667,9.79258333333333,9.71504166666667,NA,11.77875,9.73766666666667,9.413375,10.875,14.8457916666667,9.596125,9.15,19.1470416666667,16.6519583333333,NA,9.54120833333333,12.3378333333333,8.50725,19.5224166666667,11.8810416666667,10.5887083333333,17.15025,14.1382916666667,19.85075,12.3437916666667,NA,13.207625,11.8514166666667,NA
2022-04-22,15.3950416666667,NA,8.581,13.2430416666667,7.535375,NA,6.21275,11.7060833333333,11.3365416666667,9.04166666666667,12.2750416666667,8.33057142857143,11.2500833333333,14.5175416666667,12.3870416666667,NA,11.1704583333333,6.42795833333333,10.4392916666667,11.048625,10.6112916666667,10.8215833333333,13.0897083333333,13.4041666666667,10.8795833333333,8.12504166666667,NA,12.803625,9.34258333333333,NA
2022-04-23,23.0690416666667,NA,10.8000833333333,15.9975,9.87233333333333,NA,6.79345833333333,16.404375,15.176,13.75,30.893375,14.9823333333333,15.7283333333333,18.3845,15.3449166666667,NA,10.4196666666667,7.00483333333333,15.678125,13.0425,12.7821666666667,15.83825,22.0834166666667,21.744375,14.6610416666667,12.471625,NA,19.5156666666667,9.86041666666667,NA
2022-04-24,13.2979583333333,NA,7.56791666666667,10.265375,6.44058333333333,NA,6.87895833333333,10.0874166666667,11.2834166666667,10.5833333333333,15.0227916666667,10.29975,9.74458333333333,17.1453333333333,10.1090833333333,NA,7.71716666666667,6.95954166666667,9.47520833333333,8.86991666666667,8.35891666666667,9.14220833333333,13.7107916666667,13.19775,9.97541666666667,11.86525,NA,11.7650416666667,8.56525,NA
2022-04-25,7.94616666666667,NA,7.28191666666667,7.9537619047619,7.12266666666667,NA,4.916625,7.95795833333333,8.10645833333333,7.66666666666667,9.19829166666667,11.2195416666667,7.581625,9.16370833333333,10.8432916666667,NA,6.44366666666667,5.19658333333333,7.49904166666667,6.8495,8.95041666666667,9.52441666666667,9.43008333333333,8.65308333333333,9.08516666666667,9.35041666666667,NA,7.71520833333333,4.36133333333333,NA
2022-04-26,6.5045,NA,6.77575,8.69645454545454,7.539375,NA,3.59870833333333,7.644625,8.15258333333333,5.83333333333333,8.20654166666667,14.8133333333333,7.43416666666667,8.95145833333333,8.47691666666667,NA,6.68445833333333,3.83745833333333,8.04833333333333,6.48783333333333,14.1874166666667,9.8665,7.44891666666667,6.44661111111111,6.474,7.70729166666667,NA,6.136,3.743125,NA
2022-04-27,5.84708333333333,NA,8.04945833333333,9.252125,7.39883333333333,NA,5.85879166666667,7.23866666666667,6.22254166666667,5,7.37425,10.250625,6.86716666666667,8.05720833333333,9.79270833333333,NA,6.31291666666667,5.93941666666667,7.60520833333333,7.36141666666667,8.56933333333333,8.921125,6.969375,6.06225,8.29120833333333,7.52666666666667,NA,5.54245833333333,5.39008333333333,NA
2022-04-28,9.95175,NA,10.8529166666667,9.27091666666667,13.45625,NA,8.77366666666667,8.58783333333333,9.453625,10.2916666666667,12.8204166666667,14.2835833333333,8.06891666666667,9.78145454545455,10.4639166666667,NA,14.3711666666667,8.46495833333333,7.40766666666667,7.96683333333333,12.653375,10.4147916666667,10.78625,9.346625,7.954,9.884125,NA,7.77816666666667,7.21695833333333,NA
2022-04-29,7.13745833333333,NA,13.0680416666667,9.17558333333333,15.18875,NA,11.297125,7.93141666666667,13.4042916666667,8.45833333333333,12.3822083333333,18.507375,7.752625,15.525125,13.8719166666667,NA,17.0676666666667,10.8460833333333,6.730625,11.644125,18.6852083333333,13.1407916666667,8.875875,7.61295833333333,8.842375,14.8240833333333,NA,6.76595833333333,7.43029166666667,NA
2022-04-30,7.933375,NA,14.5382083333333,8.85425,15.9876666666667,NA,8.889625,8.119125,9.75429166666667,7.41666666666667,10.8175833333333,15.5789166666667,8.68420833333333,11.9655416666667,11.0958333333333,NA,18.0298333333333,8.69016666666667,8.99083333333333,10.16225,18.5004166666667,11.369,9.45370833333333,8.695,15.159375,13.8296666666667,NA,7.06770833333333,7.37916666666667,NA
2022-05-01,11.009375,NA,12.28975,9.68754166666667,7.16395833333333,NA,3.33829166666667,10.7952083333333,12.7359166666667,10.125,13.831625,9.07420833333333,10.4118333333333,15.8325,10.3804166666667,NA,3.71166666666667,3.24883333333333,9.47525,5.73125,8.98091666666667,9.99225,10.2162916666667,9.56079166666667,17.313375,10.5797916666667,NA,10.8845416666667,1.60079166666667,NA
2022-05-02,9.28958333333333,NA,10.236875,15.5072083333333,7.49708333333333,NA,5.706625,19.597125,12.50675,14.7916666666667,14.8260833333333,12.042125,18.7058333333333,12.3762083333333,13.4876666666667,NA,6.54879166666667,5.67804166666667,17.8529166666667,8.16041666666667,10.1827916666667,17.3682916666667,8.93475,8.20075,16.4171666666667,9.21975,NA,12.5128333333333,4.39079166666667,NA
2022-05-03,14.9607916666667,NA,9.94504166666667,18.2980416666667,11.6470833333333,NA,8.14870833333333,12.8380416666667,21.282625,16.0416666666667,21.1935,15.9217916666667,12.6532916666667,11.4869166666667,13.4022083333333,NA,12.3644166666667,7.78995833333333,10.0610416666667,12.5040833333333,14.67675,14.8320833333333,18.9702083333333,14.581375,9.078375,7.37429166666667,NA,13.31275,5.03454166666667,NA
2022-05-04,11.8505,NA,5.621,8.32354166666667,5.03245833333333,NA,3.06795833333333,11.1950416666667,8.90045833333333,15.625,4.9936875,4.09975,9.40241666666667,5.36645833333333,7.21295833333333,NA,3.48270833333333,2.40370833333333,9.80745833333333,8.586875,4.6295,8.32066666666667,14.9567916666667,14.0074583333333,9.19916666666667,3.84333333333333,NA,10.74,1.39345833333333,NA
2022-05-05,7.09716666666667,NA,4.74058333333333,7.06075,4.262,NA,5.73808333333333,6.798375,10.52775,4.20833333333333,6.02304166666667,6.683375,6.058375,7.41554166666667,4.141125,NA,6.00833333333333,5.342,7.95008333333333,3.02975,5.72241666666667,10.6693333333333,8.00320833333333,7.3585,5.27129166666667,5.45204166666667,NA,8.30495833333333,2.79870833333333,NA
2022-05-06,8.67441666666667,NA,5.15429166666667,5.977875,4.30816666666667,NA,4.11758333333333,6.64795833333333,6.877,4.8695652173913,6.24025,2.55316666666667,6.08491666666667,5.01270833333333,3.695875,NA,4.483125,3.50420833333333,7.787,4.297375,3.02570833333333,4.33079166666667,7.59054166666667,9.15879166666667,7.74375,3.16033333333333,NA,11.1714166666667,2.104,NA
2022-05-07,4.77504166666667,NA,6.06925,7.10395833333333,5.28895833333333,NA,6.748375,7.25333333333333,3.311875,3.125,4.93908333333333,5.19270833333333,6.80716666666667,4.09991666666667,7.68175,NA,8.81191666666667,6.77775,6.87104166666667,8.757875,5.94645833333333,8.30783333333333,4.88208333333333,5.30170833333333,9.208875,3.91708333333333,NA,6.09666666666667,4.716,NA
2022-05-08,8.03858333333333,NA,10.1415,7.90583333333333,11.5486666666667,NA,8.847375,8.42091666666667,8.42379166666667,6.91666666666667,6.85729166666667,12.3369166666667,8.31483333333333,6.72066666666667,9.50875,NA,8.87679166666667,8.60658333333333,8.16141666666667,10.7242916666667,13.3364583333333,10.3291666666667,9.29245833333333,8.75391666666667,8.56333333333333,9.00154166666667,NA,7.82825,5.79025,NA
2022-05-09,11.107625,NA,6.57041666666667,8.97716666666667,8.2105,NA,4.27583333333333,7.89904166666667,9.52641666666667,8.20833333333333,12.1934583333333,7.32616666666667,7.90879166666667,13.8629583333333,7.74191666666667,NA,6.69520833333333,4.41225,8.56320833333333,9.56270833333333,6.91533333333333,8.167375,10.7009047619048,9.81629166666667,8.407125,9.04483333333333,NA,10.059,3.943625,NA
2022-05-10,8.85716666666667,NA,5.47170833333333,6.385625,7.45375,NA,5.03158333333333,5.95129166666667,6.97241666666667,4.91666666666667,9.14125,4.84175,6.12925,8.05533333333333,4.24725,4.74592307692308,5.49820833333333,4.20883333333333,6.056375,4.25708333333333,5.05320833333333,4.809375,6.72170833333333,6.32983333333333,6.12704166666667,6.565625,NA,6.34341666666667,2.56783333333333,NA
2022-05-11,7.01158333333333,NA,4.21975,4.394625,5.312625,NA,4.47420833333333,3.48666666666667,5.05604166666667,3.125,6.56458333333333,3.21058333333333,3.260625,7.60125,3.28120833333333,3.78641666666667,3.83945833333333,3.85608333333333,4.50170833333333,3.59183333333333,3.06108333333333,4.25995833333333,6.08491666666667,5.457,4.47029166666667,3.4395,NA,5.118,2.45179166666667,NA
2022-05-12,5.339,NA,4.284625,4.498875,5.00791666666667,NA,4.23058333333333,4.35041666666667,5.18970833333333,2.41666666666667,5.64266666666667,2.92845833333333,4.00654166666667,5.72433333333333,4.96658333333333,4.44279166666667,4.92929166666667,3.79920833333333,4.08120833333333,3.12316666666667,3.444375,3.8915,5.56608333333333,5.81766666666667,4.95291666666667,4.15491666666667,NA,5.395125,2.47145833333333,NA
2022-05-13,6.290375,NA,10.2280833333333,7.98158333333333,11.1675,NA,10.8697916666667,6.68529166666667,8.59279166666667,3.54166666666667,6.700125,8.971125,6.57325,7.156125,7.85875,8.03566666666667,14.149125,10.3470416666667,6.743375,9.87820833333333,8.85320833333333,8.74120833333333,6.210625,5.943375,8.55733333333333,8.76783333333333,NA,5.87070833333333,6.96265217391304,NA
2022-05-14,8.46316666666667,NA,11.5320833333333,12.1915833333333,12.57575,NA,15.011875,10.0481666666667,8.641,6.83333333333333,9.127375,11.432875,10.2674583333333,7.2465,11.2234583333333,10.95525,13.0887083333333,12.9708333333333,10.7292083333333,15.4353333333333,12.3615833333333,12.3143333333333,10.322375,10.6260833333333,13.80425,9.50379166666667,NA,10.3774583333333,10.2064583333333,NA
2022-05-15,16.7080416666667,NA,13.6468333333333,11.352125,13.4717916666667,NA,11.5634583333333,12.214125,6.238375,11.4583333333333,9.56479166666667,11.3601666666667,11.8809583333333,10.859,14.312125,13.7176666666667,13.37175,11.9645,12.2071666666667,17.7152916666667,11.6421666666667,11.9095,20.7076666666667,18.3195833333333,14.6619583333333,6.93104166666667,NA,16.1252916666667,9.43108333333333,NA
2022-05-16,8.408125,4.97075,8.65091666666667,10.0924583333333,6.88691666666667,NA,6.7345,8.96720833333333,10.1317083333333,8.36666666666667,11.5095,11.7257777777778,8.64239130434783,13.6420416666667,10.4766666666667,9.5755,11.6038333333333,7.51383333333333,8.83554166666667,14.6865416666667,9.68466666666667,9.11666666666667,11.8357083333333,10.8490833333333,13.1055,9.38104166666667,NA,8.94470833333333,4.831,NA
2022-05-17,6.88295833333333,6.345375,6.26979166666667,6.41108333333333,6.67654166666667,NA,6.24220833333333,5.80383333333333,6.55170833333333,1.11666666666667,7.58354166666667,NA,5.563125,6.72170833333333,6.57429166666667,7.21163636363636,7.647375,6.403375,5.544375,8.74516666666667,6.55566666666667,6.92425,5.778375,6.28154166666667,8.04345833333333,6.46516666666667,NA,8.75195833333333,5.49816666666667,NA
2022-05-18,3.71475,4.27079166666667,4.81129166666667,5.39695833333333,5.17983333333333,NA,4.839875,4.24441666666667,5.13070833333333,1.15833333333333,5.96404166666667,NA,4.08416666666667,9.20104166666667,4.92133333333333,6.02154166666667,7.421375,4.583375,4.9165,5.458,5.16808333333333,5.277125,3.57716666666667,4.04679166666667,5.81466666666667,7.48241666666667,NA,4.69729166666667,4.04583333333333,NA
2022-05-19,5.74491666666667,6.41025,4.84575,4.73558333333333,4.96958333333333,NA,5.63391666666667,4.491,5.42358333333333,3.2,6.31291666666667,NA,4.30033333333333,6.28054166666667,4.57941666666667,5.549375,5.63879166666667,5.14158333333333,5.37933333333333,3.61741666666667,3.91108333333333,5.29683333333333,4.86641666666667,5.54058333333333,7.227875,4.93616666666667,NA,6.92316666666667,3.40695833333333,NA
2022-05-20,5.86775,4.666875,4.77991666666667,5.27608333333333,4.52829166666667,NA,4.91366666666667,3.79220833333333,5.45504166666667,2.45,5.92766666666667,NA,3.56929166666667,7.135375,4.20795833333333,5.76758333333333,4.407375,4.32104166666667,4.84470833333333,3.65266666666667,3.81870833333333,5.032375,4.04483333333333,3.88354166666667,6.8495,5.76070833333333,NA,3.50816666666667,2.94229166666667,NA
2022-05-21,6.76408333333333,5.702625,4.99995833333333,5.99058333333333,4.99704166666667,NA,6.49270833333333,5.78420833333333,6.08891666666667,4.74166666666667,6.75808333333333,NA,5.60054166666667,6.30404166666667,5.456,5.78529166666667,6.16854166666667,5.634875,6.05054166666667,3.722625,4.33575,6.65104166666667,6.18325,5.59758333333333,6.23429166666667,6.10941666666667,NA,5.87754166666667,3.40216666666667,NA
2022-05-22,6.27945833333333,3.12204166666667,3.06108333333333,3.3795,2.648375,NA,4.03008333333333,2.60129166666667,3.89945833333333,7.11666666666667,5.907125,NA,2.62779166666667,4.72291666666667,2.88820833333333,4.48508333333333,4.11058333333333,3.25070833333333,3.35595833333333,2.96179166666667,2.273,3.012,6.081125,6.912375,4.70133333333333,2.92054166666667,NA,8.08966666666667,2.42825,NA
2022-05-23,5.89808333333333,3.68908333333333,3.22716666666667,3.41970833333333,3.23804166666667,NA,2.478375,2.534375,3.36870833333333,3.7,3.87875,NA,2.219,4.03991666666667,3.13791666666667,3.1535,2.36145833333333,2.00970833333333,3.28429166666667,3.29104166666667,2.80475,3.98104166666667,5.6565,5.8255,3.96229166666667,2.17175,NA,5.66054166666667,1.627375,NA
2022-05-24,2.48529166666667,2.06358333333333,2.59529166666667,2.793875,2.59329166666667,NA,2.35158333333333,1.57041666666667,1.995875,4.03333333333333,2.323125,1.48053846153846,1.44954166666667,2.44895833333333,1.96829166666667,2.31325,2.75258333333333,1.83579166666667,2.761375,1.90754166666667,2.29854166666667,2.81941666666667,2.240625,1.812125,2.14425,2.106,NA,1.724625,1.12416666666667,NA
2022-05-25,6.316875,2.35454166666667,2.98545833333333,3.47191666666667,3.64695833333333,NA,3.05033333333333,3.049375,5.91391666666667,3.49166666666667,4.494875,1.97720833333333,2.38895833333333,5.03441666666667,2.41845833333333,2.76729166666667,2.63370833333333,2.62291666666667,3.22720833333333,2.26116666666667,2.539375,3.01695833333333,3.40429166666667,3.485625,3.31675,3.82854166666667,NA,3.59954166666667,1.39358333333333,NA
2022-05-26,6.36020833333333,3.12295833333333,5.222125,4.071375,6.52516666666667,NA,5.50720833333333,4.09695833333333,5.44320833333333,4.40833333333333,5.033375,2.84791666666667,3.557375,5.857,2.95883333333333,3.48266666666667,5.136625,4.794625,3.51904166666667,3.82570833333333,4.05954166666667,4.42208333333333,4.257125,4.54991304347826,3.833625,6.23633333333333,NA,4.65504166666667,3.17916666666667,NA
2022-05-27,6.22154166666667,4.90966666666667,6.32075,5.98270833333333,6.36320833333333,NA,5.15141666666667,5.68108333333333,5.36266666666667,6.7,5.69879166666667,5.569,4.61875,6.90254166666667,5.90016666666667,5.76358333333333,6.191125,4.31695833333333,5.40979166666667,4.27179166666667,6.99195833333333,7.48241666666667,5.566,5.33904166666667,5.45204166666667,5.97191666666667,NA,5.24758333333333,3.07591666666667,NA
2022-05-28,4.30633333333333,3.70679166666667,4.03791666666667,4.32391666666667,3.68525,NA,3.18204166666667,3.97904166666667,3.40608333333333,6.53333333333333,4.54404166666667,3.67129166666667,3.80495833333333,8.79229166666667,3.57225,2.950125,4.90558333333333,2.932375,3.46404166666667,3.11025,4.24345833333333,5.15129166666667,3.71070833333333,3.82079166666667,2.95895833333333,4.86141666666667,NA,3.39233333333333,2.0215,NA
2022-05-29,3.062125,4.17058333333333,2.99529166666667,4.05366666666667,2.38804166666667,NA,2.420375,3.288125,3.76491666666667,4.78333333333333,4.38483333333333,3.41991666666667,3.05225,7.21404166666667,3.5015,3.57804166666667,3.84820833333333,1.79745833333333,2.82725,3.44741666666667,2.791875,4.50770833333333,3.093,2.56583333333333,3.66654166666667,4.95475,NA,3.434625,1.2825,NA
2022-05-30,3.10833333333333,3.63804166666667,3.32454166666667,5.29483333333333,3.419875,NA,2.71120833333333,4.088125,4.49379166666667,4.825,5.195625,2.88125,3.92491666666667,4.238375,3.92795833333333,4.264875,4.14116666666667,2.50595833333333,5.371375,4.66983333333333,3.39225,4.72195833333333,3.50633333333333,3.6105,5.57204166666667,2.94025,NA,3.64583333333333,1.72070833333333,NA
2022-05-31,2.85679166666667,4.61970833333333,3.29108333333333,4.59616666666667,2.59725,NA,2.99620833333333,3.50729166666667,3.01016666666667,4.99166666666667,4.14608333333333,2.735875,3.12804166666667,3.45516666666667,3.50533333333333,4.70233333333333,3.34525,2.898,5.17391666666667,9.37879166666667,3.59375,5.648625,4.26495833333333,2.85379166666667,7.382125,3.02291666666667,NA,2.76825,3.02879166666667,NA
2022-06-01,3.575125,4.90275,4.48220833333333,6.50075,2.87145833333333,NA,5.41666666666667,4.90066666666667,3.17708333333333,4.53333333333333,4.74058333333333,2.59925,4.72183333333333,4.19416666666667,4.47329166666667,4.33175,4.37991666666667,5.12491666666667,5.12479166666667,7.05983333333333,3.00904166666667,6.05141666666667,5.32629166666667,5.46875,7.85970833333333,2.31833333333333,NA,4.1775,5.19558333333333,NA
2022-06-02,7.05383333333333,6.24125,10.0944166666667,8.63416666666667,8.77175,NA,5.342,6.97425,4.56966666666667,10.2833333333333,6.42495833333333,6.21470833333333,7.28779166666667,5.09045833333333,7.64458333333333,7.326125,8.39433333333333,5.07279166666667,6.50254166666667,10.22225,7.72508333333333,9.84083333333333,8.180125,6.41616666666667,8.30379166666667,4.38983333333333,NA,5.505125,3.88479166666667,NA
2022-06-03,9.832875,6.63620833333333,7.97570833333333,10.3017083333333,6.83375,NA,7.749625,9.09495833333333,7.09908333333333,11.6583333333333,9.04683333333333,11.0328333333333,8.69995833333333,7.47258333333333,9.024125,6.88870833333333,8.09354166666667,8.24095833333333,7.394875,7.02054166666667,9.21091666666667,8.45225,9.701375,9.04679166666667,7.70541666666667,6.95458333333333,NA,7.77225,8.63995833333333,NA
2022-06-04,9.942,5.81083333333333,5.69575,6.87108333333333,5.86983333333333,NA,4.804375,6.48483333333333,6.103625,7.93913043478261,8.83445833333333,8.514125,6.38766666666667,12.3673333333333,9.37604166666667,7.68666666666667,7.91275,5.11195833333333,6.07804166666667,5.02170833333333,7.60908333333333,9.03895833333333,8.408125,9.00258333333333,5.88345833333333,6.305125,NA,7.88816666666667,4.71795833333333,NA
2022-06-05,13.507375,5.7135,6.16358333333333,5.033625,5.82458333333333,NA,5.45108333333333,3.915,3.82366666666667,4.40833333333333,7.60620833333333,8.59679166666667,3.90920833333333,7.94029166666667,7.38308333333333,6.06816666666667,6.49566666666667,5.793,4.096875,6.675625,7.61395833333333,7.329,12.45675,13.4611666666667,6.59991666666667,4.52529166666667,NA,12.6385833333333,4.36029166666667,NA
2022-06-06,5.22795833333333,4.992125,6.30408333333333,7.733875,4.724875,NA,7.46070833333333,6.45254166666667,4.78283333333333,1.24166666666667,5.33029166666667,8.38245833333333,6.13508333333333,4.68354166666667,6.88983333333333,6.5585,6.511375,7.72904166666667,5.92770833333333,5.957125,7.63858333333333,8.0475,5.01575,4.50770833333333,5.62120833333333,5.437375,NA,4.18933333333333,5.543625,NA
2022-06-07,3.12995833333333,8.58595833333333,9.44875,9.00558333333333,9.151,NA,6.05541666666667,8.11520833333333,4.62891304347826,0.95,4.60583333333333,9.5185,7.81645833333333,3.036625,9.32791666666667,9.28370833333333,7.15904166666667,6.20970833333333,9.82020833333333,8.93091666666667,9.74358333333333,12.904,4.418375,5.087375,9.83304166666667,3.94566666666667,4.58725,7.3605,5.95716666666667,NA
2022-06-08,5.756625,4.00745833333333,4.09,3.17225,4.75545833333333,NA,5.50016666666667,2.937375,5.97,-0.758333333333334,3.79420833333333,3.11225,2.4775,6.76304166666667,3.73533333333333,4.001625,3.76666666666667,5.87566666666667,3.19875,5.18875,3.31754166666667,3.472,3.41979166666667,2.73979166666667,5.81166666666667,6.539875,2.33104166666667,2.44104166666667,3.82175,NA
2022-06-09,6.75225,5.24766666666667,6.07408333333333,6.098625,6.66775,NA,3.87970833333333,6.97920833333333,7.32320833333333,1.78333333333333,7.34179166666667,5.114,5.25939130434783,9.141125,4.8585,5.24470833333333,7.663125,3.591875,6.03966666666667,3.37066666666667,5.566,5.97191666666667,6.757125,6.31191666666667,5.49833333333333,8.00808333333333,4.79270833333333,5.66154166666667,2.06666666666667,NA
2022-06-10,7.227875,7.15804166666667,8.619375,9.298375,11.085,NA,7.68491666666667,10.2447916666667,10.0099583333333,4.11666666666667,10.7165,8.06029166666667,8.742125,13.1740833333333,8.04933333333333,8.34525,7.788,7.215,8.82975,8.85516666666667,8.56920833333333,8.974375,8.07783333333333,6.77879166666667,8.14654166666667,11.5389583333333,6.37675,6.45733333333333,6.18129166666667,NA
2022-06-11,9.23554166666667,5.40983333333333,8.007125,6.31695833333333,10.3990833333333,NA,6.86329166666667,6.34841666666667,7.73391666666667,2.53333333333333,9.284625,5.84425,6.274625,10.0305,5.64958333333333,6.05054166666667,6.41604166666667,5.91591666666667,6.60375,6.37191666666667,7.15120833333333,6.301125,7.8105,7.41845833333333,6.29620833333333,8.174125,5.378375,7.17183333333333,3.75583333333333,NA
2022-06-12,7.26029166666667,5.18391666666667,7.043,6.24508333333333,7.4175,NA,5.24370833333333,5.96495833333333,7.3555,4.95,7.22875,5.50220833333333,5.815625,7.50195833333333,5.40095833333333,5.228875,4.96558333333333,4.62270833333333,6.44758333333333,4.20408333333333,6.460375,6.46629166666667,6.44658333333333,5.87366666666667,5.85791666666667,7.263125,5.47083333333333,5.423625,3.00816666666667,NA
2022-06-13,4.80245833333333,3.55,4.39541666666667,5.52575,4.43104166666667,NA,5.709625,6.3405,4.63045833333333,3.36666666666667,4.95379166666667,3.541625,4.49983333333333,4.74358333333333,3.99658333333333,4.12045833333333,5.79608333333333,5.43933333333333,5.398,4.739625,4.24333333333333,5.58675,5.23983333333333,4.10191666666667,3.85808333333333,3.04929166666667,4.357375,3.93175,3.926875,NA
2022-06-14,5.37541666666667,6.02895833333333,5.308625,7.84404166666667,3.62429166666667,NA,4.510625,6.67658333333333,4.98129166666667,5.15833333333333,6.33054166666667,4.035,6.28241666666667,4.54204166666667,8.35883333333333,7.732875,5.7125,3.92104166666667,6.58116666666667,5.64370833333333,4.08416666666667,7.18075,5.978875,5.75083333333333,7.12366666666667,3.5455,5.313,6.43770833333333,2.24258333333333,NA
2022-06-15,9.12929166666667,13.25575,6.51641666666667,10.681,3.815875,NA,4.72495833333333,7.98158333333333,6.41425,8.11666666666667,8.44829166666667,5.2595,7.965875,5.29,10.02175,10.1543333333333,6.43775,4.47429166666667,8.20175,7.34470833333333,4.41233333333333,11.0732083333333,12.1737916666667,9.267875,14.183375,3.38358333333333,7.06641666666667,10.7598333333333,3.49066666666667,NA
2022-06-16,10.357625,12.9315,5.43541666666667,8.35395833333333,4.19025,NA,5.78720833333333,6.84166666666667,6.29720833333333,6.53333333333333,6.11933333333333,4.10675,7.07554166666667,4.72583333333333,4.79079166666667,6.15179166666667,6.52516666666667,5.55033333333333,9.77691666666667,6.60770833333333,5.36058333333333,5.719375,10.2437083333333,9.838,13.050375,3.07783333333333,7.7585,16.444625,3.76575,NA
2022-06-17,15.0078333333333,6.46133333333333,6.29133333333333,10.0875416666667,6.616625,NA,5.05408333333333,9.56575,12.1552916666667,8.65833333333333,12.6386666666667,6.512375,9.21783333333333,10.7263333333333,7.23179166666667,8.023875,5.29583333333333,4.53816666666667,9.16858333333333,5.45108333333333,6.47608333333333,9.17745833333333,11.0653333333333,11.257,8.57616666666667,7.84295833333333,8.91708333333333,12.6327083333333,3.10158333333333,NA
2022-06-18,10.46875,5.33720833333333,6.82004166666667,6.813125,6.71379166666667,NA,6.95170833333333,6.31679166666667,6.22545833333333,4.7,9.45370833333333,5.945375,5.381375,3.86391666666667,5.90604166666667,5.515875,6.49170833333333,6.203875,5.0845,6.02495833333333,6.456375,8.42279166666667,9.893875,7.78016666666667,5.18075,5.04225,5.72129166666667,6.86804166666667,4.58716666666667,NA
2022-06-19,4.48604166666667,4.49,6.38866666666667,6.79254166666667,5.72133333333333,NA,5.35175,5.51395833333333,3.985,2.36666666666667,4.6925,5.03241666666667,5.09729166666667,4.64920833333333,5.80004166666667,5.18475,6.89375,5.15029166666667,5.14745833333333,4.16583333333333,5.88054166666667,8.0405,5.03154166666667,4.60304166666667,4.55095833333333,5.44529166666667,3.84345833333333,4.412375,3.82270833333333,NA
2022-06-20,5.57591666666667,5.762625,4.73370833333333,5.678125,5.02854166666667,NA,5.42466666666667,5.92370833333333,4.42420833333333,5.575,5.59358333333333,5.41775,4.43795833333333,5.56116666666667,4.6275,4.62754166666667,7.38804166666667,5.17091666666667,5.17595833333333,5.943375,4.81920833333333,6.49975,6.340375,5.92858333333333,6.27558333333333,4.76125,5.23583333333333,6.09183333333333,3.99570833333333,NA
2022-06-21,10.175,7.15708333333333,5.78616666666667,9.59420833333333,5.41975,NA,1.874,6.06616666666667,6.77683333333333,8.61666666666667,7.67691666666667,5.084625,5.93554166666667,7.66804166666667,5.45795833333333,7.37916666666667,3.73625,1.3315,7.260375,4.416375,7.15904166666667,7.34775,8.12116666666667,7.29279166666667,8.61445833333333,4.71404166666667,5.18683333333333,7.67208333333333,1.45545833333333,NA
2022-06-22,8.11920833333333,10.4775833333333,3.4375,8.19979166666667,1.83279166666667,NA,2.00858333333333,8.33729166666667,6.52129166666667,7.99166666666667,7.864625,2.55791666666667,8.24791666666667,7.17779166666667,5.48941666666667,6.599875,6.09379166666667,1.64983333333333,9.22770833333333,6.15370833333333,2.52358333333333,6.18025,10.401,8.33833333333333,10.3645833333333,5.03145833333333,5.30370833333333,8.39733333333333,1.92120833333333,NA
2022-06-23,9.75820833333333,8.40316666666667,7.06570833333333,7.01554166666667,5.61520833333333,NA,5.52079166666667,6.29920833333333,7.16,9.53333333333333,9.16175,5.226125,6.14575,7.03329166666667,6.26091666666667,7.47741666666667,8.063125,5.50029166666667,4.668875,7.21804166666667,8.18220833333333,6.086875,14.229625,14.5990416666667,10.708625,6.37770833333333,7.138375,14.9224583333333,3.30979166666667,NA
2022-06-24,7.26325,8.375625,8.899375,11.1095,7.77020833333333,NA,5.35686956521739,9.287625,8.182,5.95,7.23570833333333,7.14133333333333,9.09804166666667,7.54908333333333,10.8913333333333,11.0162083333333,7.35941666666667,5.48670833333333,10.7449166666667,13.0562916666667,9.1771052631579,10.6437083333333,7.735875,7.56291666666667,13.3904166666667,4.61775,7.65033333333333,7.72125,5.87279166666667,NA
2022-06-25,5.46775,3.523,2.79483333333333,4.50466666666667,2.483375,NA,3.45025,3.897375,3.901375,5.65833333333333,6.28154166666667,2.58354166666667,3.83945833333333,5.41270833333333,3.89354166666667,4.18629166666667,4.16870833333333,3.184,5.39708333333333,3.61345833333333,NA,3.55733333333333,5.49920833333333,4.790625,4.483,3.356,4.52341666666667,5.08845833333333,2.397875,NA
2022-06-26,4.14220833333333,3.24,3.56420833333333,5.118,3.07975,NA,2.92845833333333,4.01341666666667,4.417125,1.61666666666667,5.09929166666667,3.77158333333333,4.087125,6.45833333333333,4.566625,4.5175,3.76179166666667,2.56695833333333,3.63795833333333,4.52629166666667,NA,4.68654166666667,4.09979166666667,3.55641666666667,4.26495833333333,4.75466666666667,3.48658333333333,3.53183333333333,2.080375,NA
2022-06-27,4.63833333333333,3.47191666666667,3.57504166666667,4.02025,3.727375,NA,3.52391666666667,3.61733333333333,3.63116666666667,2.86666666666667,4.68166666666667,2.58945833333333,3.476875,5.08358333333333,3.83654166666667,4.540125,4.04675,3.39729166666667,3.97504166666667,3.11120833333333,NA,3.8915,4.14716666666667,3.57508333333333,5.08941666666667,4.47829166666667,3.07391666666667,3.67529166666667,2.44104166666667,NA
2022-06-28,4.092875,3.93283333333333,4.90079166666667,5.99645833333333,4.77795833333333,NA,3.46495833333333,7.793875,5.16120833333333,3.74166666666667,4.71608333333333,4.4615,4.54795833333333,7.54920833333333,5.14445833333333,5.70070833333333,6.64025,3.53275,4.93416666666667,6.18320833333333,NA,5.452125,4.441875,4.03104166666667,5.669125,6.11533333333333,3.66858333333333,4.22179166666667,3.53391666666667,NA
2022-06-29,3.709625,3.513125,3.05720833333333,4.08220833333333,2.92858333333333,NA,4.13133333333333,4.20595833333333,3.67033333333333,4.53333333333333,5.48833333333333,2.73195833333333,3.17675,5.44025,3.62320833333333,4.105875,4.95183333333333,4.00154166666667,4.08804166666667,4.88120833333333,2.52566666666667,3.12983333333333,4.08808333333333,3.60458333333333,4.838875,3.18104166666667,3.43854166666667,3.42870833333333,1.70839130434783,NA
2022-06-30,2.82816666666667,3.08175,3.76183333333333,4.79658333333333,3.14870833333333,NA,4.05366666666667,3.464125,3.465,2.45,6.132125,2.19154166666667,2.86654166666667,4.50766666666667,3.344125,3.85908333333333,6.117375,3.99166666666667,3.57016666666667,6.28733333333333,2.73979166666667,3.31575,3.72254166666667,3.01683333333333,4.529375,3.41008333333333,3.20166666666667,3.05241666666667,1.67254166666667,NA
2022-07-01,3.635,3.60066666666667,3.55445833333333,4.12158333333333,2.87929166666667,3.59954166666667,3.00894736842105,3.05433333333333,2.84683333333333,1.825,3.61745833333333,2.4725,3.05429166666667,3.52004166666667,3.83158333333333,4.2355,3.56425,2.64841666666667,4.44483333333333,2.92070833333333,2.28679166666667,3.74516666666667,3.27841666666667,3.11529166666667,5.229,3.375625,3.23425,3.164375,2.09808333333333,NA
2022-07-02,2.68270833333333,2.2485,2.99725,3.292,2.94220833333333,2.45979166666667,2.550125,2.25833333333333,2.2485,0.741666666666667,3.52008333333333,1.934,2.51475,4.323875,2.67883333333333,3.034625,3.184875,2.394875,2.69154166666667,2.27791666666667,2.417375,2.70754166666667,3.125,2.43816666666667,3.42754166666667,2.80866666666667,2.761375,2.56783333333333,1.28933333333333,NA
2022-07-03,3.37066666666667,3.43270833333333,3.14566666666667,3.15845833333333,2.9275,3.36483333333333,2.8085,3.52704166666667,2.80079166666667,2.825,3.29008333333333,1.83575,3.0465,3.17120833333333,3.15841666666667,3.0945,2.51675,2.62775,3.430625,2.52370833333333,2.81145833333333,4.01629166666667,2.94425,2.89308333333333,3.47683333333333,2.55895833333333,2.882375,2.58254166666667,1.64308333333333,NA
2022-07-04,3.26554166666667,2.41070833333333,3.230125,3.12473913043478,3.228125,2.403625,2.39191666666667,2.326,1.91425,2.49166666666667,3.26254166666667,1.877875,2.11708695652174,2.19541666666667,2.46166666666667,2.821375,2.87058333333333,2.163,3.187,1.78654166666667,2.43416666666667,3.24004166666667,3.51816666666667,3.53870833333333,3.350125,1.63720833333333,2.67095833333333,2.75554166666667,1.57041666666667,NA
2022-07-05,8.416875,2.772125,3.65379166666667,3.82270833333333,3.35404166666667,3.432625,2.80470833333333,3.463,2.817375,2.65833333333333,4.74758333333333,2.10008333333333,3.32245833333333,3.05720833333333,3.40608333333333,3.46991666666667,4.05666666666667,2.39775,3.77258333333333,2.03520833333333,2.74475,4.08520833333333,3.384625,3.07691666666667,3.065,2.480375,2.925625,3.55733333333333,1.86220833333333,NA
2022-07-06,4.80833333333333,2.87745833333333,3.72054166666667,3.01995652173913,4.17354166666667,2.71520833333333,2.37277272727273,2.55304166666667,2.25820833333333,2.075,5.99941666666667,1.718625,2.120625,4.15695833333333,2.453875,2.61308333333333,3.70975,2.20033333333333,2.74283333333333,1.57529166666667,3.38054166666667,3.406125,3.05829166666667,2.94125,3.42083333333333,2.749625,2.55495833333333,3.17804166666667,1.15370833333333,2.58258333333333
2022-07-07,3.58283333333333,3.8935,3.37066666666667,4.88108333333333,3.14458333333333,3.35408333333333,2.41941666666667,6.32470833333333,4.15683333333333,2.03333333333333,3.663625,2.76925,4.61291666666667,4.59608333333333,2.62779166666667,2.58841666666667,4.20595833333333,2.33791666666667,3.42966666666667,3.51616666666667,4.03104166666667,5.11378260869565,3.89158333333333,3.55845833333333,3.90333333333333,2.93380952380952,3.33141666666667,3.62729166666667,1.72370833333333,3.996625
2022-07-08,7.384125,3.12208333333333,4.57070833333333,7.00283333333333,3.84541666666667,4.35845833333333,1.32718181818182,5.33020833333333,3.82566666666667,3.99166666666667,4.53725,3.85429166666667,5.038375,4.848625,3.22129166666667,3.14854166666667,3.19379166666667,0.962958333333333,4.431125,2.57566666666667,4.609875,7.70933333333333,7.4215,6.88208333333333,2.92945833333333,3.035625,4.03108333333333,8.92995833333333,1.03466666666667,6.318875
2022-07-09,3.878625,2.67095833333333,2.89995833333333,3.88458333333333,2.48341666666667,3.48958333333333,2.69254166666667,4.13716666666667,2.94325,3.24166666666667,4.122375,2.21395833333333,3.68208333333333,2.83904166666667,2.74575,2.37133333333333,2.97570833333333,2.36933333333333,3.55345833333333,3.70375,3.02383333333333,4.96658333333333,3.65170833333333,3.18795833333333,3.019875,2.09316666666667,2.6375,4.08020833333333,2.08141666666667,3.50045833333333
2022-07-10,3.919,3.93675,2.43408333333333,3.799,1.89466666666667,2.8715,1.579125,4.41233333333333,2.77025,4.825,5.88929166666667,2.77904166666667,4.88308333333333,3.22533333333333,2.82429166666667,2.20225,5.19858333333333,1.442625,4.87316666666667,3.735375,2.23666666666667,3.14666666666667,4.78391666666667,3.997625,3.50620833333333,2.59541666666667,4.04279166666667,4.27175,0.957208333333333,2.906875
2022-07-11,3.57404166666667,6.28245833333333,4.775,4.79766666666667,3.56747826086957,4.34466666666667,4.058625,5.05704166666667,4.05366666666667,5.075,4.92041666666667,3.245875,4.778875,4.45454166666667,3.63,4.015375,8.08770833333333,4.201125,5.07570833333333,3.29895833333333,5.27608333333333,4.22375,4.74841666666667,4.14704166666667,6.72475,3.8945,4.73375,5.34295833333333,2.51170833333333,4.67970833333333
2022-07-12,5.3075,4.47916666666667,5.80095652173913,5.03345833333333,5.7695,4.35345833333333,5.48929166666667,3.977,5.26925,5.38181818181818,6.16258333333333,4.44683333333333,3.96133333333333,5.44625,4.71108333333333,5.31745833333333,9.851625,5.40983333333333,5.01475,5.20041666666667,4.32083333333333,5.26333333333333,5.68791666666667,5.079625,5.73904166666667,6.185125,5.13954166666667,5.41279166666667,3.96620833333333,4.64041666666667
2022-07-13,6.30016666666667,4.267875,4.0055,4.88016666666667,3.2715,4.2865,3.95825,5.05116666666667,4.94404166666667,NA,8.85320833333333,3.938625,4.683625,5.01383333333333,4.691375,4.61295833333333,4.90866666666667,3.749125,4.806375,3.87579166666667,4.211875,5.26345833333333,6.898625,5.77525,4.27375,5.79563636363636,4.97441666666667,5.99758333333333,2.74475,4.19129166666667
2022-07-14,7.392875,3.984875,4.53120833333333,3.99479166666667,3.83254166666667,3.89345833333333,2.94904166666667,4.29445833333333,3.478875,NA,5.04325,3.11920833333333,3.97016666666667,4.00641666666667,3.346125,3.6075,5.15629166666667,2.62295833333333,3.859125,3.02579166666667,3.90725,5.56695833333333,7.44904166666667,5.76370833333333,4.18829166666667,3.13681818181818,4.597,5.47866666666667,2.159,4.10195833333333
2022-07-15,4.62854166666667,3.80795833333333,4.18429166666667,4.18629166666667,4.06845833333333,3.91416666666667,2.67391666666667,3.412,4.422125,NA,4.47525,3.28116666666667,3.01208333333333,3.3275,3.70870833333333,4.26291666666667,3.90820833333333,2.34766666666667,4.23845833333333,2.836125,3.48169565217391,5.76058333333333,4.44630434782609,4.20895833333333,4.27083333333333,4.018375,3.462125,3.53775,1.83870833333333,3.8415
2022-07-16,3.961375,4.40654166666667,5.38920833333333,8.38154166666667,4.00945833333333,5.88541666666667,4.43108333333333,4.87716666666667,5.74975,6.825,6.39454166666667,5.52479166666667,4.90758333333333,5.11991666666667,5.66333333333333,6.199,6.45445833333333,4.281625,5.173,6.61754166666667,5.17879166666667,9.08225,4.07254166666667,3.393375,5.000125,4.37108333333333,3.82075,3.4365,3.76466666666667,8.074875
2022-07-17,5.51891666666667,6.44366666666667,8.66945833333333,8.83558333333333,9.07920833333333,8.65470833333333,6.83766666666667,6.265625,6.196,7.36666666666667,5.78816666666667,7.106875,6.392625,5.50416666666667,8.64579166666667,9.66691666666667,9.23454166666667,6.86429166666667,6.520125,8.22145833333333,8.39733333333333,8.57325,6.99291666666667,5.114875,7.62983333333333,5.70954166666667,4.46833333333333,5.74004166666667,5.73808333333333,7.767375
2022-07-18,6.086875,9.2375,8.205625,9.67191666666667,8.68516666666667,8.6715,8.363875,6.85533333333333,7.559875,8.24166666666667,8.27145833333333,6.5585,6.64504166666667,6.80620833333333,6.1685,7.50304166666667,9.00458333333333,8.78933333333333,6.73545833333333,7.51579166666667,10.6348333333333,7.83229166666667,10.0549583333333,5.838125,8.52804166666667,5.97483333333333,6.5665,7.22383333333333,6.35420833333333,6.339375
2022-07-19,14.7955833333333,11.7763636363636,11.98225,14.133375,11.4555,14.7366666666667,9.23358333333333,14.036125,17.6794347826087,15.5333333333333,16.7817083333333,13.069,13.9947916666667,20.1357916666667,15.516,15.630875,8.328375,8.9485,11.942875,15.3764583333333,13.091625,14.4940416666667,18.0779166666667,12.7664166666667,14.1778181818182,17.71525,10.0354166666667,13.1429565217391,9.64625,13.2635833333333
2022-07-20,9.141125,15.7281666666667,6.708125,10.3380833333333,5.333125,9.83591666666667,2.54820833333333,14.7779166666667,11.4682916666667,10.7416666666667,11.1802916666667,5.65058333333333,13.9937916666667,8.30791666666667,15.9445,28.5967916666667,3.06308333333333,2.20920833333333,13.7215,10.209375,6.657875,10.1396666666667,14.783875,13.1595833333333,18.0857083333333,5.25258333333333,18.9477272727273,14.90475,3.69360869565217,7.67508333333333
2022-07-21,7.42825,4.01433333333333,4.294375,6.5655,2.53245833333333,5.09434782608696,2.69266666666667,5.419625,4.495875,5.24166666666667,7.167875,3.690125,5.16029166666667,3.37366666666667,5.48941666666667,6.427875,4.368125,2.68379166666667,4.86741666666667,3.64291666666667,3.65270833333333,6.04754166666667,7.17766666666667,5.90420833333333,4.19416666666667,3.06104166666667,5.10420833333333,5.743875,2.496125,5.21634782608696
2022-07-22,5.221125,3.080875,7.19745833333333,6.52716666666667,4.996125,4.29845833333333,3.02079166666667,4.940125,7.44891666666667,3.53333333333333,6.56941666666667,5.68604166666667,5.01470833333333,4.67175,4.47825,4.50179166666667,5.04033333333333,3.15154166666667,3.81975,3.95245833333333,5.89620833333333,5.42345833333333,4.81920833333333,3.940625,4.10166666666667,4.26891666666667,4.09191666666667,3.550625,2.87345833333333,5.30866666666667
2022-07-23,4.66595833333333,3.97104166666667,6.06225,6.66275,4.93425,6.21070833333333,3.58595833333333,5.91691666666667,4.57158333333333,3.74166666666667,4.87420833333333,4.51554166666667,5.912875,7.153125,6.12533333333333,5.833375,5.26433333333333,3.7825,5.64275,5.72229166666667,5.12579166666667,8.21745833333333,4.99208333333333,4.48791666666667,5.54145833333333,4.24741666666667,4.42908333333333,6.01125,4.01633333333333,6.490875
2022-07-24,3.00016666666667,3.57408333333333,3.15358333333333,4.33570833333333,4.80845833333333,3.77566666666667,4.25408333333333,4.12729166666667,4.19329166666667,3.075,4.9695,2.42533333333333,4.1165,9.00466666666667,2.944125,2.96283333333333,4.80925,4.34545833333333,4.10670833333333,3.823625,5.06675,3.50929166666667,4.03316666666667,3.549625,4.53908333333333,3.56933333333333,5.22291666666667,3.99275,2.49216666666667,2.73491666666667
2022-07-25,5.83345833333333,3.17508333333333,4.34558333333333,3.36279166666667,4.61083333333333,3.56716666666667,2.16595833333333,3.13975,2.37220833333333,1.90833333333333,3.977125,2.64641666666667,2.76720833333333,3.73520833333333,3.3835,3.6705,2.960875,1.83570833333333,3.62233333333333,3.98779166666667,4.811375,4.24529166666667,4.41041666666667,3.42090909090909,4.02516666666667,2.43520833333333,3.25183333333333,3.36391666666667,1.19891666666667,3.10441666666667
2022-07-26,2.95004166666667,3.94066666666667,3.30775,4.15395833333333,2.99441666666667,4.47525,2.24569565217391,4.38875,2.44895833333333,3.325,3.78829166666667,2.991375,4.01829166666667,3.892125,4.73354166666667,4.8055,2.95308333333333,1.737375,4.71304166666667,3.467,3.60354166666667,5.30279166666667,5.99714285714286,4.28266666666667,4.45066666666667,2.35658333333333,4.156875,4.40933333333333,1.33941666666667,3.46408333333333
2022-07-27,3.61933333333333,3.588875,4.53620833333333,6.40729166666667,3.304875,5.42070833333333,2.849875,5.35179166666667,3.64595833333333,4.45,4.94304166666667,3.55145833333333,5.13466666666667,2.77516666666667,5.70366666666667,5.627,3.09158333333333,2.76434782608696,4.62258333333333,6.76004166666667,3.002125,7.69566666666667,3.73041666666667,2.959,4.259125,3.1545,3.29504166666667,3.858125,2.67979166666667,5.16970833333333
2022-07-28,5.687875,3.10641666666667,6.27566666666667,5.3155,6.60083333333333,4.57745833333333,4.81829166666667,4.252125,5.64375,4.78333333333333,6.83183333333333,8.204625,4.20995833333333,3.43709090909091,4.74545833333333,4.81520833333333,6.09675,4.99708333333333,3.64575,6.47804166666667,8.22629166666667,6.192,4.85854166666667,4.16275,3.27345833333333,2.61208333333333,3.35491666666667,4.4585,4.43795833333333,6.80525
2022-07-29,5.77141666666667,2.92070833333333,7.64341666666667,6.56154166666667,7.55408333333333,4.831,4.32691666666667,4.66491666666667,6.60383333333333,7.03333333333333,6.8485,9.73079166666667,4.78975,7.0552,4.70129166666667,4.489,6.34429166666667,4.52345833333333,4.32291666666667,5.30458333333333,8.80608333333333,6.90358333333333,5.91204166666667,4.777875,2.78708333333333,5.14345833333333,3.891625,4.85208695652174,4.01533333333333,7.66420833333333
2022-07-30,6.47895833333333,3.48958333333333,4.47241666666667,4.97533333333333,3.67141666666667,4.16666666666667,1.99883333333333,4.989125,3.006125,5.24166666666667,6.20579166666667,2.35854166666667,4.89879166666667,4.79558333333333,3.545625,4.17066666666667,3.465,1.65095833333333,4.34258333333333,3.19579166666667,2.328,3.98295833333333,5.70366666666667,5.554125,4.84658333333333,3.294,4.41929166666667,4.851625,1.37579166666667,3.73525
2022-07-31,6.62633333333333,3.349,3.51120833333333,2.464625,2.63741666666667,2.30845833333333,3.594875,2.392,2.585375,0.075,3.675375,1.78854166666667,2.06366666666667,4.584375,2.23079166666667,2.73091666666667,2.785,3.63604166666667,2.370375,4.21583333333333,2.78304166666667,3.36966666666667,3.23116666666667,3.03066666666667,4.04579166666667,1.83166666666667,2.49416666666667,3.11925,3.148625,2.90104166666667
2022-08-01,5.176,5.32825,3.93179166666667,3.59204347826087,3.35104166666667,3.67473913043478,2.87645833333333,2.95216666666667,2.43216666666667,4.075,4.264,2.69558333333333,2.74166666666667,3.33620833333333,3.27533333333333,3.56925,3.92291666666667,2.88216666666667,3.56325,3.97404166666667,3.15058333333333,4.54095833333333,4.37508333333333,3.755875,5.65154166666667,1.75208333333333,5.55720833333333,4.32209090909091,2.21108333333333,3.43266666666667
2022-08-02,4.16979166666667,2.06379166666667,1.85529166666667,2.63954166666667,4.766125,2.02341666666667,3.46604166666667,3.238125,4.26308333333333,4.15833333333333,5.83441666666667,1.213625,2.81445833333333,7.27304166666667,1.73166666666667,3.08283333333333,3.37070833333333,3.10633333333333,3.103375,2.22595833333333,1.04179166666667,2.13258333333333,6.23820833333333,5.37645833333333,2.977625,3.51016666666667,5.00916666666667,5.54845833333333,1.78358333333333,1.83079166666667
2022-08-03,6.36991666666667,2.6066,4.598125,3.1585,5.565,2.83416666666667,3.17157142857143,3.067125,3.47558333333333,2.11666666666667,6.49966666666667,3.061125,2.68379166666667,4.66291666666667,2.76233333333333,3.87195833333333,3.484625,2.83029166666667,2.74758333333333,3.27645833333333,3.79725,2.90379166666667,5.821625,5.646625,3.54183333333333,3.814875,3.56825,7.32620833333333,1.624375,2.739875
2022-08-04,5.27325,3.181,3.5684,4.05170833333333,3.012,3.69465217391304,3.28420833333333,3.8395,2.688625,3.65833333333333,3.93479166666667,2.26995833333333,3.181125,3.55641666666667,3.129875,3.25475,3.524125,2.96772222222222,3.74525,2.86175,3.12204166666667,4.83095833333333,4.43795833333333,4.95579166666667,3.76083333333333,2.65129166666667,3.72541666666667,4.84175,2.04504166666667,3.33829166666667
2022-08-05,3.14954166666667,2.86575,4.86825,4.51075,4.06925,4.32004166666667,4.97541666666667,4.63345833333333,2.75258333333333,5.325,3.03066666666667,4.682625,3.47975,3.22325,3.96920833333333,3.91020833333333,6.38904166666667,4.61775,4.24420833333333,3.74325,5.02854166666667,6.39945833333333,3.184125,3.33329166666667,3.45716666666667,2.482375,3.13683333333333,3.61341666666667,3.25966666666667,4.91741666666667
2022-08-06,5.73608333333333,6.08191666666667,5.01283333333333,6.91825,4.10666666666667,6.95858333333333,4.95383333333333,7.155125,6.22845833333333,7.90833333333333,7.94133333333333,4.47229166666667,6.82383333333333,5.901375,4.916375,5.58766666666667,4.9735,4.68754166666667,7.60316666666667,4.46541666666667,4.183375,8.70095833333333,7.594375,6.012375,6.16641666666667,3.51625,6.25004166666667,5.85783333333333,4.25316666666667,6.57926086956522
2022-08-07,6.767875,4.42129166666667,5.28495833333333,4.19608333333333,4.9735,3.804,3.99179166666667,3.58491666666667,2.91283333333333,6.7,8.59095833333333,3.40620833333333,3.25575,4.46045833333333,4.17633333333333,3.95729166666667,8.67341666666667,3.78145833333333,3.83854166666667,4.776,4.4625,5.11004166666667,6.88675,6.12316666666667,4.5755,3.05429166666667,4.12833333333333,6.500625,3.27233333333333,4.34558333333333
2022-08-08,5.92883333333333,5.87766666666667,7.16091666666667,6.84841666666667,5.43141666666667,4.907625,4.559625,4.93916666666667,4.45845833333333,5.86666666666667,6.51041666666667,4.266875,4.710125,5.72029166666667,4.312125,5.2565,5.9975,4.47825,4.92333333333333,4.60004166666667,4.86925,7.88825,7.44895833333333,6.826875,6.06816666666667,3.42570833333333,4.99581818181818,7.1295,3.62516666666667,7.00170833333333
2022-08-09,4.35829166666667,7.48629166666667,6.581125,8.75991666666667,5.95716666666667,6.64516666666667,4.66,6.23833333333333,5.173,6.28333333333333,5.89633333333333,4.83779166666667,6.40816666666667,4.95870833333333,5.50795652173913,7.20129166666667,5.95029166666667,4.42308333333333,6.02208333333333,4.61270833333333,4.44670833333333,6.52225,6.30508333333333,5.40179166666667,9.07641666666667,4.18833333333333,5.07307692307692,5.88541666666667,3.23120833333333,7.767375
2022-08-10,5.31726086956522,5.35379166666667,8.82083333333333,8.13683333333333,8.467,8.265625,4.95775,4.94408333333333,5.295875,5.2,6.48879166666667,5.64675,5.00095833333333,6.4545,6.367,7.91866666666667,5.38713636363636,4.99904166666667,4.57741666666667,7.95504166666667,9.033,7.993375,6.00233333333333,6.97720833333333,7.848875,5.96995833333333,4.513625,5.52479166666667,3.11816666666667,8.373625
2022-08-11,7.31129166666667,7.39391666666667,9.317,6.86708333333333,8.132875,5.31266666666667,4.813375,4.666875,4.477375,9.24166666666667,8.48075,6.64908333333333,4.708125,9.70829166666667,6.35416666666667,7.83060869565217,7.20520833333333,4.715125,4.55783333333333,7.760375,6.53665,6.09183333333333,9.35125,8.59779166666667,10.4117083333333,5.73695833333333,5.946375,8.31070833333333,2.47554166666667,9.88416666666667
2022-08-12,10.6201666666667,8.54170833333333,7.3575,8.14170833333333,7.60920833333333,6.97220833333333,6.330625,7.48625,7.89895833333333,11.7833333333333,12.8125416666667,6.816,7.52166666666667,13.785375,8.13875,10.6260416666667,5.72520833333333,6.77483333333333,7.07645833333333,7.20908333333333,8.13091666666667,6.22058333333333,10.554375,9.55479166666667,8.87966666666667,6.97025,7.311375,8.011125,7.66995833333333,7.113875
2022-08-13,8.89454166666667,9.47620833333333,7.68579166666667,9.809375,7.21895833333333,9.499875,9.37504166666667,9.001625,9.97058333333333,11.3666666666667,11.6785,8.591875,8.874875,13.473,10.07575,9.59129166666667,9.32204166666667,10.2840416666667,9.50566666666667,6.69320833333333,9.970625,8.75691666666667,10.2634583333333,9.98025,9.264,9.61183333333333,7.28766666666667,9.78175,7.21308333333333,8.4395
2022-08-14,9.56575,13.79425,12.337875,10.0659166666667,10.736125,11.3335833333333,7.3675,8.22020833333333,9.35045833333333,9.90833333333333,9.52533333333333,11.6519583333333,8.55641666666667,10.0079583333333,14.4437916666667,13.413,9.49791666666667,8.16541666666667,10.0629583333333,11.8366666666667,12.8941666666667,10.3065833333333,17.8578333333333,12.526625,12.5385,16.2361666666667,9.25120833333333,14.64225,8.22320833333333,11.8258333333333
2022-08-15,14.2030416666667,23.6755,11.1822916666667,11.2834583333333,9.10566666666667,10.8619583333333,10.9827083333333,9.81441666666667,12.9314583333333,12.95,15.064875,11.2480416666667,9.27283333333333,11.8150833333333,15.3656666666667,14.02025,7.34975,11.9625833333333,10.722375,13.08775,9.36516666666667,14.8409583333333,12.23275,14.1214583333333,20.5425,11.1674583333333,9.62075,15.0667916666667,10.1180416666667,16.3169166666667
2022-08-16,15.73125,14.605,5.61129166666667,16.5685416666667,4.43495833333333,11.802375,2.24845833333333,14.7947083333333,13.0494583333333,12.7,13.4640833333333,6.153,13.5486666666667,8.307875,7.46275,7.30741666666667,5.1445,2.23166666666667,12.9019166666667,8.3805,6.797375,12.500125,14.6896666666667,14.379,19.31225,7.02145833333333,12.5981666666667,12.9030416666667,2.11270833333333,8.2505652173913
2022-08-17,12.3800833333333,5.11108333333333,4.04383333333333,5.15225,3.13483333333333,4.62166666666667,2.68079166666667,3.31166666666667,5.45495833333333,13.9083333333333,17.0338260869565,4.46041666666667,3.40508333333333,6.54095833333333,4.65308333333333,5.48945833333333,5.13770833333333,2.85083333333333,3.377875,4.43008333333333,3.94666666666667,3.98083333333333,19.6974166666667,19.1432083333333,4.767125,4.01833333333333,11.9330416666667,19.322,2.86291304347826,3.47483333333333
2022-08-18,10.7996666666667,4.25320833333333,5.49541666666667,6.20683333333333,5.26820833333333,5.36170833333333,4.3435,6.004375,5.17,6.28333333333333,9.10866666666667,5.45995833333333,5.65558333333333,6.193,5.335125,5.958125,5.189625,4.137375,5.62895833333333,6.19008333333333,5.84477272727273,6.27854166666667,9.44191666666667,8.34508333333333,6.232375,3.970125,5.35679166666667,7.40383333333333,2.57070833333333,4.20175
2022-08-19,4.68741666666667,5.26929166666667,5.76166666666667,4.64629166666667,5.84116666666667,4.33370833333333,4.93029166666667,3.69291666666667,4.39958333333333,3.40833333333333,4.51654166666667,4.06554166666667,3.52595833333333,6.37675,4.64529166666667,5.152375,5.95329166666667,4.92533333333333,4.264,4.28854166666667,4.86245833333333,4.98920833333333,4.34354166666667,3.99675,5.74979166666667,4.90458333333333,3.37170833333333,3.75495833333333,3.10241666666667,4.25808333333333
2022-08-20,4.34845833333333,4.76620833333333,6.790625,5.28108333333333,7.50395833333333,6.09379166666667,4.75633333333333,5.13170833333333,5.4225,1.99166666666667,5.84820833333333,5.18766666666667,5.02358333333333,6.98608333333333,5.41666666666667,6.363,4.90470833333333,4.68458333333333,5.10520833333333,5.42458333333333,6.04375,5.95816666666667,4.68166666666667,4.46645833333333,6.26270833333333,6.279125,4.40266666666667,4.568625,2.94225,5.20929166666667
2022-08-21,5.63383333333333,4.61970833333333,4.33283333333333,5.689875,3.43454166666667,5.25158333333333,4.455625,5.97191666666667,5.16904166666667,4.41739130434783,6.67458333333333,4.658,5.55529166666667,4.654125,5.56404166666667,5.02645833333333,3.79025,4.171625,5.284,3.67720833333333,4.53525,6.08595833333333,6.14783333333333,5.68691666666667,5.635875,3.738375,5.30758333333333,5.81775,3.12491666666667,5.390125
2022-08-22,4.70229166666667,5.909,5.08841666666667,6.02808333333333,4.54195833333333,4.95183333333333,3.82766666666667,4.39966666666667,3.22525,2.24166666666667,5.87475,4.02891666666667,4.06845833333333,3.00120833333333,4.56079166666667,5.930625,3.87870833333333,4.33270833333333,5.458,6.89658333333333,4.199125,5.70458333333333,4.70129166666667,5.283125,7.62579166666667,2.499125,5.193625,8.337375,2.98054166666667,4.56366666666667
2022-08-23,2.3595,3.64483333333333,6.031,5.68683333333333,5.5405,4.95079166666667,4.34654166666667,3.16458333333333,3.75108333333333,1.03333333333333,3.79416666666667,3.57404166666667,2.95221739130435,2.09708333333333,4.269875,4.94091666666667,3.443375,3.83070833333333,4.77683333333333,5.29883333333333,3.69791666666667,4.50079166666667,2.77125,2.40075,6.99675,2.96875,1.82358333333333,2.75266666666667,2.88429166666667,3.16616666666667
2022-08-24,3.333375,2.553125,4.100875,3.0425,3.38745833333333,2.37133333333333,4.0645,2.30345833333333,2.495125,1.61666666666667,2.37029166666667,2.09720833333333,1.81508333333333,2.56775,3.5259,4.866,4.41725,3.20166666666667,2.752625,3.36479166666667,3.05825,2.9845,2.928625,2.59729166666667,3.94470833333333,2.365375,2.53345833333333,3.90825,2.049,2.73595833333333
2022-08-25,4.61083333333333,4.27566666666667,5.36366666666667,6.40141666666667,3.95626086956522,4.29541666666667,4.628375,5.24370833333333,3.27545833333333,8.40833333333333,6.63533333333333,4.05075,4.94991666666667,3.59083333333333,4.70529166666667,5.29670833333333,5.853,4.70220833333333,6.159625,3.68516666666667,4.21191666666667,6.170375,6.08883333333333,5.04425,5.055125,3.584875,4.605625,3.61933333333333,2.88416666666667,4.70320833333333
2022-08-26,7.53841666666667,6.04566666666667,5.37333333333333,5.18966666666667,4.6325,4.750375,4.28454166666667,5.06,4.0155,10.325,5.219125,2.91470833333333,4.2955,3.42183333333333,4.76516666666667,5.005,3.77866666666667,4.39958333333333,7.32804166666667,4.778875,4.72383333333333,6.23429166666667,8.59675,7.54529166666667,5.35766666666667,2.54929166666667,6.20579166666667,6.95366666666667,2.850875,4.375
2022-08-27,5.44804166666667,4.66395833333333,7.32708333333333,7.42545833333333,3.08075,5.422625,3.41595833333333,5.32241666666667,4.585375,8.90833333333333,6.194125,2.64354166666667,5.040375,4.683625,5.60154166666667,5.562125,4.78379166666667,3.09254166666667,4.53020833333333,6.18520833333333,2.71916666666667,9.64229166666667,5.98666666666667,3.92104166666667,4.06641666666667,3.109375,4.25804166666667,3.87779166666667,2.55891666666667,6.17333333333333
2022-08-28,4.42816666666667,4.23458333333333,6.11925,3.978,6.04170833333333,5.42658333333333,4.567625,3.00804166666667,3.90341666666667,5.99166666666667,5.57691666666667,4.26795833333333,3.25766666666667,6.06125,4.17945833333333,4.64820833333333,3.71270833333333,5.24366666666667,2.559,8.56325,5.89920833333333,4.23345833333333,3.51433333333333,3.15554166666667,6.12516666666667,6.30895833333333,2.88520833333333,2.95523076923077,6.37383333333333,4.95670833333333
2022-08-29,3.518125,3.147625,4.55979166666667,3.333375,4.65995833333333,2.814375,4.93904166666667,3.1585,3.39833333333333,4.61666666666667,4.05954166666667,4.71495833333333,3.05129166666667,5.21808333333333,4.21483333333333,3.91520833333333,5.375375,5.8275,2.76345833333333,2.90095833333333,4.15575,3.61245833333333,3.64795833333333,3.2115,3.29504166666667,2.84991666666667,3.53870833333333,3.05327272727273,3.30579166666667,3.34216666666667
2022-08-30,4.21970833333333,5.44125,3.22420833333333,4.21583333333333,3.29504166666667,3.583,2.78004166666667,4.03004166666667,3.69495833333333,7.325,4.95204166666667,3.74320833333333,3.83066666666667,5.7075,3.63404166666667,3.79220833333333,4.934125,3.50525,4.02616666666667,3.16133333333333,2.96091666666667,3.573125,5.21233333333333,3.90625,3.85508333333333,3.204625,3.89158333333333,3.56233333333333,2.53733333333333,3.88166666666667
2022-08-31,3.882625,5.956125,3.690125,6.82979166666667,3.386375,4.82808333333333,3.587,4.91154166666667,4.30133333333333,5.24166666666667,4.65708333333333,5.04233333333333,4.894875,6.65391666666667,5.325375,5.48345833333333,3.80495833333333,3.88770833333333,5.05891666666667,3.35491666666667,4.20116666666667,5.69879166666667,3.860125,3.87575,5.615125,4.512625,3.72841666666667,3.49254166666667,2.68813043478261,4.57741666666667
2022-09-01,7.4675,4.42308333333333,4.43504166666667,5.07375,3.73916666666667,4.07920833333333,4.87820833333333,4.536125,4.18820833333333,7.11666666666667,7.25541666666667,4.90370833333333,4.399625,9.75541666666667,6.35129166666667,6.89766666666667,4.81925,5.58170833333333,4.012375,4.751375,4.77495833333333,5.16518181818182,6.93783333333333,6.63620833333333,4.95091666666667,4.27966666666667,4.74366666666667,5.69966666666667,2.59933333333333,4.68354166666667
2022-09-02,14.0851666666667,8.14175,7.72108333333333,9.23154166666667,7.51979166666667,7.67970833333333,4.027125,8.302875,6.66375,8.53333333333333,11.1812083333333,7.79583333333333,7.38215,13.2842083333333,11.2245416666667,9.34566666666667,9.705125,4.47425,7.81554166666667,5.108125,9.55675,8.36295833333333,12.3035416666667,11.7405,7.58954166666667,8.88270833333333,8.97504166666667,11.375875,2.920625,7.28966666666667
2022-09-03,16.9035,12.1040416666667,14.9037083333333,12.1757916666667,14.1737083333333,10.9266666666667,9.2375,13.1132083333333,8.65775,15.2,15.341,11.2489583333333,12.6376666666667,9.44870833333333,16.2165416666667,14.0282083333333,7.32025,11.60975,15.0817083333333,14.8948333333333,13.0689583333333,14.0575833333333,14.9293333333333,12.210125,13.0710833333333,5.63395833333333,13.57525,12.2603333333333,9.358375,11.854375
2022-09-04,6.40333333333333,7.17479166666667,5.25833333333333,6.82695833333333,5.03245833333333,6.16754166666667,6.3385,6.96554166666667,5.18379166666667,7.28333333333333,6.7945,5.05991666666667,6.83179166666667,8.62820833333333,7.14925,6.86620833333333,3.536875,7.63070833333333,6.67554166666667,15.5670833333333,5.8835,6.75125,9.33958333333333,8.17220833333333,8.469,3.1485,8.24495833333333,7.39479166666667,7.752625,5.692875
2022-09-05,5.44020833333333,5.33229166666667,4.19329166666667,5.18966666666667,4.25604166666667,4.46733333333333,4.657,4.59104166666667,4.58533333333333,4.11666666666667,5.10225,4.13225,4.47916666666667,9.45166666666667,4.90375,5.32433333333333,6.37095833333333,5.55720833333333,4.48495833333333,10.447125,4.59025,5.33416666666667,5.83320833333333,6.31875,6.55570833333333,6.668625,6.809125,6.42204166666667,4.434875,4.25116666666667
2022-09-06,5.36941666666667,4.87708333333333,3.6655,5.009875,3.80316666666667,5.15033333333333,4.77204166666667,4.767125,5.234,4.24166666666667,5.32333333333333,4.395625,4.50375,9.72595833333333,6.18616666666667,7.407625,6.12229166666667,5.98470833333333,5.49333333333333,5.69391666666667,4.812375,5.477625,5.89625,5.35479166666667,5.3727,6.67754166666667,4.6,5.366625,2.48341666666667,4.52925
2022-09-07,6.15670833333333,4.87820833333333,4.55583333333333,5.70258333333333,4.72483333333333,4.66104166666667,5.81670833333333,4.44581818181818,6.4055652173913,3.575,6.72754166666667,4.32365217391304,4.52341666666667,10.8991666666667,5.22208333333333,7.23758333333333,5.966125,6.97329166666667,4.84075,8.27333333333333,5.35875,5.50616666666667,5.342,5.10425,6.841375,6.819,5.056,5.10708333333333,4.05954166666667,4.64620833333333
2022-09-08,6.25291666666667,4.48016666666667,7.21804166666667,5.502125,6.96454166666667,4.752375,6.66375,4.58441666666667,4.34466666666667,2.24166666666667,6.92416666666667,5.90808333333333,4.49983333333333,6.55770833333333,6.90054166666667,7.65825,5.13758333333333,7.993375,4.95544444444444,5.75675,6.56941666666667,6.819125,4.46541666666667,3.89354166666667,6.087875,3.78933333333333,3.578,3.82575,4.41829166666667,5.528625
2022-09-09,3.17220833333333,5.1995,5.24579166666667,10.4255416666667,3.69308333333333,7.464625,3.354,8.65766666666667,2.48433333333333,4.2,3.84929166666667,4.42516666666667,7.90695833333333,5.64570833333333,7.96291666666667,8.648875,4.64041666666667,3.995625,5.59642857142857,5.39265,6.78175,9.09295833333333,5.70754166666667,6.03583333333333,6.30208333333333,3.944625,6.67245833333333,6.41020833333333,3.82170833333333,7.15695833333333
2022-09-10,5.45695833333333,3.605625,2.094125,6.88883333333333,2.19625,4.10875,3.56904166666667,5.13654166666667,3.47975,6.49166666666667,7.48925,3.09058333333333,5.16020833333333,5.36754166666667,4.25220833333333,3.38941666666667,4.87425,4.0675,5.04433333333333,6.883875,3.182,4.668875,8.98191666666667,9.030125,3.74129166666667,3.11416666666667,6.952625,7.75945833333333,2.76241666666667,3.68320833333333
2022-09-11,8.307875,6.709,6.26475,8.59179166666667,7.38804166666667,7.52258333333333,4.020375,6.68725,5.18970833333333,7.325,8.8325,8.54754166666667,6.98120833333333,6.362,7.5325,8.307375,4.84283333333333,4.73075,7.83420833333333,7.682875,9.17354166666667,8.17320833333333,9.626625,8.14658333333333,9.62575,5.14058333333333,4.43795833333333,6.18416666666667,2.59933333333333,7.79579166666667
2022-09-12,5.236,4.30829166666667,4.21579166666667,5.94833333333333,3.08475,4.956875,2.424375,7.9295,6.27766666666667,8.95,8.43941666666667,3.246875,7.861625,5.44616666666667,3.11808333333333,3.38929166666667,3.086625,2.40566666666667,6.76395833333333,3.07133333333333,3.31079166666667,6.26483333333333,7.29170833333333,5.52091666666667,5.88154166666667,3.66941666666667,8.19875,4.951875,1.34941666666667,4.283625
2022-09-13,4.79370833333333,2.80275,4.05166666666667,6.38970833333333,2.69454166666667,6.45245833333333,3.59279166666667,3.82658333333333,4.995,5.28333333333333,7.899,3.12604166666667,3.99954166666667,5.47070833333333,5.15033333333333,5.5975,7.37965217391304,3.48270833333333,3.637,2.97013333333333,2.64833333333333,5.31345833333333,6.14804166666667,5.00495833333333,2.77216666666667,2.94225,4.204,5.0325,2.241625,3.96220833333333
2022-09-14,4.12866666666667,5.97495833333333,5.35675,8.27933333333333,3.448375,6.69029166666667,3.092625,8.245875,6.60870833333333,6.90833333333333,5.63095833333333,3.33145,7.44416666666667,4.54891666666667,6.1095,7.49508333333333,2.927375,2.91475,6.42,4.83304166666667,3.50625,6.136,5.77045833333333,5.28604166666667,7.748625,3.25183333333333,5.682,4.93030434782609,2.03825,4.809375
2022-09-15,7.94420833333333,3.66641666666667,3.37066666666667,6.54095833333333,2.7545,4.69729166666667,2.67583333333333,4.7505,2.83995833333333,6.15833333333333,4.47125,3.445375,3.80016666666667,4.10766666666667,3.36375,3.69891666666667,3.56920833333333,2.589375,4.64725,2.67395833333333,3.364875,4.76904166666667,7.98354166666667,7.65633333333333,4.02804166666667,2.838,5.75070833333333,6.93395833333333,1.23829166666667,3.376625
2022-09-16,3.57708333333333,3.48270833333333,3.53379166666667,2.80554166666667,1.87304166666667,2.57675,2.01266666666667,3.40308333333333,1.911375,5.03333333333333,2.83125,1.994875,2.154125,3.17604166666667,2.51858333333333,4.55383333333333,3.1015,2.22379166666667,2.87933333333333,2.87441666666667,2.22570833333333,4.030125,3.12504166666667,2.675,3.27241666666667,2.69258333333333,3.00016666666667,2.89195833333333,0.913916666666667,2.30058333333333
2022-09-17,3.74408333333333,2.343875,3.02575,3.02375,2.84883333333333,3.0995,2.371375,3.82779166666667,2.59433333333333,6.45,5.27016666666667,2.156125,2.63766666666667,3.327375,1.96941666666667,2.42729166666667,3.07791666666667,1.89175,3.52691666666667,1.870125,1.9595,6.268625,3.74220833333333,2.847875,2.37716666666667,2.22683333333333,2.42333333333333,2.91966666666667,0.985666666666667,4.31020833333333
2022-09-18,3.22533333333333,2.011625,2.49316666666667,2.65720833333333,2.454875,2.06770833333333,1.64716666666667,3.116125,2.6475,5.78333333333333,3.33541666666667,2.22383333333333,2.281875,3.22725,2.350625,4.720875,2.54420833333333,1.51145833333333,2.28870833333333,2.55795833333333,2.153125,3.645875,4.20604166666667,2.70345833333333,2.634625,2.1955,2.023375,2.13054166666667,1.07216666666667,2.13541666666667
2022-09-19,3.33725,3.55945833333333,5.189625,4.5755,4.13620833333333,6.3955,4.33175,3.94754166666667,3.43166666666667,5.45,3.80995833333333,2.27495833333333,3.81591666666667,2.850875,4.87816666666667,4.694375,6.65691666666667,4.49208333333333,6.19004166666667,4.153875,4.02220833333333,5.906125,3.3845,2.938375,5.447125,4.09991666666667,2.60416666666667,2.956875,2.194375,4.08808333333333
2022-09-20,4.24920833333333,6.50358333333333,7.15120833333333,5.887375,5.95025,7.0775,6.93508333333333,5.45595833333333,6.44366666666667,NA,5.1495,4.20104166666667,5.505125,4.813375,5.26241666666667,8.59279166666667,10,6.98708333333333,7.65729166666667,5.88833333333333,5.26925,7.05591666666667,5.56204166666667,5.49929166666667,7.20529166666667,4.94979166666667,5.29195833333333,5.26245833333333,5.22504166666667,6.968375
2022-09-21,5.88154166666667,7.31625,10.0895,8.37266666666667,7.66125,8.848375,6.45741666666667,6.71879166666667,8.69604166666667,6,8.112375,5.51691666666667,6.72954166666667,5.40695833333333,6.43970833333333,9.50483333333333,7.332,6.90558333333333,8.92008333333333,6.39345833333333,5.519875,8.01695833333333,7.69666666666667,14.2873333333333,10.1396666666667,5.0315,6.20679166666667,5.23983333333333,4.68841666666667,6.46033333333333
2022-09-22,5.861875,6.77866666666667,8.53475,9.926375,5.668375,8.92595833333333,3.38341666666667,6.52029166666667,7.44304166666667,7.36666666666667,9.354375,5.56504166666667,6.2225,6.433875,8.54666666666667,10.7655833333333,4.580375,3.34708333333333,8.85325,6.29829166666667,5.86970833333333,11.6087083333333,7.48429166666667,5.82542857142857,10.4755833333333,4.49783333333333,6.79341666666667,6.62058333333333,1.72954166666667,8.02379166666667
2022-09-23,6.54679166666667,6.88191666666667,5.23879166666667,6.09866666666667,2.95,5.41779166666667,3.80808333333333,5.7725,2.50495833333333,7.15833333333333,5.095375,3.100375,4.75429166666667,3.57904166666667,4.14895833333333,4.66391666666667,5.11783333333333,3.50520833333333,6.85133333333333,3.15633333333333,3.51429166666667,7.59041666666667,7.80666666666667,7.68670833333333,8.63316666666667,2.39875,8.93466666666667,7.92179166666667,1.57716666666667,3.98591666666667
2022-09-24,3.71466666666667,5.930625,4.67375,4.52841666666667,6.311875,4.30620833333333,3.41683333333333,4.76020833333333,2.320125,5.2,4.35533333333333,3.58691666666667,4.16670833333333,3.03270833333333,4.23045833333333,3.4945,3.45716666666667,3.356875,4.504625,3.98495833333333,3.85129166666667,5.79295833333333,4.65420833333333,3.87875,4.35254166666667,2.27891666666667,3.45416666666667,3.21645833333333,1.32895652173913,4.16375
2022-09-25,3.01579166666667,3.01695833333333,4.83891666666667,4.64820833333333,5.50916666666667,4.49879166666667,4.300375,4.1265,3.350125,4.575,3.7235,2.82429166666667,3.87475,3.35504166666667,3.16045833333333,3.10716666666667,4.266875,3.70483333333333,4.01041666666667,2.418625,3.569125,5.82554166666667,4.46154166666667,3.45425,3.22220833333333,2.45,3.04841666666667,3.06408333333333,2.04890476190476,5.00595833333333
2022-09-26,3.37258333333333,3.98091666666667,5.832375,4.89579166666667,6.476,3.6645,5.38416666666667,4.20995833333333,3.7755,5.36666666666667,4.2885,5.4925,3.64483333333333,5.75966666666667,4.39170833333333,4.44870833333333,8.638,5.461875,4.27579166666667,4.48508333333333,6.88779166666667,5.391,4.005625,4.21770833333333,4.46841666666667,5.703625,3.87770833333333,4.15383333333333,3.66945833333333,4.38195833333333
2022-09-27,3.50629166666667,2.94325,4.92725,5.29330434782609,4.02129166666667,3.46208333333333,3.15654166666667,4.215875,5.71258333333333,4.65833333333333,6.372875,3.89358333333333,3.55245833333333,6.79345833333333,3.15933333333333,3.34120833333333,6.233375,2.79195833333333,4.24241666666667,2.90379166666667,4.36520833333333,4.89875,3.87983333333333,3.25234782608696,3.16616666666667,7.54529166666667,2.84,2.758625,1.877,3.64095833333333
2022-09-28,3.96620833333333,2.277,2.96583333333333,3.95545833333333,2.186625,2.96479166666667,2.18941666666667,3.76083333333333,2.48916666666667,5.99166666666667,4.14316666666667,1.910375,2.83604166666667,3.753,1.76,2.02345833333333,2.84491666666667,1.85345833333333,5.70754166666667,2.49604166666667,2.57575,5.27316666666667,5.25945833333333,4.38879166666667,2.210125,2.37925,3.32741666666667,3.65083333333333,1.14191666666667,2.142375
2022-09-29,5.38233333333333,5.65554166666667,5.07283333333333,6.51241666666667,4.253125,4.07541666666667,6.42204166666667,4.72579166666667,3.59770833333333,7.24166666666667,5.17004166666667,3.979,3.81483333333333,3.82466666666667,5.76358333333333,5.45208333333333,5.98858333333333,6.85041666666667,5.507125,9.11958333333333,4.82420833333333,5.21029166666667,7.51579166666667,5.82258333333333,6.78870833333333,2.90883333333333,3.77358333333333,5.44716666666667,5.81366666666667,4.707125
2022-09-30,7.11940909090909,4.610875,7.42733333333333,7.84095833333333,7.50591666666667,5.55433333333333,4.48104166666667,4.92045833333333,5.25945833333333,7.15833333333333,7.51970833333333,4.92916666666667,4.76816666666667,6.29420833333333,6.41804166666667,6.7365,3.898375,4.54704166666667,5.78633333333333,5.65641666666667,6.09675,7.99541666666667,7.42141666666667,5.54833333333333,6.79841666666667,4.57358333333333,4.408375,5.025625,3.0985,6.41316666666667
2022-10-01,NA,4.14795833333333,7.09716666666667,4.89791666666667,7.8165,4.32195833333333,5.36066666666667,4.61675,6.72670833333333,5.36666666666667,7.32708333333333,4.587375,4.38483333333333,9.47225,4.5175,4.215875,NA,5.16808333333333,4.45258333333333,3.26654166666667,5.171,4.78291666666667,6.092625,5.3125,4.87720833333333,6.61358333333333,4.13520833333333,5.23095833333333,3.04345833333333,4.02316666666667
2022-10-02,NA,5.36654166666667,6.89666666666667,6.56145833333333,6.1605,6.41316666666667,4.94504166666667,6.63525,4.60983333333333,7.325,6.2855,5.159125,6.08583333333333,3.586,6.18016666666667,6.17241666666667,NA,4.80541666666667,7.05295833333333,4.49879166666667,6.288375,6.90941666666667,7.1895,5.88633333333333,5.58270833333333,4.53825,5.163125,8.7775,3.2095,5.890375
2022-10-03,NA,6.02495833333333,5.97679166666667,7.84604166666667,5.87166666666667,7.237625,3.01495833333333,5.5945,4.33670833333333,8.99166666666667,6.7842,4.57645833333333,5.52866666666667,4.09191666666667,6.44466666666667,6.75216666666667,NA,3.36283333333333,7.06070833333333,5.27625,5.361625,7.451875,9.32379166666667,7.04608333333333,8.2695,3.29108333333333,5.84516666666667,7.041,2.51875,5.88941666666667
2022-10-04,NA,3.19479166666667,2.73683333333333,4.04975,3.07695833333333,2.98158333333333,3.375625,3.073875,3.26741666666667,2.61666666666667,3.38933333333333,1.48391666666667,2.56395833333333,4.90570833333333,2.928375,4.41341666666667,NA,3.18691666666667,4.07925,2.57275,1.36495833333333,3.08570833333333,4.02129166666667,3.99870833333333,4.438875,2.26804166666667,3.70779166666667,4.45266666666667,1.021,2.11779166666667
2022-10-05,NA,1.87016666666667,3.03258333333333,2.97175,4.125375,2.305375,2.95316666666667,2.91566666666667,4.56366666666667,3.37391304347826,5.67020833333333,1.58016666666667,2.78295833333333,8.215375,1.659875,3.17316666666667,NA,2.603125,3.23216666666667,1.43679166666667,2.380125,2.229875,3.785375,3.51825,2.98245833333333,2.61216666666667,2.96279166666667,4.269,1.1655,1.71579166666667
2022-10-06,NA,4.24829166666667,7.50108333333333,5.86975,9.834,4.96566666666667,6.23925,5.23683333333333,6.5645,5.99166666666667,7.492125,4.569625,4.96075,7.87154166666667,4.28075,5.26833333333333,NA,5.740875,5.69770833333333,4.98133333333333,5.02354166666667,5.09833333333333,6.41504166666667,5.53275,5.47075,7.0165,5.341,5.90229166666667,3.063125,4.451625
2022-10-07,NA,3.4955,5.58975,4.54504166666667,7.86458333333333,3.407125,4.83695833333333,3.671375,6.29936363636364,2.53333333333333,5.90995833333333,3.38641666666667,3.34420833333333,7.26033333333333,3.477875,4.2315,NA,4.13220833333333,4.153875,3.348125,4.70520833333333,3.69391666666667,4.67379166666667,4.21879166666667,4.2915,5.47083333333333,3.449375,4.33179166666667,2.105875,3.30983333333333
2022-10-08,NA,4.75825,7.028375,8.03945833333333,6.24504166666667,7.422375,4.46933333333333,4.58733333333333,6.444625,8.28333333333333,6.772875,5.58583333333333,5.74283333333333,6.5595,7.167875,6.51541666666667,NA,3.79716666666667,5.874625,3.75195833333333,6.23141666666667,6.500625,7.240625,5.84925,5.20058333333333,5.15041666666667,3.58691666666667,4.77395833333333,2.4775,5.76166666666667
2022-10-09,NA,4.100875,5.25658333333333,6.23829166666667,5.13170833333333,6.14295833333333,4.28470833333333,4.76125,6.060375,8.99166666666667,7.42641666666667,5.04925,4.61579166666667,5.72125,5.77833333333333,7.86366666666667,NA,4.137125,4.59604166666667,5.61816666666667,5.392125,7.3055,7.21704166666667,5.28595833333333,5.21716666666667,4.38291666666667,4.32291666666667,5.0285,2.59833333333333,5.54645833333333
2022-10-10,NA,4.7395,7.163,7.52263636363636,6.84841666666667,7.02433333333333,5.66145833333333,6.41416666666667,4.99116666666667,8.95,7.29175,6.760125,5.72729166666667,6.501625,6.06529166666667,6.76595833333333,NA,5.279125,7.08041666666667,5.23691666666667,7.34475,8.11525,6.91429166666667,5.91691666666667,5.658375,5.95325,4.97733333333333,5.352875,3.769625,6.66279166666667
2022-10-11,NA,7.28779166666667,7.84104166666667,11.200875,6.136125,11.6932083333333,5.008,7.765375,8.00904166666667,12.1583333333333,11.544875,7.78508333333333,9.54704166666667,7.849875,7.65733333333333,9.35441666666667,NA,4.32779166666667,11.1065833333333,4.84666666666667,7.10504166666667,9.224625,9.88208333333333,7.4715,8.50433333333333,5.972875,6.258875,6.40933333333333,2.67595833333333,7.01854166666667
2022-10-12,5.38516666666667,6.19204166666667,6.713875,9.13529166666667,6.243125,7.56483333333333,5.03058333333333,7.066625,8.6705,9.61666666666667,8.76775,5.6545,7.56195833333333,6.314875,6.97425,9.26691666666667,NA,4.581375,8.30091666666667,5.02845833333333,5.58579166666667,8.70970833333333,8.32154166666667,6.988125,8.26758333333333,3.88858333333333,6.9855,6.91441666666667,2.612,6.53895833333333
2022-10-13,2.60516666666667,7.27891666666667,7.086375,9.4595,6.23520833333333,9.029125,5.95516666666667,9.09308333333333,8.91216666666667,7.65833333333333,5.76054166666667,7.06275,9.81716666666667,3.65079166666667,7.37420833333333,10.33625,9.46390909090909,5.51883333333333,9.89983333333333,5.74983333333333,7.86066666666667,9.14208333333333,7.217,5.345875,6.30020833333333,4.60629166666667,6.97054166666667,5.06,2.99033333333333,8.27333333333333
2022-10-14,5.60645833333333,6.401375,5.967,7.63458333333333,5.27020833333333,7.605125,3.63204166666667,6.46725,4.95791666666667,9.78333333333333,9.11166666666667,3.636,6.07116666666667,3.497625,6.35425,6.5115,5.71733333333333,3.463125,8.55358333333333,4.48895833333333,4.940125,6.60979166666667,7.16595833333333,8.10345833333333,9.15591666666667,3.1535,7.32020833333333,8.69004166666667,1.60379166666667,4.63933333333333
2022-10-15,4.594125,4.22854166666667,3.54370833333333,4.85554166666667,4.76616666666667,4.19820833333333,2.50979166666667,4.26591666666667,4.74454166666667,5.2,7.61008333333333,3.14658333333333,4.48020833333333,6.93208333333333,3.73533333333333,4.52441666666667,3.5525,2.337875,4.29545833333333,4.50775,3.13683333333333,4.24325,5.027625,4.70516666666667,5.07370833333333,4.95675,5.81375,4.397625,1.18520833333333,3.05925
2022-10-16,5.88641666666667,4.06733333333333,3.919125,3.99858333333333,4.51845833333333,3.524,14.4211666666667,3.78829166666667,4.384875,5.28333333333333,6.58016666666667,6.29520833333333,3.75291666666667,8.12791666666667,3.23795833333333,3.48066666666667,5.056,3.84141666666667,3.71375,3.74320833333333,3.26070833333333,3.743125,5.912125,5.48941666666667,4.03408333333333,4.04775,4.57945833333333,5.57383333333333,2.22391666666667,3.20654166666667
2022-10-17,6.52704166666667,3.71383333333333,5.60341666666667,6.04558333333333,7.44204166666667,5.46875,3.61390909090909,5.07475,6.54183333333333,6.825,9.23545833333333,5.12683333333333,4.93225,8.01591666666667,4.17258333333333,5.94645833333333,5.03145833333333,3.78286956521739,5.59258333333333,4.645375,5.22208333333333,5.37925,6.33254166666667,5.51395833333333,4.83195833333333,5.993625,4.284625,5.77425,2.44875,5.10620833333333
2022-10-18,5.66929166666667,4.33766666666667,6.90070833333333,7.23175,6.25891666666667,5.432375,3.046375,4.86820833333333,4.90770833333333,10.075,7.76241666666667,6.12425,5.0335,8.44354166666667,8.35983333333333,8.519125,8.468,3.409,6.62454166666667,3.63308333333333,7.165875,6.27554166666667,7.06754166666667,5.7695,5.23895833333333,4.18725,4.28466666666667,4.45954166666667,2.10691666666667,5.22908333333333
2022-10-19,11.5419166666667,7.73491666666667,4.85458333333333,6.44070833333333,4.748375,4.58729166666667,3.24395833333333,5.88154166666667,8.14366666666667,9.90833333333333,9.401625,6.45345833333333,5.505125,14.116625,5.85008333333333,5.57083333333333,7.08465217391304,3.600625,4.77791666666667,5.57683333333333,4.71016666666667,5.12379166666667,10.89225,9.242375,6.11441666666667,7.335,5.42266666666667,7.05979166666667,2.91170833333333,4.74733333333333
2022-10-20,7.36545833333333,10.2614583333333,14.9382083333333,14.1686666666667,13.7855,9.85170833333333,4.92925,11.7374583333333,9.17058333333333,10.1166666666667,8.01304166666667,21.0280416666667,11.361125,6.88583333333333,9.98829166666667,10.5307083333333,15.1877916666667,5.529625,12.6150833333333,9.35729166666667,21.69025,15.5042083333333,10.4442083333333,8.081875,12.2003333333333,7.725,9.801625,8.08470833333333,3.12395833333333,15.838375
2022-10-21,7.722125,7.67791666666667,6.971375,6.29420833333333,7.03320833333333,5.78025,5.16120833333333,5.59854166666667,5.84508333333333,7.86666666666667,9.13920833333333,7.06175,5.71741666666667,13.8925,7.67395833333333,8.16729166666667,10.9434166666667,5.83829166666667,6.35525,10.3243333333333,7.33104166666667,7.05975,7.66904166666667,6.67954166666667,10.0727916666667,6.86429166666667,6.45054166666667,7.14929166666667,4.14908333333333,5.333125
2022-10-22,6.199875,4.62570833333333,4.882125,5.814625,5.77733333333333,5.1455,7.99225,9.99525,6.43179166666667,5.86666666666667,7.22783333333333,5.63391666666667,4.42620833333333,9.24041666666667,6.33658333333333,5.636875,6.73458333333333,8.76670833333333,4.76316666666667,5.75666666666667,4.77304166666667,5.85108333333333,5.62508333333333,5.25166666666667,5.47470833333333,5.93258333333333,4.43395833333333,5.47670833333333,4.890875,5.32033333333333
2022-10-23,5.8235,7.297625,5.74391666666667,5.445125,6.129125,5.33516666666667,3.85016666666667,4.34941666666667,4.13325,4.78333333333333,5.73604166666667,5.44620833333333,4.30241666666667,6.90745833333333,8.06895833333333,7.24054166666667,7.971625,4.27191666666667,4.27966666666667,9.24329166666667,6.33066666666667,5.98566666666667,5.41283333333333,5.04620833333333,7.46770833333333,4.92725,4.48125,6.116375,3.02783333333333,5.65158333333333
2022-10-24,5.27620833333333,4.24820833333333,6.655,4.6335,6.68045833333333,4.5175,4.71120833333333,3.75,3.899375,5.575,5.44608333333333,4.33470833333333,3.39333333333333,7.06179166666667,3.49454166666667,4.86833333333333,5.89833333333333,4.78483333333333,4.01733333333333,5.967,4.338625,3.82183333333333,4.060625,3.85316666666667,5.49633333333333,3.75395833333333,2.74470833333333,4.32504166666667,2.18754166666667,3.77458333333333
2022-10-25,4.714125,6.282375,4.22175,5.52975,4.48408333333333,4.46741666666667,3.28629166666667,4.0645,4.39666666666667,4.78333333333333,5.698625,4.01329166666667,3.69491666666667,7.34283333333333,4.57945833333333,4.74454166666667,4.99616666666667,3.17508333333333,4.1805,4.61679166666667,4.07820833333333,5.12675,4.93320833333333,4.10270833333333,6.31591666666667,4.15870833333333,3.68416666666667,4.45454166666667,2.23670833333333,3.921
2022-10-26,6.101625,5.14054166666667,5.56604166666667,7.88433333333333,6.54883333333333,6.22554166666667,3.77558333333333,6.5095,8.15058333333333,6.74166666666667,9.33279166666667,5.62891666666667,6.09666666666667,14.2965,5.78708333333333,6.26579166666667,5.279125,3.81779166666667,6.58808333333333,6.13208333333333,5.490375,6.38966666666667,6.57633333333333,5.51595833333333,6.02804166666667,10.424625,5.37141666666667,5.89125,2.81054166666667,5.44229166666667
2022-10-27,8.84829166666667,6.418125,6.14583333333333,8.52308333333333,6.345375,7.53433333333333,3.93775,7.32520833333333,6.82008333333333,6.825,8.49254166666667,6.05741666666667,7.11579166666667,8.60645833333333,7.54816666666667,8.49945833333333,8.263625,4.17258333333333,7.99129166666667,10.6869583333333,6.504625,8.05241666666667,7.88520833333333,6.94675,7.951,5.54741666666667,5.52683333333333,7.86075,3.254625,6.40529166666667
2022-10-28,9.62566666666667,5.263375,4.8585,6.22745833333333,5.54541666666667,4.97058333333333,5.09433333333333,5.56508333333333,5.56408333333333,7.99166666666667,8.42391304347826,4.97841666666667,5.07183333333333,8.65958333333333,5.29675,6.402375,5.93654166666667,4.82716666666667,5.772375,6.50158333333333,5.26441666666667,5.191625,9.47325,8.13291666666667,6.51833333333333,6.68441666666667,6.34245833333333,8.36104166666667,3.01208333333333,4.86741666666667
2022-10-29,11.3247916666667,6.13995833333333,5.74391666666667,7.92841666666667,5.60333333333333,6.428875,5.33904166666667,6.18025,7.13545833333333,8.825,10.628,6.089875,6.04458333333333,10.8284583333333,13.352125,11.2215,8.47491666666667,5.79404166666667,6.19108333333333,9.81820833333333,6.66970833333333,7.83220833333333,11.3247083333333,10.648625,7.41179166666667,7.04508333333333,8.84441666666667,10.95825,4.04391666666667,6.74433333333333
2022-10-30,4.367125,4.77495833333333,5.61425,6.57229166666667,5.111125,5.71941666666667,4.8585,5.75470833333333,6.66275,6.49166666666667,7.85783333333333,5.167,5.851125,12.9157083333333,5.59054166666667,5.78125,6.626375,4.2915,5.59558333333333,6.30891666666667,5.44620833333333,5.98566666666667,5.17691666666667,4.37495833333333,5.32529166666667,7.68675,5.09433333333333,5.37833333333333,2.92941666666667,5.00495833333333
2022-10-31,7.08725,9.25108333333333,6.11833333333333,9.17258333333333,5.449125,7.40279166666667,4.49883333333333,6.21658333333333,5.517,5.48571428571429,7.21704166666667,6.218625,6.04266666666667,8.116125,7.17383333333333,7.64054166666667,9.045875,4.914625,6.69708333333333,7.81158333333333,5.81575,7.10404166666667,6.706,6.55658333333333,9.675875,5.733125,6.66758333333333,7.43716666666667,3.34525,5.95416666666667
2022-11-01,8.83845833333333,4.427125,4.96266666666667,4.06741666666667,5.36845833333333,3.13191666666667,5.96416666666667,2.80070833333333,4.57845833333333,3.49166666666667,7.97083333333333,4.252125,3.05120833333333,8.41204166666667,3.62233333333333,5.00583333333333,6.628375,5.52870833333333,3.952375,6.09283333333333,3.71470833333333,3.97104166666667,5.23979166666667,5.36870833333333,6.33358333333333,4.09879166666667,3.35295833333333,5.73120833333333,3.39720833333333,4.18445833333333
2022-11-02,7.12858333333333,3.89941666666667,5.42854166666667,5.7105,6.64308333333333,4.81133333333333,3.93970833333333,4.54995833333333,7.23075,5.49166666666667,7.92252173913043,5.37833333333333,4.635375,11.1605833333333,4.59120833333333,6.886875,5.137625,3.927875,5.76170833333333,4.10479166666667,6.40241666666667,5.513,6.23441666666667,5.75179166666667,4.78875,8.37166666666667,4.29741666666667,6.532125,2.554125,4.952875
2022-11-03,4.28070833333333,10.2902173913043,8.28816666666667,7.783,6.541,8.6105,6.46433333333333,5.24766666666667,4.22279166666667,4.49166666666667,3.82179166666667,5.95233333333333,4.95870833333333,5.51891666666667,9.79266666666667,12.0361666666667,7.442,6.24704166666667,7.75554166666667,5.89820833333333,7.13941666666667,9.78391666666667,4.12745833333333,5.06875,14.271,4.10083333333333,2.25633333333333,3.65570833333333,3.21541666666667,8.76083333333333
2022-11-04,7.051,6.45729166666667,9.97833333333333,10.3606666666667,5.03641666666667,7.74366666666667,6.00725,9.327875,9.835875,12.075,7.77816666666667,4.546125,9.89295833333333,6.01416666666667,7.58266666666667,6.9625,7.39191666666667,5.44229166666667,13.2410833333333,3.56529166666667,5.63195833333333,9.48708333333333,12.1266666666667,10.38525,8.69995833333333,2.82133333333333,6.98216666666667,7.03225,2.24654166666667,8.317625
2022-11-05,7.23175,10.89925,25.565125,12.8185,13.7245,15.8600416666667,9.32783333333333,6.97541666666667,25.6644583333333,6.61666666666667,9.43695833333333,9.61783333333333,10.7065,7.81545833333333,11.367,14.9626666666667,9.90766666666667,11.6049583333333,20.5002916666667,12.2425416666667,15.662375,15.83925,6.33645833333333,7.12858333333333,18.71275,4.83491666666667,6.412,7.03320833333333,3.04729166666667,21.713
2022-11-06,5.320375,12.9550833333333,14.5067083333333,10.41675,19.8134166666667,14.5637083333333,5.136625,7.23866666666667,21.404375,3.11666666666667,5.05608333333333,8.93391666666667,8.766875,8.64295833333333,10.95425,12.6720416666667,5.4865,5.22895833333333,11.2490833333333,20.913,10.7007083333333,13.2429166666667,3.35691666666667,3.181,18.8100833333333,6.17145833333333,4.08904166666667,3.745,4.144125,10.074875
2022-11-07,8.22633333333333,5.52858333333333,5.6565,7.106,5.74975,6.14591666666667,4.84966666666667,6.418125,8.69895833333333,4.03333333333333,10.661375,6.06429166666667,6.133125,14.9106666666667,5.81366666666667,8.02583333333333,7.84108333333333,5.29191666666667,7.25341666666667,6.2235,5.80683333333333,6.26470833333333,7.54725,6.39445833333333,6.65,10.9945416666667,5.88825,7.57179166666667,2.96195833333333,5.24470833333333
2022-11-08,6.66858333333333,3.560375,3.36579166666667,4.32979166666667,4.40654166666667,3.51720833333333,3.07483333333333,4.25416666666667,5.92570833333333,4.90833333333333,8.440375,3.78833333333333,4.50766666666667,11.0102083333333,2.99929166666667,6.49545454545455,4.36029166666667,3.05325,5.12479166666667,3.46395833333333,3.49445833333333,3.60358333333333,6.19504166666667,5.56208333333333,4.08220833333333,6.42895833333333,4.856625,6.54391666666667,1.93504166666667,2.84695833333333
2022-11-09,6.06225,3.95929166666667,5.37945833333333,4.69833333333333,7.027375,4.42908333333333,5.38241666666667,3.98591666666667,4.62658333333333,4.575,6.40145833333333,3.85316666666667,3.81883333333333,7.675,3.76775,5.37529166666667,5.434375,4.99908333333333,6.01229166666667,4.2945,4.49483333333333,4.4555,4.343625,3.86979166666667,5.42258333333333,4.69141666666667,3.89558333333333,4.09195833333333,2.72416666666667,3.94754166666667
2022-11-10,5.668375,3.075875,2.43159090909091,4.11258333333333,5.69691304347826,3.5015,4.70520833333333,3.33425,3.8935,5.33636363636364,6.13316666666667,1.475125,3.759875,6.76504166666667,2.489125,3.24591666666667,4.07829166666667,4.37695833333333,5.11504166666667,2.73483333333333,1.59204166666667,2.62483333333333,5.50308333333333,4.97945833333333,3.7225,4.000625,3.852125,5.193625,2.46854166666667,1.43670833333333
2022-11-11,9.53820833333333,2.63570833333333,2.98554166666667,4.63045833333333,3.86795833333333,3.6635,5.83241666666667,3.68508333333333,4.98620833333333,5.36666666666667,7.95983333333333,2.86958333333333,3.60266666666667,7.74758333333333,3.70970833333333,4.11541666666667,4.553,5.57,3.76083333333333,1.47308333333333,2.20026086956522,4.68754166666667,5.86483333333333,5.52083333333333,4.22754166666667,6.07995833333333,4.2935,6.302,2.2515,3.229125
2022-11-12,9.92029166666667,10.5936666666667,8.70775,10.9365,9.81529166666667,10.5387083333333,4.90266666666667,9.44966666666667,9.72975,12.075,11.6392083333333,10.5484166666667,9.52541666666667,10.8412083333333,14.8537083333333,13.332375,8.30979166666667,5.175875,10.221125,12.4165,9.73375,12.0549583333333,14.78775,10.797,13.0247916666667,8.126125,10.7164166666667,10.1435,3.14566666666667,9.40745833333333
2022-11-13,11.3846666666667,12.65625,12.4509583333333,15.9140416666667,12.4755,13.6361666666667,9.50870833333333,13.3667916666667,13.601625,14.2416666666667,14.3652916666667,16.3238333333333,13.3854583333333,12.028375,16.4780833333333,16.6225416666667,11.8199583333333,10.8785833333333,12.7054583333333,18.1967916666667,15.1955833333333,14.7120833333333,13.930875,12.6984583333333,13.3176666666667,11.1154583333333,11.1006666666667,13.8955416666667,7.666125,13.4502916666667
2022-11-14,9.45675,18.053375,14.4242916666667,15.6163333333333,11.9683333333333,14.5877083333333,8.79716666666667,13.6134583333333,9.87425,13.8666666666667,11.314,13.867,13.6605833333333,6.15566666666667,17.7712727272727,20.25365,6.0565,9.94883333333333,14.56375,24.060625,14.317125,16.2372083333333,14.2650416666667,13.79625,21.5861666666667,4.99025,14.5559166666667,11.5527916666667,9.25508333333333,13.5850416666667
2022-11-15,4.93429166666667,4.97058333333333,4.46258333333333,3.49841666666667,5.21220833333333,3.13975,4.16283333333333,2.49116666666667,3.55841666666667,2.575,5.36166666666667,5.48941666666667,2.63075,5.89429166666667,5.28308333333333,5.79991666666667,9.48808333333333,4.87525,2.95508333333333,7.22783333333333,5.9365,5.245625,4.01725,3.67333333333333,5.4285,3.24495833333333,2.98441666666667,4.78679166666667,3.361,4.56370833333333
2022-11-16,5.888375,5.750875,7.2395,4.034125,7.36645833333333,4.782875,4.47525,2.99541666666667,3.32245833333333,3.325,4.501875,6.55958333333333,2.90883333333333,5.163125,6.56745833333333,6.486,7.07058333333333,4.9185,2.88665217391304,9.14508333333333,6.60483333333333,6.14077272727273,3.34520833333333,3.53483333333333,4.159875,3.47295833333333,2.68183333333333,4.246375,3.60745833333333,5.35966666666667
2022-11-17,3.5475,6.572375,3.724375,4.637,4.08804166666667,2.1345,4.372125,3.58283333333333,2.95795833333333,4.53333333333333,3.36279166666667,4.65216666666667,3.13354545454545,4.156875,2.64054166666667,2.87145833333333,9.15395833333333,4.59216666666667,2.04308333333333,10.089375,5.32929166666667,4.40445833333333,3.53383333333333,3.13879166666667,7.31525,2.89016666666667,2.54025,3.38925,2.819375,3.84045833333333
2022-11-18,3.57125,3.25391666666667,3.90633333333333,4.454625,4.433,2.42041666666667,2.13941666666667,3.96329166666667,4.66491666666667,6.24166666666667,6.27170833333333,2.42469565217391,4.08525,7.880375,2.16295833333333,2.23858333333333,5.53370833333333,1.32475,3.07879166666667,4.42208333333333,4.41916666666667,3.576125,3.77758333333333,3.70975,3.68616666666667,3.355,2.75654166666667,3.15745833333333,0.663458333333333,2.9194347826087
2022-11-19,7.247375,6.90454166666667,7.30358333333333,8.84629166666667,6.697125,10.3912083333333,3.11029166666667,7.83216666666667,8.4955,12.075,12.0765416666667,7.40866666666667,8.36875,6.18229166666667,7.327125,6.02695833333333,6.09279166666667,3.33033333333333,9.1825,7.18745833333333,7.28975,9.13529166666667,8.01491666666667,9.67170833333333,6.34041666666667,3.08479166666667,6.948625,8.50733333333333,1.66275,8.41108333333333
2022-11-20,7.10891666666667,6.06908333333333,5.70170833333333,5.54841666666667,6.05345833333333,5.75466666666667,4.15991666666667,5.031375,8.12008333333333,10.7416666666667,7.75958333333333,5.31054166666667,6.5115,9.330875,7.435125,6.72470833333333,8.48275,5.42558333333333,5.691875,8.11825,6.43383333333333,5.815625,7.19729166666667,6.33158333333333,6.94483333333333,6.75016666666667,6.20779166666667,5.35770833333333,2.52854166666667,5.71941666666667
2022-11-21,6.12425,6.26370833333333,5.838375,5.45016666666667,5.68391666666667,7.47445833333333,3.23016666666667,4.62466666666667,6.55966666666667,5.90833333333333,7.5905,6.60870833333333,4.54304166666667,6.93783333333333,6.4555,5.50808333333333,7.22908333333333,3.71866666666667,4.435875,4.37591666666667,5.53566666666667,4.941,5.04329166666667,4.596125,7.436125,5.44033333333333,3.61341666666667,5.150375,2.36054166666667,5.15733333333333
2022-11-22,4.26291666666667,5.85408333333333,5.38529166666667,8.844375,4.89091666666667,7.20620833333333,7.03125,6.18904166666667,8.55541666666667,8.61666666666667,4.0635,5.89141666666667,6.004375,7.22091666666667,6.42491666666667,6.01320833333333,7.637625,7.56591666666667,9.099875,7.236625,6.97433333333333,8.690125,4.99616666666667,4.76025,6.588125,2.83242857142857,4.81145833333333,3.83354166666667,2.578625,6.66866666666667
2022-11-23,7.11970833333333,6.36791666666667,4.72195833333333,4.98033333333333,5.9955,4.97533333333333,4.58333333333333,4.041,5.74108333333333,9.90833333333333,7.18275,5.023625,4.098875,9.373,5.97283333333333,8.68629166666667,5.30658333333333,4.83779166666667,6.15766666666667,6.83866666666667,5.13558333333333,5.53458333333333,6.66679166666667,5.99054166666667,7.18858333333333,5.84133333333333,4.71608333333333,6.27858333333333,2.663125,4.42220833333333
2022-11-24,8.67533333333333,5.51491666666667,5.563125,7.15125,6.058375,6.31391666666667,5.637,6.228375,8.80991666666667,7.15833333333333,10.61525,5.76154166666667,6.47216666666667,12.6457391304348,6.04754166666667,9.383875,7.732,6.14879166666667,7.39583333333333,6.30308333333333,6.36991666666667,6.903625,7.81845833333333,6.987125,6.04266666666667,9.40554166666667,5.834375,8.17916666666667,4.16370833333333,5.60533333333333
2022-11-25,8.186,5.165125,8.3275,6.72866666666667,8.792375,6.19016666666667,6.71679166666667,5.74095833333333,7.156125,8.99166666666667,10.0727916666667,7.4105,6.24116666666667,11.9585,5.55229166666667,6.94970833333333,8.974,6.4455,5.61125,5.968125,6.50945833333333,6.17341666666667,8.754,8.16441666666667,6.72466666666667,6.58125,6.33358333333333,7.87441666666667,3.371625,5.38229166666667
2022-11-26,6.60091666666667,6.53204166666667,6.00720833333333,6.897625,5.35083333333333,6.251125,3.13770833333333,5.91979166666667,6.981125,7.2,8.17125,5.288875,5.92679166666667,14.4645,6.68145833333333,6.939,6.97825,3.31370833333333,5.98075,7.54225,5.67516666666667,6.871125,7.02829166666667,7.15804166666667,7.326125,6.79254166666667,6.483875,7.69858333333333,2.507,5.96304166666667
2022-11-27,4.84675,7.937375,12.8627083333333,13.178125,13.5751666666667,11.071125,7.92545833333333,10.393125,14.21475,NA,9.59916666666667,14.0537083333333,9.41720833333333,17.8950416666667,13.4590833333333,12.3113333333333,8.76683333333333,8.65854166666667,11.4631666666667,12.279875,14.228625,14.45075,4.0605,4.90558333333333,9.41145833333333,11.091875,3.997625,4.430125,5.93175,13.203625
2022-11-28,6.25879166666667,10.75575,11.632375,11.8760416666667,11.01325,11.490875,7.425375,9.98929166666667,7.22983333333333,22.7777777777778,8.53191666666667,8.77258333333333,8.73433333333333,6.59208333333333,11.082,13.1094583333333,14.0665416666667,7.618,11.2411666666667,12.9373333333333,14.0536666666667,12.8725416666667,8.14858333333333,8.39925,14.6727916666667,3.47579166666667,7.71325,7.164,2.72595833333333,10.84125
2022-11-29,10.9415416666667,11.01325,15.6958333333333,13.7932916666667,17.25425,10.5552916666667,7.80966666666667,11.1900833333333,6.004375,10.6666666666667,14.0704166666667,11.3523333333333,10.9188333333333,13.643875,12.2897916666667,16.1448333333333,14.249375,9.00354166666667,12.4370833333333,10.6918333333333,17.0687083333333,13.1526666666667,13.8287916666667,11.7795833333333,10.89625,6.05645833333333,7.93533333333333,8.40520833333333,3.560375,13.928875
2022-11-30,12.122625,11.7551666666667,12.74,15.5021666666667,15.2427916666667,14.7288333333333,7.29266666666667,14.3651666666667,15.3017916666667,23.2083333333333,16.5185,8.67133333333333,14.1598333333333,13.8709166666667,14.4861666666667,15.6151666666667,10.2428333333333,7.56783333333333,15.5885833333333,12.85475,11.2942083333333,11.9320833333333,17.283875,12.6414583333333,13.7087083333333,10.682125,10.5227916666667,10.605375,3.21745833333333,11.8799583333333
2022-12-01,11.38175,21.0438333333333,24.826125,19.331875,23.2744583333333,20.681125,6.362125,14.625625,11.4416666666667,15.25,13.2352083333333,12.428375,14.884125,30.4560416666667,16.364,19.4988333333333,7.966875,7.06470833333333,20.2409166666667,20.802,17.1560416666667,24.1088333333333,16.273625,13.7352083333333,26.282625,14.1303333333333,16.916375,13.217375,3.687125,20.032625
2022-12-02,10.84125,15.5385,17.8214583333333,18.3265416666667,18.9319166666667,22.0598333333333,12.9540833333333,14.8949166666667,8.41395833333333,9.16666666666667,12.7850416666667,14.797625,13.7255416666667,20.6712916666667,16.700125,20.56025,15.4599166666667,14.0930416666667,19.098,13.847375,16.5714583333333,17.7270833333333,12.7437916666667,11.204875,19.3417083333333,7.849875,10.3518333333333,10.3184583333333,7.78116666666667,23.2420416666667
2022-12-03,16.4613333333333,3.80120833333333,6.368875,6.37491666666667,5.55529166666667,5.36558333333333,6.34141666666667,6.23433333333333,7.45870833333333,10.0833333333333,11.3719166666667,10.336125,5.65154166666667,13.800125,6.936,5.29970833333333,9.33683333333333,6.808125,5.34979166666667,3.80308333333333,8.848375,6.15866666666667,13.0700416666667,12.7615,3.913125,6.55179166666667,7.88420833333333,12.82525,3.16908333333333,8.276375
2022-12-04,16.1145,5.36354166666667,5.69083333333333,10.2968333333333,4.88204166666667,7.20325,2.96970833333333,10.33425,10.9139583333333,14.9583333333333,16.932,9.17454166666667,9.86641666666667,19.7151666666667,7.93233333333333,6.02991666666667,5.27133333333333,3.05625,9.07825,5.43541666666667,6.89675,6.80816666666667,17.3545416666667,16.099875,5.683125,7.8775,13.3600416666667,16.21275,2.87645833333333,7.06666666666667
2022-12-05,11.4485,5.00095833333333,4.93416666666667,8.106375,5.01570833333333,6.22545833333333,3.847375,7.79691666666667,7.73875,8.54166666666667,12.9325,8.26958333333333,6.82108333333333,16.2108333333333,5.83820833333333,5.11891666666667,4.310125,3.86408333333333,6.65,3.87483333333333,6.25204166666667,5.81275,10.5739583333333,8.63516666666667,4.83991666666667,6.04266666666667,7.17770833333333,6.54,2.111875,5.30958333333333
2022-12-06,6.7905,3.38929166666667,7.84195833333333,7.08429166666667,4.76020833333333,6.357125,11.3276666666667,7.03229166666667,5.95808333333333,6.20833333333333,7.54429166666667,5.27116666666667,6.01516666666667,10.2672916666667,4.49883333333333,4.50954166666667,5.77929166666667,9.78279166666667,6.31983333333333,3.74216666666667,5.86679166666667,8.99179166666667,7.35066666666667,9.40954166666667,4.49483333333333,4.471375,4.86933333333333,6.34229166666667,1.75895833333333,5.36958333333333
2022-12-07,12.0549583333333,3.754875,15.5759166666667,10.9394166666667,6.88083333333333,10.6279583333333,7.125625,12.7840416666667,11.9095,13.4166666666667,13.48275,6.20175,11.9976086956522,14.9361666666667,4.94695833333333,5.14141666666667,5.33120833333333,5.82745833333333,10.672125,3.161375,8.24379166666667,16.7188333333333,12.1620833333333,10.6742083333333,9.58829166666667,5.119,6.85241666666667,8.99179166666667,1.73545833333333,14.645375
2022-12-08,18.9622916666667,4.13516666666667,14.0704166666667,12.6710416666667,19.6738333333333,16.0192083333333,6.65195833333333,16.1655,9.331875,16.6666666666667,16.6509583333333,7.779,15.3086666666667,28.7305,5.60441666666667,5.93554166666667,12.2170416666667,6.436625,18.0120833333333,3.80108333333333,12.043125,22.9708333333333,20.0000833333333,14.2600833333333,7.21108333333333,2.45183333333333,9.82016666666667,10.3056666666667,2.822375,22.60525
2022-12-09,18.7177083333333,8.133875,14.4909166666667,14.8506666666667,16.9065416666667,14.3701666666667,8.087625,19.261125,12.28375,23.5416666666667,23.4837916666667,5.76858333333333,18.9250416666667,16.7120833333333,6.19995833333333,7.60325,15.9787916666667,6.51733333333333,16.49775,4.52041666666667,5.61125,12.6652916666667,26.5920833333333,19.8389583333333,9.59620833333333,2.38204166666667,14.6875416666667,13.6410833333333,2.85479166666667,15.5819583333333
2022-12-10,23.1880416666667,17.6523333333333,11.197,13.2359166666667,9.77795833333333,14.1559583333333,10.1237916666667,12.9797083333333,11.189,24.375,38.3138333333333,7.59129166666667,13.1044583333333,27.40675,12.4067083333333,13.7088333333333,11.827,10.3970416666667,15.6879166666667,14.072375,8.903375,9.52533333333333,19.3986666666667,24.8528333333333,18.758,2.45966666666667,17.0185833333333,19.869375,3.32445833333333,7.83120833333333
2022-12-11,13.6164583333333,20.9581666666667,14.349625,27.5285833333333,12.4175833333333,26.7021666666667,5.42254166666667,18.930875,24.257,24.125,26.6629166666667,22.8951666666667,18.434625,17.1060416666667,17.62575,19.3535,14.3170833333333,5.50425,18.751,8.73633333333333,23.0367083333333,24.5932083333333,24.9764583333333,31.0487083333333,22.9639166666667,4.04970833333333,22.7664166666667,21.5891666666667,2.65133333333333,20.64375
2022-12-12,11.6155833333333,16.1311666666667,16.8259583333333,20.975,22.8047916666667,21.5262083333333,9.38975,19.1962083333333,NA,18.8333333333333,15.9581666666667,22.5462916666667,17.958,19.853625,28.8228333333333,29.9627083333333,25.250625,10.0718333333333,18.4021666666667,14.381,28.6203333333333,23.697,14.5835,13.8031666666667,18.378625,13.150625,12.162375,10.225125,2.17566666666667,21.5194166666667
2022-12-13,12.6534583333333,20.8089166666667,23.73925,23.6547916666667,24.9558333333333,21.0575416666667,13.62825,21.0909583333333,21.9576923076923,20.9583333333333,18.238125,28.26375,19.7268333333333,20.9522916666667,27.29675,29.852625,23.2282916666667,15.076625,20.4176666666667,23.9850416666667,24.1500416666667,23.2410833333333,19.7012916666667,12.7987083333333,30.8305,15.6211666666667,21.9752916666667,7.17379166666667,3.502375,21.2401666666667
2022-12-14,14.6404166666667,11.276625,14.509625,24.9293333333333,13.126,21.8445833333333,12.296625,21.8024583333333,19.76325,17.25,19.3858333333333,16.3984166666667,19.2110416666667,12.9463333333333,12.427375,12.5364583333333,6.630375,11.80825,15.920875,4.580375,16.8535,21.411375,17.3822083333333,13.554375,10.6142916666667,12.3035,14.1942916666667,13.11525,2.92758333333333,24.151
2022-12-15,13.1083333333333,6.205875,19.693375,13.3265416666667,19.5265,15.3410416666667,9.06054166666667,24.0715,7.16883333333333,20.2916666666667,16.1969583333333,10.1346666666667,19.1106666666667,9.07925,10.959125,9.08804166666667,12.6523333333333,9.43204166666667,16.4347083333333,4.84379166666667,19.9262916666667,22.83725,14.6187916666667,10.8354166666667,6.73154166666667,4.094875,13.5584583333333,9.432125,1.89658333333333,31.87425
2022-12-16,21.2482083333333,12.620875,18.1762916666667,17.86275,25.3470833333333,23.7912916666667,6.60183333333333,27.5119583333333,24.5135,35.25,34.59925,9.985375,25.1868333333333,19.4310833333333,12.4430416666667,13.68125,12.2132083333333,6.32866666666667,24.1794583333333,7.25533333333333,19.4359583333333,22.4322916666667,29.9765833333333,25.2477083333333,16.005375,3.072875,22.443125,16.3237916666667,1.83866666666667,17.6040833333333
2022-12-17,18.536875,10.0914583333333,6.82783333333333,11.5055833333333,5.00795833333333,12.2976666666667,4.21979166666667,12.1953333333333,20.865,36.5,30.2575,6.139,13.3757083333333,46.3179583333333,9.94991666666667,11.3237083333333,20.4157916666667,4.153875,10.971875,9.01241666666667,5.81266666666667,15.3164583333333,15.90425,13.8374583333333,13.6999166666667,2.1,14.0635416666667,12.9532083333333,3.21833333333333,9.47233333333333
2022-12-18,11.9762916666667,14.3013333333333,8.58595833333333,12.7673333333333,10.934625,13.020875,7.19729166666667,11.9948333333333,9.016375,13.2916666666667,11.4052916666667,13.2440416666667,11.5674583333333,14.7023333333333,16.44075,16.0319166666667,13.5112083333333,7.821375,14.1519583333333,15.7449583333333,12.4067083333333,14.1962083333333,15.0472083333333,14.7238333333333,14.7789583333333,5.037375,13.4866666666667,15.182875,5.2525,11.311875
2022-12-19,6.26479166666667,1.96829166666667,2.57875,2.66904166666667,3.8975,2.27604166666667,3.70866666666667,1.63820833333333,3.572125,1.58333333333333,8.10545833333333,2.14525,1.53895833333333,20.2890833333333,2.078375,2.42633333333333,5.78420833333333,4.01033333333333,2.51283333333333,4.39266666666667,2.48516666666667,2.7005,4.088125,4.435,2.94520833333333,6.26641666666667,2.46666666666667,6.93695833333333,0.939458333333333,2.319125
2022-12-20,7.48133333333333,4.94016666666667,6.33258333333333,6.78758333333333,8.75504166666667,6.53620833333333,6.821,5.94541666666667,7.78016666666667,4.45833333333333,13.03875,8.1575,5.50116666666667,11.935,5.73608333333333,6.502625,7.94225,6.95454166666667,6.70991666666667,6.93008333333333,6.76108333333333,6.348375,7.69658333333333,6.47420833333333,6.36095833333333,7.29854166666667,4.699375,6.74729166666667,4.81233333333333,5.60925
2022-12-21,6.34533333333333,4.84579166666667,5.745,6.01904166666667,8.39329166666667,5.763625,5.8835,5.62895833333333,8.3235,4.58333333333333,6.888875,5.21820833333333,4.68854166666667,11.688375,4.97741666666667,5.566125,7.87441666666667,5.60041666666667,4.58341666666667,5.06483333333333,5.70666666666667,5.64170833333333,8.43154166666667,7.66425,6.22145833333333,4.67679166666667,4.98733333333333,6.52129166666667,3.147625,4.390625
2022-12-22,8.56525,11.4269583333333,10.310625,9.41633333333333,11.5714166666667,10.40975,4.5715,7.378125,5.14833333333333,5.125,9.13816666666667,9.623625,7.803625,13.6832916666667,11.6382083333333,12.1669583333333,10.3125833333333,5.33516666666667,7.789,7.80183333333333,10.1375416666667,9.77104166666667,8.67933333333333,8.85516666666667,14.4989583333333,2.429125,6.90833333333333,7.37516666666667,2.84295833333333,8.02679166666667
2022-12-23,8.96620833333333,9.83691666666667,9.771,9.61483333333333,10.7055833333333,9.60695833333333,3.321625,8.546625,7.448875,3.95833333333333,7.266125,13.20075,8.52695833333333,13.984,10.9827083333333,8.96820833333333,12.2622083333333,3.69395833333333,7.48116666666667,5.6525,10.455,9.97545833333333,4.55191666666667,4.50866666666667,10.863875,7.02441666666667,6.154625,6.194,1.49558333333333,10.286
2022-12-24,10.3853333333333,7.027375,6.87891666666667,7.14333333333333,8.04920833333333,6.95370833333333,3.846375,6.69225,8.63808333333333,4.25,10.87175,6.43279166666667,7.24958333333333,23.68825,6.91233333333333,6.95166666666667,7.444125,4.4085,6.54766666666667,7.47066666666667,6.78754166666667,8.04933333333333,9.08025,9.04095833333333,8.51029166666667,9.54504166666667,7.406625,8.93270833333333,2.51279166666667,6.68920833333333
2022-12-25,3.18595833333333,4.83579166666667,5.253625,5.41079166666667,5.14254166666667,5.30358333333333,3.184875,4.376,5.91295833333333,3.125,4.86433333333333,6.31970833333333,5.21416666666667,9.25508333333333,5.2575,4.9715,5.47458333333333,3.41291666666667,4.25616666666667,5.27020833333333,5.59170833333333,5.4835,3.30991666666667,4.21583333333333,5.25058333333333,8.36475,3.37566666666667,3.63908333333333,1.6765,5.61820833333333
2022-12-26,4.09304166666667,2.99529166666667,4.33970833333333,3.295125,5.85795833333333,3.77766666666667,2.38320833333333,3.046375,6.7905,4.5,4.40754166666667,3.10233333333333,3.54758333333333,4.75425,2.96775,2.98845833333333,4.99016666666667,2.27095833333333,3.38241666666667,2.577625,4.68854166666667,3.858125,3.53379166666667,3.51420833333333,3.16033333333333,3.21741666666667,2.728,3.52016666666667,1.17725,3.55841666666667
2022-12-27,5.03733333333333,2.78683333333333,3.96625,3.582,4.947,3.65758333333333,4.5,2.928375,5.10616666666667,2.58333333333333,5.648625,2.55408333333333,3.11416666666667,8.09358333333333,2.87145833333333,3.67533333333333,7.638625,5.066875,3.04741666666667,4.35141666666667,3.247875,3.53579166666667,3.82079166666667,4.1805,3.615375,3.69008333333333,2.79083333333333,4.496,1.74820833333333,3.45225
2022-12-28,6.124125,2.95295833333333,4.944,3.77858333333333,7.34583333333333,3.474875,3.02775,3.15154166666667,6.08691666666667,1.625,5.98958333333333,4.16070833333333,3.15254166666667,11.6962916666667,3.31379166666667,3.68816666666667,6.585125,3.25670833333333,3.05620833333333,5.39608333333333,4.436875,3.822625,2.68470833333333,2.75658333333333,3.746125,6.66283333333333,1.84941666666667,3.808,1.75025,3.79729166666667
2022-12-29,7.94716666666667,3.48858333333333,6.287375,4.54004166666667,7.64454166666667,4.35725,2.96675,5.33216666666667,6.06033333333333,4.83333333333333,7.23666666666667,3.73441666666667,4.34758333333333,8.91808333333333,3.33525,3.39025,5.48641666666667,3.04445833333333,4.24433333333333,2.34483333333333,4.48508333333333,4.57641666666667,5.80583333333333,5.44520833333333,4.1835,5.65841666666667,3.7255,5.83141666666667,1.45041666666667,3.87579166666667
2022-12-30,7.335875,4.19129166666667,5.26058333333333,4.63841666666667,6.890875,4.50370833333333,2.79675,4.30529166666667,6.01325,3.29166666666667,6.61454166666667,4.509625,4.29641666666667,9.31608333333333,4.47429166666667,4.563625,4.453625,2.84983333333333,4.01433333333333,3.75491666666667,4.96858333333333,5.50020833333333,4.170625,4.04675,4.8625,7.46954166666667,3.06804166666667,5.43433333333333,1.191125,4.89191666666667
2022-12-31,9.56475,4.297375,3.95241666666667,4.52141666666667,4.27570833333333,4.97554166666667,4.30729166666667,3.0375,4.64229166666667,3.5,10.7192916666667,3.87675,4.239375,9.77308333333333,4.21791666666667,4.877125,9.19225,4.90279166666667,3.48866666666667,3.2075,3.71858333333333,4.76133333333333,6.289375,6.002375,5.795,6.87704166666667,3.04941666666667,6.72858333333333,2.06275,4.67470833333333
