"date","EB","IMGM","PRES","BIRR","BLC2","BOTR","GHSR","LEAM","NPT3","REA1","SOUT","WREX","LEAR","PLYM","SHDG","SHE","BEL2","GLKP","LECU","SUN2","TRAN","STOK","BEX","SEND","HUL2","PEMB","WFEN","OSY","ACTH","COPP"
2023-01-01,7.11475,5.055125,3.40129166666667,6.57725,4.619625,6.52229166666667,2.221,5.4855,8.32254166666667,6.125,10.04825,5.32733333333333,5.30475,10.579875,4.69433333333333,4.53129166666667,7.24641666666667,2.20733333333333,5.50904166666667,2.59233333333333,3.344125,5.52679166666667,7.908875,6.58716666666667,5.60933333333333,9.58916666666667,5.73120833333333,7.36345833333333,1.22833333333333,5.58475
2023-01-02,7.170875,6.01325,5.71554166666667,8.092625,6.656875,6.66175,3.31179166666667,5.20533333333333,9.817375,9.66666666666667,10.1768333333333,7.7555,5.80679166666667,6.66575,6.09375,6.57533333333333,15.1150833333333,3.54841666666667,6.12320833333333,3.08775,5.79804166666667,5.61816666666667,7.33508333333333,6.68241666666667,6.31395833333333,2.93341666666667,4.199125,4.68058333333333,1.268625,6.419125
2023-01-03,6.54766666666667,5.0905,3.45625,4.70908333333333,5.21320833333333,4.514625,2.73491666666667,3.90525,7.27004166666667,6.875,8.359875,4.19316666666667,3.64479166666667,12.074625,6.40041666666667,8.37575,4.0605,3.01791666666667,4.19916666666667,8.96520833333333,3.98883333333333,4.85358333333333,6.37966666666667,4.84083333333333,6.21954166666667,5.36375,4.66404166666667,5.56504166666667,1.27945833333333,3.456125
2023-01-04,10.55625,3.74908333333333,8.34704166666667,5.36175,12.31525,4.641375,3.70875,4.9735,11.7807083333333,7.91666666666667,10.4490833333333,4.758875,4.94695833333333,15.608375,3.65575,4.09008333333333,5.336125,3.38533333333333,4.25908333333333,2.93141666666667,5.35479166666667,4.98560869565217,6.37975,5.72720833333333,4.148,14.4349583333333,6.14291666666667,6.89270833333333,1.79833333333333,4.07329166666667
2023-01-05,8.526,4.39183333333333,6.516375,5.686,7.19341666666667,4.62266666666667,3.82370833333333,5.53954166666667,6.15375,4.38461538461539,8.8345,4.64033333333333,5.11595833333333,9.28958333333333,3.58108333333333,4.15470833333333,7.622875,3.87579166666667,5.10229166666667,3.48575,4.30529166666667,4.85366666666667,7.295625,6.86525,5.45691666666667,8.85533333333333,6.49279166666667,8.26154166666667,1.55379166666667,3.87583333333333
2023-01-06,3.95745833333333,3.25858333333333,5.9405,8.59866666666667,6.87686956521739,3.77758333333333,5.70370833333333,2.71633333333333,4.21679166666667,2.5,4.22966666666667,4.48891666666667,3.14966666666667,8.54866666666667,4.53716666666667,4.90881818181818,7.68575,5.69875,2.99729166666667,5.786125,4.47029166666667,4.644375,2.264125,2.25241666666667,4.62466666666667,4.61183333333333,2.40670833333333,2.92745833333333,3.336375,3.7825
2023-01-07,7.19341666666667,2.6995,2.265125,3.150625,2.917625,2.63866666666667,3.02570833333333,3.20075,5.02270833333333,3.625,7.77420833333333,2.65533333333333,3.636,12.0617083333333,2.11383333333333,2.31529166666667,4.718,3.08279166666667,2.77525,2.90491666666667,2.53641666666667,3.012,5.34195833333333,4.9725,2.9285,6.06033333333333,3.469,6.6805,1.85441666666667,2.32320833333333
2023-01-08,7.408625,3.96620833333333,3.08783333333333,4.090125,4.143125,3.80208333333333,6.47508333333333,3.630125,4.282625,2.95833333333333,5.81958333333333,3.66558333333333,4.04683333333333,6.641125,3.31475,3.01691666666667,7.55904166666667,6.77475,3.85220833333333,3.79225,3.263625,3.93766666666667,5.26333333333333,5.565125,4.70529166666667,4.460625,3.25975,6.62345833333333,4.22175,3.40020833333333
2023-01-09,4.92920833333333,4.95379166666667,8.18491666666667,5.81466666666667,9.29054166666667,4.92541666666667,3.27341666666667,4.93716666666667,6.30108333333333,4.54166666666667,6.59295833333333,4.92941666666667,4.86641666666667,8.32645833333333,4.65791666666667,4.76404166666667,5.82841666666667,3.45320833333333,5.06883333333333,3.604625,7.842,5.46095833333333,5.01970833333333,4.49683333333333,6.23725,7.29566666666667,4.01825,4.45254166666667,1.90154166666667,4.73575
2023-01-10,7.54429166666667,4.058625,5.397,4.738625,7.29454166666667,4.16770833333333,4.21383333333333,4.10866666666667,6.815,4.46153846153846,9.552,3.745,3.86791666666667,12.3723333333333,3.442375,4.25808333333333,4.61875,4.65108333333333,4.49483333333333,4.23945833333333,4.08904166666667,4.33475,5.786125,5.70370833333333,4.77004166666667,7.37225,4.47820833333333,7.013625,2.334875,3.33045833333333
2023-01-11,10.7074583333333,4.714125,8.22133333333333,4.80341666666667,9.813375,4.89879166666667,6.55175,4.68079166666667,8.133875,NA,8.100375,5.355875,4.24916666666667,13.7904166666667,4.78983333333333,6.02704166666667,6.57833333333333,6.513375,4.45570833333333,4.53820833333333,6.215625,5.840125,5.7115,5.25658333333333,6.46325,8.964375,4.472375,5.98854166666667,3.79229166666667,5.18379166666667
2023-01-12,10.964,4.10970833333333,8.11029166666667,4.90183333333333,10.3970416666667,6.07220833333333,5.55525,4.39475,6.89466666666667,NA,7.86470833333333,5.88233333333333,4.16183333333333,12.2799583333333,4.22266666666667,5.18770833333333,7.365375,5.53958333333333,4.42895833333333,3.61633333333333,6.1595,6.64995833333333,5.31441666666667,5.07075,4.64829166666667,9.42120833333333,3.83645833333333,5.71541666666667,2.921625,5.22216666666667
2023-01-13,8.7595,4.84770833333333,8.95254166666667,6.29529166666667,10.4688333333333,5.21629166666667,3.66945833333333,5.71141666666667,8.26841666666667,7.5,9.12745833333333,5.87570833333333,5.67420833333333,10.454,4.94908333333333,4.96566666666667,5.30666666666667,3.46004166666667,5.76070833333333,3.32945833333333,8.34916666666667,6.12520833333333,7.41595652173913,6.60675,5.20741666666667,7.7485652173913,4.96854166666667,6.59783333333333,1.80320833333333,5.49920833333333
2023-01-14,NA,2.91370833333333,4.74158333333333,2.614,5.58379166666667,2.582625,2.05683333333333,2.345875,4.02125,2.91666666666667,4.93225,2.558,2.389,8.21829166666667,2.50979166666667,4.27675,3.36075,1.88883333333333,2.57266666666667,3.70083333333333,3.68416666666667,3.007125,3.64770833333333,3.6065,3.468,3.54175,2.62675,4.48208333333333,0.724333333333333,2.5865
2023-01-15,NA,3.90033333333333,6.996,4.25808333333333,8.37954166666667,3.79325,4.27279166666667,4.63345833333333,6.61958333333333,4.45833333333333,4.74058333333333,11.1429166666667,4.99704166666667,5.20825,6.21479166666667,7.82341666666667,4.87325,3.966125,4.49583333333333,3.91520833333333,6.92716666666667,3.684125,4.39470833333333,4.09495833333333,5.62979166666667,5.790125,3.67929166666667,4.157875,1.66475,3.639125
2023-01-16,NA,6.10158333333333,6.370875,7.88229166666667,4.363125,7.901,2.45279166666667,7.155125,7.88533333333333,7.45833333333333,5.794125,5.63970833333333,7.28783333333333,5.63866666666667,5.98658333333333,8.191875,4.585375,2.22195833333333,7.86266666666667,3.80108333333333,6.52425,8.47579166666667,6.08883333333333,4.82316666666667,8.357,3.7244347826087,6.30308333333333,3.73520833333333,1.38958333333333,4.86925
2023-01-17,NA,8.61941666666667,9.81529166666667,8.36283333333333,8.20854166666667,11.5724166666667,2.775,9.39466666666667,10.4362173913043,18.75,14.3957083333333,2.62091666666667,9.33766666666667,6.34533333333333,4.70329166666667,7.248375,4.44870833333333,1.86125,11.4515416666667,1.80716666666667,3.55741666666667,9.07341666666667,16.163625,11.8967083333333,8.61673913043478,2.77108333333333,9.10083333333333,9.087125,0.885583333333333,5.35183333333333
2023-01-18,NA,4.38678260869565,5.97579166666667,5.34304166666667,4.36233333333333,5.21716666666667,3.65866666666667,5.46875,4.99416666666667,9.83333333333333,8.1605,4.12929166666667,5.67895833333333,6.03770833333333,3.70483333333333,4.639375,5.06391666666667,3.36866666666667,6.17041666666667,3.17269565217391,4.52354166666667,6.35616666666667,9.01354166666667,9.83504166666667,4.52245833333333,2.84391666666667,6.63429166666667,7.68375,2.11775,4.03108333333333
2023-01-19,NA,6.05641666666667,5.188625,6.863375,4.22858333333333,5.28104166666667,3.789375,5.95120833333333,5.6297,10.0833333333333,11.212625,4.25808333333333,6.31016666666667,9.471375,5.37829166666667,6.22058333333333,7.86570833333333,3.128,6.86520833333333,2.5885,4.19320833333333,5.38825,8.61245833333333,9.48708333333333,6.41225,3.43466666666667,6.78945833333333,7.963875,1.697125,4.229625
2023-01-20,NA,7.16104166666667,9.116625,8.82483333333333,7.93141666666667,7.73879166666667,6.79454166666667,7.99333333333333,12.1373076923077,8.66666666666667,8.28025,10.4678333333333,8.70295833333333,12.1473913043478,8.13495833333333,5.69479166666667,12.5206666666667,6.78570833333333,7.71225,7.67504166666667,10.60925,9.84775,6.89470833333333,5.91491666666667,9.3475,4.074375,5.13775,5.07470833333333,2.79483333333333,11.3355833333333
2023-01-21,NA,21.290375,13.6517916666667,23.6184583333333,15.4667916666667,26.2423333333333,6.80133333333333,25.41275,17.8125833333333,17.4166666666667,22.8165416666667,15.7744583333333,24.8939583333333,14.7877916666667,19.5421666666667,21.81225,7.15895833333333,7.1875,23.1152083333333,14.4182916666667,20.6448333333333,18.9043333333333,19.6502916666667,19.73675,22.6386666666667,8.68320833333333,14.1362083333333,15.52975,2.327125,25.336375
2023-01-22,NA,16.9301666666667,16.401375,22.267125,19.2875833333333,28.7451666666667,2.979625,23.8219166666667,25.7853333333333,40.2916666666667,33.435625,19.90875,26.1185,6.47220833333333,19.5942083333333,23.334375,5.31654166666667,3.06991666666667,19.128375,25.2202083333333,19.6090416666667,20.8176666666667,32.2249166666667,15.7537916666667,18.875,5.41675,23.68525,14.7957083333333,3.842375,19.186375
2023-01-23,NA,12.28975,19.6148333333333,23.4156363636364,22.1885833333333,21.338625,3.462125,18.1556666666667,25.2624583333333,42.9473684210526,24.3230833333333,23.9575,18.50925,13.277375,25.5515,25.86875,8.159375,3.45425,19.9706666666667,21.15475,23.83075,27.0195,28.1369583333333,13.3262173913043,13.9868333333333,14.2021666666667,18.534875,13.6597083333333,2.08633333333333,23.720625
2023-01-24,NA,21.7295833333333,21.6569583333333,26.830875,19.8349166666667,27.0520416666667,6.13508333333333,28.7247083333333,26.41325,42.2222222222222,25.619375,15.3509166666667,27.40375,22.1021666666667,12.6504583333333,22.8125833333333,10.2055,6.27754166666667,27.7232083333333,10.4805416666667,25.44725,34.0263333333333,14.8074583333333,14.5744545454545,28.2135,18.79825,21.566625,13.259625,2.50295833333333,20.9051666666667
2023-01-25,13.7547,12.0577916666667,9.45854166666667,9.495875,8.02770833333333,9.47816666666667,5.85659090909091,12.300625,17.551125,25.4583333333333,28.2204583333333,6.57616666666667,11.2795,14.235625,5.49425,10.0315416666667,7.77654166666667,5.85783333333333,13.5042916666667,3.67929166666667,9.58445833333333,9.68458333333333,22.6573333333333,20.2280833333333,11.3915,7.237625,16.0740833333333,16.4643333333333,3.08566666666667,8.19975
2023-01-26,4.6275,6.23133333333333,6.48095833333333,8.59466666666667,4.479125,4.72826086956522,6.158625,5.95516666666667,6.31395833333333,5.5,6.56554166666667,5.33904166666667,5.14158333333333,6.48691666666667,4.85466666666667,4.70033333333333,7.040125,6.66021739130435,5.19170833333333,3.98108333333333,5.55233333333333,10.2251818181818,7.02445833333333,6.35208333333333,6.17333333333333,4.23841666666667,5.64575,5.733125,1.96633333333333,7.116875
2023-01-27,4.33704166666667,7.282,6.43666666666667,8.73233333333333,5.243625,8.64295833333333,8.120125,8.24404166666667,10.005875,5.91666666666667,10.0944166666667,8.74908333333333,7.239625,6.91529166666667,6.55466666666667,6.30508333333333,10.4295,8.91216666666667,8.26554166666667,4.61779166666667,7.99041666666667,11.7385,7.5825,7.30833333333333,6.39904545454545,3.32654166666667,5.30566666666667,5.88941666666667,2.57866666666667,9.14125
2023-01-28,9.88408333333333,12.7840416666667,6.36895833333333,13.1230416666667,4.48695833333333,11.034875,4.04783333333333,12.6592916666667,11.9537083333333,12.5833333333333,14.6659583333333,4.4045,12.66625,15.2505833333333,7.22295833333333,8.632125,7.84008333333333,3.807,14.8124166666667,4.4595,5.45316666666667,12.66625,12.716125,11.3414583333333,12.68475,5.52275,10.58575,8.866875,2.08625,9.00945833333333
2023-01-29,6.075125,5.65641666666667,5.03633333333333,4.49,6.02595833333333,3.829625,4.441875,6.60958333333333,8.62716666666667,10.2083333333333,8.05220833333333,3.241,6.62645833333333,8.94658333333333,4.87325,4.68458333333333,5.43933333333333,4.33854166666667,5.11891666666667,2.82920833333333,3.71954166666667,3.73729166666667,10.3145833333333,10.4608333333333,5.65745833333333,3.14279166666667,9.28170833333333,10.2132916666667,2.43904166666667,3.5535
2023-01-30,6.30895833333333,7.42908333333333,9.31016666666667,8.73820833333333,10.3606666666667,9.8005,5.73804166666667,6.85245833333333,8.29908333333333,7.25,7.80858333333333,7.12770833333333,6.76691666666667,8.18983333333333,6.98129166666667,7.83020833333333,7.99433333333333,5.81083333333333,8.28408333333333,6.37775,9.35345833333333,9.80745833333333,8.463125,7.91575,7.890125,6.504625,7.27895833333333,7.63079166666667,3.671375,8.703875
2023-01-31,7.387,7.06379166666667,10.0817391304348,7.903875,12.0303333333333,6.40429166666667,5.74391666666667,6.84945833333333,9.13025,8.76190476190476,8.63604166666667,6.87891666666667,6.74054166666667,9.19620833333333,6.26475,6.81120833333333,8.11429166666667,5.73795833333333,7.023375,5.38916666666667,9.16270833333333,7.87945833333333,7.85379166666667,8.00704347826087,7.3065,8.22925,6.34295652173913,7.63770833333333,3.41591666666667,6.54291666666667
2023-02-01,8.641,5.43929166666667,10.973875,8.25970833333333,12.8882083333333,6.00833333333333,5.66329166666667,6.86625,8.693,8,10.0561666666667,5.74195833333333,6.75020833333333,9.378875,5.44816666666667,5.77045833333333,6.593,5.39204166666667,6.64204166666667,4.0245,8.94379166666667,6.900625,9.04883333333333,8.69511111111111,5.38041666666667,7.748625,6.471125,8.18304166666667,2.58817391304348,5.71445833333333
2023-02-02,5.08254166666667,4.46541666666667,6.06241666666667,3.3855,7.93245833333333,2.72895833333333,3.14766666666667,2.32304166666667,4.51658333333333,3.375,5.43741666666667,2.51275,2.533375,4.24929166666667,3.15054166666667,4.08804166666667,3.44745833333333,2.99533333333333,2.83716666666667,1.874,2.40566666666667,3.63316666666667,3.97808333333333,NA,3.525,3.94941666666667,2.62279166666667,4.596125,1.40720833333333,2.479375
2023-02-03,3.68320833333333,2.91575,6.5035,3.91008333333333,7.65141666666667,3.18739130434783,9.772,2.49891666666667,5.660375,4.54166666666667,3.288125,2.41445833333333,3.09166666666667,3.35983333333333,3.09845833333333,3.29404166666667,5.20741666666667,9.75033333333333,3.02975,4.87129166666667,3.89841666666667,3.25375,4.46925,5.4305,3.28708333333333,3.518125,2.81941666666667,3.06304166666667,5.96408333333333,2.59725
2023-02-04,4.07145833333333,5.425625,5.53458333333333,5.86783333333333,6.40145833333333,4.30529166666667,5.61120833333333,4.45358333333333,7.08825,7.08333333333333,5.72533333333333,4.116625,4.605,6.96445833333333,4.204,4.58533333333333,5.77045833333333,5.393125,4.71020833333333,4.50083333333333,4.9705,5.10316666666667,9.24141666666667,7.35066666666667,7.95904166666667,4.93220833333333,3.61241666666667,5.154375,2.36933333333333,4.53620833333333
2023-02-05,10.2172083333333,10.7763333333333,12.3575833333333,15.62225,10.1906666666667,13.1722083333333,7.29566666666667,9.98716666666667,9.554875,13.1666666666667,11.7020833333333,13.2577916666667,12.68875,9.08216666666667,11.5880416666667,10.2141666666667,12.6002916666667,7.95304166666667,11.255875,8.14570833333333,13.6321666666667,13.6379166666667,11.8592916666667,10.1534166666667,8.6155,7.14716666666667,6.35145,9.16370833333333,4.738625,11.3895
2023-02-06,14.7583333333333,12.6022083333333,16.0555,23.7580416666667,14.4330833333333,21.4869166666667,5.111125,17.2996666666667,18.57325,22.1666666666667,19.861625,12.40175,17.1188333333333,12.2034583333333,13.2735,18.1146086956522,8.85525,5.43433333333333,18.0690833333333,8.233125,14.7387083333333,19.8684166666667,19.2531666666667,14.0546666666667,17.1070833333333,9.88938461538462,12.5109166666667,10.508,3.84929166666667,15.9985
2023-02-07,15.5021666666667,18.221375,16.334625,27.0913333333333,17.355625,29.6630416666667,8.19491666666667,20.3057083333333,22.9187916666667,27.875,23.7275833333333,15.0756666666667,20.1357083333333,12.2396666666667,16.7489090909091,21.9674583333333,12.3241666666667,8.53970833333333,23.5378333333333,11.248125,16.9202083333333,24.22575,24.3004583333333,16.0397916666667,22.7399166666667,14.898,15.42175,12.3584347826087,3.97995833333333,20.265375
2023-02-08,23.6888695652174,24.1847142857143,16.7271818181818,27.15125,18.4543333333333,22.5089166666667,5.747875,22.3065,24.733875,31.5,29.6965833333333,12.6681666666667,21.8887916666667,14.069375,15.6643333333333,19.856625,8.00486956521739,5.76654166666667,23.4553333333333,11.1674166666667,13.625375,25.6221666666667,31.9575833333333,19.8192916666667,26.9251666666667,11.892625,20.228125,16.4102916666667,3.99866666666667,19.2581666666667
2023-02-09,22.0333333333333,8.13681818181818,8.28720833333333,13.6252083333333,8.24691666666667,11.0830833333333,5.564125,12.8854166666667,10.3155416666667,21.7083333333333,28.6740454545455,6.11745833333333,12.4450833333333,11.033875,8.77605263157895,12.3515833333333,7.42345833333333,5.461875,15.1425416666667,5.55720833333333,6.79154166666667,9.13433333333333,21.619625,20.1819166666667,11.4761666666667,5.109125,14.3524583333333,16.4937083333333,3.42283333333333,6.787625
2023-02-10,10.3627083333333,6.61858333333333,5.73116666666667,7.79475,6.71095833333333,6.44758333333333,5.83473913043478,9.84275,10.303625,15.304347826087,19.1922916666667,3.88070833333333,9.48420833333333,8.60666666666667,6.35516666666667,6.80720833333333,5.06291666666667,5.803875,14.8957916666667,3.32258333333333,5.489375,5.90208333333333,13.0345833333333,13.7205416666667,8.84841666666667,3.59575,9.35745833333333,12.7634583333333,2.03229166666667,4.36320833333333
2023-02-11,8.09866666666667,4.762125,5.32625,7.15708333333333,5.10325,8.00616666666667,4.51554166666667,5.92670833333333,8.00616666666667,7.70833333333333,7.51975,3.956375,5.80583333333333,8.4375,4.78570833333333,2.93729166666667,8.00908333333333,4.55,9.02433333333333,2.94720833333333,5.07283333333333,7.21104166666667,11.9457916666667,12.7182083333333,4.62558333333333,3.626125,8.49154166666667,10.7095416666667,1.61558333333333,6.2785
2023-02-12,8.85125,12.171875,11.758125,12.1767916666667,10.7174166666667,17.43225,4.75433333333333,10.9561666666667,11.2539583333333,8.29166666666667,10.065,10.2339166666667,10.7873333333333,10.9335833333333,17.9570416666667,15.7067083333333,7.30454166666667,4.51458333333333,14.8919583333333,12.9992916666667,8.30195833333334,15.5759583333333,14.1274166666667,19.7867083333333,13.0985833333333,7.30445833333333,17.7300416666667,15.1080833333333,3.068,14.7367083333333
2023-02-13,23.778625,31.540125,20.976875,24.8959583333333,21.5625416666667,22.650375,15.453125,20.8747083333333,21.375875,20.0416666666667,25.778375,22.792875,21.35825,20.0315416666667,24.3485833333333,23.34625,20.280125,15.804652173913,23.006125,29.3210416666667,18.9927916666667,22.4647916666667,30.7350416666667,29.607,31.5035416666667,15.1573333333333,26.6481666666667,26.7208333333333,15.0383333333333,19.7239583333333
2023-02-14,24.688625,30.138625,27.6417083333333,29.7139545454545,29.9411666666667,29.4007083333333,20.50125,26.1895652173913,31.336625,35.875,32.4215833333333,29.3505833333333,25.3534782608696,20.5729583333333,36.4201666666667,34.107875,21.318875,21.16275,25.538625,36.206,29.7425416666667,33.6745416666667,35.27525,36.7326666666667,34.649375,19.957875,30.4266666666667,27.222,15.8285416666667,29.816375
2023-02-15,23.1674583333333,29.6700833333333,17.3349130434783,26.5224090909091,18.47975,28.408125,10.2585833333333,26.1401666666667,20.8757083333333,27.25,31.5625833333333,16.761125,25.1710833333333,12.3270416666667,26.8299166666667,26.3533043478261,10.10425,10.3911666666667,28.3669166666667,20.3805,17.6453043478261,28.6832083333333,31.7414583333333,34.4449166666667,35.5878333333333,11.261875,31.8023333333333,35.016875,6.69325,20.3986666666667
2023-02-16,7.06458333333333,5.69866666666667,4.21191666666667,3.66741666666667,5.093375,3.69,3.466875,3.92295833333333,2.74714285714286,4,5.30470833333333,1.593,3.72945833333333,4.70516666666667,3.1525,4.74154166666667,4.17454166666667,3.05320833333333,5.2476,6.81416666666667,2.39195833333333,2.784,5.26345833333333,7.196375,8.238,2.12466666666667,4.29445833333333,8.39625,1.138,2.226875
2023-02-17,3.4405,3.325625,6.401375,2.85570833333333,8.974125,3.128,4.9185,2.524625,1.63429166666667,3.83333333333333,4.77008333333333,3.10441666666667,2.51770833333333,5.57795833333333,4.77695833333333,4.61083333333333,5.71641666666667,4.338625,3.29204166666667,3.80245454545455,5.17695833333333,4.21570833333333,3.05429166666667,3.53279166666667,4.13625,3.066125,2.57470833333333,3.635125,2.25825,3.434625
2023-02-18,6.65883333333333,3.39516666666667,6.63225,3.47195833333333,8.62333333333333,2.66316666666667,3.091625,2.23570833333333,5.91779166666667,4.5,4.77604166666667,2.22875,2.06375,6.16058333333333,2.49508333333333,2.67979166666667,3.540875,3.11329166666667,2.58158333333333,2.84683333333333,3.96325,2.960875,2.76329166666667,2.92354166666667,4.24933333333333,6.48091666666667,2.22083333333333,3.86004166666667,1.478875,2.39295833333333
2023-02-19,4.82404166666667,2.78104166666667,4.18341666666667,4.382,5.137625,3.614375,3.10933333333333,4.29529166666667,4.81625,5.54166666666667,6.55170833333333,2.46166666666667,4.37591666666667,4.90770833333333,3.359875,3.12891666666667,2.96791666666667,2.92958333333333,3.81983333333333,1.7335,3.24970833333333,3.28820833333333,6.28925,5.3135,3.40604166666667,3.83458333333333,3.19570833333333,4.27683333333333,1.21270833333333,2.91370833333333
2023-02-20,3.17520833333333,2.97179166666667,4.15095833333333,2.33195833333333,6.48491666666667,1.821,2.04495833333333,3.98575,2.05,2.83333333333333,5.24470833333333,0.596625,3.95045833333333,3.94258333333333,3.46604166666667,4.19620833333333,2.55016666666667,1.82583333333333,2.38004166666667,1.14483333333333,1.1025,1.21858333333333,5.26345833333333,5.52179166666667,3.344125,1.36,3.77758333333333,5.66141666666667,0.880625,1.95754166666667
2023-02-21,9.35833333333333,7.08925,4.30129166666667,7.83216666666667,4.58041666666667,6.23325,3.128875,5.600375,5.01375,8.125,9.383,2.49036363636364,5.51395833333333,7.6435,7.51079166666667,7.93241666666667,4.71208333333333,3.03279166666667,5.57095833333333,3.035625,2.303375,6.42104166666667,11.67075,11.7787083333333,9.782875,2.351625,9.59029166666667,10.4275416666667,1.33654166666667,4.49008333333333
2023-02-22,19.2570833333333,9.10366666666667,4.22558333333333,9.80745833333333,4.17941666666667,8.36691666666667,2.00383333333333,9.62370833333333,7.22291666666667,14.5833333333333,12.3654166666667,3.53191666666667,8.85125,4.773,6.75616666666667,6.2255,3.28425,2.11775,9.84079166666667,5.63775,4.41686363636364,5.99270833333333,15.9749583333333,17.583625,10.5563333333333,2.30833333333333,13.459125,18.51325,0.963083333333333,3.35991666666667
2023-02-23,5.75675,8.48379166666667,5.20745833333333,6.91533333333333,4.4625,6.14645833333333,5.24475,7.21904166666667,6.26866666666667,9.59090909090909,6.61070833333333,4.91258333333333,6.6785,5.135625,5.736125,6.269625,7.76341666666667,4.76316666666667,7.38108333333333,4.92045833333333,5.30170833333333,8.4415,7.57883333333333,5.62008333333333,8.33433333333333,3.20066666666667,5.76258333333333,5.58675,2.81154166666667,5.5504347826087
2023-02-24,7.00475,6.51145833333333,5.04904166666667,6.46916666666667,5.33416666666667,5.90616666666667,2.56295833333333,6.31095833333333,6.31791666666667,9.16666666666667,9.73575,6.03883333333333,5.531625,6.71775,5.193625,4.56958333333333,7.33095833333333,2.617,5.85983333333333,5.01479166666667,5.973875,7.46566666666667,9.35141666666667,8.55341666666667,5.568,4.99516666666667,7.32820833333333,7.08525,2.279875,6.64995833333333
2023-02-25,5.08258333333333,5.98070833333333,5.042375,6.16845833333333,3.79821739130435,5.935625,3.239,6.03675,5.64666666666667,7.29166666666667,6.66179166666667,6.67941666666667,5.349875,6.50658333333333,7.436125,5.60233333333333,4.95383333333333,3.83166666666667,5.940375,6.448625,4.998125,6.74920833333333,6.065125,5.81675,6.141,4.02716666666667,4.74841666666667,5.4265,2.382125,4.88604166666667
2023-02-26,3.99575,4.763125,5.50120833333333,6.13908333333333,3.854125,6.32183333333333,5.248625,6.29420833333333,7.47554166666667,6.38095238095238,6.85741666666667,8.53779166666667,5.71054166666667,6.14975,6.47025,5.28204166666667,6.34829166666667,5.34991666666667,5.458875,5.42254166666667,5.27229166666667,7.49708333333333,4.88604166666667,5.04333333333333,5.4265,5.42458333333333,3.690125,4.07533333333333,3.42083333333333,6.06125
2023-02-27,3.17216666666667,2.841125,3.020875,5.76754166666667,2.52054166666667,5.12479166666667,8.17225,5.38529166666667,7.34870833333333,7,5.48745833333333,6.05741666666667,5.21125,5.071875,5.21920833333333,4.21591666666667,7.68779166666667,8.68816666666667,4.68166666666667,2.94720833333333,4.53616666666667,5.59654166666667,4.40654166666667,3.644,3.539625,4.670875,4.55775,3.95545833333333,5.09241666666667,4.388875
2023-02-28,4.72991666666667,2.85866666666667,2.32320833333333,7.09120833333333,2.00179166666667,5.27125,3.54970833333333,5.54141666666667,4.412375,5,5.149375,4.582375,5.14545833333333,4.58533333333333,5.05991666666667,3.67433333333333,5.03629166666667,3.813,4.99316666666667,3.35204166666667,2.83916666666667,3.72941666666667,5.75079166666667,5.26441666666667,3.39616666666667,4.85945833333333,4.58163636363636,4.35054166666667,2.80470833333333,3.43366666666667
2023-03-01,8.953375,4.77691666666667,1.839625,5.46191666666667,1.461375,4.36916666666667,2.59429166666667,3.6715,3.966125,4.70833333333333,6.25008333333333,3.21345833333333,3.16284210526316,4.519375,5.07470833333333,3.92583333333333,4.322875,2.62291666666667,4.71691666666667,5.23983333333333,2.45195833333333,3.81895833333333,4.53234782608696,3.850125,4.50583333333333,2.24458333333333,1.96369565217391,4.50870833333333,1.80829166666667,2.439
2023-03-02,12.0952083333333,3.36295833333333,4.66395833333333,5.62691666666667,4.44479166666667,5.92383333333333,4.23854166666667,6.061375,9.75241666666667,12.0416666666667,15.2949166666667,14.3154782608696,5.79195833333333,12.7005833333333,8.88958333333333,7.09525,6.56941666666667,4.47129166666667,4.07441666666667,3.36079166666667,8.11725,8.93875,14.7327083333333,13.2980416666667,3.743,4.767125,6.95558333333333,12.3025,4.07529166666667,11.0553043478261
2023-03-03,4.77008333333333,3.88958333333333,5.19558333333333,9.79658333333333,4.54104166666667,7.956,6.47120833333333,6.66866666666667,10.2761666666667,6.91666666666667,7.04020833333333,11.5999583333333,6.3365,12.4509583333333,7.27004166666667,5.71333333333333,5.170125,6.27845833333333,6.65880952380952,4.33070833333333,7.09716666666667,10.4245,6.59995833333333,6.08695833333333,4.20791666666667,13.849375,3.484625,5.12783333333333,4.35733333333333,8.22333333333333
2023-03-04,6.46129166666667,6.63225,8.862,12.8154166666667,6.79933333333333,9.83208333333333,8.41495833333333,10.9080833333333,16.4604166666667,8.95833333333333,8.33629166666667,10.136625,9.657125,13.2497916666667,8.22625,7.07458333333333,5.2515,7.669125,8.48954166666667,7.41241666666667,7.250375,12.3476666666667,7.34670833333333,6.951625,8.48466666666667,11.5645416666667,6.97525,5.394125,4.59125,9.97841666666667
2023-03-05,12.1718333333333,9.71804166666667,6.758125,9.14116666666667,3.156375,11.1142916666667,3.22225,11.3984166666667,9.99995833333333,12.9166666666667,13.8895833333333,5.84616666666667,11.995,18.8945416666667,9.67379166666667,7.706375,4.696375,2.78308333333333,13.8002083333333,5.03533333333333,15.0835416666667,8.98883333333333,16.2814583333333,17.4430833333333,11.0005,6.497625,14.59125,17.3350416666667,2.56395833333333,5.32333333333333
2023-03-06,8.35604166666667,8.62516666666667,3.28716666666667,4.67479166666667,3.046375,4.63445833333333,1.99579166666667,5.019625,4.66295833333333,9.04347826086957,8.33269565217391,2.17075,5.113,9.21783333333333,5.56108333333333,5.42175,4.077375,2.221875,6.83575,4.56166666666667,3.27641666666667,4.084125,9.41029166666667,10.8067916666667,11.535,2.39979166666667,8.07191666666667,10.4766666666667,1.077125,2.90383333333333
2023-03-07,4.798625,5.691875,4.67570833333333,9.07333333333333,3.517125,5.45008333333333,3.92891666666667,7.56852380952381,4.381,10.3333333333333,5.29875,5.334125,6.66475,4.55975,4.56858333333333,4.71304166666667,5.70070833333333,2.79579166666667,7.55020833333333,3.42366666666667,5.040375,8.375625,10.52675,11.1085833333333,6.331625,1.810125,6.97416666666667,5.93270833333333,1.51929166666667,5.00683333333333
2023-03-08,6.7285,6.78845833333333,6.48095833333333,8.21245833333333,6.26683333333333,8.62420833333333,4.23445833333333,8.02970833333333,7.29666666666667,12.375,7.3575,9.42133333333333,7.68866666666667,7.52758333333333,10.1483333333333,11.4624166666667,11.2765416666667,4.559875,6.46925,5.85491666666667,9.27575,6.72375,8.860125,8.13879166666667,11.056375,4.42008333333333,4.53808333333333,5.07779166666667,1.81020833333333,7.71625
2023-03-09,7.66208333333333,5.42554166666667,3.08570833333333,4.49891666666667,3.12804166666667,4.32095833333333,3.181125,3.983,4.936125,8.66666666666667,10.2280833333333,7.00670833333333,3.824625,15.5130833333333,8.32845833333333,6.714875,4.48508333333333,3.41108333333333,3.43854166666667,2.8075,5.97775,3.60945833333333,9.39075,10.3469166666667,4.90666666666667,6.20391666666667,4.94795833333333,7.55704166666667,1.40029166666667,3.25766666666667
2023-03-10,4.68070833333333,4.29741666666667,4.56975,7.91575,4.823125,5.466875,3.40508333333333,6.481,3.122125,11.2916666666667,7.833125,5.065875,7.54320833333333,3.34320833333333,7.00870833333333,4.78779166666667,8.098625,2.78395833333333,6.91925,3.82666666666667,6.47320833333333,6.44658333333333,4.65016666666667,4.83983333333333,5.7115,1.77270833333333,3.444375,3.22725,1.67645833333333,5.66825
2023-03-11,7.23766666666667,6.8465,7.44395833333333,12.43125,9.65116666666667,11.6904166666667,4.598125,9.35158333333333,8.09366666666667,14.625,8.78145833333333,8.22033333333333,8.122125,7.3035,7.615,9.19616666666667,13.1436666666667,4.93808333333333,8.81191666666667,5.05504166666667,8.978,8.928875,8.82079166666667,6.485875,9.24041666666667,8.45225,7.43133333333333,6.261875,2.6405,8.44041666666667
2023-03-12,11.1174166666667,7.26116666666667,9.06145833333333,7.67304166666667,10.251625,7.86666666666667,8.09058333333333,7.43220833333333,10.75975,8.20833333333333,11.914375,7.69866666666667,7.29675,13.8149583333333,7.60716666666667,8.88475,9.63741666666667,8.243,7.55116666666667,7.03720833333333,7.07166666666667,8.28316666666667,8.54566666666667,8.07983333333333,9.05358333333333,9.80458333333333,7.54120833333333,9.59525,3.65766666666667,6.958625
2023-03-13,10.5425416666667,3.84445833333333,4.662875,5.98558333333333,9.15783333333333,5.03054166666667,1.76683333333333,5.95033333333333,8.12604166666667,12.4166666666667,16.2677916666667,2.17570833333333,5.84116666666667,19.02425,2.48329166666667,3.96716666666667,2.60708333333333,1.864125,5.43829166666667,2.78295833333333,3.36875,3.66758333333333,10.1492916666667,9.259,3.78245833333333,12.4480416666667,6.85429166666667,9.39066666666667,1.40133333333333,3.12391666666667
2023-03-14,2.47445833333333,4.59125,4.284625,3.85020833333333,4.45066666666667,2.988375,3.95241666666667,2.82641666666667,3.308875,7.875,3.41591666666667,3.47770833333333,2.94629166666667,4.55091666666667,3.98983333333333,4.22466666666667,4.25908333333333,3.869875,3.68120833333333,5.17004166666667,4.28458333333333,3.95054166666667,3.643875,3.65270833333333,4.892,3.360875,3.416875,3.65091666666667,2.59133333333333,3.17608333333333
2023-03-15,3.48670833333333,7.509875,7.27608333333333,5.8875,8.35491666666667,6.42695833333333,4.94004166666667,4.12245833333333,4.05279166666667,6.08333333333333,4.946,3.93966666666667,3.84920833333333,6.58216666666667,6.41804166666667,9.13133333333333,7.31633333333333,5.287,7.32420833333333,5.16604166666667,6.05933333333333,7.36154166666667,4.744625,4.40441666666667,9.13333333333333,3.27341666666667,5.34,4.658125,2.23675,5.05704166666667
2023-03-16,5.55616666666667,4.997,3.39520833333333,4.72095833333333,3.50133333333333,4.46154166666667,3.798125,4.22566666666667,5.07075,8.04166666666667,5.11008333333333,2.80858333333333,4.32295833333333,9.72595833333333,3.64483333333333,6.983125,4.78579166666667,3.41204166666667,5.63870833333333,5.50808333333333,2.596125,4.47329166666667,5.21616666666667,5.22991666666667,6.173375,3.663625,5.23683333333333,6.75104166666667,0.449083333333333,3.222375
2023-03-17,7.05970833333333,6.770875,5.79495833333333,6.987,5.35083333333333,5.905125,4.79554166666667,4.35341666666667,6.23729166666667,8.20833333333333,5.78420833333333,6.61658333333333,4.15379166666667,12.4107083333333,6.75808333333333,8.04245833333333,11.0005,4.95883333333333,5.447125,6.07016666666667,5.51891666666667,6.899625,6.67066666666667,8.179,7.96483333333333,7.96391666666667,4.883125,9.84970833333333,2.90591666666667,5.848875
2023-03-18,4.68083333333333,7.71033333333333,6.72070833333333,4.42895833333333,7.01945833333333,4.89979166666667,4.269875,4.423125,5.24575,7.375,4.68841666666667,4.72975,4.62166666666667,8.55454166666667,6.12620833333333,6.37479166666667,6.138875,3.83941666666667,5.42754166666667,11.474125,5.795,6.06433333333333,5.404875,6.668625,11.0190833333333,3.45716666666667,6.14391666666667,6.12233333333333,2.08825,4.740625
2023-03-19,3.38841666666667,3.57304166666667,5.07954166666667,4.19229166666667,5.65845833333333,4.89695833333333,3.13079166666667,4.06841666666667,6.12029166666667,7.625,4.42316666666667,4.37691666666667,3.94558333333333,7.26708333333333,4.68154166666667,3.9515,4.56170833333333,2.565875,5.491375,2.6345,6.091875,6.24216666666667,4.58729166666667,4.684625,3.630125,5.09829166666667,3.58879166666667,3.89545833333333,1.57233333333333,4.84579166666667
2023-03-20,5.638875,4.74258333333333,3.05525,4.45841666666667,2.92458333333333,3.74808333333333,2.920625,3.06608333333333,3.485625,6.83333333333333,6.24720833333333,2.05583333333333,3.303,6.03866666666667,2.946125,4.05858333333333,4.72779166666667,3.1575,4.39475,5.7655,2.70541666666667,3.92191666666667,6.29725,5.31545833333333,7.678875,0.931625,4.27391666666667,5.59558333333333,0.975666666666667,2.180625
2023-03-21,6.64204166666667,2.70941666666667,3.38058333333333,3.60075,3.98391666666667,3.0885,2.10291666666667,3.17416666666667,4.662,8.08333333333333,7.56779166666667,2.44,3.06904166666667,10.0520833333333,2.97658333333333,4.37995833333333,3.54560869565217,1.719875,3.963125,3.10245833333333,2.38304166666667,3.501375,5.8805,5.99941666666667,3.87383333333333,6.43675,4.270875,6.62241666666667,0.555166666666667,2.962875
2023-03-22,5.37145833333333,6.12920833333333,6.51245833333333,7.68870833333333,8.717625,6.85929166666667,5.88445833333333,6.19304166666667,9.31116666666667,8.91666666666667,9.76229166666667,6.08775,6.12725,15.7615416666667,5.90995833333333,8.178125,5.374375,5.70179166666667,6.386625,6.10454166666667,6.00729166666667,7.10395833333333,5.03929166666667,4.42516666666667,6.74141666666667,11.570375,4.664,5.10820833333333,3.5545,6.15375
2023-03-23,7.95604166666667,4.62475,6.07908333333333,6.138,7.73591666666667,5.60545833333333,4.73483333333333,5.67129166666667,7.89916666666667,9.91666666666667,12.926625,5.85295833333333,5.505125,15.1455833333333,5.223125,6.645125,5.38420833333333,4.77391666666667,6.13025,4.02420833333333,5.98083333333333,6.29133333333333,8.69891666666667,8.27741666666667,5.22904166666667,11.5419583333333,6.03383333333333,8.84533333333333,3.22133333333333,5.33604166666667
2023-03-24,8.864,4.47229166666667,5.83041666666667,6.060375,9.13633333333333,5.78620833333333,4.02125,6.07616666666667,8.26645833333333,7.5,10.0245833333333,4.72191666666667,5.85008333333333,10.517875,4.607875,6.22354166666667,4.11075,3.86995833333333,5.81179166666667,4.867375,5.57295833333333,5.70470833333333,6.54883333333333,6.193125,5.83625,9.26491666666667,4.12041666666667,5.87666666666667,1.8475,4.98429166666667
2023-03-25,10.4067916666667,4.23541666666667,7.00679166666667,4.55283333333333,7.57075,6.06525,3.0395,3.871,7.22383333333333,9.70833333333333,8.145625,4.04291666666667,3.82183333333333,10.2840833333333,5.04720833333333,4.67470833333333,3.683125,2.910875,4.04179166666667,5.06779166666667,5.34779166666667,4.24916666666667,6.05745833333333,5.268375,4.08416666666667,7.69958333333333,3.35004166666667,4.68054166666667,3.38245833333333,4.07529166666667
2023-03-26,3.219375,5.52179166666667,4.79666666666667,6.56845833333333,4.70120833333333,8.260625,3.3845,5.741,5.50416666666667,7.125,3.41495833333333,7.39095833333333,5.54841666666667,4.21270833333333,7.30154166666667,5.94058333333333,5.227,3.15833333333333,5.21320833333333,4.81625,6.74133333333333,6.95845833333333,5.29870833333333,5.33120833333333,5.37054166666667,2.93041666666667,5.27120833333333,5.320375,2.769125,6.170375
2023-03-27,2.90191666666667,4.967625,5.17230434782609,6.74433333333333,5.03441666666667,6.96154166666667,4.46245833333333,4.59508333333333,6.34529166666667,6.61538461538461,4.47833333333333,6.316875,4.626625,7.68570833333333,7.15404166666667,8.959375,4.872375,3.80363636363636,6.173375,6.199875,5.66533333333333,7.80075,4.47720833333333,3.80908333333333,4.12645833333333,5.89033333333333,4.148125,3.07491666666667,1.953625,6.380625
2023-03-28,4.72283333333333,5.36366666666667,6.29808333333333,5.933625,6.40633333333333,5.47958333333333,3.493625,4.74945833333333,5.77833333333333,NA,6.52129166666667,5.50741666666667,4.57354166666667,7.564875,6.72570833333333,7.95508333333333,6.20283333333333,3.29804166666667,5.45204166666667,12.3496666666667,5.54041666666667,6.27945833333333,5.09825,4.51358333333333,6.18429166666667,4.27375,4.597125,5.05608333333333,2.18063636363636,5.49925
2023-03-29,5.148375,6.324875,4.93495833333333,4.80154166666667,6.487875,4.50875,5.10616666666667,3.65270833333333,4.304375,NA,6.88479166666667,3.67441666666667,3.516125,11.0907916666667,4.71804166666667,7.15420833333333,6.55375,4.43291666666667,6.17229166666667,7.69075,4.13616666666667,5.46283333333333,5.94729166666667,6.17525,7.85179166666667,2.617,7.18254166666667,7.20333333333333,2.40670833333333,3.82866666666667
2023-03-30,13.1594583333333,3.061125,6.87,6.33666666666667,8.185125,4.99425,6.92516666666667,6.51233333333333,10.3754166666667,NA,15.0570416666667,4.88208333333333,6.25504166666667,18.9162083333333,3.98108333333333,4.87533333333333,8.33620833333333,6.31,5.46570833333333,5.17391666666667,4.955875,5.42645833333333,9.45758333333333,8.73141666666667,4.28566666666667,12.3999583333333,5.767625,8.9525,3.32066666666667,4.37991666666667
2023-03-31,9.25120833333333,7.208125,2.85575,3.876875,2.82529166666667,2.7015,6.256875,3.639,2.56783333333333,2.66666666666667,6.30116666666667,3.24683333333333,2.76825,9.55191666666667,5.43620833333333,4.65025,8.79916666666667,4.673875,3.168375,11.6087083333333,2.74183333333333,3.54083333333333,4.14704166666667,4.50375,6.86320833333333,3.30191666666667,4.52733333333333,6.06733333333333,4.14316666666667,2.406625
2023-04-01,2.594375,4.79466666666667,2.11183333333333,4.63845833333333,1.67945833333333,3.20266666666667,5.27316666666667,4.85079166666667,2.45970833333333,3.875,3.35304166666667,2.902875,4.28170833333333,4.825125,4.19033333333333,3.134875,4.538125,5.25754166666667,3.75991666666667,5.51108333333333,2.06966666666667,3.776625,4.52058333333333,3.0375,4.71304166666667,3.25375,3.52495833333333,2.43320833333333,5.38033333333333,2.71908333333333
2023-04-02,4.08908333333333,6.1735,5.98270833333333,6.27954166666667,5.722375,5.72429166666667,9.92429166666667,5.28504166666667,5.51891666666667,7.04166666666667,5.98270833333333,7.020375,5.05316666666667,4.285625,7.052,6.06620833333333,4.87125,10.2163333333333,5.11691666666667,7.194375,5.81866666666667,6.80925,5.62108333333333,5.81275,6.51629166666667,3.39716666666667,5.16808333333333,5.684875,7.69470833333333,5.81075
2023-04-03,5.24958333333333,6.950625,7.13341666666667,7.62879166666667,7.159875,7.44691666666667,5.63195833333333,6.01704166666667,8.46104166666667,8,8.4415,9.21875,5.88645833333333,8.70866666666667,7.42433333333333,7.71295833333333,8.59091666666667,5.80595833333333,5.61220833333333,7.37129166666667,8.49058333333333,7.8115,6.67845833333333,5.50316666666667,7.40279166666667,8.02575,4.99379166666667,5.27516666666667,3.90441666666667,7.28875
2023-04-04,7.74683333333333,9.198125,10.4206666666667,13.0719166666667,12.2279166666667,13.7972916666667,12.76925,10.3655416666667,11.374875,11.125,8.99575,12.231625,10.0167083333333,11.0014583333333,11.3669583333333,12.591375,11.58225,12.1807083333333,10.3381666666667,12.7054583333333,12.9039166666667,13.6802916666667,12.158,8.35079166666667,10.3272083333333,12.54425,8.40608333333333,7.29458333333333,11.9970416666667,11.371
2023-04-05,13.268625,14.3140416666667,12.6662083333333,13.3157083333333,10.6536666666667,13.530875,3.341125,12.9854166666667,12.3655,12.125,12.9490416666667,6.00816666666667,12.9501666666667,9.87516666666667,11.9635,13.1575416666667,4.09104166666667,2.907875,14.8999166666667,15.7832083333333,7.268125,14.25225,15.1729166666667,20.3725416666667,16.4161666666667,4.36420833333333,15.4746666666667,19.0556666666667,2.10204166666667,10.4382916666667
2023-04-06,3.67533333333333,4.58041666666667,5.719375,4.86141666666667,5.389125,5.362625,3.25379166666667,5.04725,2.99329166666667,3.625,3.699,3.301875,4.26870833333333,4.750375,3.98983333333333,3.94754166666667,5.0335,2.585375,5.07075,3.95358333333333,4.89579166666667,5.72041666666667,4.36333333333333,4.06445833333333,6.47416666666667,4.09979166666667,5.97579166666667,4.74841666666667,1.47108333333333,4.29145833333333
2023-04-07,3.96616666666667,4.76333333333333,8.39017391304348,6.47504166666667,4.26195833333333,5.36945833333333,4.00454166666667,4.39466666666667,3.87979166666667,8.04166666666667,3.64391666666667,4.427125,4.501875,4.47816666666667,4.72,5.85691666666667,5.672125,3.69208333333333,4.77895833333333,5.01770833333333,4.256125,6.34441666666667,5.57795833333333,5.01379166666667,4.37404166666667,3.56820833333333,4.08904166666667,4.129375,2.581625,5.11304166666667
2023-04-08,6.16941666666667,11.86225,10.834375,11.484875,10.0864166666667,9.65708333333333,6.93,8.96725,6.720625,11.625,11.404375,7.91766666666667,9.24725,7.161,10.589625,11.6254583333333,5.39008333333333,6.92008333333333,8.93183333333333,7.962875,9.946,10.3872916666667,11.9144583333333,10.8285,12.14725,5.61716666666667,8.27829166666667,12.7122916666667,11.4946666666667,9.642375
2023-04-09,22.9875833333333,27.4755833333333,13.5446666666667,15.8737083333333,13.944625,15.0679166666667,11.4691666666667,15.6692083333333,12.6071666666667,14.6666666666667,18.9839166666667,14.2502083333333,15.491375,9.13820833333333,16.759125,17.8125833333333,9.21975,11.41425,14.3004583333333,18.7805416666667,14.2954583333333,16.2637916666667,20.6408333333333,21.538,30.0845416666667,10.35875,26.3040833333333,31.677625,12.0353333333333,14.7465416666667
2023-04-10,8.24108333333333,5.61620833333333,4.88020833333333,4.07929166666667,4.91458333333333,4.52341666666667,3.24095833333333,3.847375,5.8815,5.375,5.67129166666667,2.4765,3.784375,6.88579166666667,4.354375,6.34329166666667,3.43941666666667,3.04945833333333,3.74508333333333,5.61033333333333,3.4415,5.22995833333333,5.66816666666667,5.9425,6.40233333333333,5.552375,6.098625,8.74816666666667,2.47841666666667,4.540125
2023-04-11,5.60541666666667,3.56333333333333,4.48016666666667,4.60104166666667,5.21033333333333,4.92933333333333,2.838,3.777625,5.60341666666667,4.41666666666667,7.03916666666667,3.318625,3.71170833333333,10.0354166666667,3.302875,4.43008333333333,3.62225,2.614,3.78729166666667,2.85279166666667,3.26258333333333,3.88470833333333,4.26095833333333,4.15095833333333,3.89354166666667,5.81658333333333,3.03945833333333,4.88204166666667,1.765,3.25275
2023-04-12,6.23233333333333,2.34279166666667,2.85575,2.67691666666667,3.51520833333333,3.22316666666667,3.32641666666667,2.32908333333333,3.91216666666667,6.16666666666667,5.8235,2.41454166666667,2.30554166666667,7.91783333333333,2.73483333333333,3.36975,3.69404166666667,3.10533333333333,3.08558333333333,3.81579166666667,3.32745833333333,3.16525,5.35775,4.47629166666667,2.73,4.429125,3.04154166666667,4.62570833333333,1.93831818181818,2.45675
2023-04-13,4.25516666666667,3.30879166666667,6.39745833333333,4.96468181818182,7.381,4.2875,3.2615,3.71475,4.71508333333333,NA,6.23529166666667,3.33916666666667,3.70291666666667,4.64920833333333,4.04283333333333,4.18241666666667,4.1235,2.35254166666667,4.20308333333333,2.61991666666667,5.89133333333333,4.42308333333333,4.16283333333333,3.274375,3.64775,4.72191666666667,3.186,3.498375,1.91429166666667,3.71166666666667
2023-04-14,3.51808333333333,4.379875,6.22145833333333,4.90466666666667,4.11358333333333,3.61141666666667,4.19816666666667,3.30875,3.28908333333333,NA,4.10475,3.806,3.615375,2.82729166666667,5.97683333333333,5.76354166666667,5.810875,3.48370833333333,2.85570833333333,4.65316666666667,4.23641666666667,5.28704166666667,4.31608333333333,3.98483333333333,5.724375,2.55104166666667,3.84925,4.24829166666667,2.08233333333333,3.912125
2023-04-15,6.146875,9.57941666666667,7.12458333333333,12.7722916666667,7.054875,13.5574583333333,4.629625,10.237875,4.67375,NA,8.16833333333333,6.636375,10.619125,5.231,11.8937083333333,11.5035,5.30183333333333,4.63841666666667,9.67183333333333,8.21154166666667,6.585125,13.02875,14.1982083333333,9.46841666666667,9.23833333333333,3.30875,7.24545833333333,7.75545833333333,2.67304166666667,9.355375
2023-04-16,8.0445,9.71308333333333,8.87875,7.5245,7.036125,12.445875,1.97716666666667,6.886875,7.62479166666667,NA,8.399125,5.50425,6.706,6.92908333333333,9.95383333333333,9.93820833333333,5.0285,1.87504166666667,7.32708333333333,12.8292916666667,5.75570833333333,8.84929166666667,13.7185,13.7215,13.2546666666667,2.97466666666667,8.15158333333333,7.46166666666667,1.399375,NA
2023-04-17,11.3452916666667,10.318375,18.3256666666667,11.8740833333333,18.48775,10.2889583333333,4.50575,8.78841666666667,7.02833333333333,NA,12.6544166666667,12.9667916666667,8.73433333333333,7.85179166666667,13.77075,12.4185,3.82079166666667,4.68958333333333,8.75304166666667,9.72391666666667,15.1642916666667,13.9779583333333,15.3735416666667,10.9856666666667,9.022125,6.13408333333333,10.7174166666667,11.3512916666667,4.147125,12.0884545454545
2023-04-18,15.6240416666667,14.7877083333333,11.8730833333333,15.284,11.6874583333333,15.5425,10.4422916666667,15.3243333333333,13.5929166666667,NA,17.844,14.782875,14.9078333333333,17.2465833333333,19.160875,17.3625,12.764375,10.6869166666667,14.5775,10.6555833333333,15.6585416666667,16.4102083333333,18.113375,16.9389166666667,14.8535833333333,11.1322083333333,16.983125,16.3671666666667,9.32204166666667,13.8572916666667
2023-04-19,14.6846666666667,10.9110416666667,9.44579166666667,14.6876666666667,9.73179166666667,11.5429583333333,8.93583333333333,14.985375,16.1135833333333,NA,17.2525,14.8163333333333,14.475375,20.10125,13.3354166666667,12.6376666666667,10.01875,8.63791666666667,12.80075,8.88370833333333,12.5885,13.6518333333333,17.2681666666667,16.172375,10.7625416666667,14.8625416666667,13.0465,13.9987083333333,7.85666666666667,12.3566666666667
2023-04-20,6.995875,9.99029166666667,5.65258333333333,10.0000416666667,5.29583333333333,8.353,5.327375,7.94820833333333,7.498125,NA,8.01004166666667,8.58879166666667,7.52066666666667,9.27779166666667,9.644375,9.14795833333333,5.18475,4.89879166666667,7.576625,6.047625,6.39841666666667,10.4451666666667,9.04866666666667,8.477875,9.74170833333333,7.50391666666667,7.33383333333333,8.71366666666667,5.380375,7.97075
2023-04-21,14.3013333333333,20.4137916666667,14.6216666666667,12.8784166666667,13.5673333333333,14.0644583333333,6.999875,12.0195,8.39333333333333,NA,14.223625,15.123875,12.055875,15.3764166666667,22.5207083333333,20.1484166666667,12.20225,6.34920833333333,12.7496666666667,13.2725,14.4889166666667,14.8339583333333,18.6164166666667,14.9243333333333,19.813375,8.0975,13.3510416666667,18.7009583333333,7.18566666666667,13.673375
2023-04-22,13.642875,14.6472916666667,9.96370833333333,20.01575,7.77808333333333,17.687875,7.90104166666667,20.1809166666667,12.0606666666667,NA,16.132125,17.97075,20.3242916666667,12.7467083333333,12.8657083333333,13.0671666666667,11.041625,7.50308333333333,18.7520833333333,NA,17.8735416666667,20.0727916666667,20.7272916666667,19.7534583333333,15.5592083333333,11.217625,22.6965833333333,21.4141666666667,10.0138333333333,17.0755
2023-04-23,4.752375,14.1264583333333,9.39170833333333,15.058,7.64845833333333,15.780375,5.03933333333333,12.3261666666667,8.56920833333333,NA,6.14783333333333,11.3827916666667,11.6912083333333,8.79629166666667,16.2855416666667,14.6178333333333,8.904375,5.0235,11.1006666666667,NA,10.8639166666667,16.8770833333333,6.31295833333333,5.045125,13.3029166666667,7.861625,7.404625,5.75,5.579875,14.8152916666667
2023-04-24,7.39391666666667,6.990125,5.17495833333333,9.16483333333333,4.987125,5.92758333333333,3.38245833333333,6.67170833333333,6.41320833333333,NA,8.69791666666667,6.51929166666667,6.303125,7.81841666666667,6.75620833333333,6.63133333333333,4.10470833333333,3.08854166666667,6.05745833333333,NA,4.93708333333333,6.3355,8.91516666666667,6.55179166666667,6.51829166666667,4.47029166666667,6.86825,6.7865,3.18,5.48454166666667
2023-04-25,5.00308333333333,6.45833333333333,6.197875,7.333875,6.38558333333333,6.706,4.70125,6.664625,5.84995833333333,NA,6.55754166666667,9.07920833333333,6.90841666666667,6.89566666666667,6.32854166666667,6.46533333333333,6.35425,4.38583333333333,6.56445833333333,NA,5.06491666666667,9.33379166666667,7.29175,5.467875,5.303625,4.98033333333333,6.64891666666667,5.47858333333333,3.41683333333333,8.67625
2023-04-26,6.35716666666667,10.2082916666667,13.7589166666667,10.423625,11.364,9.809375,7.62683333333333,8.43658333333333,9.54695833333333,NA,8.404125,13.2566666666667,8.46695833333333,10.020625,11.7226666666667,11.1291666666667,8.45525,7.15508333333333,9.34066666666667,NA,14.0232916666667,12.3801666666667,9.7485,6.37154166666667,10.450125,9.48020833333333,7.69458333333333,5.85895833333333,7.907875,11.6882916666667
2023-04-27,13.2733333333333,13.9347916666667,15.7479166666667,17.3890833333333,16.03275,16.3089583333333,12.738875,16.175375,13.9458695652174,NA,13.0169166666667,18.65,15.896375,5.186625,18.8610833333333,17.0765833333333,14.4074583333333,12.7752083333333,15.5100833333333,NA,18.0799166666667,17.9137916666667,17.3389583333333,19.6365,14.261125,9.56570833333333,15.527875,17.6709583333333,12.3288333333333,16.144875
2023-04-28,3.220375,14.9361666666667,11.7945,14.45075,12.6544166666667,15.2408333333333,19.407625,13.521,6.649,NA,3.074875,14.7435416666667,13.1103333333333,2.127625,11.1754166666667,10.5139583333333,23.4189166666667,18.7904166666667,13.574125,14.6762727272727,10.5709166666667,14.5421666666667,6.41508333333333,9.2925,14.216875,2.65977272727273,13.459375,10.7173333333333,14.0192083333333,10.6574583333333
2023-04-29,12.269125,14.8300833333333,20.7057083333333,17.3212083333333,18.8040416666667,12.9009583333333,7.25529166666667,12.8351666666667,13.2222083333333,NA,15.535625,7.49504166666667,13.0494583333333,6.85654166666667,13.7235,13.565375,16.3787916666667,7.1395,13.9515416666667,9.30033333333333,13.76675,12.4804166666667,14.567625,12.4725,17.7772083333333,1.36883333333333,8.321625,11.684375,3.21745833333333,8.016
2023-04-30,20.403,13.645,13.74025,16.2490833333333,11.9084166666667,15.745875,7.38504166666667,14.3770833333333,16.91525,NA,23.481875,6.48404166666667,14.1872916666667,10.236875,15.3008333333333,12.9776666666667,4.0045,6.75708333333333,15.3036666666667,10.7263333333333,7.27895833333333,12.88925,19.0017083333333,18.6292916666667,15.30075,5.39316666666667,20.588625,17.2770416666667,3.84925,10.1150416666667
2023-05-01,10.4472083333333,8.30183333333333,4.15195833333333,5.615375,3.68116666666667,5.32529166666667,2.04308333333333,6.85333333333333,3.87775,NA,7.024375,3.12995833333333,5.902125,4.15895833333333,4.49279166666667,4.02816666666667,3.05516666666667,2.00770833333333,5.99454166666667,3.41291666666667,3.41583333333333,6.27175,8.70291666666667,9.66008333333333,7.367375,2.67195833333333,8.34620833333333,12.2731666666667,1.9035,4.18441666666667
2023-05-02,5.74295833333333,5.92575,7.78408333333333,8.933875,8.51120833333333,7.31816666666667,7.038,7.7075,7.47545833333333,NA,8.72158333333333,9.45652173913044,7.565,7.61804166666667,6.986125,7.155125,8.34320833333333,7.06183333333333,6.06341666666667,5.98466666666667,9.47816666666667,10.0994166666667,6.74533333333333,5.505125,5.05495833333333,6.607625,5.66629166666667,4.93408333333333,5.59358333333333,8.843375
2023-05-03,11.10375,5.40483333333333,8.39429166666667,7.614,7.99629166666667,6.41116666666667,11.2717083333333,7.39,7.18154166666667,NA,9.583375,9.23058333333333,7.217125,14.25025,7.012625,6.20679166666667,12.090125,11.3110416666667,6.67654166666667,8.39133333333333,7.71425,7.457875,11.0732083333333,8.445375,5.59833333333333,8.91308333333333,7.425375,7.28775,12.1404166666667,6.47120833333333
2023-05-04,11.2756666666667,13.0857916666667,12.7378333333333,11.8435416666667,12.231875,12.6335833333333,6.45645833333333,10.7940416666667,11.859375,NA,12.073625,11.9625416666667,10.461,13.5662083333333,13.8640833333333,12.5776666666667,11.6637916666667,6.358125,11.9329583333333,7.15508333333333,12.6052083333333,13.4581666666667,17.5905,16.5311666666667,11.5890833333333,10.967875,15.0403333333333,16.97625,5.477625,11.5320833333333
2023-05-05,5.27616666666667,7.80470833333333,6.23816666666667,5.15429166666667,5.81766666666667,4.78575,9.26104166666667,3.95741666666667,6.04554166666667,NA,7.308375,3.54166666666667,3.78041666666667,12.7349166666667,9.66691666666667,9.96175,6.98608333333333,9.66891666666667,4.16475,14.9637083333333,3.22520833333333,5.3125,5.72720833333333,5.21725,9.6875,6.29520833333333,3.68716666666667,5.58479166666667,8.613375,4.02025
2023-05-06,6.41020833333333,6.94379166666667,5.62008333333333,5.39416666666667,5.7715,4.91554166666667,9.57554166666667,4.611875,7.10695833333333,NA,5.92875,5.23091666666667,4.46258333333333,4.63645833333333,7.40666666666667,6.668625,5.49729166666667,10.1905833333333,5.23779166666667,14.1048333333333,5.86083333333333,6.75820833333333,6.29333333333333,6.88095833333333,7.99133333333333,5.56516666666667,5.96704166666667,6.730625,8.013,5.275125
2023-05-07,6.35629166666667,16.389625,8.43458333333333,5.32533333333333,5.55716666666667,7.91775,8.1015,5.70666666666667,6.78066666666667,NA,7.45979166666667,3.93966666666667,5.80091666666667,5.53075,6.87995833333333,6.03770833333333,6.244125,8.222375,7.19645833333333,12.0805416666667,6.677375,7.35845833333333,6.5135,7.72020833333333,12.1522083333333,4.53520833333333,6.20679166666667,8.80616666666667,6.21175,6.08883333333333
2023-05-08,4.48995833333333,3.98791666666667,3.55841666666667,4.10683333333333,3.84829166666667,4.09883333333333,2.16,2.62083333333333,4.02320833333333,NA,4.951875,2.975625,2.60216666666667,4.34354166666667,4.07820833333333,5.63104166666667,2.911875,1.91525,3.40308333333333,4.48416666666667,3.12791666666667,4.34458333333333,5.38916666666667,6.07308333333333,5.07970833333333,1.73645833333333,4.56970833333333,6.72383333333333,1.3295,3.13583333333333
2023-05-09,3.348,5.76958333333333,7.88725,6.30704166666667,8.007125,5.40591666666667,5.75666666666667,4.8585,4.93225,3.3068,3.77366666666667,4.591125,4.86541666666667,5.24083333333333,5.60820833333333,5.741875,6.29816666666667,5.205375,4.96458333333333,3.01895833333333,6.17825,6.36108333333333,4.03295833333333,3.384375,6.160625,3.8945,3.35891666666667,3.66845833333333,3.12695833333333,4.99116666666667
2023-05-10,5.01570833333333,4.21483333333333,4.7455,4.611875,3.93575,4.22075,4.82016666666667,3.79029166666667,5.9455,5.09925,5.204375,2.5315,3.45320833333333,5.904,4.04970833333333,4.31704166666667,3.682125,3.944625,4.90766666666667,3.06608333333333,3.0445,5.17104166666667,5.55420833333333,5.46883333333333,5.03341666666667,5.108125,3.883625,5.39995652173913,2.109875,3.89741666666667
2023-05-11,5.18183333333333,7.93829166666667,3.588875,4.85558333333333,3.13195833333333,4.53620833333333,3.612375,3.94958333333333,5.03241666666667,4.48908333333333,4.58729166666667,3.07191666666667,3.55258333333333,4.62658333333333,5.84608333333333,5.773375,5.3735,3.70966666666667,3.94366666666667,4.059625,3.48766666666667,5.04625,5.00004545454545,5.10320833333333,6.651875,2.82629166666667,3.82570833333333,6.686375,3.145625,3.86791666666667
2023-05-12,8.216375,5.262375,6.52516666666667,9.39866666666667,4.774,8.630125,7.28095833333333,8.46416666666667,6.97333333333333,6.47016666666667,7.72808333333333,8.4995,8.04245833333333,4.495875,10.2525416666667,8.03966666666667,6.6735,7.67504166666667,9.48316666666667,3.925875,6.156625,8.82879166666667,9.555875,9.64033333333333,4.889,6.358125,7.19741666666667,8.619375,3.68029166666667,6.44745833333333
2023-05-13,11.167625,7.03725,10.8885,11.60975,11.0368333333333,9.27091666666667,6.76204166666667,11.3473333333333,10.4274583333333,10.78325,11.9379166666667,10.790125,11.1370833333333,10.8186666666667,11.6893333333333,9.41833333333333,9.9765,6.57133333333333,11.4740416666667,3.87875,9.68166666666667,11.031,11.94975,11.3139166666667,6.57329166666667,6.62045833333333,8.11620833333333,12.805625,6.047625,11.8868333333333
2023-05-14,16.596,11.2392916666667,11.416125,9.96466666666667,11.2864166666667,11.6678333333333,5.619125,9.91454166666667,14.28075,12.2916666666667,16.7678333333333,5.32833333333333,10.4020416666667,7.218875,12.5551666666667,12.9629166666667,5.150375,5.35779166666667,11.270625,6.73258333333333,10.8264166666667,12.0381666666667,17.1305416666667,17.4764583333333,17.5747916666667,4.24029166666667,11.3995416666667,15.8452083333333,2.68670833333333,10.593625
2023-05-15,4.32895833333333,5.87654166666667,4.47616666666667,4.77591666666667,4.19425,4.10679166666667,3.21941666666667,4.37495833333333,2.95108333333333,3.22725,4.24729166666667,3.86504166666667,3.80120833333333,3.71266666666667,3.62716666666667,3.61041666666667,3.95441666666667,3.09070833333333,3.51725,3.104375,4.303375,5.63483333333333,5.01966666666667,4.502875,3.82566666666667,3.21145833333333,4.0055,5.5455,2.24841666666667,4.13620833333333
2023-05-16,4.94783333333333,6.174375,6.96845833333333,7.40275,7.474625,7.82725,6.17433333333333,7.43129166666667,5.124875,6.05345833333333,6.05445833333333,6.39741666666667,6.99395833333333,4.46945833333333,6.25495833333333,5.66033333333333,7.06854166666667,5.82554166666667,7.30545833333333,4.38391666666667,6.85729166666667,8.672375,8.74233333333333,4.94795833333333,5.785125,4.4635,5.13658333333333,4.66395833333333,4.04191666666667,7.38404166666667
2023-05-17,7.98345833333333,7.32508333333333,7.24941666666667,8.28025,6.14983333333333,7.945125,6.50458333333333,7.92458333333333,8.63504166666667,7.78508333333333,8.2135,6.114375,7.08633333333333,6.655875,6.95370833333333,7.36245833333333,7.96104166666667,5.67016666666667,8.78841666666667,6.49770833333333,6.02804166666667,9.13225,10.334125,8.70875,6.686375,7.109875,7.58258333333333,7.476375,4.55883333333333,6.478
2023-05-18,7.11970833333333,9.86833333333333,7.54033333333333,11.102625,6.16758333333333,8.47691666666667,6.18420833333333,8.65570833333333,8.87383333333333,8.71954166666667,10.5611666666667,6.928125,7.95408333333333,6.14875,8.77470833333333,9.668875,7.12654166666667,5.78320833333333,10.8982083333333,7.06183333333333,6.215625,10.447125,8.30195833333333,6.64804166666667,10.8609583333333,5.16016666666667,7.468625,7.29470833333333,5.14358333333333,8.73720833333333
2023-05-19,8.25670833333333,10.2379583333333,9.44879166666667,8.855125,9.05370833333333,8.11825,10.7369166666667,10.664375,6.6775,11.3739166666667,13.219375,8.28620833333333,10.2811666666667,6.58808333333333,9.30916666666667,8.75095833333333,13.57525,10.4934166666667,9.54808333333333,7.45479166666667,9.06245833333333,10.66925,11.9615416666667,10.1965,11.3347083333333,7.23170833333333,8.858125,10.01275,7.90621739130435,10.117
2023-05-20,6.87895833333333,8.631125,12.7487083333333,8.73629166666667,14.0006666666667,8.486625,10.6045416666667,7.31241666666667,8.211625,7.05191666666667,9.5825,10.176875,7.016625,8.84825,12.777125,12.0234166666667,14.8005833333333,10.2122083333333,7.00575,9.74745833333333,16.474125,10.279125,8.32554166666667,7.428375,8.78345833333333,9.152,6.54883333333333,6.69129166666667,8.59183333333333,9.15795833333333
2023-05-21,5.572,7.17375,9.36529166666667,6.88295833333333,8.41008333333333,7.09029166666667,7.48433333333333,6.94179166666667,5.3695,4.96954166666667,6.12725,7.125625,6.533125,4.833,8.3,7.94125,6.15279166666667,7.74475,7.34683333333333,6.87016666666667,8.04045833333333,6.33745833333333,6.57633333333333,6.48683333333333,7.09116666666667,6.46516666666667,6.15179166666667,6.7945,7.151125,7.14729166666667
2023-05-22,6.69225,9.43104166666667,9.0655,8.47495833333333,7.51875,6.56833333333333,6.77675,6.37083333333333,7.43908333333333,5.75079166666667,6.68145833333333,7.43220833333333,6.17141666666667,7.23566666666667,6.81316666666667,6.7885,6.11633333333333,5.85495833333333,7.26808333333333,7.2465,8.17708333333333,9.92625,8.31375,7.23183333333333,6.68241666666667,6.63033333333333,7.522625,7.71633333333333,5.385125,9.72866666666667
2023-05-23,6.09570833333333,6.56066666666667,7.50595833333333,11.12425,7.18266666666667,8.99375,8.37466666666667,7.63670833333333,8.3875,6.4545,7.5335,8.45533333333333,7.43608333333333,6.04754166666667,6.824875,6.80029166666667,8.86895833333333,7.51466666666667,6.97233333333333,5.91191666666667,8.26941666666667,12.3782916666667,8.28220833333333,6.26475,5.92875,7.241625,5.67020833333333,6.99979166666667,6.08579166666667,8.88654166666667
2023-05-24,8.44345833333333,8.40025,7.388,10.974875,6.53116666666667,9.45758333333333,6.712875,10.4225,9.76029166666667,8.7195,10.44425,7.91475,9.85754166666667,8.91708333333333,9.53929166666667,8.90041666666667,6.91725,7.34036363636364,9.941,7.07645833333333,6.76108333333333,11.593,10.7940833333333,10.0010833333333,7.04895833333333,7.271,8.518125,9.65704166666667,4.70025,8.472875
2023-05-25,7.90583333333333,11.5931666666667,8.08675,8.03854166666667,7.794875,7.60420833333333,10.2181666666667,7.837125,7.634625,8.48870833333333,11.0407083333333,7.198375,7.49795833333333,10.4029583333333,8.58295833333333,7.98645833333333,8.32841666666667,10.0993333333333,7.54620833333333,8.10645833333333,7.65529166666667,9.02616666666667,11.1831666666667,10.13275,8.41395833333333,5.21125,8.82770833333333,9.76220833333333,7.83808333333333,8.28229166666667
2023-05-26,9.34558333333333,7.64645833333333,11.69325,7.62783333333333,9.64633333333333,7.389875,8.70483333333333,7.93533333333333,8.04645833333333,8.957375,10.002125,8.748,7.76729166666667,10.3006666666667,7.64645833333333,8.48366666666667,6.12720833333333,7.88325,7.68179166666667,12.8440416666667,8.59495833333333,8.56329166666667,11.588125,10.95425,7.99629166666667,6.91133333333333,8.39625,10.2486666666667,6.50158333333333,9.32983333333333
2023-05-27,9.77204166666667,9.61083333333333,7.13841666666667,8.26470833333333,6.70704166666667,8.374625,4.155875,8.73829166666667,7.0755,9.24441666666667,13.9505416666667,6.12333333333333,8.39916666666667,17.63175,7.92858333333333,8.011125,5.60433333333333,3.34408333333333,8.896375,5.10716666666667,6.571375,8.47479166666667,11.8199583333333,9.72183333333333,8.73529166666667,5.73804166666667,7.40666666666667,9.44483333333333,2.16395833333333,7.10491666666667
2023-05-28,9.25504166666667,7.55216666666667,6.2265,7.613125,5.38320833333333,6.25979166666667,6.68054166666667,6.58120833333333,6.53408333333333,7.639625,10.114,5.960125,6.413125,8.99675,7.32129166666667,7.27508333333333,7.25333333333333,6.81608333333333,7.0755,6.3955,5.36854166666667,7.83608333333333,9.39875,9.40941666666667,7.72604166666667,5.15916666666667,7.27016666666667,8.69116666666667,5.59158333333333,6.11245833333333
2023-05-29,6.82495833333333,6.780625,7.36825,8.981875,7.409625,6.56754166666667,7.326125,6.073125,5.92966666666667,5.71541666666667,6.92308333333333,7.19645833333333,5.801875,6.98120833333333,8.00620833333333,6.967375,9.57941666666667,8.24295833333333,6.053625,7.11970833333333,6.91733333333333,7.970875,7.099,7.02533333333333,6.39545833333333,6.004375,5.81766666666667,6.53095833333333,6.130125,6.82195833333333
2023-05-30,5.746875,7.29558333333333,7.50991666666667,9.229625,8.07404166666667,8.96920833333333,7.068625,6.43283333333333,7.99729166666667,5.787125,7.69554166666667,9.70825,6.190125,8.31766666666667,8.51325,8.07791666666667,10.436375,6.86420833333333,6.00533333333333,6.15170833333333,8.38841666666667,9.69533333333333,6.58425,5.57091666666667,6.39845833333333,7.48920833333333,6.132125,4.735625,6.062375,10.083625
2023-05-31,5.262375,5.21816666666667,4.73070833333333,4.85458333333333,6.38758333333333,5.60929166666667,9.23454166666667,3.10725,3.67133333333333,4.133125,5.22995833333333,9.10675,3.06704166666667,5.78908333333333,6.38670833333333,5.89533333333333,10.5217916666667,10.2702916666667,3.21833333333333,4.206,6.3915,5.31045833333333,5.64866666666667,5.54045833333333,4.527375,4.809375,6.35504166666667,5.29779166666667,5.23679166666667,10.625125
2023-06-01,6.29233333333333,8.79533333333333,5.09041666666667,8.42579166666667,5.68895833333333,10.2201666666667,5.95420833333333,6.04666666666667,7.20633333333333,5.72916666666667,8.56529166666667,11.3167916666667,5.95133333333333,9.034125,7.01945833333333,6.35325,6.86920833333333,7.39283333333333,6.16654166666667,3.39233333333333,7.448875,8.118125,7.27991666666667,6.19208333333333,5.446125,10.058,5.115,5.760625,4.16570833333333,9.94595833333333
2023-06-02,6.449625,9.517875,5.86191666666667,8.22233333333333,5.78425,8.03766666666667,6.72470833333333,6.41716666666667,6.14195833333333,6.31983333333333,7.2365,7.58558333333333,6.136875,8.88758333333333,7.572875,7.78861904761905,7.215,4.767125,6.35904166666667,5.95125,6.26479166666667,7.59725,7.582625,7.42633333333333,7.46258333333333,7.94808333333333,7.75454166666667,7.22491666666667,5.118875,6.76104166666667
2023-06-03,7.278875,6.92708333333333,6.95166666666667,7.26520833333333,6.76875,8.748125,6.22054166666667,6.52520833333333,6.83566666666667,6.9075,8.79916666666667,11.89075,6.36304166666667,9.86733333333333,8.34616666666667,7.08141666666667,10.1750833333333,6.1105,6.02691666666667,7.20433333333333,8.07008333333333,9.94216666666667,8.113125,7.61304166666667,6.400375,6.3945,6.768875,6.75616666666667,5.07770833333333,9.207
2023-06-04,5.29875,4.62854166666667,6.54095833333333,6.69625,5.876625,7.6435,6.52808333333333,5.52675,5.335125,4.30220833333333,5.36854166666667,7.25429166666667,5.34004166666667,5.70175,7.29845833333333,6.81016666666667,7.97275,6.75808333333333,5.27520833333333,5.57983333333333,6.28145833333333,8.00525,5.9355,5.51691666666667,4.83395833333333,5.125,4.55583333333333,4.99020833333333,5.73016666666667,6.308
2023-06-05,4.89483333333333,6.11882608695652,5.84125,7.60416666666667,6.431875,8.01491666666667,7.19433333333333,5.88541666666667,6.95175,5.16616666666667,6.932125,9.54566666666667,5.73408333333333,6.87308333333333,7.280875,6.33075,10.0590833333333,7.47341666666667,5.52395833333333,3.487625,7.00966666666667,8.25270833333333,5.47954166666667,5.066875,5.36958333333333,7.793875,5.34195833333333,4.79666666666667,6.34533333333333,7.919625
2023-06-06,6.24620833333333,4.95583333333333,5.64758333333333,5.17195833333333,6.76491666666667,6.32475,6.25983333333333,4.60991666666667,6.51441666666667,4.86841666666667,6.78654166666667,10.4245833333333,4.496875,7.98158333333333,6.13220833333333,5.07666666666667,11.2775416666667,6.47208333333333,4.07233333333333,3.00908333333333,8.13966666666667,8.78454166666667,6.40716666666667,6.17158333333333,3.80504166666667,7.268125,4.79454166666667,5.56408333333333,5.40495833333333,8.303875
2023-06-07,7.88904166666667,4.376,4.80533333333333,6.6205,5.07658333333333,5.115,6.11245833333333,6.19408333333333,9.2905,8.128,10.8305,9.2355,5.88245833333333,11.2431666666667,9.25416666666667,8.82866666666667,8.71075,6.384625,5.03441666666667,2.7015,7.328125,7.40470833333333,9.08816666666667,7.559,3.72254166666667,8.41979166666667,6.64908333333333,6.92220833333333,4.23341666666667,6.75033333333333
2023-06-08,8.34708333333333,5.58466666666667,6.740375,7.382125,6.79054166666667,6.22933333333333,4.71216666666667,6.46720833333333,8.924875,7.14129166666667,10.13075,8.068,6.33845833333333,13.8749166666667,13.5249583333333,11.3974583333333,7.30933333333333,5.079625,5.53566666666667,3.73129166666667,10.325375,6.96929166666667,8.56529166666667,7.4255,4.90458333333333,10.8737083333333,6.88879166666667,6.83470833333333,4.086,6.79941666666667
2023-06-09,13.5447083333333,8.42566666666667,7.96595833333333,10.3903333333333,8.13791666666667,8.69608333333333,7.17279166666667,9.85070833333333,11.0624583333333,11.0338333333333,12.864625,11.000375,9.544125,15.5896666666667,11.1989166666667,9.67475,8.91508333333333,6.74141666666667,8.66158333333333,5.93554166666667,11.5017083333333,11.7187083333333,14.681625,13.427625,7.72708333333333,10.6565,11.8162083333333,12.5304166666667,8.02779166666667,10.6232083333333
2023-06-10,15.6713333333333,13.7274166666667,13.7785,16.3945833333333,13.0404583333333,15.1474583333333,10.3921666666667,14.93025,17.881375,14.9833333333333,17.792,14.73775,14.4989583333333,17.9098333333333,15.111125,12.9088333333333,15.5297916666667,10.5995416666667,15.5060833333333,9.180375,14.82325,16.07125,19.7445833333333,20.2133333333333,11.359125,15.58875,14.1343333333333,18.4345833333333,8.42966666666667,15.1268333333333
2023-06-11,17.7830833333333,21.9890833333333,17.0874583333333,14.7014166666667,16.9233333333333,13.0857916666667,10.0599166666667,14.7475833333333,18.378625,15.0718333333333,17.2455416666667,17.3860833333333,14.3013333333333,5.12383333333333,17.2367083333333,14.9735833333333,14.5825,10.8304166666667,12.3890833333333,9.11570833333333,17.1325833333333,15.1435833333333,23.6794166666667,23.9240833333333,15.6869166666667,5.92970833333333,14.3613333333333,22.2182083333333,10.52675,15.7616666666667
2023-06-12,11.6294583333333,24.510625,18.563375,17.85,17.5344583333333,19.2699583333333,12.3105,15.459,14.870375,14.1135416666667,11.225375,17.0960833333333,15.2112916666667,4.939125,20.7332083333333,21.1085,9.00258333333333,13.1378333333333,16.9842083333333,13.5622916666667,16.5832083333333,17.3566666666667,31.875125,29.499875,21.7099583333333,6.66570833333333,18.6233333333333,23.8100833333333,11.1095,22.8608333333333
2023-06-13,11.5577083333333,12.7672916666667,12.5315833333333,13.5004166666667,12.301625,12.3605416666667,12.157125,13.7499166666667,14.2885416666667,12.5402916666667,15.0246666666667,11.6283333333333,13.4248333333333,8.39733333333333,13.48775,12.9736666666667,19.51075,13.4602083333333,11.9792916666667,10.6584166666667,12.7722083333333,12.2435416666667,13.8679166666667,12.0147083333333,11.504625,11.2225416666667,11.8465833333333,12.1522083333333,10.7252083333333,12.180625
2023-06-14,8.7815,8.072,6.530125,8.72658333333333,6.47329166666667,7.74279166666667,10.1061666666667,8.99275,10.634875,9.626625,12.1895,8.422875,8.72445833333333,11.2332916666667,8.78941666666667,7.82045833333333,10.5140833333333,11.4604166666667,8.74516666666667,6.6815,7.98454166666667,8.03166666666667,11.4190416666667,9.89783333333333,6.77575,11.171375,8.91916666666667,9.43695833333333,6.966375,7.80379166666667
2023-06-15,9.357375,9.06254166666667,8.77270833333333,9.72979166666667,8.8935,9.432,5.91008333333333,8.87775,12.3035,8.57304166666667,11.2285,9.787875,8.74720833333333,12.7997916666667,12.6199166666667,11.9752916666667,10.4413333333333,6.38458333333333,8.617375,6.476125,10.01475,9.13133333333333,11.792375,9.81816666666667,7.29466666666667,11.3847083333333,8.89245833333333,9.95783333333333,4.94404166666667,8.88275
2023-06-16,7.33979166666667,10.90425,9.85941666666667,9.10383333333333,10.7212916666667,7.36245833333333,8.27733333333333,8.280375,12.5198333333333,8.34616666666667,10.7714583333333,11.7474166666667,7.92654166666667,12.28475,8.41004166666667,10.5827916666667,18.1417916666667,8.55633333333333,6.52916666666667,6.11054166666667,11.7925416666667,8.23129166666667,12.551125,9.28466666666667,8.59091666666667,13.1909166666667,7.69575,9.87516666666667,6.623375,7.8725
2023-06-17,15.1494166666667,11.6490416666667,8.81,10.112,9.885125,7.75758333333333,7.53054166666667,8.99954166666667,12.328125,11.1262083333333,21.4879583333333,10.6181666666667,8.94558333333333,14.782875,8.182,7.19645833333333,17.5384166666667,8.71783333333333,7.20525,7.87641666666667,10.1229583333333,9.23558333333333,13.2076666666667,10.0865416666667,10.338125,7.73104166666667,8.19975,7.503125,7.21404166666667,9.190375
2023-06-18,12.8655833333333,19.4537083333333,11.823875,11.2619166666667,12.6140416666667,10.1385833333333,8.39333333333333,10.8510416666667,11.9889583333333,15.3755,22.607125,13.3991666666667,10.38425,8.20858333333333,14.2344583333333,13.2115416666667,16.0486666666667,9.56279166666667,9.74654166666667,11.4111666666667,13.9554583333333,13.185,16.765125,13.6105,18.082875,6.42295833333333,13.5427083333333,14.556,8.279375,11.43575
2023-06-19,8.51608333333333,7.4175,6.43279166666667,8.27433333333333,4.81633333333333,7.60129166666667,3.52404166666667,6.64216666666667,7.06270833333333,6.06229166666667,7.70154166666667,4.019375,6.55766666666667,6.290375,6.28925,6.84441666666667,5.71441666666667,3.97895833333333,6.826875,4.61975,4.368125,6.94083333333333,9.34758333333333,9.28370833333333,8.07683333333333,4.489875,8.207625,10.1277916666667,2.94129166666667,5.586625
2023-06-20,6.44066666666667,8.35395833333333,5.465875,5.39795833333333,5.01083333333333,5.519875,4.497875,4.597125,5.77141666666667,5.34983333333333,6.5025,4.83595833333333,4.341625,3.38154166666667,6.613625,7.469625,6.38558333333333,4.37155,6.20095833333333,4.32995833333333,4.771125,6.8495,7.45679166666667,8.53079166666667,9.33766666666667,3.61525,6.89570833333333,9.50958333333333,4.16270833333333,6.459375
2023-06-21,4.03208333333333,5.224125,5.08645833333333,5.611375,4.626625,4.31125,5.70954166666667,4.747375,5.53158333333333,4.23358333333333,5.418625,4.01925,4.566625,5.1425,4.441875,5.04245833333333,6.43670833333333,NA,4.19033333333333,4.26695833333333,3.78733333333333,4.815375,4.862375,4.42908333333333,5.304625,3.17120833333333,4.32108333333333,5.345875,4.49983333333333,4.47429166666667
2023-06-22,6.20975,6.87408333333333,6.72466666666667,6.77179166666667,5.92075,5.99845833333333,5.23691666666667,5.86191666666667,7.06870833333333,5.74004166666667,6.15466666666667,4.69541666666667,5.5985,4.15679166666667,7.05679166666667,7.07554166666667,7.07354166666667,4.79933333333333,5.84608333333333,5.08066666666667,5.28404166666667,6.661875,6.49770833333333,6.58516666666667,5.778375,3.34025,6.35125,6.72775,4.67675,6.484875
2023-06-23,5.65166666666667,8.02179166666667,6.23629166666667,7.20716666666667,5.294875,5.775375,3.80708333333333,5.46991666666667,6.21175,5.22808333333333,6.00725,4.261,5.378375,6.58316666666667,7.79291666666667,6.95070833333333,6.138,3.90516666666667,6.24225,6.615625,4.07825,6.14395833333333,5.758625,6.48195833333333,8.117125,5.033375,5.92283333333333,8.61845833333333,2.96552173913043,5.48158333333333
2023-06-24,4.89,3.74991666666667,4.64629166666667,5.22016666666667,4.94991666666667,6.444625,3.4415,4.78970833333333,5.81270833333333,4.545,5.74683333333333,3.077875,4.71,6.28454166666667,3.445375,3.65266666666667,4.85758333333333,3.48279166666667,4.62566666666667,3.07783333333333,3.161375,3.635,5.36954166666667,5.68991666666667,3.98683333333333,4.0625,4.84279166666667,7.22483333333333,2.35954166666667,2.56191666666667
2023-06-25,5.97283333333333,5.59654166666667,4.87429166666667,4.467375,4.2345,4.60983333333333,3.48466666666667,4.315,6.04754166666667,4.825125,6.172375,4.0665,4.27283333333333,5.691875,5.14154166666667,6.40045833333333,4.96758333333333,3.399125,4.44279166666667,5.00779166666667,4.27279166666667,5.248625,6.18320833333333,5.38516666666667,5.11095833333333,4.905625,6.23145833333333,10.9090416666667,2.90783333333333,4.47625
2023-06-26,5.09241666666667,3.74508333333333,4.7485,4.31416666666667,4.57445833333333,3.82570833333333,4.05466666666667,3.33241666666667,5.45016666666667,3.87979166666667,4.58045833333333,3.18404166666667,3.16920833333333,5.40483333333333,3.62133333333333,3.97308333333333,3.91016666666667,4.01429166666667,3.32941666666667,2.72991666666667,3.62916666666667,3.62420833333333,4.52041666666667,4.35733333333333,3.56629166666667,4.772125,3.10745833333333,3.53475,2.71120833333333,3.09066666666667
2023-06-27,5.03733333333333,5.9405,9.10975,8.44833333333333,8.89541666666667,7.14529166666667,3.15054166666667,7.70545833333333,10.1632083333333,5.85695833333333,6.685375,6.483,7.397875,9.20608333333333,6.65495833333333,7.7555,5.631875,3.11908333333333,6.99391666666667,5.31345833333333,8.176125,7.09525,6.16741666666667,5.68804166666667,6.76391666666667,11.38175,4.93716666666667,5.042375,1.64304166666667,6.807125
2023-06-28,13.3550416666667,5.12283333333333,4.68654166666667,6.45829166666667,4.75741666666667,6.577125,3.11720833333333,6.765,5.689875,9.9175,13.0877083333333,1.48991666666667,6.61666666666667,11.5420416666667,3.583,4.0075,3.674375,3.01004166666667,6.653,2.58345833333333,1.96441666666667,3.96816666666667,11.725625,10.9032083333333,5.64266666666667,3.073,9.94120833333333,10.1258333333333,1.87495833333333,2.33818181818182
2023-06-29,5.79904166666667,3.012,3.87670833333333,5.14558333333333,3.245875,3.40029166666667,3.96525,4.542125,2.81054166666667,3.28808333333333,4.6935,2.73875,4.38683333333333,3.13879166666667,2.777125,2.97958333333333,5.44916666666667,3.81683333333333,3.239,2.93629166666667,2.88516666666667,5.48658333333333,5.58575,4.536125,2.75170833333333,2.84895833333333,3.176,4.6335,2.61608333333333,3.06230769230769
2023-06-30,4.04391666666667,3.64679166666667,3.71166666666667,4.29833333333333,3.55354166666667,3.45920833333333,3.61445833333333,3.59079166666667,4.05954166666667,3.11816666666667,4.33966666666667,2.56195833333333,3.483625,4.78479166666667,2.91866666666667,3.80304166666667,3.71754166666667,3.55833333333333,3.68320833333333,3.54954166666667,2.71520833333333,3.66933333333333,4.693375,4.61183333333333,4.355375,3.58879166666667,3.691125,4.73454166666667,2.63079166666667,2.65141666666667
2023-07-01,9.770125,6.045625,7.74470833333333,6.57829166666667,7.97170833333333,5.68004166666667,4.963625,6.55954166666667,11.3600833333333,7.45883333333333,9.91554166666667,5.72625,6.32070833333333,16.7484583333333,5.93745833333333,5.91491666666667,7.11575,4.54216666666667,5.90308333333333,4.482125,7.40175,6.54770833333333,5.33408333333333,4.58033333333333,5.264375,12.1295833333333,4.85845833333333,4.207,3.36379166666667,5.762625
2023-07-02,10.9787916666667,6.06533333333333,5.97679166666667,6.49083333333333,5.98670833333333,5.9385,3.17995833333333,7.32120833333333,9.02333333333333,9.09495833333333,9.91945833333333,5.14054166666667,7.172875,9.31229166666667,5.58870833333333,5.514875,4.05954166666667,2.99625,6.1675,3.05720833333333,5.68404166666667,5.84808333333333,10.9788333333333,9.53820833333333,5.05795833333333,6.53108333333333,7.43229166666667,9.4695,2.0765,5.17004166666667
2023-07-03,7.70445833333333,3.04145833333333,3.92783333333333,4.87120833333333,3.89845833333333,3.72554166666667,3.93970833333333,4.1745,5.90125,4.84575,6.44754166666667,2.57666666666667,4.03979166666667,7.81054166666667,2.62579166666667,3.26354166666667,3.87770833333333,3.869,3.75891666666667,2.54120833333333,2.733875,3.42375,5.41270833333333,5.31058333333333,2.98941666666667,4.84679166666667,4.28504166666667,5.18583333333333,2.63266666666667,2.70833333333333
2023-07-04,5.555125,3.92595833333333,4.25020833333333,5.69975,4.157875,4.423125,2.86658333333333,4.08604166666667,4.70120833333333,4.5925,6.00245833333333,3.01004166666667,3.85716666666667,6.01716666666667,3.36479166666667,4.69841666666667,4.089125,2.76341666666667,4.44583333333333,2.79675,3.24383333333333,4.48273913043478,5.943375,6.17541666666667,3.69883333333333,3.40208333333333,4.16379166666667,5.64958333333333,1.79929166666667,3.48170833333333
2023-07-05,4.26679166666667,3.13970833333333,3.20666666666667,3.71558333333333,3.18095833333333,3.04834782608696,2.08229166666667,2.94416666666667,3.56325,3.29491666666667,3.75404166666667,2.39679166666667,2.78691666666667,4.53029166666667,3.50925,3.33720833333333,2.7605,1.935875,3.28620833333333,2.23175,2.76041666666667,3.82275,3.93491666666667,3.6715,2.613,2.819375,4.07729166666667,3.53970833333333,1.48095833333333,2.95695833333333
2023-07-06,3.97108333333333,3.47970833333333,4.15195833333333,5.70175,3.818875,4.319,2.508875,3.94858333333333,5.204375,3.54366666666667,4.12245833333333,4.26883333333333,3.71366666666667,5.76054166666667,4.22066666666667,6.19691666666667,5.68004166666667,2.46370833333333,3.843375,3.49545833333333,3.97691666666667,4.66191666666667,3.95058333333333,3.917125,4.280625,4.74358333333333,3.958375,3.848375,2.14529166666667,4.316125
2023-07-07,6.36995833333333,6.09970833333333,4.95179166666667,5.97383333333333,4.74845833333333,4.98833333333333,3.10541666666667,4.93320833333333,5.288875,5.64558333333333,7.72704166666667,5.09541666666667,5.052125,5.9355,5.49141666666667,6.35425,8.26458333333333,3.12404166666667,4.9705,6.49275,4.44966666666667,5.562125,7.846,6.45841666666667,5.62095833333333,5.21525,5.76254166666667,6.72279166666667,2.535375,4.609875
2023-07-08,6.908375,10.2555,7.03220833333333,6.19891666666667,7.21795833333333,5.541625,6.27345833333333,5.65454166666667,7.6425,6.20775,7.14041666666667,6.13704166666667,5.56695833333333,9.01129166666667,7.76145833333333,7.41945833333333,8.25475,6.29433333333333,6.23541666666667,11.0957916666667,6.88875,6.75216666666667,9.16279166666667,8.07979166666667,10.0482916666667,6.313875,7.3615,10.562125,6.74629166666667,5.81566666666667
2023-07-09,5.14154166666667,5.85395833333333,4.98920833333333,5.284,4.31895833333333,5.027625,4.43104166666667,4.55875,6.817125,4.74758333333333,6.26583333333333,4.03208333333333,4.20795833333333,7.40966666666667,4.98341666666667,4.62058333333333,6.476,4.33570833333333,5.06879166666667,5.288,4.28270833333333,6.19604166666667,5.72720833333333,6.28245833333333,5.49916666666667,5.31245833333333,4.63341666666667,6.25591666666667,3.543625,5.85691666666667
2023-07-10,4.128375,4.19904166666667,4.92633333333333,5.7755,4.94891666666667,4.73570833333333,3.55941666666667,4.03395833333333,5.572875,4.39866666666667,5.57491666666667,4.96179166666667,3.95241666666667,9.17945833333333,4.584375,5.09233333333333,5.50216666666667,3.54754166666667,4.01041666666667,3.977,4.94895833333333,7.4155,4.94883333333333,4.46936363636364,5.14154166666667,5.38625,4.49783333333333,4.78475,2.972625,4.78091666666667
2023-07-11,4.185375,2.676875,3.74216666666667,4.36616666666667,3.53970833333333,2.73095833333333,3.13491666666667,3.8355,5.57008333333333,4.32391666666667,6.259875,2.951,3.84133333333333,8.24086956521739,2.72004166666667,3.42083333333333,4.54216666666667,2.89120833333333,3.41783333333333,2.90683333333333,3.185,3.7205,5.58575,4.37308333333333,2.96283333333333,4.14516666666667,4.76220833333333,4.527375,1.557625,3.23220833333333
2023-07-12,5.62408333333333,3.66258333333333,3.78213636363636,4.71016666666667,3.70495652173913,3.693,2.53141666666667,3.414125,5.09429166666667,3.33929166666667,4.451625,3.05725,3.20958333333333,5.79508333333333,3.23025,4.02816666666667,5.563125,2.15116666666667,3.76579166666667,1.93891666666667,2.77029166666667,4.11754166666667,4.13920833333333,4.26983333333333,3.73929166666667,3.56625,4.11366666666667,4.16375,1.72279166666667,3.25379166666667
2023-07-13,4.948875,3.99179166666667,3.92791666666667,4.68166666666667,3.34025,4.04966666666667,2.67783333333333,4.20404166666667,4.657125,3.35308333333333,4.869375,3.357875,3.92304166666667,4.79858333333333,4.36816666666667,4.5685,4.07029166666667,2.71920833333333,4.15591666666667,2.78008333333333,3.05282608695652,4.50279166666667,3.95841666666667,4.13916666666667,3.75683333333333,3.05533333333333,4.07129166666667,4.151875,1.94979166666667,4.13525
2023-07-14,5.62104166666667,4.378875,3.46204166666667,3.84720833333333,3.17116666666667,3.786375,2.94908333333333,3.82270833333333,3.689,4.84179166666667,5.67225,3.120125,3.7795,6.19795833333333,4.03691666666667,4.78583333333333,3.36775,2.91375,3.96825,4.80733333333333,3.24483333333333,3.84929166666667,5.65658333333333,5.19458333333333,4.98329166666667,3.50145833333333,4.75920833333333,4.98720833333333,2.10704166666667,3.021875
2023-07-15,7.63766666666667,3.99966666666667,2.8115,3.76475,3.65170833333333,3.51816666666667,2.10783333333333,3.749125,5.14345833333333,5.346875,8.20866666666667,2.10495833333333,3.664625,9.98425,2.92454166666667,4.439875,1.816125,2.01258333333333,3.519,2.89020833333333,2.04208333333333,3.49745833333333,6.698,6.158625,4.24233333333333,4.04775,5.668375,6.34933333333333,1.248125,2.74854166666667
2023-07-16,7.3055,2.30141666666667,5.18970833333333,3.16920833333333,5.46670833333333,2.57279166666667,2.28975,3.70283333333333,5.15429166666667,4.22758333333333,6.767875,2.390875,3.52208333333333,6.87891666666667,2.48829166666667,2.730875,2.83016666666667,2.027375,2.901,1.83475,3.26070833333333,3.01304166666667,5.62504166666667,5.24170833333333,3.14670833333333,4.45658333333333,3.425625,5.33408333333333,2.00704166666667,2.42633333333333
2023-07-17,4.62966666666667,3.276375,3.771625,3.55725,3.65270833333333,3.15933333333333,2.268125,3.17716666666667,3.85908333333333,2.88716666666667,4.5135,2.66216666666667,3.08275,4.55879166666667,3.02683333333333,3.80808333333333,3.181125,1.924125,3.33925,2.10895833333333,2.63066666666667,4.18633333333333,4.26245454545455,3.75595833333333,4.097875,3.12504166666667,2.83316666666667,3.7205,1.51525,3.07291666666667
2023-07-18,2.87045833333333,3.205625,3.59075,5.50708333333333,3.11125,4.33958333333333,2.54616666666667,3.940625,4.42691304347826,3.077,3.99513043478261,3.34120833333333,3.52791666666667,5.40683333333333,3.69491666666667,5.2045,3.30783333333333,2.30925,3.999625,3.89154166666667,3.68916666666667,4.39175,4.67383333333333,3.67729166666667,3.96916666666667,3.078875,3.124,3.546625,1.597875,3.56429166666667
2023-07-19,4.88604166666667,4.9175,3.26554166666667,3.09945833333333,2.42495454545455,3.34381818181818,3.79816666666667,3.12708333333333,2.59925,2.3055,3.52979166666667,2.096,2.44108333333333,4.091,3.60854166666667,3.61441666666667,4.67170833333333,3.26954166666667,3.54075,3.81291666666667,2.68283333333333,4.33179166666667,3.68733333333333,2.89563636363636,4.88508333333333,2.51183333333333,2.80754166666667,2.65525,2.589375,3.05725
2023-07-20,3.073875,6.8565,7.95021739130435,6.21658333333333,7.41458333333333,6.65,7.73679166666667,5.5415,4.17658333333333,2.94516666666667,3.75791304347826,6.08691666666667,7.88625,5.24970833333333,6.79145833333333,6.55279166666667,7.74583333333333,7.09516666666667,6.525125,6.44454166666667,7.00870833333333,8.916,4.66195833333333,2.90985714285714,5.956125,3.83166666666667,4.26495833333333,2.99920833333333,5.96116666666667,7.47066666666667
2023-07-21,5.9965,6.97233333333333,4.892875,6.36704166666667,4.12941666666667,5.13708695652174,5.8805,6.64516666666667,6.5085,4.62358333333333,23.337375,3.67145833333333,5.24279166666667,4.03004166666667,5.50108333333333,5.55325,3.83445833333333,5.37441666666667,5.807875,5.11791666666667,4.21283333333333,6.40829166666667,8.301875,6.26475,6.75708333333333,3.46116666666667,6.04570833333333,6.24125,4.67266666666667,4.81229166666667
2023-07-22,5.146375,3.02370833333333,2.60820833333333,3.05920833333333,2.99329166666667,NA,2.5875,2.61395833333333,3.64291666666667,2.9785,5.11995833333333,1.772875,2.54625,5.85504166666667,2.38604166666667,2.441125,3.50820833333333,2.502,2.45975,2.83708333333333,2.5865,3.44833333333333,3.588875,3.93975,3.19083333333333,3.19775,3.332375,4.25016666666667,1.74929166666667,2.45479166666667
2023-07-23,5.36854166666667,2.382125,1.33054166666667,2.722125,1.23320833333333,NA,3.14466666666667,2.66604166666667,2.783,2.345625,3.541625,1.66770833333333,2.62095833333333,4.795625,1.99095833333333,1.06033333333333,3.77658333333333,3.12304166666667,2.23966666666667,4.60391666666667,1.38458333333333,2.09908333333333,2.77508333333333,2.93154166666667,1.953625,3.51220833333333,2.41354166666667,3.37458333333333,3.48370833333333,1.426
2023-07-24,2.99920833333333,4.27383333333333,2.90775,3.2145,2.41054166666667,3.44869230769231,2.094125,2.912625,3.12208333333333,2.47645833333333,3.02679166666667,2.76433333333333,2.49020833333333,3.545625,4.08608333333333,3.93279166666667,3.08275,1.742,3.14079166666667,3.29295833333333,2.7025,3.73516666666667,3.84833333333333,3.69391666666667,3.41679166666667,2.24733333333333,2.78695833333333,3.52695833333333,1.55466666666667,2.991375
2023-07-25,4.25995833333333,3.31166666666667,4.34658333333333,4.281625,3.40808333333333,3.70870833333333,3.43669565217391,3.75395833333333,3.89741666666667,3.41883333333333,4.29541666666667,3.189875,3.158375,4.63745833333333,3.45020833333333,3.465125,4.66495833333333,2.90583333333333,4.33275,2.75845833333333,3.30975,5.069875,4.32383333333333,3.674375,3.13679166666667,2.12558333333333,3.45547826086957,3.40020833333333,2.50104166666667,3.97029166666667
2023-07-26,3.36966666666667,5.01930434782609,3.84429166666667,4.60395833333333,4.257,4.02025,3.66054166666667,3.87879166666667,4.74254166666667,3.65466666666667,3.95445833333333,3.68616666666667,3.73145833333333,5.46875,4.64833333333333,5.19175,4.73858333333333,3.64595833333333,4.21879166666667,4.29645833333333,3.57708333333333,4.73666666666667,4.64625,3.637,5.33704166666667,2.28875,3.926875,4.60008333333333,3.09158333333333,3.62520833333333
2023-07-27,NA,1.62241666666667,2.1925,2.50095833333333,2.18454166666667,1.89166666666667,2.70533333333333,2.05383333333333,2.49908333333333,2.13145833333333,3.64279166666667,1.814125,2.04404166666667,3.27919047619048,1.64808333333333,2.31233333333333,2.36341666666667,2.43116666666667,2.04108333333333,3.43645833333333,1.535,3.18383333333333,3.08170833333333,2.64345833333333,1.80169565217391,2.179625,1.92708333333333,3.0904347826087,2.00970833333333,1.874125
2023-07-28,NA,3.125,3.253625,3.273375,2.76445833333333,2.544375,3.42283333333333,2.503,2.67263636363636,1.33758333333333,2.34670833333333,2.48929166666667,2.38704166666667,4.06745833333333,2.732875,3.26754166666667,4.04870833333333,3.38645833333333,2.47641666666667,2.81058333333333,2.31625,3.21045833333333,2.350625,2.49020833333333,3.37458333333333,2.4145,2.143125,2.50595833333333,2.35470833333333,2.70633333333333
2023-07-29,NA,2.88925,4.44083333333333,4.15,5.852125,4.23145833333333,4.04775,3.81391666666667,5.011875,3.41783333333333,5.04920833333333,4.26983333333333,3.67929166666667,6.47520833333333,3.347125,3.57125,4.887,3.90125,3.43854166666667,3.26158333333333,4.28754166666667,4.35933333333333,3.985875,3.52891666666667,3.15054166666667,5.19366666666667,3.10433333333333,3.43354166666667,2.41554166666667,3.882625
2023-07-30,NA,3.15833333333333,3.87491666666667,3.6065,3.7815,3.257625,3.80404166666667,3.47570833333333,4.76516666666667,3.52591666666667,5.63383333333333,2.294625,3.32245833333333,9.42029166666667,2.784,2.6495,2.861625,3.47875,3.31358333333333,2.89804166666667,2.47841666666667,3.58491666666667,4.4695,4.05758333333333,3.56229166666667,4.43304166666667,3.33633333333333,3.8985,2.24245833333333,2.60129166666667
2023-07-31,NA,2.917625,4.00845833333333,4.3362380952381,5.03154166666667,3.31470833333333,1.94283333333333,4.01929166666667,7.197375,3.1555,4.03783333333333,2.833125,3.86108333333333,7.19529166666667,2.68179166666667,2.95891666666667,2.64258333333333,1.92716666666667,3.523,1.88095833333333,2.616,4.22370833333333,3.16808333333333,3.15554166666667,3.08675,6.83352173913043,4.53420833333333,3.296,0.944375,3.24979166666667
2023-08-01,NA,3.177125,3.9485,3.71370833333333,4.07333333333333,2.894125,2.27904166666667,3.2075,4.40454166666667,3.919,5.550375,2.218875,3.104375,6.35820833333333,3.546625,3.60366666666667,3.7765,2.250375,3.231125,1.90345833333333,3.39325,3.07879166666667,4.98429166666667,4.664,2.48925,3.31166666666667,3.806125,4.4055,2.06170833333333,2.76241666666667
2023-08-02,NA,4.87625,2.72608333333333,2.87441666666667,1.953625,1.89479166666667,2.81354166666667,2.26220833333333,2.41641666666667,1.69616666666667,3.71945833333333,2.80170833333333,2.0775,5.35575,2.9825,2.783,3.79033333333333,2.894125,2.10683333333333,5.31745833333333,1.97129166666667,2.45966666666667,2.42529166666667,2.34966666666667,3.84045833333333,2.81845833333333,2.39775,2.480375,2.01982608695652,1.79245833333333
2023-08-03,NA,3.95058333333333,3.98579166666667,4.08025,4.02325,3.95645833333333,2.61304166666667,3.96616666666667,2.86845833333333,2.99729166666667,3.38445833333333,4.10766666666667,3.38541666666667,4.75641666666667,3.68129166666667,3.36483333333333,3.48766666666667,2.05683333333333,3.77175,2.78908333333333,4.514,5.36266666666667,3.8445,3.77558333333333,3.24195833333333,3.57904166666667,3.61245833333333,3.473875,1.73254166666667,4.236375
2023-08-04,NA,3.70583333333333,4.51158333333333,5.81483333333333,4.43891666666667,6.09475,3.71858333333333,5.89929166666667,5.47470833333333,4.04283333333333,4.24141666666667,5.7695,5.12979166666667,7.8675,4.58229166666667,4.35629166666667,6.85145833333333,3.03658333333333,6.77579166666667,NA,5.708625,7.423375,6.29320833333333,5.30175,3.27241666666667,7.876375,5.31641666666667,4.885125,2.4715,5.75579166666667
2023-08-05,NA,4.75629166666667,5.660375,5.37645833333333,5.04025,4.71404166666667,3.90029166666667,4.80245833333333,3.58983333333333,4.11958333333333,4.41841666666667,5.28504166666667,4.11166666666667,5.52879166666667,5.27904166666667,4.481125,2.93445833333333,3.94545833333333,5.013875,NA,5.018625,6.072125,4.64233333333333,4.037875,4.33375,2.812375,5.22516666666667,4.20408333333333,3.28716666666667,4.967625
2023-08-06,NA,3.01391666666667,3.50729166666667,2.97470833333333,2.592375,2.962875,2.255375,3.01583333333333,2.20108333333333,2.25529166666667,2.37620833333333,2.19825,2.52366666666667,3.50429166666667,3.373625,3.19775,2.80754166666667,2.153125,3.405125,NA,2.50395833333333,4.51166666666667,3.08183333333333,2.69366666666667,2.66908333333333,2.57183333333333,3.4375,3.23508333333333,2.80266666666667,2.75645833333333
2023-08-07,NA,2.92066666666667,2.69558333333333,3.50341666666667,2.65525,2.74375,2.04020833333333,2.85195833333333,3.359875,2.623875,4.11258333333333,1.99295833333333,2.7575,5.972875,2.55995833333333,2.667875,2.88520833333333,1.757125,3.20566666666667,NA,2.14520833333333,3.45816666666667,3.19975,2.846875,2.57958333333333,2.388,3.10141666666667,3.05820833333333,1.38075,2.42929166666667
2023-08-08,NA,2.54904166666667,2.48633333333333,3.57420833333333,2.844,2.81145833333333,2.594375,2.23575,2.553125,2.65533333333333,3.26758333333333,2.545125,2.63375,3.32254166666667,2.84695833333333,2.561,3.69395833333333,2.29758333333333,3.08275,NA,2.07454166666667,3.841375,2.86941666666667,3.00416666666667,2.11579166666667,1.25195833333333,2.28583333333333,2.61595833333333,1.77954166666667,3.408
2023-08-09,NA,4.942125,2.76241666666667,3.71270833333333,2.74275,3.81775,3.898375,3.05716666666667,3.29995833333333,2.87254166666667,3.406125,2.16778260869565,2.75554166666667,3.005,3.62816666666667,3.98379166666667,5.34,3.45616666666667,3.11708333333333,NA,1.96045833333333,4.04883333333333,3.98191666666667,3.72341666666667,3.765875,1.90341666666667,3.46995833333333,4.09591666666667,1.68345833333333,2.94116666666667
2023-08-10,NA,7.05383333333333,4.56479166666667,5.911875,5.22708333333333,4.75529166666667,6.54195833333333,4.02908333333333,4.79166666666667,3.89754166666667,6.38518181818182,4.13429166666667,3.872875,7.04204166666667,4.763,7.73517391304348,4.45466666666667,6.35916666666667,4.05266666666667,NA,4.10575,5.85291666666667,5.32233333333333,4.838875,7.3005,4.431,4.823125,5.03729166666667,3.01008333333333,4.357375
2023-08-11,NA,4.715,6.36595833333333,6.473125,7.23370833333333,5.279125,6.85045833333333,4.83975,6.8515,4.22858333333333,5.20733333333333,6.03975,4.70320833333333,8.48566666666667,5.52679166666667,6.594,7.90191666666667,6.9615,4.58141666666667,NA,5.82945833333333,6.52420833333333,4.3475,4.04679166666667,5.54745833333333,8.36775,4.36420833333333,4.34166666666667,4.98029166666667,5.72225
2023-08-12,NA,4.62275,4.67475,5.39120833333333,5.350875,4.55491666666667,3.584,4.50670833333333,5.556125,5.16116666666667,7.619,3.92391666666667,4.201125,9.46458333333333,4.440875,5.07191666666667,4.15104166666667,3.47679166666667,4.26304166666667,NA,3.82770833333333,4.77208333333333,6.05745833333333,5.13666666666667,5.00979166666667,5.97083333333333,4.26008333333333,5.6005,2.37516666666667,3.91708333333333
2023-08-13,NA,2.738,3.185,3.74316666666667,4.551875,4.39570833333333,3.47970833333333,3.05225,3.87975,3.39429166666667,4.56175,2.99633333333333,2.83116666666667,6.34058333333333,2.54120833333333,2.921625,3.134875,3.4925,2.918625,NA,2.81545833333333,3.31575,3.691125,3.51225,2.81941666666667,2.90866666666667,2.90495833333333,3.58695833333333,2.205125,2.72108333333333
2023-08-14,NA,3.03854166666667,2.459625,2.78204166666667,2.77616666666667,2.33983333333333,3.21433333333333,2.54129166666667,4.1295,3.46983333333333,5.17491666666667,1.98016666666667,2.43320833333333,7.04116666666667,3.10633333333333,4.76020833333333,3.713625,3.09270833333333,2.52158333333333,2.08630769230769,2.62883333333333,2.965875,4.08808333333333,3.80220833333333,3.2125,2.86075,3.3835,4.00154166666667,3.61545833333333,2.50975
2023-08-15,NA,5.52379166666667,3.300875,4.06058333333333,2.68770833333333,3.13679166666667,3.05625,3.59475,3.919,3.17508333333333,3.91808333333333,2.56095833333333,3.38741666666667,4.82616666666667,3.345125,3.35259090909091,2.20620833333333,2.74658333333333,3.454375,3.07291666666667,2.67783333333333,4.31504166666667,3.69895833333333,3.86895833333333,3.567375,2.43783333333333,3.45216666666667,4.00754166666667,2.64745833333333,3.54318181818182
2023-08-16,NA,6.40529166666667,3.68308333333333,4.64525,2.082375,4.30820833333333,4.4405,4.24429166666667,3.46695833333333,4.38879166666667,6.01908333333333,2.445125,3.77554166666667,3.58583333333333,5.3935,4.85845833333333,4.10666666666667,3.981,3.87975,4.30429166666667,1.96441666666667,5.37633333333333,6.5135,5.36954166666667,6.91133333333333,2.06108695652174,4.745375,5.98466666666667,3.17908333333333,4.06741666666667
2023-08-17,NA,3.80208695652174,8.94854166666667,5.824625,9.10379166666667,5.23870833333333,5.58079166666667,5.00008333333333,7.14433333333333,6.16454166666667,8.52004166666667,5.47275,4.82020833333333,10.8579583333333,9.038,8.29604166666667,8.82360869565217,5.51591666666667,5.21220833333333,2.6985,6.27454166666667,5.74295833333333,7.01658333333333,5.51391666666667,3.15854166666667,6.43279166666667,5.00091666666667,4.83108333333333,4.02220833333333,5.448125
2023-08-18,NA,6.76195833333333,4.052625,9.99278260869565,4.34066666666667,6.13608333333333,2.83520833333333,9.71308333333333,9.2365,12.4568333333333,15.84325,6.52945454545454,9.29933333333333,17.4175833333333,6.077125,4.841875,7.1325,2.88416666666667,8.46216666666667,5.23204166666667,4.809375,6.03770833333333,22.6770416666667,21.5812083333333,5.95429166666667,9.07317391304348,9.98620833333333,19.3819166666667,2.50983333333333,5.29383333333333
2023-08-19,NA,5.87466666666667,3.44445833333333,4.80241666666667,5.16620833333333,4.94804166666667,3.17316666666667,4.090125,4.33966666666667,5.039375,7.80758333333333,3.70479166666667,3.71170833333333,11.15775,4.72104166666667,4.40345833333333,3.89841666666667,2.887125,4.62270833333333,3.933875,4.12845833333333,4.87229166666667,6.91441666666667,6.81304166666667,5.98375,7.59733333333333,5.85595833333333,7.68866666666667,2.44304166666667,4.21383333333333
2023-08-20,NA,3.86404166666667,4.033125,4.495875,4.41925,4.65316666666667,4.99125,3.53379166666667,4.35829166666667,4.16570833333333,5.519875,4.010375,3.24695833333333,6.89466666666667,3.76075,3.65170833333333,5.29591666666667,4.44766666666667,3.585,2.96875,3.753,4.214875,4.89,4.417375,4.144125,5.06583333333333,3.79229166666667,5.11395833333333,3.55845833333333,3.90633333333333
2023-08-21,NA,3.638,3.38141666666667,5.84429166666667,4.03791666666667,4.96266666666667,4.61770833333333,3.36483333333333,4.14695833333333,3.39129166666667,3.76958333333333,2.9335,3.20854166666667,4.72679166666667,3.35204166666667,3.93770833333333,4.14120833333333,4.48830434782609,3.714625,2.83804166666667,3.14375,3.84733333333333,4.92925,5.49920833333333,4.54308333333333,2.99920833333333,3.52791666666667,6.15366666666667,3.19183333333333,3.011
2023-08-22,NA,3.16920833333333,3.52491666666667,3.69891666666667,4.53420833333333,2.85975,2.93833333333333,3.04233333333333,4.654,3.25758333333333,4.15495833333333,2.07245833333333,2.6855,4.56958333333333,2.389875,3.45069565217391,2.504875,2.36933333333333,3.2695,1.941875,2.49416666666667,2.903,3.88770833333333,3.88470833333333,3.273375,4.535125,3.41595833333333,3.83941666666667,1.419125,2.08725
2023-08-23,NA,4.84670833333333,3.82466666666667,5.60629166666667,3.58391666666667,4.3505,4.13025,4.73805263157895,5.08270833333333,3.911125,5.0464347826087,2.56966666666667,4.30041666666667,5.58766666666667,4.03891666666667,5.705625,5.321375,3.36270833333333,4.35345833333333,2.45579166666667,4.030125,3.96369565217391,5.23975,4.46929166666667,5.54241666666667,3.22433333333333,4.374125,4.14408333333333,2.09816666666667,3.26858333333333
2023-08-24,NA,4.26291666666667,3.646875,5.179,2.89704166666667,5.32625,2.99616666666667,4.80245833333333,4.32979166666667,5.08445833333333,6.55186956521739,2.91175,4.02216666666667,4.30720833333333,3.72645833333333,4.39170833333333,3.03070833333333,2.40766666666667,5.23891304347826,3.53195652173913,2.99041666666667,6.2225,8.51816666666667,7.13945833333333,4.269875,2.87641666666667,4.62554166666667,8.85908333333333,1.57525,4.012375
2023-08-25,NA,3.35,2.948125,4.315,2.57,3.43458333333333,1.971375,2.54725,2.75758333333333,2.58929166666667,2.626875,2.24345833333333,2.219875,3.824625,3.20075,4.39858333333333,3.11316666666667,1.63716666666667,2.84404166666667,2.28875,2.60020833333333,4.472375,3.45520833333333,2.834125,3.93770833333333,1.80720833333333,2.556125,3.04741666666667,1.477,3.38741666666667
2023-08-26,NA,4.06158333333333,3.3815,2.88920833333333,2.42141666666667,2.57475,2.047,2.54508333333333,2.324125,3.26745833333333,2.62675,1.55266666666667,2.01154166666667,3.83754166666667,3.82470833333333,4.13916666666667,2.921625,1.367875,3.34804166666667,3.751,1.89766666666667,3.55654166666667,3.24295833333333,2.51079166666667,4.9155,2.08533333333333,2.23183333333333,2.57183333333333,2.00175,2.093125
2023-08-27,NA,4.19025,3.10729166666667,2.44895833333333,2.568,3.04933333333333,1.84658333333333,2.44108333333333,2.02533333333333,2.80075,2.64641666666667,1.93304166666667,1.93291666666667,3.00116666666667,2.50495833333333,2.13745833333333,2.673,1.39641666666667,3.643,2.38695833333333,2.15991666666667,3.353875,3.01116666666667,2.763375,3.756875,2.00275,2.92745833333333,3.48475,1.08991666666667,1.94675
2023-08-28,NA,2.88133333333333,2.746625,3.5585,2.708375,3.20941666666667,5.15329166666667,3.40308333333333,2.845,2.90983333333333,3.02570833333333,2.390875,2.8675,3.956375,2.61495833333333,2.47841666666667,4.18729166666667,4.49195833333333,4.103875,2.58258333333333,2.56091666666667,4.44183333333333,4.22166666666667,2.928375,2.3045,3.096625,2.91075,3.02570833333333,3.22033333333333,2.733875
2023-08-29,NA,4.77704166666667,4.44870833333333,6.27175,4.634375,4.52533333333333,4.86533333333333,4.128375,6.71979166666667,2.80554166666667,3.61233333333333,4.20408333333333,3.56633333333333,4.0105,5.21916666666667,5.38033333333333,5.35008695652174,4.1255,4.20695833333333,4.08520833333333,4.45070833333333,5.58770833333333,4.69729166666667,3.869,5.38386363636364,3.95229166666667,3.52695833333333,3.692125,3.29504166666667,4.73466666666667
2023-08-30,NA,3.87091666666667,2.93925,4.59329166666667,3.13491666666667,3.73229166666667,2.82033333333333,4.26104166666667,3.72341666666667,3.62325,4.7375,2.89404166666667,3.36679166666667,5.599375,2.62670833333333,3.012,3.752125,1.956625,4.20891666666667,3.35016666666667,3.49745833333333,4.94491666666667,4.16670833333333,3.777625,3.914125,3.069,3.76370833333333,3.656625,1.50834782608696,3.66741666666667
2023-08-31,NA,4.71395833333333,4.63641666666667,6.11929166666667,4.96666666666667,5.99854166666667,3.02183333333333,4.97518181818182,4.68454166666667,3.74104166666667,3.82383333333333,4.1195,4.8527,3.84145833333333,4.95691666666667,5.72033333333333,4.4025,2.733875,5.44125,2.94816666666667,4.53425,6.966375,4.59516666666667,4.599,5.343,3.578,3.93579166666667,3.84054166666667,1.85645833333333,5.62308333333333
2023-09-01,NA,6.563625,4.722875,7.58454166666667,5.39995833333333,6.75516666666667,3.07975,7.280875,4.50270833333333,4.22770833333333,3.13779166666667,5.92966666666667,7.27304166666667,3.752,11.4425833333333,9.05470833333333,7.367375,2.88816666666667,5.755875,3.06220833333333,7.82629166666667,8.51420833333333,4.69341666666667,3.44441666666667,6.74054166666667,2.703375,4.51554166666667,2.85470833333333,2.18945833333333,7.25733333333333
2023-09-02,NA,4.51541666666667,10.717375,11.1320833333333,10.5975,9.20216666666667,8.41295833333333,8.726375,6.75908333333333,7.12670833333333,7.92845833333333,9.78483333333333,8.30975,6.57925,11.4810833333333,8.587875,12.222875,7.62395833333333,6.88583333333333,4.316125,11.925125,9.60504166666667,11.3090416666667,10.1308333333333,3.36270833333333,4.834875,5.49933333333333,10.7124583333333,3.48466666666667,9.94595833333333
2023-09-03,NA,5.505125,9.263,10.9739166666667,9.7965,7.538375,6.36991666666667,5.98566666666667,6.55175,10.067875,9.545125,4.97829166666667,6.23725,6.55954166666667,6.54483333333333,6.81604166666667,5.86770833333333,5.75083333333333,6.588125,4.34354166666667,9.18929166666667,10.0667916666667,14.9096666666667,13.2323333333333,6.74533333333333,6.22933333333333,6.57820833333333,14.493,3.86704166666667,9.31320833333333
2023-09-04,NA,15.0865,7.4185,12.1962916666667,9.83108333333333,11.5645,4.894875,9.993125,7.22191666666667,15.9995416666667,9.257125,8.14183333333333,8.74608333333333,8.218375,8.96629166666667,9.64633333333333,8.285375,4.65804166666667,11.6004285714286,5.83233333333333,10.9985,11.3453333333333,19.2885833333333,17.0098333333333,17.2386666666667,6.61170833333333,10.8064285714286,16.6559166666667,3.19083333333333,9.84675
2023-09-05,NA,15.351875,9.31208333333333,12.1953333333333,8.73633333333333,10.7213333333333,5.36670833333333,11.94875,9.74254166666667,12.2100833333333,12.3595833333333,9.702375,10.9935833333333,11.3769583333333,12.9343333333333,12.7281666666667,10.5975,5.24579166666667,11.9074583333333,9.218875,9.81725,10.5199583333333,18.184125,16.742375,16.899625,8.04533333333333,9.52839130434783,13.929875,5.23583333333333,9.35741666666667
2023-09-06,NA,19.7092083333333,14.9725833333333,17.20625,12.94525,19.5137916666667,10.0197083333333,11.7277916666667,14.8085,13.6920833333333,13.3511666666667,13.6488333333333,11.2919090909091,15.6762083333333,20.75675,21.8975833333333,11.3975416666667,9.75829166666667,13.4140416666667,11.2971666666667,14.1403333333333,17.8184583333333,27.2720833333333,22.4136666666667,14.896,11.3582083333333,9.66983333333333,23.4610833333333,10.2330416666667,14.6645
2023-09-07,NA,23.8848333333333,21.021125,15.1719583333333,19.5431666666667,12.1207083333333,14.8133333333333,11.5487916666667,15.8924166666667,16.656875,18.0534166666667,15.6269583333333,11.0034583333333,26.3650833333333,21.446625,21.9506666666667,19.2089583333333,14.3356666666667,11.1763333333333,12.7605,18.79425,13.1477083333333,36.336625,35.4894583333333,20.2035,16.5085416666667,15.4951666666667,37.4038333333333,9.77504166666667,17.4589166666667
2023-09-08,NA,29.96075,22.6652173913043,26.812125,24.8752916666667,27.2947916666667,18.4552916666667,20.3861666666667,14.2640833333333,10.2034583333333,12.109875,18.754125,19.6345416666667,31.5812916666667,24.6434166666667,25.055,29.840875,17.5167916666667,28.7462916666667,19.1933333333333,27.011625,29.5805416666667,16.9261666666667,28.2774166666667,20.6919583333333,15.7735,17.3703333333333,39.5785833333333,9.69729166666667,28.0268333333333
2023-09-09,NA,25.4000833333333,22.673,23.0642083333333,24.1205416666667,21.3789166666667,15.84025,15.6594583333333,19.3053333333333,14.3277916666667,16.5910416666667,12.787,15.509125,17.3250833333333,21.339625,20.73025,12.1462083333333,14.6442916666667,19.5087916666667,23.5555416666667,22.7713333333333,23.0710416666667,24.2492916666667,26.503625,22.91075,7.610125,16.0447083333333,26.415125,9.50970833333333,24.1943333333333
2023-09-10,NA,20.7479166666667,11.8484583333333,21.5685,12.7555416666667,17.1365,4.80133333333333,15.81175,16.5360416666667,17.6544583333333,17.4695833333333,11.9458333333333,14.9283333333333,12.7113333333333,17.153,16.5724166666667,8.62133333333333,4.43983333333333,19.6677916666667,12.1873333333333,19.4379583333333,19.384875,33.309875,32.2278333333333,19.1245833333333,10.07475,17.1010416666667,33.466125,3.8345,15.9267916666667
2023-09-11,NA,7.85679166666667,6.24316666666667,7.447,5.00204166666667,6.639,3.554375,7.735875,5.351875,8.629125,8.226125,5.161125,7.25920833333333,5.71641666666667,7.285875,7.970875,3.28616666666667,3.03358333333333,7.97475,4.64029166666667,5.29583333333333,7.75954166666667,9.74058333333333,9.676875,9.21479166666667,3.54958333333333,7.82441666666667,9.89613043478261,2.83520833333333,6.05258333333333
2023-09-12,NA,4.38966666666667,2.865625,3.675375,2.52354166666667,2.6425,3.074875,3.41591666666667,2.88633333333333,2.83420833333333,4.60891666666667,2.92454166666667,3.236125,3.87683333333333,3.11320833333333,2.55220833333333,3.632125,2.70933333333333,3.4925,3.15541666666667,2.0765,2.729,5.00783333333333,5.1415,3.21545833333333,2.7585,3.35895833333333,6.39641666666667,1.88675,2.563875
2023-09-13,NA,4.32983333333333,4.19620833333333,7.44216666666667,3.9465,5.28220833333333,3.41391666666667,5.2575,5.250625,4.95095833333333,4.93516666666667,4.55191666666667,5.18879166666667,4.90670833333333,5.763625,5.32141666666667,5.59654166666667,2.94625,4.78379166666667,3.20745833333333,4.03304166666667,5.87230434782609,5.078625,3.94845833333333,3.91404166666667,3.443375,4.283625,5.77841666666667,2.43808333333333,4.99995833333333
2023-09-14,NA,4.96066666666667,3.83254166666667,8.19875,3.50241666666667,6.380625,4.863375,4.81825,4.80854166666667,5.29975,5.71354166666667,3.4425,4.37504166666667,5.55333333333333,4.80945833333333,6.109375,4.95683333333333,3.47191666666667,4.94404166666667,2.499,3.12691666666667,5.31358333333333,4.610875,4.03695833333333,6.247,2.57854166666667,4.31220833333333,4.44970833333333,2.02233333333333,3.772625
2023-09-15,NA,7.91283333333333,7.85579166666667,9.541125,6.93108333333333,10.7017083333333,3.33816666666667,6.48795833333333,8.08575,6.39745833333333,9.428125,7.22004166666667,6.18020833333333,8.70195833333333,10.8461666666667,11.392625,3.89645833333333,3.229125,6.38866666666667,2.6445,6.44458333333333,9.32791666666667,9.50479166666667,7.26417391304348,9.412375,4.6848,5.93158333333333,8.38633333333333,2.052,7.65829166666667
2023-09-16,NA,14.5165833333333,3.925,17.733,4.80941666666667,13.6017083333333,2.26520833333333,14.5136666666667,16.7669583333333,9.50579166666667,10.3882916666667,8.97208333333333,13.9544583333333,9.44083333333333,8.929875,7.17083333333333,3.77845833333333,2.11670833333333,14.5178333333333,3.729375,6.368,11.527125,11.8436666666667,13.0975416666667,12.23575,9.52345833333333,11.6814583333333,13.4434583333333,1.87395833333333,7.84216666666667
2023-09-17,NA,10.3705416666667,7.364375,12.535375,7.67891666666667,10.9955416666667,4.134125,10.8,12.1619166666667,13.5210416666667,10.1995,12.2347916666667,10.5750416666667,8.555375,12.410625,9.33283333333333,7.06366666666667,4.04975,NA,4.73470833333333,8.66154166666667,12.672,18.1565833333333,16.683375,9.5715,7.9845,12.4499166666667,15.53175,3.34608333333333,10.8
2023-09-18,NA,4.368125,6.68633333333333,7.008625,6.08495833333333,6.72654166666667,4.12929166666667,4.32095833333333,4.84970833333333,4.08416666666667,4.678625,5.049125,4.309125,5.04341666666667,7.151125,6.55466666666667,3.90133333333333,3.82570833333333,2.8774,4.91058333333333,5.26729166666667,6.63420833333333,3.981875,3.524,5.39204166666667,3.88166666666667,3.8355,3.633,2.26520833333333,5.6605
2023-09-19,NA,2.96670833333333,4.08025,3.92883333333333,8.40020833333333,3.69979166666667,3.33829166666667,3.32054166666667,4.881125,4.24725,6.994875,2.775125,3.16533333333333,9.95391666666667,2.72804166666667,3.29120833333333,4.07933333333333,2.79191666666667,3.239,2.57666666666667,3.23504166666667,3.30083333333333,5.23979166666667,4.679625,3.54554166666667,6.97825,3.36779166666667,4.81929166666667,1.63420833333333,3.15354166666667
2023-09-20,NA,3.52983333333333,3.28233333333333,4.84870833333333,4.15491666666667,3.768625,2.85483333333333,4.018375,6.49475,5.335125,7.838125,2.358375,3.81679166666667,11.487875,2.899,4.526375,2.62770833333333,2.52158333333333,3.9495,2.180625,2.637625,3.51520833333333,5.19658333333333,4.45845833333333,3.98391666666667,5.20733333333333,4.68754166666667,5.35975,0.993583333333333,2.561
2023-09-21,NA,3.38745833333333,3.32358333333333,4.87916666666667,2.41354166666667,3.55354166666667,3.50429166666667,3.30091666666667,3.68129166666667,3.11120833333333,4.14504166666667,3.304875,3.13091666666667,4.1845,3.663375,4.72291666666667,3.8925,3.048375,3.6075,2.15225,2.46954166666667,4.842875,3.644,3.41,4.71604166666667,2.23858333333333,2.81454166666667,3.79325,1.58404166666667,3.57016666666667
2023-09-22,NA,3.74304166666667,3.16329166666667,4.39766666666667,3.217375,3.345125,2.73,3.06595833333333,2.74079166666667,2.79491666666667,2.898125,2.25633333333333,2.67891666666667,4.378875,2.863625,3.61141666666667,3.84145833333333,1.94383333333333,4.43295833333333,2.17875,3.346125,4.91258333333333,3.392375,3.28416666666667,4.18041666666667,2.58845833333333,2.68670833333333,3.62691304347826,1.098625,3.06895833333333
2023-09-23,NA,3.59870833333333,3.76775,5.49733333333333,3.82079166666667,4.382875,4.425125,3.76483333333333,4.73375,3.960375,4.429,4.13516666666667,3.53175,6.26770833333333,4.43004166666667,4.80154166666667,5.506125,3.94166666666667,4.28854166666667,3.536625,4.06654166666667,4.696375,4.59520833333333,3.42075,3.74320833333333,4.52933333333333,3.82670833333333,3.29991666666667,2.50979166666667,4.28275
2023-09-24,NA,4.51454166666667,2.8695,4.16670833333333,2.99341666666667,3.87879166666667,3.019875,4.07916666666667,4.78966666666667,4.79958333333333,5.75579166666667,2.878375,3.831625,10.2065833333333,3.48866666666667,8.79920833333333,4.75933333333333,2.60216666666667,4.032125,3.71966666666667,2.49320833333333,3.93875,5.80179166666667,5.20633333333333,4.67666666666667,5.20929166666667,4.76308333333333,5.991625,1.45645833333333,3.084625
2023-09-25,NA,5.41875,7.484375,10.27225,9.16775,7.83608333333333,7.12945833333333,6.65391666666667,9.68754166666667,5.988625,8.396375,7.88045833333333,6.2805,12.03525,6.35225,8.56041666666667,8.74508333333333,6.897625,6.30804166666667,6.84328571428571,7.51970833333333,7.59729166666667,6.761,5.87070833333333,6.253875,10.738,5.3145,6.23620833333333,5.11208333333333,6.897625
2023-09-26,NA,6.05154166666667,6.76304166666667,7.55404166666667,7.58554166666667,6.654,6.27858333333333,5.49229166666667,7.42641666666667,6.06125,7.32108333333333,6.812125,5.16020833333333,9.24733333333333,7.337875,9.49091666666667,6.762,5.19941666666667,5.4855,7.82633333333333,6.61558333333333,7.54033333333333,6.92616666666667,5.55529166666667,7.09220833333333,6.91729166666667,5.13070833333333,6.66183333333333,4.33379166666667,6.69025
2023-09-27,NA,6.10666666666667,5.02475,6.57169565217391,5.69579166666667,6.1695,2.9805,5.62108333333333,7.01758333333333,7.03520833333333,8.3825,5.51108333333333,5.46495833333333,11.1794166666667,6.34629166666667,7.12066666666667,5.95416666666667,2.923625,5.98270833333333,6.18225,5.63591666666667,6.72758333333333,8.22109523809524,7.19733333333333,7.40675,8.30595833333333,6.43675,8.33833333333333,2.17083333333333,5.575875
2023-09-28,NA,6.01229166666667,7.18354166666667,8.46208333333333,8.21054166666667,7.33295833333333,8.31666666666667,7.384125,8.76575,6.628375,7.72408333333333,7.789,7.104,10.6064166666667,7.20429166666667,7.327,10.1179583333333,7.70254166666667,6.881,5.99458333333333,7.22091666666667,7.93429166666667,7.13833333333333,6.38270833333333,7.277,8.8345,5.82341666666667,6.93495833333333,4.1195,7.30154166666667
2023-09-29,NA,5.14554166666667,6.566375,6.34741666666667,7.557125,5.07483333333333,8.090625,4.67079166666667,5.97483333333333,4.79275,4.91645833333333,4.69941666666667,4.52541666666667,8.00708333333333,5.20641666666667,5.264375,6.29333333333333,7.19933333333333,4.956875,5.16604166666667,5.10808333333333,5.50329166666667,4.55983333333333,4.30820833333333,5.55033333333333,6.40920833333333,4.27079166666667,4.47433333333333,5.58570833333333,4.86141666666667
2023-09-30,NA,4.54895833333333,4.90175,6.84175,4.76808333333333,6.63525,4.62179166666667,5.78620833333333,6.46320833333333,5.36270833333333,7.439125,4.093,5.4305,8.13491666666667,5.22404166666667,4.95770833333333,5.637625,4.427125,5.79604166666667,5.02854166666667,4.321875,6.438625,6.340375,6.024,6.29416666666667,4.09595833333333,4.52629166666667,5.94341666666667,2.76533333333333,5.34504166666667
2023-10-01,NA,2.81254166666667,3.83345833333333,2.47641666666667,4.26104166666667,2.50342105263158,5.777375,2.255375,2.833125,7.36820833333333,7.84795833333333,2.89795833333333,2.18170833333333,7.960875,2.89304166666667,2.747625,5.91095833333333,4.71395833333333,2.56775,4.79566666666667,3.11129166666667,3.18104166666667,9.85466666666667,8.47683333333333,4.37504166666667,3.490625,5.58666666666667,9.230625,3.33241666666667,3.01
2023-10-02,NA,7.08733333333333,6.24325,7.34775,6.22054166666667,6.74829166666667,6.430875,6.17521739130435,8.71179166666667,5.73608333333333,5.818625,5.797875,5.91373913043478,3.335375,6.15954166666667,6.59591666666667,7.24854166666667,5.96795833333333,5.83141666666667,5.00883333333333,5.69383333333333,6.57916666666667,10.5228333333333,11.4534583333333,8.95441666666667,5.181875,6.29720833333333,10.98175,3.807,6.18425
2023-10-03,NA,4.3334347826087,5.56208333333333,4.91645833333333,6.32766666666667,5.39108333333333,5.36658333333333,4.02320833333333,4.79666666666667,3.756875,3.941625,3.7775,3.71366666666667,5.78025,3.99866666666667,4.27179166666667,5.244625,4.82525,4.60595833333333,3.21633333333333,4.37695833333333,5.10808333333333,3.85229166666667,3.631,4.49452173913043,4.33283333333333,3.681625,4.21870833333333,3.30783333333333,4.921375
2023-10-04,NA,4.484125,7.17383333333333,5.40191666666667,8.39129166666667,4.49491666666667,5.35779166666667,4.399625,4.59704166666667,4.19620833333333,4.67775,4.70808333333333,4.17561904761905,5.46579166666667,4.77504166666667,5.668375,7.392,4.599125,4.37208333333333,5.130625,4.91145833333333,4.74266666666667,4.52433333333333,4.27675,5.944375,4.63941666666667,4.020625,4.74254166666667,3.2675,4.71195833333333
2023-10-05,NA,4.032,3.82279166666667,5.78720833333333,6.08004166666667,5.361625,3.41104166666667,4.74154166666667,6.26770833333333,4.05670833333333,4.6345,3.02083333333333,NA,5.36754166666667,3.76470833333333,3.94058333333333,2.682875,2.77516666666667,4.568625,1.52478260869565,2.45479166666667,4.7495,4.66975,4.59208333333333,5.78233333333333,5.75366666666667,4.00254166666667,4.7455,1.024125,3.61533333333333
2023-10-06,NA,2.992375,2.79591666666667,5.54341666666667,7.265125,3.854125,2.7565,4.40745833333333,5.12083333333333,4.763125,5.37545833333333,1.80025,NA,6.38366666666667,2.34970833333333,2.37625,3.127875,2.013625,4.14416666666667,1.0495,1.72958333333333,2.56679166666667,5.24366666666667,4.713875,3.71954166666667,5.41075,3.35204166666667,5.195625,1.254875,1.88491666666667
2023-10-07,NA,6.73058333333333,10.760625,8.46304166666667,11.32375,9.19720833333333,0.703541666666667,7.48229166666667,7.24941666666667,6.6785,6.470125,8.888625,NA,7.890125,9.22958333333333,8.56629166666667,8.96133333333333,0.629916666666667,8.10541666666667,4.27579166666667,9.427,9.735625,7.42129166666667,6.652125,7.90891666666667,7.45683333333333,6.71391666666667,7.86958333333333,0.303666666666667,9.46745833333333
2023-10-08,NA,9.07141666666667,10.18575,7.766375,8.9535,11.3939285714286,4.51654166666667,6.15675,8.58091666666667,7.67595833333333,9.88008333333333,7.093125,NA,8.968375,12.0449583333333,10.44125,9.783875,3.969125,7.380125,6.766875,9.110625,9.53320833333333,8.02295833333333,7.95008333333333,9.5745,8.258625,6.10270833333333,8.924,4.0625,8.82766666666667
2023-10-09,NA,7.86558333333333,8.54170833333333,11.0545833333333,7.11179166666667,12.2187692307692,3.02466666666667,9.30525,10.8197083333333,11.041625,12.5736666666667,10.7204166666667,10.2251818181818,14.4695416666667,13.5731666666667,11.233375,7.29854166666667,2.71916666666667,10.7194583333333,4.36404166666667,9.65216666666667,13.573125,12.4097083333333,11.5990416666667,8.13191666666667,8.689125,8.27245833333333,11.407375,1.64995833333333,11.0997083333333
2023-10-10,NA,11.1832916666667,10.3067083333333,12.6817083333333,11.2785416666667,12.5845416666667,5.87954166666667,13.186,12.5845416666667,13.7225416666667,12.1501666666667,7.923625,12.875375,11.600875,8.50433333333333,10.0609166666667,6.363125,5.12091666666667,12.2111666666667,6.82691666666667,9.38095833333333,10.508125,12.232875,11.5389166666667,13.1859166666667,5.75483333333333,11.3925416666667,12.455875,4.18345833333333,8.40631818181818
2023-10-11,NA,3.404125,5.12583333333333,6.91525,5.64558333333333,2.5365,6.44954166666667,7.96391666666667,11.337625,12.0476363636364,12.91975,2.381125,7.671,15.932625,2.77125,3.43741666666667,6.127125,5.34004166666667,5.70275,3.86879166666667,3.34604166666667,3.36675,12.5275833333333,11.5801666666667,3.9505,6.31291666666667,8.126,11.6797916666667,3.82870833333333,2.95408333333333
2023-10-12,NA,5.75975,5.666375,8.13478260869565,5.481625,6.994,3.65866666666667,6.39154166666667,5.74879166666667,4.26691666666667,4.08620833333333,6.15075,6.20979166666667,4.801625,6.6235,7.22195833333333,8.222375,2.95604166666667,7.28670833333333,4.09491666666667,5.97195833333333,9.14408333333333,6.30504166666667,6.54883333333333,6.05733333333333,2.181625,5.97679166666667,4.68158333333333,2.0155,7.04508333333333
2023-10-13,NA,3.35983333333333,5.28604166666667,4.496875,6.045625,3.7195,4.55479166666667,4.39079166666667,5.2605,6.51045833333333,8.61441666666667,3.44354166666667,3.93470833333333,11.8132083333333,4.26791666666667,4.314125,6.5135,3.76775,3.83358333333333,6.49279166666667,4.44883333333333,4.28242857142857,6.81995833333333,6.48683333333333,4.372,3.23116666666667,5.31845833333333,6.748125,3.232125,3.51808333333333
2023-10-14,NA,3.82758333333333,4.99608333333333,4.35725,4.16179166666667,2.86754166666667,5.01683333333333,3.55054166666667,4.434,3.09754166666667,3.86104166666667,2.577625,3.19770833333333,4.750375,3.82179166666667,3.64183333333333,3.333375,4.10583333333333,3.354,3.70979166666667,3.75695833333333,3.78341666666667,4.28466666666667,3.45316666666667,4.613875,2.61975,2.80854166666667,3.29904166666667,3.15945833333333,2.96779166666667
2023-10-15,NA,4.272875,4.54308333333333,5.49141666666667,3.82566666666667,6.26279166666667,4.2905,3.84341666666667,3.93670833333333,5.13754166666667,5.216125,3.45720833333333,4.54108333333333,4.3525,5.14741666666667,4.497875,5.86879166666667,3.04841666666667,5.437375,2.69954166666667,3.82958333333333,5.15233333333333,4.52833333333333,5.31645833333333,4.347375,2.48625,2.61208333333333,5.48458333333333,2.03620833333333,5.37645833333333
2023-10-16,NA,8.94470833333333,6.99495833333333,11.3400833333333,7.283875,8.588875,4.47472727272727,6.52320833333333,5.42945833333333,6.20091666666667,5.07666666666667,7.11779166666667,6.2755,5.30670833333333,6.630375,10.6515,7.80275,4.53472727272727,8.4415,6.59595833333333,7.408625,7.05108333333333,6.94966666666667,4.59708333333333,10.1406666666667,3.44829166666667,4.50870833333333,4.47629166666667,1.46720833333333,6.870125
2023-10-17,NA,4.947,5.46191666666667,6.40916666666667,5.07666666666667,5.04916666666667,7.10104166666667,4.86041666666667,5.24070833333333,4.44179166666667,6.14983333333333,6.59104166666667,4.8585,8.88766666666667,9.55304166666667,9.457625,7.42145833333333,6.8505,4.552875,7.99229166666667,5.19270833333333,4.733625,5.35775,4.87808333333333,5.96995833333333,4.67866666666667,4.38783333333333,5.55904166666667,5.27329166666667,5.32829166666667
2023-10-18,NA,10.3873333333333,8.22325,9.21891666666667,8.10333333333333,7.889125,6.30895833333333,7.48916666666667,6.26470833333333,6.086,5.60933333333333,10.0097916666667,7.15808333333333,6.81116666666667,9.99016666666667,7.58066666666667,10.9434583333333,6.07216666666667,7.99041666666667,11.505625,8.5545,8.15645833333333,7.31529166666667,7.214125,11.4004583333333,4.84579166666667,7.01654166666667,7.964875,7.60816666666667,7.83516666666667
2023-10-19,NA,6.32858333333333,3.75095833333333,4.655125,3.78141666666667,4.08708333333333,4.83095833333333,3.39908333333333,5.66041666666667,4.14308333333333,5.75770833333333,3.970125,3.49154166666667,12.5412916666667,4.86829166666667,4.43408333333333,6.51341666666667,4.65520833333333,3.66941666666667,10.801875,3.728375,4.84583333333333,5.48745833333333,5.24758333333333,6.13704166666667,5.080625,4.35929166666667,5.95425,2.807,4.12158333333333
2023-10-20,NA,9.31704166666667,1.49366666666667,2.434125,1.61258333333333,2.138375,4.43991666666667,1.99679166666667,3.60070833333333,2.78208333333333,3.82366666666667,2.26216666666667,1.85445833333333,6.784625,3.74120833333333,2.71534782608696,4.30625,4.40941666666667,1.91725,10.3882083333333,1.88583333333333,1.44358333333333,4.111625,3.55254166666667,10.209375,3.67425,2.81254166666667,4.42025,3.11908333333333,1.47608333333333
2023-10-21,NA,3.18395833333333,2.25925,3.52108333333333,1.879875,2.453875,2.10779166666667,4.19816666666667,2.50304166666667,4.03104166666667,3.25775,1.83279166666667,3.08370833333333,3.42666666666667,3.01691666666667,2.313375,4.64920833333333,1.285375,3.87191666666667,3.87775,1.93404166666667,2.41945833333333,3.25075,3.00416666666667,4.52933333333333,1.61845833333333,3.557375,3.467,1.30791666666667,1.89370833333333
2023-10-22,NA,3.99466666666667,4.24529166666667,5.92966666666667,3.47579166666667,5.78816666666667,3.660625,3.35591666666667,5.57791666666667,3.98683333333333,6.088875,5.28991666666667,4.03495833333333,4.774,4.39770833333333,4.10375,7.24658333333333,2.61891666666667,4.28370833333333,2.93045833333333,3.869875,5.04620833333333,3.71066666666667,3.273375,5.04616666666667,2.9225,2.564875,3.07004166666667,1.31975,4.55391666666667
2023-10-23,NA,8.16833333333333,9.54478260869565,8.443375,9.173625,7.45191666666667,5.04229166666667,5.56116666666667,5.455,6.69229166666667,5.77541666666667,7.33883333333333,5.253625,5.38129166666667,14.495875,9.38395833333333,9.23745833333333,5.190625,5.49920833333333,7.96683333333333,8.30491666666667,7.358625,7.44879166666667,5.72425,12.6022916666667,4.58133333333333,4.45366666666667,4.57745833333333,3.390375,6.59695833333333
2023-10-24,NA,5.41479166666667,5.82458333333333,12.06375,5.42954166666667,11.697125,5.06483333333333,7.65533333333333,4.89004166666667,7.0225,4.08125,11.0269583333333,7.04795833333333,4.29833333333333,8.786375,6.53783333333333,6.67454166666667,5.09241666666667,11.713875,5.377375,8.02179166666667,10.9787916666667,7.47245833333333,5.74791666666667,6.28925,2.07645833333333,4.02029166666667,4.53029166666667,3.752,10.7154583333333
2023-10-25,NA,5.10720833333333,6.00254166666667,14.911625,6.2225,11.2726666666667,4.12641666666667,11.1979583333333,9.833,7.2435,5.8805,15.1159583333333,11.5311666666667,1.986,7.12658333333333,7.22091666666667,5.90808333333333,3.57416666666667,9.11458333333333,4.63845833333333,10.5139583333333,13.4758333333333,8.87195833333333,9.437875,5.206375,4.40326086956522,7.36054166666667,8.40108333333333,2.04495833333333,12.0577916666667
2023-10-26,NA,7.26229166666667,9.8005,13.3795833333333,10.4304583333333,9.432125,2.85083333333333,8.75591666666667,7.483375,7.32408333333333,5.81858333333333,9.44866666666667,9.19816666666667,9.26495833333333,12.218,9.620625,4.98225,3.013,7.77429166666667,7.309375,9.26195833333333,10.1602083333333,7.0715,4.96266666666667,8.43454166666667,3.92295833333333,4.84621739130435,4.83047619047619,1.338375,9.637375
2023-10-27,NA,7.737875,8.79633333333333,7.47254166666667,8.73725,6.44658333333333,3.06016666666667,4.33083333333333,4.38191666666667,4.980375,5.11108333333333,6.934,4.21883333333333,6.70504166666667,13.6557083333333,12.1363333333333,7.09804166666667,3.08575,5.72733333333333,8.44825,7.58754166666667,10.4039166666667,4.45358333333333,3.71175,11.4446666666667,3.79425,3.70083333333333,4.67475,2.22779166666667,8.56041666666667
2023-10-28,NA,7.40279166666667,7.64158333333333,6.41608333333333,7.24241666666667,6.20675,2.991375,4.95175,5.309625,4.03108333333333,4.81441666666667,7.01666666666667,4.91454166666667,8.65470833333333,8.27245833333333,6.67458333333333,7.42541666666667,2.92366666666667,5.808875,7.88816666666667,6.9065,7.3575,3.39616666666667,3.24591666666667,8.30983333333333,4.67175,3.79525,3.91504166666667,2.452875,6.709
2023-10-29,NA,3.92791666666667,4.83879166666667,5.64075,4.62558333333333,4.639375,2.76333333333333,4.099,5.17291666666667,3.19275,4.39075,4.91741666666667,3.71366666666667,7.77620833333333,6.39258333333333,5.45308333333333,4.58929166666667,2.76333333333333,4.07325,4.6855,4.52941666666667,5.68704166666667,3.00716666666667,3.2105,5.162125,4.540125,2.634625,3.155375,2.931375,4.70616666666667
2023-10-30,NA,10.5494583333333,1.87795833333333,6.15666666666667,2.07070833333333,5.28395833333333,4.77791666666667,5.636875,5.73308333333333,5.27720833333333,7.29354166666667,4.73275,5.72441666666667,7.61108333333333,7.54425,5.447125,4.60304166666667,4.73070833333333,5.288,3.21641666666667,3.54366666666667,4.851625,5.55429166666667,4.88416666666667,4.743625,3.45616666666667,5.759625,5.55429166666667,4.8555,3.85808333333333
2023-10-31,NA,5.418625,1.58908333333333,9.60891666666667,1.85429166666667,7.40091666666667,4.877125,5.54241666666667,3.72641666666667,5.384375,4.34258333333333,6.511375,6.66179166666667,7.64254166666667,4.31033333333333,6.57041666666667,5.307625,4.55195833333333,6.49175,2.93041666666667,5.01379166666667,8.67529166666667,4.74070833333333,3.760875,4.09304166666667,2.34713043478261,4.55095833333333,4.52341666666667,3.93770833333333,6.73654166666667
2023-11-01,NA,5.55220833333333,3.48066666666667,5.248625,4.11270833333333,3.84533333333333,2.39970833333333,3.4375,5.69079166666667,4.43095833333333,6.15670833333333,4.00645833333333,3.55445833333333,8.98404166666667,NA,5.432375,4.781875,2.10691666666667,3.64379166666667,3.427625,4.17170833333333,4.471375,4.35933333333333,4.094,6.55166666666667,5.674125,3.96229166666667,4.99020833333333,1.47604166666667,3.725375
2023-11-02,NA,4.772,2.45875,3.009,2.65729166666667,2.10008333333333,4.18045833333333,1.87208333333333,3.70875,3.13173913043478,4.812375,2.387,1.73254166666667,6.98108695652174,2.9075,2.785,11.0780833333333,3.23708333333333,2.39379166666667,4.80733333333333,2.88033333333333,3.10729166666667,2.96779166666667,3.38625,5.42345833333333,3.28716666666667,2.011625,4.53433333333333,1.93883333333333,2.17275
2023-11-03,NA,3.07091666666667,3.889625,4.51854166666667,3.869875,3.95733333333333,3.917125,3.72245833333333,5.369625,4.8015,4.65320833333333,2.9835,3.70683333333333,6.73554166666667,3.65770833333333,2.79575,8.16829166666667,2.29954166666667,5.45704166666667,1.47104166666667,4.808375,3.90141666666667,4.86241666666667,4.95483333333333,3.24379166666667,3.38441666666667,3.27845833333333,4.771125,0.725291666666667,3.13104166666667
2023-11-04,NA,5.59354166666667,9.19329166666667,9.29158333333333,5.747,6.43670833333333,4.17558333333333,8.47879166666667,7.441125,8.7785,6.89475,6.96154166666667,8.36783333333333,10.5799166666667,9.92933333333333,7.97270833333333,8.757,4.1265,7.79979166666667,5.07958333333333,5.96804166666667,8.21641666666667,7.00083333333333,4.55483333333333,5.46379166666667,2.453875,5.746875,4.87716666666667,2.674875,7.126625
2023-11-05,NA,7.91579166666667,12.908875,8.4975,9.80045833333333,9.56566666666667,8.06704166666667,8.02479166666667,7.482375,8.34720833333333,5.27216666666667,6.35616666666667,8.43266666666667,6.12225,10.9905833333333,9.261,6.06325,6.941875,8.89945833333333,9.39270833333333,6.389625,8.17620833333333,8.08579166666667,7.03920833333333,14.73375,3.53483333333333,6.43879166666667,7.93541666666667,3.51116666666667,7.085375
2023-11-06,NA,7.39891666666667,5.87658333333333,6.15279166666667,5.62516666666667,5.85204166666667,7.40679166666667,4.52733333333333,6.032875,5.18670833333333,5.47658333333333,3.71558333333333,4.45079166666667,6.04366666666667,4.410375,4.776875,4.12045833333333,6.16258333333333,5.35083333333333,5.28008333333333,3.26545833333333,4.083125,5.25558333333333,4.265,9.03704166666667,4.08416666666667,4.34158333333333,4.85158333333333,1.96629166666667,4.49304166666667
2023-11-07,NA,3.89645833333333,4.42108333333333,5.1995,5.19841666666667,5.12183333333333,3.20366666666667,3.78433333333333,5.75579166666667,4.4085,4.67279166666667,3.54366666666667,3.69491666666667,5.52379166666667,3.97104166666667,4.11658333333333,5.78020833333333,2.40279166666667,4.79858333333333,2.52066666666667,3.99175,4.093,4.65808333333333,4.311125,4.93904166666667,3.849375,3.53470833333333,5.06295833333333,1.11141666666667,3.87491666666667
2023-11-08,NA,5.854,6.15858333333333,7.42429166666667,6.01616666666667,6.02595833333333,4.74654166666667,5.63879166666667,7.078375,4.930125,5.976875,5.511875,5.06970833333333,9.48704166666667,6.27366666666667,6.19104166666667,5.41063636363636,4.15683333333333,5.71454166666667,5.27420833333333,5.63791666666667,6.85045833333333,4.76029166666667,4.14220833333333,6.90645833333333,5.33908333333333,3.74120833333333,4.11366666666667,2.92166666666667,5.95229166666667
2023-11-09,NA,4.83195833333333,2.69166666666667,5.40195833333333,2.79221739130435,3.797125,4.11866666666667,3.94945833333333,3.922,4.96466666666667,4.85258333333333,2.66704166666667,3.62529166666667,6.35416666666667,4.202125,4.13429166666667,7.48825,3.75591666666667,4.19229166666667,4.76225,1.90645833333333,3.73041666666667,5.29883333333333,4.83191666666667,6.68541666666667,3.79420833333333,4.74972222222222,5.281125,1.97041666666667,3.01791666666667
2023-11-10,NA,5.72433333333333,6.25116666666667,7.480375,3.32258333333333,4.80445833333333,6.474125,5.11004166666667,3.49066666666667,4.43783333333333,4.67091666666667,4.21452173913043,5.35083333333333,6.90054166666667,4.40454166666667,3.73825,7.07045833333333,5.401,5.53945833333333,4.45854166666667,3.94358333333333,5.78229166666667,5.283,5.493375,6.65,3.259625,4.30816666666667,4.808375,2.79279166666667,4.44583333333333
2023-11-11,NA,7.85191666666667,7.95120833333333,11.9310416666667,5.08745833333333,7.58454166666667,4.837875,6.260875,5.48154166666667,11.5055833333333,7.10695833333333,6.3925,6.43908333333333,7.394875,10.852,8.54958333333333,11.8977083333333,4.28258333333333,7.02333333333333,4.63154166666667,5.53558333333333,7.35758333333333,10.5424583333333,14.456625,15.2408333333333,3.358875,4.22570833333333,7.43420833333333,1.499625,7.42729166666667
2023-11-12,NA,9.27775,8.57320833333333,13.2380416666667,9.05366666666667,11.2815,3.68220833333333,10.3008333333333,9.79758333333333,13.7894583333333,7.88329166666667,10.633875,8.862125,9.82416666666667,14.570625,13.1947916666667,9.51845833333333,3.30304166666667,10.98875,7.40670833333333,9.51358333333333,10.72625,11.4347916666667,7.549125,14.3063333333333,8.82275,6.64108333333333,5.321375,1.426,9.527375
2023-11-13,NA,6.376875,7.5365,6.87216666666667,9.782875,5.3715,3.42670833333333,5.86683333333333,9.65116666666667,6.932125,10.0187083333333,5.00591666666667,5.78225,15.5100833333333,5.75379166666667,5.78425,5.87070833333333,3.08666666666667,6.19395833333333,5.17691666666667,5.89229166666667,6.15079166666667,6.60766666666667,6.48775,7.13054166666667,11.0407916666667,7.905875,7.34770833333333,1.71175,5.33895833333333
2023-11-14,NA,5.59954166666667,8.812875,7.19245833333333,10.4265833333333,5.55620833333333,4.538,7.72908333333333,8.523,7.696625,8.848375,4.22370833333333,7.232875,12.0018333333333,4.80486956521739,5.72930769230769,8.90933333333333,4.33175,7.25941666666667,5.35195833333333,6.798375,5.28104166666667,8.63225,8.22325,6.770875,8.91716666666667,7.23179166666667,9.08508333333333,1.28933333333333,4.604
2023-11-15,NA,3.67541666666667,7.18454166666667,6.03283333333333,8.08966666666667,4.01433333333333,3.59179166666667,4.34554166666667,6.31095833333333,5.26929166666667,7.0195,4.22770833333333,4.21183333333333,8.81491666666667,4.88508333333333,NA,7.071625,3.31175,4.88504166666667,3.73725,7.07641666666667,5.01475,5.42845833333333,5.07670833333333,5.23395833333333,5.34491666666667,3.45925,4.92733333333333,1.84854166666667,4.609875
2023-11-16,NA,8.56816666666667,9.21579166666667,15.990625,7.75354166666667,10.833375,6.91445833333333,12.57,7.09129166666667,9.20208333333333,6.32879166666667,7.65625,12.0047083333333,6.58516666666667,11.07025,15.6944444444444,13.561375,6.51725,14.700375,6.80045833333333,10.38925,11.6844583333333,11.9302083333333,10.7399583333333,12.443125,2.55995833333333,9.64133333333333,9.52441666666667,1.06525,9.84866666666667
2023-11-17,NA,10.0206666666667,5.507125,8.91708333333333,5.368625,6.13216666666667,5.227875,5.90120833333333,5.39495833333333,6.63733333333333,6.05058333333333,5.67225,5.4285,6.19408333333333,7.69170833333333,9.34166666666667,8.07391666666667,4.89870833333333,9.884125,10.8382916666667,6.11890909090909,6.85541666666667,8.70283333333333,8.69691666666667,11.9340416666667,4.126375,7.386,8.13,2.588375,5.65258333333333
2023-11-18,NA,4.56970833333333,5.691875,4.98129166666667,9.50466666666667,5.01579166666667,4.098875,5.515875,9.438,4.776,7.0765,4.75129166666667,6.17825,14.5225833333333,5.119875,5.69970833333333,5.88933333333333,3.69895833333333,5.00295833333333,5.78616666666667,5.45795833333333,5.39808333333333,5,4.35833333333333,5.43241666666667,9.98054166666667,3.6685,4.75825,1.31295833333333,5.10133333333333
2023-11-19,NA,4.69633333333333,7.55908333333333,4.86054166666667,11.183125,4.5195,3.448375,6.388625,10.4738333333333,7.34570833333333,9.59420833333333,3.89845833333333,6.164625,14.035,3.90929166666667,4.25708333333333,4.65420833333333,3.12208333333333,5.637875,3.81875,4.73858333333333,4.296375,7.74370833333333,7.493125,5.7755,10.618125,5.84129166666667,7.84295833333333,1.10845833333333,3.99270833333333
2023-11-20,NA,4.23745833333333,4.80641666666667,5.88066666666667,4.28358333333333,5.055125,1.58904166666667,5.28895833333333,3.67504347826087,4.51945833333333,4.15591666666667,3.413,4.553875,5.36170833333333,4.24133333333333,4.33091666666667,4.53129166666667,0.873583333333333,5.29095833333333,1.80925,3.85625,5.510125,6.4545,5.689875,4.99508333333333,3.360875,5.40483333333333,6.26875,0.51,3.78929166666667
2023-11-21,NA,4.98425,4.9745,5.026625,4.30529166666667,3.57020833333333,4.92633333333333,4.227625,2.893125,2.79870833333333,2.53929166666667,3.65954166666667,3.8375,3.61641666666667,5.17391666666667,5.01866666666667,8.064125,4.02716666666667,3.97504166666667,5.07866666666667,5.38429166666667,5.18566666666667,4.19020833333333,3.05916666666667,5.79991666666667,2.41354166666667,3.43454166666667,2.34966666666667,1.9015,4.437
2023-11-22,NA,4.66870833333333,4.71108333333333,6.855375,5.61129166666667,4.79358333333333,2.81541666666667,5.74004166666667,5.235875,6.99283333333333,6.00929166666667,2.06279166666667,5.83945833333333,4.90570833333333,3.69895833333333,3.96633333333333,2.66508333333333,2.334875,6.32170833333333,1.67933333333333,2.76541666666667,3.960375,7.107,6.41016666666667,5.82470833333333,2.834125,4.095875,5.929625,1.02008333333333,3.36679166666667
2023-11-23,NA,3.90329166666667,7.87833333333333,3.7225,9.10854166666667,3.504375,5.138625,2.86858333333333,3.47979166666667,4.64916666666667,4.64620833333333,3.12108333333333,2.824375,3.390375,4.48216666666667,4.62066666666667,5.65945833333333,4.31608333333333,3.21254166666667,3.96325,5.56416666666667,4.171625,5.102125,5.32041666666667,4.32975,2.99620833333333,2.63170833333333,4.19333333333333,2.73383333333333,3.617375
2023-11-24,NA,4.548875,6.2825,6.591,4.96954166666667,4.887,5.38029166666667,7.38025,6.64316666666667,5.87554166666667,6.11541666666667,6.60879166666667,7.17370833333333,6.79558333333333,4.92733333333333,4.49404166666667,8.15258333333333,4.172625,4.69933333333333,4.02520833333333,5.97683333333333,7.64941666666667,4.79958333333333,3.97704166666667,4.67275,13.6045833333333,3.88866666666667,4.09891666666667,2.33204166666667,5.19170833333333
2023-11-25,NA,4.850625,12.161125,13.0887083333333,12.2073333333333,11.2382916666667,8.570125,11.6145416666667,8.24191666666667,10.556125,11.828875,10.7960833333333,11.1409583333333,11.4298333333333,12.61,7.8785,17.0519583333333,7.7075,10.8205833333333,4.2345,9.61670833333333,17.3939583333333,9.46145833333333,6.239375,5.99266666666667,5.07570833333333,6.210625,4.885,3.12208333333333,16.9301666666667
2023-11-26,NA,15.9473333333333,14.2757083333333,16.21075,14.7829583333333,19.456625,11.486,16.2245,13.7185833333333,17.6356666666667,12.642625,10.1759166666667,15.0836666666667,5.01183333333333,18.1772083333333,20.9965416666667,10.9895833333333,7.92954166666667,17.40375,8.38158333333333,12.126625,19.47825,13.958375,12.715375,16.760125,3.953375,14.7680833333333,9.70125,4.42904166666667,15.0462083333333
2023-11-27,NA,9.211,6.67366666666667,6.59204166666667,4.38379166666667,5.81958333333333,4.460625,7.04608333333333,2.23766666666667,4.59116666666667,3.24891666666667,4.555875,6.20775,2.83616666666667,11.0033333333333,11.502625,4.02920833333333,3.21545833333333,4.64829166666667,5.55229166666667,4.78783333333333,5.82354166666667,4.08025,4.12341666666667,11.1125416666667,1.75216666666667,7.09225,2.836125,3.03558333333333,4.63541666666667
2023-11-28,NA,3.636875,8.4975,8.75504166666667,5.69379166666667,6.51629166666667,6.31791666666667,7.68770833333333,7.91979166666667,6.60379166666667,7.455875,5.00995833333333,8.22820833333333,7.40179166666667,4.66604166666667,5.15716666666667,9.44679166666667,5.37345833333333,7.31820833333333,4.07025,6.15166666666667,9.0625,7.448875,6.202875,4.72095833333333,2.72995833333333,4.37491666666667,4.59808333333333,2.54133333333333,6.94575
2023-11-29,NA,5.63879166666667,13.1830833333333,11.2076666666667,9.70616666666667,11.594,5.35579166666667,13.0788333333333,9.19720833333333,10.0216666666667,11.8249166666667,8.99675,12.1030416666667,10.342125,11.319875,9.232625,13.2459583333333,4.60879166666667,19.1205,3.173125,11.32575,17.7693333333333,12.0400833333333,11.3325833333333,6.88191666666667,3.15013043478261,8.30191666666667,9.64929166666667,2.18654166666667,15.84025
2023-11-30,NA,3.7195,8.44141666666667,11.35525,4.75433333333333,9.23554166666667,7.92945833333333,11.4190833333333,10.0728333333333,9.35441666666667,9.02216666666667,9.09404166666667,9.88216666666667,8.166375,6.50358333333333,5.7675,8.68025,6.77379166666667,11.587125,3.883625,8.319625,8.013,11.2146666666667,9.55291666666667,4.37308333333333,6.500625,9.51654166666667,8.01004166666667,2.180625,13.749125
2023-12-01,12.8722608695652,4.329875,13.481875,14.217875,9.603,12.2661666666667,9.25720833333333,15.0590833333333,11.20975,10.2084583333333,11.4101666666667,11.5989166666667,13.5790833333333,7.4715,11.3905,17.225875,22.2799166666667,8.16141666666667,13.42775,7.34470833333333,15.5199166666667,20.0472083333333,10.9316666666667,7.838,7.393875,5.92866666666667,7.25129166666667,5.92579166666667,2.69158333333333,21.5241666666667
2023-12-02,15.625,11.7630833333333,12.827375,16.1920416666667,17.2633333333333,13.445375,10.49825,10.9257083333333,20.0885833333333,10.7704583333333,17.0412916666667,9.23945833333333,10.2977916666667,12.71425,12.965875,21.9665,19.3632083333333,9.28166666666667,12.4940416666667,11.8239166666667,13.2360416666667,26.9232083333333,15.7075,11.9163333333333,14.2717916666667,3.638875,8.29408333333333,6.83966666666667,3.67925,17.711375
2023-12-03,7.51670833333333,11.7905833333333,12.128625,11.7788333333333,12.7015833333333,13.4375833333333,10.5739166666667,10.8480416666667,13.11225,8.07595833333333,7.60220833333333,15.23,10.5169166666667,8.81583333333333,12.442125,13.0160416666667,15.4834583333333,9.96766666666667,10.209375,20.3430416666667,14.018375,11.2362916666667,7.96783333333333,6.50754166666667,17.8342083333333,2.1355,6.88575,6.734625,5.55529166666667,12.01075
2023-12-04,5.69083333333333,6.80825,4.675625,5.90508333333333,3.04641666666667,5.17791666666667,4.36525,6.07416666666667,3.194875,4.08808333333333,4.827,7.397875,5.62016666666667,4.24729166666667,9.37891666666667,8.3795,4.48908333333333,3.97216666666667,6.9675,6.51920833333333,3.04881818181818,4.648125,6.57641666666667,6.12029166666667,7.91975,1.507375,6.75633333333333,5.55625,4.107625,5.85683333333333
2023-12-05,7.30933333333333,6.51925,7.27308333333333,8.30579166666667,8.70479166666667,6.05258333333333,5.68204166666667,6.54879166666667,5.282125,6.231375,7.43716666666667,8.201625,5.78908333333333,7.79783333333333,7.048875,6.866125,9.44583333333333,5.47666666666667,6.35425,6.904625,NA,9.41825,9.19425,8.18016666666667,6.8455,3.26454166666667,6.21075,7.35854166666667,3.82658333333333,10.083625
2023-12-06,8.98975,10.9189166666667,7.708375,13.6055833333333,9.281625,13.447375,7.5275,9.71120833333333,9.7475,13.8315416666667,9.48504166666667,10.6407083333333,9.44870833333333,10.6839166666667,13.6027083333333,13.5721666666667,5.72433333333333,7.47454166666667,13.28725,7.00275,NA,11.973375,13.3963333333333,10.0649583333333,11.7659583333333,6.53416666666667,8.15445833333333,7.679875,1.83079166666667,14.6404166666667
2023-12-07,7.38016666666667,8.62608333333333,4.836875,5.68295833333333,5.4275,5.98083333333333,3.67241666666667,5.01870833333333,4.68558333333333,4.73366666666667,6.55266666666667,5.62308333333333,4.61295833333333,12.5875,8.47091666666667,7.85666666666667,5.98375,3.615375,6.21575,5.33908333333333,4.60508333333333,7.14916666666667,7.012625,8.11329166666667,8.90341666666667,6.09479166666667,7.197375,8.25383333333333,2.90295833333333,6.23920833333333
2023-12-08,11.2952083333333,8.632125,6.92804166666667,9.73183333333333,7.94220833333333,9.18533333333333,3.957375,8.07595833333333,9.80245833333333,8.148625,10.7115833333333,6.598,7.62283333333333,12.5285416666667,8.08275,8.75208333333333,5.5425,3.65566666666667,9.06154166666667,9.45466666666667,6.82891666666667,8.865,10.4402916666667,9.339625,11.4514166666667,9.67483333333333,8.13379166666667,8.70183333333333,2.196375,7.49808333333333
2023-12-09,8.56229166666667,4.063625,6.986,5.99058333333333,8.42466666666667,5.11208333333333,3.3235,5.20625,6.74329166666667,6.26579166666667,7.55904166666667,5.31554166666667,5.115,11.1655416666667,4.45366666666667,4.52633333333333,5.25954166666667,2.95120833333333,5.01091666666667,4.29833333333333,7.59633333333333,5.82266666666667,6.05358333333333,5.44420833333333,4.01920833333333,6.715875,4.52933333333333,6.94183333333333,1.69520833333333,5.148375
2023-12-10,12.9373333333333,7.11091666666667,8.72154166666667,7.02645833333333,11.0270416666667,6.87008333333333,4.34841666666667,7.45675,10.8471666666667,8.41895833333333,10.396125,6.21566666666667,7.468625,16.288375,7.09808333333333,7.084375,7.48825,4.28270833333333,6.939875,7.19341666666667,7.87341666666667,7.68866666666667,8.48666666666667,7.75654166666667,8.17625,10.8835,6.54975,8.90320833333333,3.98891666666667,6.57829166666667
2023-12-11,10.0590416666667,8.532875,5.81558333333333,8.09558333333333,5.847125,5.67720833333333,3.18883333333333,4.1775,6.89679166666667,7.02741666666667,8.96820833333333,4.58933333333333,4.13729166666667,15.480625,4.1795,5.29966666666667,7.32891666666667,3.0365,3.949625,3.59870833333333,5.248625,4.544125,8.290125,6.47308333333333,7.505875,5.52766666666667,2.60020833333333,5.13858333333333,2.08125,4.374
2023-12-12,6.06720833333333,10.5140833333333,8.82570833333333,7.52258333333333,7.71616666666667,6.32958333333333,1.82291666666667,6.243125,4.83983333333333,4.34454166666667,6.16858333333333,7.455875,5.69766666666667,9.90866666666667,11.5124166666667,11.1017083333333,5.85008333333333,1.76004166666667,6.58716666666667,5.78333333333333,9.45554166666667,8.251875,5.416625,5.65445833333333,14.1667916666667,6.27066666666667,4.65020833333333,6.31779166666667,1.11641666666667,6.63820833333333
2023-12-13,3.23704166666667,5.58479166666667,4.9775,7.05570833333333,5.05425,3.603625,3.24591666666667,5.90020833333333,2.89016666666667,4.8635,3.94069565217391,5.423625,5.017625,4.95375,4.454625,4.19225,7.11970833333333,2.730125,4.11858333333333,5.221125,5.609375,7.16691666666667,5.00791666666667,4.48525,6.131125,2.73595833333333,5.99558333333333,4.09195833333333,1.80133333333333,5.910875
2023-12-14,4.92625,8.331375,8.27345833333333,10.431375,10.0629166666667,8.684125,6.76591666666667,8.76583333333333,8.209625,7.16108333333333,6.99304166666667,6.88966666666667,8.54666666666667,8.63516666666667,6.44658333333333,8.62629166666667,12.242625,5.918,9.84975,6.063375,8.2095,10.533625,8.25870833333333,7.30845833333333,10.624125,5.71829166666667,6.02308333333333,6.74233333333333,3.963375,7.21995833333333
2023-12-15,7.30445833333333,6.81120833333333,6.5615,9.60204166666667,7.090125,7.671,4.61770833333333,8.50733333333333,9.03708333333333,10.4374166666667,12.0470833333333,5.90604166666667,8.90925,9.96075,6.80033333333333,8.777625,6.4515,4.20704166666667,8.632,3.85416666666667,5.09841666666667,6.49270833333333,13.034625,10.6967916666667,10.2162916666667,4.86433333333333,6.96545833333333,8.64975,2.1345,7.101
2023-12-16,2.94908333333333,2.097125,2.864625,3.40016666666667,5.21129166666667,2.249375,3.20954166666667,2.57170833333333,2.21108333333333,2.63854166666667,3.664375,1.07116666666667,2.580625,4.47129166666667,1.701125,1.645125,3.41395833333333,2.70045833333333,3.66845833333333,1.427875,0.845125,1.37283333333333,3.53379166666667,3.80808333333333,3.48175,1.00920833333333,2.84591666666667,4.08516666666667,1.24020833333333,1.47304166666667
2023-12-17,7.00570833333333,3.64779166666667,3.57125,5.38320833333333,7.69166666666667,4.10083333333333,2.93045833333333,4.50370833333333,5.438375,5.42158333333333,6.047625,3.38345833333333,4.44779166666667,7.67095833333333,3.53291666666667,3.49854166666667,4.44679166666667,2.60916666666667,4.50675,2.30645833333333,3.14179166666667,3.970125,6.666625,5.84904166666667,4.915625,6.59795833333333,4.37404166666667,6.23020833333333,1.24808333333333,3.73133333333333
2023-12-18,6.38713043478261,4.427125,2.462625,5.14054166666667,4.29841666666667,3.51420833333333,2.788,3.75995833333333,4.39275,5.87658333333333,6.57125,0.863833333333333,3.48470833333333,10.3067083333333,1.871,2.326125,2.74666666666667,1.86625,3.75291666666667,0.587625,1.18520833333333,1.92020833333333,6.61941666666667,5.97479166666667,4.942,1.87204166666667,4.67975,6.120375,0.73025,1.373875
2023-12-19,5.677125,5.01670833333333,5.49916666666667,3.98591666666667,6.30808333333333,4.06745833333333,5.431375,3.3205,3.25666666666667,3.19670833333333,3.66941666666667,3.60058333333333,3.04945833333333,5.99254166666667,3.45708333333333,3.818875,5.73120833333333,4.80733333333333,4.313125,3.79525,5.34104166666667,5.03054166666667,4.06841666666667,3.742125,4.939125,2.73583333333333,2.90683333333333,3.85620833333333,3.40520833333333,4.02416666666667
2023-12-20,5.38241666666667,3.40125,6.397375,3.461125,8.467,2.73783333333333,3.128,2.81558333333333,4.07625,4.54704166666667,5.451,2.07933333333333,2.77129166666667,8.90533333333333,2.64845833333333,2.86754166666667,3.52108333333333,2.68766666666667,3.82670833333333,2.01558333333333,6.61566666666667,3.30683333333333,4.61879166666667,4.21770833333333,3.78825,5.34695833333333,2.58058333333333,4.072375,1.61754166666667,2.68083333333333
2023-12-21,4.65604166666667,3.12408333333333,9.064625,4.71204166666667,11.6215833333333,5.43733333333333,5.78825,4.02520833333333,3.16925,3.88358333333333,4.090125,5.116,3.81495833333333,7.29266666666667,4.11358333333333,3.93975,7.66029166666667,5,4.76220833333333,3.64104166666667,10.003125,6.970375,3.57704166666667,3.30775,3.375625,4.70616666666667,3.356875,3.55341666666667,3.33720833333333,6.24225
2023-12-22,4.23645833333333,3.0425,6.174375,2.42541666666667,8.57420833333333,2.30833333333333,4.06841666666667,2.066625,3.20458333333333,2.70925,4.90179166666667,2.005625,1.9625,6.369,2.96870833333333,3.09558333333333,3.75695833333333,3.13875,2.37916666666667,2.382,7.058875,3.04445833333333,2.97175,2.6445,3.44833333333333,4.89091666666667,2.40770833333333,2.94825,1.64808333333333,2.68970833333333
2023-12-23,3.79916666666667,2.07154166666667,5.482375,1.628375,8.47779166666667,1.56254166666667,2.81645833333333,1.494625,2.56979166666667,2.41533333333333,2.46454166666667,0.975916666666667,1.59204166666667,5.54054166666667,1.71483333333333,1.83079166666667,2.732,2.35558333333333,1.48475,1.607625,3.1575,1.62154166666667,2.62179166666667,2.28083333333333,2.35854166666667,3.39320833333333,1.240125,2.63066666666667,1.06125,1.31875
2023-12-24,8.04045833333333,1.31383333333333,5.77541666666667,0.913833333333333,8.32658333333333,1.13608333333333,5.53166666666667,0.726208333333333,0.80875,0.839208333333333,3.52404166666667,1.26175,0.908958333333333,6.63808333333333,1.04854166666667,1.33945833333333,4.27666666666667,5.00875,0.855,2.31429166666667,2.792875,1.35720833333333,1.25383333333333,1.3335,1.70195833333333,2.85775,0.599458333333333,2.23458333333333,2.96875,1.27745833333333
2023-12-25,3.37079166666667,3.317625,6.91933333333333,2.331,8.15054166666667,2.8645,4.79854166666667,1.983125,3.30979166666667,1.473125,2.065625,3.85133333333333,2.81845833333333,4.14595833333333,3.29591666666667,3.19091666666667,4.65591666666667,4.52445833333333,2.08829166666667,3.76883333333333,4.426125,3.727375,1.1595,1.215625,3.843375,4.39854166666667,1.63025,1.95758333333333,2.84095833333333,3.63208333333333
2023-12-26,10.380375,5.857875,7.28970833333333,7.39791666666667,7.4175,8.65266666666667,3.28420833333333,6.72079166666667,7.21216666666667,8.91120833333333,8.42575,6.24120833333333,6.69908333333333,10.3154583333333,8.21070833333333,6.92608333333333,9.95775,2.93825,7.05104166666667,5.11795833333333,6.16741666666667,6.62941666666667,8.22716666666667,8.16029166666667,5.43433333333333,4.893,5.36358333333333,4.85654166666667,1.09875,6.18416666666667
2023-12-27,8.03958333333333,4.722,2.80666666666667,4.01333333333333,4.77404166666667,3.20070833333333,1.940875,4.01429166666667,5.57195833333333,5.64575,8.20954166666667,3.48766666666667,4.08708333333333,14.8084583333333,3.58495833333333,3.526125,3.66054166666667,1.88679166666667,3.773625,4.366125,3.53375,3.52404166666667,7.05579166666667,6.21166666666667,4.97641666666667,7.36445833333333,4.34658333333333,7.18954166666667,0.77525,3.08275
2023-12-28,13.853375,5.94345833333333,7.33491666666667,7.51475,9.78591666666667,6.91341666666667,3.81879166666667,7.90879166666667,11.763,9.19716666666667,12.838125,6.76004166666667,7.51770833333333,17.611,6.17529166666667,6.58420833333333,3.79420833333333,3.52204166666667,6.75808333333333,2.90779166666667,6.24408333333333,8.287125,10.38525,9.56175,6.96058333333333,11.610625,6.477,9.73383333333333,1.93583333333333,6.69729166666667
2023-12-29,7.825375,5.462,7.85770833333333,5.49133333333333,9.33866666666667,5.66429166666667,5.053125,3.94366666666667,5.437375,4.25420833333333,5.29483333333333,4.780875,3.83445833333333,8.61941666666667,4.92925,5.52879166666667,3.89754166666667,3.85425,4.90575,2.16783333333333,5.45704166666667,6.15375,4.5205,4.40645833333333,6.00341666666667,4.37604166666667,3.33045833333333,4.492,2.19141666666667,5.25945833333333
2023-12-30,6.2845,3.88558333333333,2.95795833333333,3.90720833333333,3.25075,3.33041666666667,3.77358333333333,3.48958333333333,4.77708333333333,4.221625,6.20391666666667,3.01308333333333,3.28416666666667,8.68795833333333,4.49783333333333,3.58791666666667,7.87733333333333,3.523875,3.04645833333333,3.572125,3.0975,4.09975,4.70908333333333,4.158875,4.4075,4.84675,3.49945833333333,5.51729166666667,1.744375,3.63208333333333
2023-12-31,8.03745833333333,1.95358333333333,3.23808333333333,3.24883333333333,3.77845833333333,2.329,5.0335,2.34675,4.89883333333333,3.60845833333333,5.382375,2.50191666666667,2.62183333333333,10.07375,2.43325,2.19733333333333,4.84666666666667,4.450625,2.06370833333333,4.20308333333333,3.19079166666667,2.67491666666667,4.1785,4.28566666666667,2.98258333333333,5.339125,2.44008333333333,5.03541666666667,3.50733333333333,2.69070833333333
